{"type":"FeatureCollection","features":[{"type":"Feature","properties":{"id":"administrativas-01","nome":"Marília"},"geometry":{"type":"Polygon","coordinates":[[[-50.3790746,-22.90540560000001],[-50.38714280000001,-22.907831599999984],[-50.398191300000015,-22.907189300000006],[-50.4189476,-22.913933099999998],[-50.4201508,-22.91757080000002],[-50.4182774,-22.931287600000022],[-50.41894210000001,-22.934082199999985],[-50.4257125,-22.944185499999993],[-50.4303025,-22.946407400000016],[-50.4398891,-22.94232999999999],[-50.448353,-22.941526999999997],[-50.45942500000002,-22.945201199999982],[-50.4827394,-22.936934500000007],[-50.486122400000006,-22.9368615],[-50.4914137,-22.93766820000001],[-50.4996755,-22.9436283],[-50.506079,-22.94537710000001],[-50.5110192,-22.944638800000014],[-50.5244403,-22.9378689],[-50.5267729,-22.93482210000001],[-50.5300104,-22.9191495],[-50.5347662,-22.914311199999993],[-50.5404935,-22.9121289],[-50.55439990000001,-22.911648799999984],[-50.5673345,-22.9056569],[-50.577057200000006,-22.903944499999998],[-50.580994,-22.905271900000017],[-50.5888085,-22.9104464],[-50.60380839999999,-22.92317849999998],[-50.6085241,-22.924154000000023],[-50.612717,-22.922547799999986],[-50.6171129,-22.9143828],[-50.6203155,-22.912160099999994],[-50.63729670000001,-22.90693719999999],[-50.644891799999996,-22.8991372],[-50.6485066,-22.89708489999998],[-50.663546100000005,-22.895669199999993],[-50.67255719999999,-22.89822089999998],[-50.679942000000004,-22.903210200000007],[-50.687851500000015,-22.91711170000001],[-50.6935034,-22.923553699999996],[-50.702719,-22.942144700000004],[-50.7098388,-22.953442199999998],[-50.7130834,-22.955990600000014],[-50.7236312,-22.959163999999998],[-50.72952680000001,-22.962498599999996],[-50.736369999999994,-22.963351],[-50.745223100000004,-22.959983500000007],[-50.7503299,-22.951499100000003],[-50.7586621,-22.9476544],[-50.7709064,-22.94765090000001],[-50.777947,-22.9463236],[-50.7891136,-22.9504075],[-50.795935,-22.9511794],[-50.803992,-22.94573659999999],[-50.8061462,-22.94029929999999],[-50.8051725,-22.936085400000014],[-50.80049890000001,-22.928313499999998],[-50.797528899999996,-22.914959099999994],[-50.7931381,-22.905117299999997],[-50.7929517,-22.89435350000001],[-50.79781710000001,-22.88855239999998],[-50.8170131,-22.879541000000014],[-50.820808,-22.874014399999993],[-50.8237503,-22.865779899999993],[-50.8273986,-22.865036400000015],[-50.8329202,-22.859169199999997],[-50.8376258,-22.8401324],[-50.8423871,-22.8313985],[-50.8544726,-22.8199684],[-50.8922507,-22.794925799999998],[-50.8953334,-22.794300199999995],[-50.91905400000001,-22.79593049999999],[-50.9276919,-22.79774989999999],[-50.93734700000001,-22.804799100000007],[-50.94069530000001,-22.805325199999995],[-50.9456364,-22.803932300000003],[-50.9519384,-22.79754859999998],[-50.956906000000004,-22.790292000000008],[-50.9616153,-22.786228399999974],[-50.971889600000004,-22.7824478],[-50.9786781,-22.7826098],[-50.9789453,-22.781270600000003],[-50.982271000000004,-22.78143089999999],[-50.978535,-22.779907900000005],[-50.9801932,-22.778209899999993],[-50.978645199999995,-22.777694400000016],[-50.9794175,-22.774645300000003],[-50.97745840000001,-22.773912799999987],[-50.98035740000001,-22.769649999999984],[-50.9802536,-22.76737290000001],[-50.9774371,-22.76635080000002],[-50.9777354,-22.768459199999988],[-50.975415100000006,-22.767723399999998],[-50.972090200000004,-22.768733099999988],[-50.9685944,-22.767028599999993],[-50.9674777,-22.764367799999995],[-50.9669575,-22.769262700000006],[-50.96444799999999,-22.770918299999984],[-50.96375650000001,-22.7656368],[-50.96222540000001,-22.764147200000007],[-50.95984860000001,-22.765087100000002],[-50.9590809,-22.7634306],[-50.96018719999999,-22.762421499999984],[-50.9631733,-22.76272630000001],[-50.963059400000006,-22.757309599999985],[-50.9675441,-22.756560299999983],[-50.96405879999999,-22.7543516],[-50.9639561,-22.752212599999996],[-50.9611591,-22.749886099999998],[-50.9617476,-22.747277500000035],[-50.9578927,-22.750513199999983],[-50.9516813,-22.750396699999992],[-50.953474,-22.752245],[-50.95307270000001,-22.753740299999993],[-50.9517476,-22.755260399999994],[-50.9502113,-22.75519680000001],[-50.9486608,-22.751569599999982],[-50.950516199999996,-22.746647],[-50.945032700000006,-22.744840300000003],[-50.9420727,-22.736910599999995],[-50.9339785,-22.7263006],[-50.9361987,-22.72292679999998],[-50.9395909,-22.722178900000007],[-50.94073850000001,-22.720659100000002],[-50.937384200000004,-22.713939300000014],[-50.9376219,-22.71126640000002],[-50.9397591,-22.710377100000013],[-50.94269070000001,-22.711152999999992],[-50.9451229,-22.708598699999996],[-50.9422942,-22.706522199999984],[-50.9422367,-22.703066900000014],[-50.9483144,-22.70116569999999],[-50.948591,-22.69896799999999],[-50.95287820000001,-22.694871000000006],[-50.9493387,-22.68890379999999],[-50.9458551,-22.687755799999998],[-50.9460645,-22.686520300000005],[-50.94884050000001,-22.685996699999997],[-50.949905400000006,-22.684632199999996],[-50.94852999999999,-22.679976399999983],[-50.94906709999999,-22.677916300000017],[-50.9430404,-22.6730482],[-50.9423673,-22.668946999999985],[-50.9389595,-22.669058800000006],[-50.9326845,-22.6725338],[-50.9299413,-22.669453000000008],[-50.93147290000001,-22.666320399999986],[-50.9279067,-22.666027500000013],[-50.9250617,-22.6642933],[-50.9254326,-22.66285159999999],[-50.9280266,-22.6617403],[-50.9256423,-22.659380699999975],[-50.925767300000004,-22.6576141],[-50.9234259,-22.656391100000008],[-50.9265361,-22.652241500000002],[-50.92587840000001,-22.650710599999993],[-50.92286880000001,-22.650043099999994],[-50.92568670000001,-22.646907299999985],[-50.9233578,-22.64330120000001],[-50.9218855,-22.642995099999997],[-50.91847250000001,-22.645459099999982],[-50.9179639,-22.64792559999999],[-50.9144232,-22.648387999999994],[-50.9104596,-22.64326270000001],[-50.9104399,-22.63888540000001],[-50.9085428,-22.63935039999999],[-50.90528050000001,-22.63773049999999],[-50.901254,-22.642759599999998],[-50.89756680000001,-22.64484979999999],[-50.899199,-22.647044500000014],[-50.8982974,-22.649403199999984],[-50.8945394,-22.650045000000002],[-50.8931864,-22.651270000000018],[-50.8938218,-22.652956500000013],[-50.888881,-22.656201200000016],[-50.8827558,-22.653064000000008],[-50.886092999999995,-22.65106750000003],[-50.8847869,-22.649480699999987],[-50.88294510000001,-22.649335800000017],[-50.87538250000001,-22.652969299999995],[-50.872545,-22.655835800000002],[-50.86906269999999,-22.656065599999987],[-50.86819200000001,-22.660080799999996],[-50.8662017,-22.66141580000001],[-50.8644535,-22.6610571],[-50.864827,-22.656705199999994],[-50.86366,-22.655244000000014],[-50.85966330000001,-22.660625700000008],[-50.8548734,-22.6551753],[-50.8526877,-22.6555677],[-50.8521372,-22.659445199999997],[-50.849848900000005,-22.661100399999984],[-50.8463633,-22.66117220000003],[-50.844071,-22.6573342],[-50.8399935,-22.659324900000005],[-50.8384809,-22.657633900000004],[-50.8400404,-22.656311400000014],[-50.8382107,-22.65503259999999],[-50.8351691,-22.656240799999992],[-50.8343888,-22.65860620000001],[-50.8327177,-22.6587735],[-50.8329204,-22.654313499999983],[-50.83112700000001,-22.652353799999997],[-50.82885600000001,-22.652191799999997],[-50.82678609999999,-22.648973499999993],[-50.8265099,-22.647329899999995],[-50.828599000000004,-22.6473603],[-50.8290543,-22.646393900000014],[-50.8276533,-22.644900399999983],[-50.833077300000014,-22.6353195],[-50.83390010000001,-22.630440399999998],[-50.83581439999999,-22.6283484],[-50.843797600000016,-22.626168500000002],[-50.8432527,-22.622992099999994],[-50.8461413,-22.617965699999992],[-50.8440662,-22.60087609999999],[-50.840560499999995,-22.593284999999987],[-50.8393195,-22.586250699999994],[-50.842397999999996,-22.582076],[-50.84787300000001,-22.581092800000015],[-50.8510598,-22.578722399999997],[-50.8530727,-22.574759299999997],[-50.84890299999999,-22.566563599999988],[-50.84648600000001,-22.556060499999994],[-50.8418058,-22.549690399999992],[-50.8464531,-22.5458782],[-50.85065190000001,-22.539885000000012],[-50.8511412,-22.536321499999993],[-50.85794489999999,-22.5287037],[-50.8495987,-22.5194623],[-50.8483198,-22.510569999999998],[-50.8381177,-22.504864100000002],[-50.8364357,-22.502827700000005],[-50.8370943,-22.4934086],[-50.8313471,-22.4840922],[-50.8324366,-22.481662600000007],[-50.8368826,-22.478613300000017],[-50.8448615,-22.475550899999998],[-50.845516800000006,-22.4726257],[-50.8449925,-22.468572400000003],[-50.84336960000001,-22.467155099999992],[-50.8435642,-22.4631167],[-50.840118200000006,-22.46041620000002],[-50.8400301,-22.4552628],[-50.843651,-22.4451744],[-50.8387632,-22.4354584],[-50.8316972,-22.431712699999995],[-50.83005120000001,-22.429452400000017],[-50.828966900000005,-22.4250083],[-50.8297778,-22.422289099999983],[-50.8312443,-22.42064180000001],[-50.835477,-22.419749499999988],[-50.8421303,-22.424414299999988],[-50.848910000000004,-22.427038699999994],[-50.85573690000001,-22.427983899999987],[-50.881984900000006,-22.420680700000002],[-50.886673900000005,-22.422560599999986],[-50.890423000000006,-22.42679189999998],[-50.90235690000001,-22.435627099999977],[-50.9148907,-22.442188799999997],[-50.92230299999999,-22.444545199999986],[-50.9231506,-22.4412943],[-50.93526729999999,-22.424420599999987],[-50.932987,-22.42093310000001],[-50.9334462,-22.417852000000003],[-50.93220470000001,-22.414789299999992],[-50.925928500000005,-22.403580200000004],[-50.911103,-22.362685600000006],[-50.9077531,-22.35782059999998],[-50.905486399999994,-22.3482252],[-50.9002318,-22.345790500000014],[-50.8901735,-22.3462862],[-50.8862229,-22.3479221],[-50.8768782,-22.34447939999999],[-50.87307330000001,-22.34193909999999],[-50.86850619999999,-22.341400700000015],[-50.8582181,-22.3469788],[-50.85573440000001,-22.3493085],[-50.8527155,-22.35535440000001],[-50.8497617,-22.352976],[-50.8484789,-22.34779749999999],[-50.84352739999999,-22.34174019999999],[-50.8433146,-22.339377200000015],[-50.84665110000001,-22.330605299999995],[-50.8468114,-22.323392599999995],[-50.85560770000001,-22.308385599999983],[-50.85192429999999,-22.2996227],[-50.858873900000006,-22.287883],[-50.8596865,-22.282790099999993],[-50.84854510000002,-22.274589300000002],[-50.84731240000001,-22.2692728],[-50.8411004,-22.267331],[-50.8409257,-22.264827899999997],[-50.8428258,-22.261326799999985],[-50.8420098,-22.255918299999973],[-50.84323260000001,-22.248516099999996],[-50.839658,-22.2432859],[-50.8389179,-22.23964790000001],[-50.8263041,-22.2407412],[-50.823353499999996,-22.2386792],[-50.7679314,-22.102605800000003],[-50.7692971,-22.099634300000005],[-50.7778763,-22.09379669999998],[-50.77799240000001,-22.090603899999987],[-50.7733287,-22.087483000000006],[-50.7660795,-22.08724429999999],[-50.760161,-22.084757599999985],[-50.7599581,-22.08222689999998],[-50.762608300000004,-22.078637799999985],[-50.7563812,-22.07631359999998],[-50.7528702,-22.067197400000016],[-50.7534777,-22.061647500000003],[-50.75251519999999,-22.05890149999999],[-50.74058130000002,-22.05722410000001],[-50.7367239,-22.04662419999999],[-50.732360299999996,-22.0497611],[-50.7283538,-22.047056299999998],[-50.723468200000006,-22.04567609999999],[-50.7186034,-22.040415599999996],[-50.71324170000001,-22.037096999999996],[-50.7132035,-22.030865999999996],[-50.7051135,-22.021584000000004],[-50.7094477,-22.01984500000001],[-50.7099192,-22.015789100000003],[-50.7112924,-22.0140636],[-50.7179609,-22.013220699999998],[-50.7212302,-22.009967700000008],[-50.72684739999999,-22.011122799999992],[-50.7305772,-22.00917569999999],[-50.7430568,-22.007974999999995],[-50.746771100000004,-22.003238399999994],[-50.7532114,-22.004424399999998],[-50.7803838,-22.00247219999999],[-50.7930784,-21.99813150000001],[-50.805708,-21.996606799999995],[-50.8106464,-21.993382200000006],[-50.8165278,-21.992712700000006],[-50.821874,-21.989220599999996],[-50.827183300000016,-21.9887725],[-50.8323694,-21.986828400000004],[-50.8332873,-21.980621199999973],[-50.8388666,-21.979514],[-50.8454677,-21.973674499999998],[-50.85367800000001,-21.972293499999974],[-50.85863080000001,-21.96953570000001],[-50.86466190000001,-21.968986700000002],[-50.8706465,-21.964206899999997],[-50.879114200000004,-21.96693050000001],[-50.8851735,-21.9647851],[-50.8880823,-21.9652453],[-50.8895418,-21.96709059999999],[-50.897481600000006,-21.959095899999987],[-50.9018155,-21.9565024],[-50.9078215,-21.95783329999998],[-50.9092974,-21.9537578],[-50.9153165,-21.9541957],[-50.9159227,-21.951235700000012],[-50.932233499999995,-21.952053599999985],[-50.939089,-21.95078470000001],[-50.94093660000001,-21.948470999999987],[-50.9451769,-21.94631420000001],[-50.94769,-21.946485999999993],[-50.9480022,-21.941885299999996],[-50.9512365,-21.93804600000001],[-50.9615881,-21.932515799999997],[-50.9605443,-21.93068599999998],[-50.961173499999994,-21.928956199999995],[-50.965858,-21.925750299999972],[-50.9558132,-21.92567619999999],[-50.95451,-21.9235934],[-50.95552250000001,-21.922270599999994],[-50.9515579,-21.918604299999995],[-50.9525338,-21.9179585],[-50.95025540000001,-21.917123699999998],[-50.9501051,-21.914868199999976],[-50.94625310000001,-21.913915499999998],[-50.943492000000006,-21.908264100000004],[-50.9385019,-21.905260800000004],[-50.9383265,-21.903322499999984],[-50.9332847,-21.903625899999998],[-50.931858,-21.899360999999992],[-50.927422299999996,-21.8963166],[-50.9269448,-21.894695199999994],[-50.92202439999999,-21.892137900000023],[-50.918003,-21.891754199999994],[-50.916927799999996,-21.8900914],[-50.913762,-21.890301199999996],[-50.91222129999999,-21.888297500000007],[-50.91173340000001,-21.883427899999997],[-50.9079923,-21.878192399999993],[-50.90770620000001,-21.874288799999995],[-50.9047356,-21.872393399999993],[-50.9043202,-21.870008600000002],[-50.901833399999994,-21.868554799999995],[-50.89786029999999,-21.862324600000004],[-50.893848600000005,-21.863121500000005],[-50.892761,-21.8600012],[-50.8900354,-21.857312199999978],[-50.8873804,-21.856928599999993],[-50.8864388,-21.854085099999978],[-50.8829379,-21.853386599999983],[-50.8808581,-21.84996080000001],[-50.8796213,-21.850509100000004],[-50.8771219,-21.84870690000001],[-50.87384610000001,-21.842575200000006],[-50.8698873,-21.8412233],[-50.86852330000001,-21.836902399999996],[-50.8613161,-21.837258],[-50.8589713,-21.83840179999998],[-50.858214,-21.836255299999994],[-50.8535008,-21.832119899999995],[-50.8466178,-21.830483599999997],[-50.8416198,-21.83108130000001],[-50.8390815,-21.8293485],[-50.8335726,-21.810381700000004],[-50.8311101,-21.807070699999993],[-50.8236611,-21.806138400000002],[-50.82365560000001,-21.800778000000008],[-50.8331652,-21.79791669999999],[-50.8406691,-21.791284700000002],[-50.8474772,-21.789308600000012],[-50.8518707,-21.781420399999984],[-50.8541755,-21.779196799999983],[-50.856327300000004,-21.779062499999984],[-50.8567673,-21.77132],[-50.8551449,-21.76506419999999],[-50.851111,-21.757622900000023],[-50.85094110000001,-21.751795599999994],[-50.84901949999999,-21.748530500000005],[-50.85001350000002,-21.7448548],[-50.8480463,-21.73961039999999],[-50.8437307,-21.735725599999995],[-50.8438979,-21.73432369999999],[-50.839840900000006,-21.731639299999983],[-50.8417642,-21.725745299999996],[-50.839353,-21.722447100000004],[-50.836344100000005,-21.721301],[-50.834424600000006,-21.716929699999994],[-50.83529120000001,-21.715570499999973],[-50.834573600000006,-21.713509900000012],[-50.8360319,-21.711451999999987],[-50.8329647,-21.7061097],[-50.833482700000005,-21.701330099999996],[-50.8313131,-21.696181599999996],[-50.8300727,-21.695645],[-50.8308886,-21.694009500000003],[-50.82870390000001,-21.693272399999998],[-50.8263717,-21.689907899999984],[-50.8305935,-21.684397400000012],[-50.8275112,-21.6822366],[-50.8272339,-21.6788602],[-50.8283492,-21.677828699999992],[-50.8255611,-21.67464179999999],[-50.8175244,-21.673773900000004],[-50.8154202,-21.67171490000001],[-50.8158627,-21.663010800000002],[-50.8130796,-21.659407700000003],[-50.81430660000001,-21.656648200000003],[-50.8093724,-21.65586890000001],[-50.8085041,-21.6497486],[-50.80563239999999,-21.64680940000001],[-50.8076641,-21.641069500000004],[-50.8029691,-21.638931600000028],[-50.803172599999996,-21.635175500000003],[-50.7980648,-21.6318757],[-50.7976697,-21.628192999999996],[-50.794485,-21.627249399999993],[-50.7959518,-21.621249899999984],[-50.7932117,-21.62002569999999],[-50.793953599999995,-21.613856600000013],[-50.789089,-21.609530600000003],[-50.78484749999999,-21.598349599999995],[-50.7823833,-21.597501199999993],[-50.7821604,-21.595585100000008],[-50.7802858,-21.594032700000003],[-50.7822713,-21.588598199999993],[-50.7765151,-21.58705159999998],[-50.7767038,-21.585097300000005],[-50.77902590000001,-21.58337239999999],[-50.77652810000001,-21.58181009999998],[-50.776788,-21.576016099999997],[-50.7745737,-21.572998600000005],[-50.7763254,-21.56995820000001],[-50.777719999999995,-21.570542300000003],[-50.7798125,-21.567783999999982],[-50.7731755,-21.567345800000002],[-50.7752993,-21.564754000000008],[-50.7746778,-21.564105199999982],[-50.7697555,-21.56602369999999],[-50.771558799999994,-21.56846789999999],[-50.7709948,-21.569484899999992],[-50.7691691,-21.568596099999997],[-50.7675004,-21.563597599999994],[-50.76053340000001,-21.56337169999998],[-50.758968700000004,-21.568534700000008],[-50.75616320000001,-21.571188300000003],[-50.753784,-21.571015799999994],[-50.7491651,-21.565496199999995],[-50.7465921,-21.566356000000006],[-50.7445209,-21.56492180000001],[-50.744288499999996,-21.5665907],[-50.74912689999999,-21.57510229999999],[-50.74533,-21.578407400000014],[-50.742447600000006,-21.5779551],[-50.734893199999995,-21.5719692],[-50.7300266,-21.572664099999983],[-50.72608739999999,-21.5769943],[-50.7145582,-21.577749900000004],[-50.7082688,-21.5769891],[-50.7061664,-21.5790322],[-50.7083499,-21.5836505],[-50.7078743,-21.585503799999998],[-50.7008524,-21.590071900000012],[-50.69856,-21.590217699999997],[-50.697098,-21.5925819],[-50.6922436,-21.5931685],[-50.6867153,-21.597809699999996],[-50.682805,-21.5980323],[-50.680855599999994,-21.602270899999997],[-50.6774756,-21.6010093],[-50.67037379999999,-21.604935599999983],[-50.6675145,-21.610748799999993],[-50.66119080000001,-21.614831000000002],[-50.660802100000005,-21.618506100000012],[-50.656190300000006,-21.62269],[-50.6521523,-21.6235328],[-50.6534006,-21.6265218],[-50.65195159999999,-21.627655099999995],[-50.652017900000004,-21.62931749999999],[-50.65380310000001,-21.630419900000003],[-50.654628200000005,-21.6340372],[-50.6497457,-21.638619199999997],[-50.6466327,-21.6506802],[-50.64353779999999,-21.651021000000004],[-50.64042740000001,-21.649568099999993],[-50.63493700000001,-21.65578239999998],[-50.632453700000006,-21.6565751],[-50.6300415,-21.65465619999999],[-50.63040170000001,-21.649733900000005],[-50.627606400000005,-21.64294729999998],[-50.6231041,-21.6429918],[-50.6203287,-21.645953099999996],[-50.6215992,-21.650458500000006],[-50.61890660000001,-21.651577999999994],[-50.6208553,-21.65386289999999],[-50.619928300000005,-21.655527300000006],[-50.6213242,-21.65938890000001],[-50.62057090000001,-21.6609669],[-50.6158991,-21.659450500000002],[-50.61407260000001,-21.656778399999986],[-50.6106795,-21.65810439999998],[-50.6091192,-21.656803300000007],[-50.6084736,-21.658461],[-50.6066578,-21.659114499999987],[-50.6010462,-21.65822399999999],[-50.6003902,-21.661569800000006],[-50.5977191,-21.662484600000006],[-50.6005867,-21.6661024],[-50.6021521,-21.665550600000003],[-50.6031655,-21.66666400000001],[-50.5986246,-21.668721699999985],[-50.5989698,-21.671112599999987],[-50.596756,-21.67336619999999],[-50.5952678,-21.672295099999996],[-50.58827639999999,-21.675260000000012],[-50.5872983,-21.678195900000002],[-50.5888653,-21.680698],[-50.58548010000001,-21.679602100000007],[-50.5833307,-21.6819137],[-50.5774437,-21.684040500000005],[-50.57913400000001,-21.686347199999997],[-50.57296130000002,-21.687135399999992],[-50.5705542,-21.691872900000003],[-50.5690953,-21.6906631],[-50.5690361,-21.692154000000002],[-50.56674360000002,-21.69247699999999],[-50.56696000000001,-21.69072330000001],[-50.5651482,-21.689856099999997],[-50.5634752,-21.692263800000006],[-50.5622045,-21.690900900000003],[-50.56071,-21.691130800000007],[-50.5607661,-21.693265299999997],[-50.559518800000006,-21.691960899999984],[-50.55639380000001,-21.695282700000003],[-50.55450760000001,-21.69388449999999],[-50.5530765,-21.696365799999977],[-50.55428799999999,-21.69661749999998],[-50.5544686,-21.698905800000002],[-50.5519538,-21.697751500000006],[-50.55180849999999,-21.699488900000006],[-50.550094,-21.6997346],[-50.5511225,-21.7010019],[-50.5498664,-21.702504099999995],[-50.5484912,-21.69956940000002],[-50.5451075,-21.70165039999998],[-50.5438324,-21.701223199999994],[-50.5441132,-21.698987299999995],[-50.53931700000001,-21.700209399999988],[-50.53776849999999,-21.699517899999982],[-50.533404900000015,-21.701757000000015],[-50.5318026,-21.70145279999998],[-50.5279039,-21.704986699999992],[-50.5263557,-21.70483609999999],[-50.5259903,-21.706552699999996],[-50.52336950000001,-21.706727899999997],[-50.5222825,-21.709027199999987],[-50.520713,-21.705857799999993],[-50.5182682,-21.707224799999995],[-50.5162834,-21.710307199999995],[-50.51506440000001,-21.706301799999995],[-50.5111642,-21.7031986],[-50.5094204,-21.7054008],[-50.5102903,-21.707194099999995],[-50.5065764,-21.7090835],[-50.5065422,-21.7122409],[-50.5044911,-21.7150489],[-50.50320249999999,-21.715796199999993],[-50.4987762,-21.714176500000015],[-50.496467,-21.715390600000003],[-50.492822800000006,-21.710687],[-50.4918041,-21.7112101],[-50.4919484,-21.710216499999984],[-50.4899009,-21.709713199999992],[-50.4896869,-21.708280000000006],[-50.49126660000002,-21.708372499999978],[-50.490010700000006,-21.7051819],[-50.486751,-21.704678400000002],[-50.48482740000001,-21.702329899999995],[-50.4843214,-21.7038486],[-50.483058,-21.702835999999998],[-50.4813482,-21.7041635],[-50.4808709,-21.7020398],[-50.4749272,-21.701904099999982],[-50.4697877,-21.70429979999997],[-50.4694221,-21.705891999999974],[-50.4665664,-21.7040117],[-50.46411690000001,-21.706488900000004],[-50.4628418,-21.700228199999987],[-50.4642559,-21.6964174],[-50.4624193,-21.69398950000001],[-50.46473550000001,-21.692554199999993],[-50.461453500000005,-21.68996559999998],[-50.4643881,-21.688153000000018],[-50.46177860000001,-21.6886476],[-50.4613171,-21.687492500000012],[-50.4587021,-21.688280699999993],[-50.4572668,-21.687296600000003],[-50.454983,-21.6894453],[-50.45411950000001,-21.6882437],[-50.4508826,-21.6900823],[-50.4517622,-21.69116689999999],[-50.450589599999994,-21.693121899999984],[-50.4455998,-21.693141800000006],[-50.4420543,-21.695231099999997],[-50.43762970000001,-21.695373499999977],[-50.4370923,-21.696796999999997],[-50.4339603,-21.697736499999994],[-50.43209540000001,-21.696619199999983],[-50.4335451,-21.695893199999993],[-50.4330339,-21.69461969999999],[-50.426612100000014,-21.694868000000003],[-50.4248629,-21.696155699999995],[-50.4255371,-21.697722200000005],[-50.4230339,-21.699803899999992],[-50.4243736,-21.701211900000015],[-50.422575200000004,-21.701081399999993],[-50.4210519,-21.70258909999999],[-50.422432300000004,-21.70356599999999],[-50.4206468,-21.70412989999999],[-50.4214229,-21.70565289999999],[-50.4169142,-21.7045919],[-50.4143143,-21.707308999999988],[-50.4134165,-21.706896499999996],[-50.4143162,-21.704926199999996],[-50.412374500000006,-21.705423700000026],[-50.4114447,-21.707094199999993],[-50.40999620000001,-21.703631799999993],[-50.4099906,-21.706942800000004],[-50.40420919999999,-21.712652000000006],[-50.4006149,-21.71396249999999],[-50.3996749,-21.716564499999986],[-50.3969488,-21.7171505],[-50.3965019,-21.715519],[-50.3947875,-21.71586360000001],[-50.39484600000001,-21.716835899999985],[-50.3908354,-21.718195299999987],[-50.39115140000001,-21.7193221],[-50.37957879999999,-21.7183436],[-50.3719255,-21.723608099999993],[-50.368383200000004,-21.719770399999994],[-50.36537020000001,-21.720117],[-50.3646981,-21.721744400000006],[-50.362177700000004,-21.7221294],[-50.3629554,-21.724931700000006],[-50.3606304,-21.725784799999992],[-50.3605119,-21.72327430000001],[-50.3579268,-21.7193648],[-50.3558661,-21.720160700000005],[-50.3540882,-21.7189259],[-50.3561324,-21.718319900000004],[-50.355448,-21.715671400000012],[-50.3544424,-21.716676100000015],[-50.35451040000001,-21.715455799999994],[-50.3530166,-21.7154207],[-50.3535815,-21.713266700000005],[-50.3523595,-21.713671299999998],[-50.3522742,-21.71176330000002],[-50.351276500000004,-21.71099919999997],[-50.3505843,-21.711866299999986],[-50.3487717,-21.70966649999998],[-50.3434256,-21.710559000000003],[-50.34426669999999,-21.7121093],[-50.34370940000001,-21.71352029999998],[-50.3424253,-21.712522399999994],[-50.342073199999994,-21.715545699999982],[-50.3392321,-21.714226099999994],[-50.33569050000001,-21.71555679999999],[-50.335143,-21.717257599999993],[-50.33231820000001,-21.714110700000006],[-50.3303387,-21.709154500000004],[-50.3297275,-21.711103499999993],[-50.32677220000001,-21.707451699999982],[-50.3259117,-21.7074993],[-50.32648480000001,-21.70871500000001],[-50.32334269999999,-21.70925300000001],[-50.3212553,-21.7063986],[-50.32123380000001,-21.707633699999985],[-50.31771580000001,-21.707304999999995],[-50.315676,-21.708612199999983],[-50.31501879999999,-21.710312499999983],[-50.312599200000015,-21.7109018],[-50.30935989999999,-21.714418599999995],[-50.307508000000006,-21.714030799999996],[-50.3078341,-21.712892000000007],[-50.30604799999999,-21.711846600000005],[-50.3051306,-21.71314559999999],[-50.304596800000006,-21.711094999999993],[-50.3040533,-21.713504699999998],[-50.3014788,-21.71374239999998],[-50.301296699999995,-21.715824699999988],[-50.2998028,-21.714203099999988],[-50.2944414,-21.717323199999996],[-50.2954368,-21.7144915],[-50.2919493,-21.715541599999995],[-50.2852948,-21.70918570000001],[-50.2842746,-21.70965570000002],[-50.2805545,-21.707703399999996],[-50.2743608,-21.707552100000004],[-50.273185100000006,-21.709696600000015],[-50.2741897,-21.7113044],[-50.2727268,-21.712083800000016],[-50.2736736,-21.71513579999999],[-50.272156700000004,-21.716583600000003],[-50.27292030000001,-21.7171644],[-50.2713772,-21.7191602],[-50.27155170000001,-21.721770299999967],[-50.2672702,-21.7238856],[-50.26610060000001,-21.726233899999993],[-50.2639541,-21.7253035],[-50.2614241,-21.727514099999997],[-50.2612958,-21.731189899999997],[-50.2625793,-21.732613600000008],[-50.2608798,-21.732986099999998],[-50.2614916,-21.73420939999999],[-50.2601431,-21.73478079999999],[-50.2585196,-21.738661899999997],[-50.2569084,-21.73706129999999],[-50.25615320000001,-21.73897629999998],[-50.2520917,-21.739663499999974],[-50.2520537,-21.7409643],[-50.248045,-21.741589299999983],[-50.249027,-21.740797100000005],[-50.2478669,-21.739724799999998],[-50.244851800000006,-21.740307799999997],[-50.24232150000001,-21.742975500000007],[-50.2428231,-21.743948099999997],[-50.2413506,-21.74453509999998],[-50.2422532,-21.744862400000024],[-50.24063769999999,-21.747231800000023],[-50.237135,-21.74535510000001],[-50.231805400000006,-21.750605499999985],[-50.23051060000001,-21.750251899999984],[-50.22919360000001,-21.752459999999992],[-50.2252185,-21.75250949999998],[-50.2257461,-21.7530998],[-50.22302320000001,-21.75580119999998],[-50.2230375,-21.76025839999999],[-50.2186685,-21.762742499999998],[-50.2176021,-21.7605957],[-50.2132743,-21.7605292],[-50.2124233,-21.759042800000014],[-50.2095452,-21.76003609999998],[-50.21037580000001,-21.761241200000022],[-50.20883990000001,-21.760937399999992],[-50.2072759,-21.7637565],[-50.2010981,-21.766727200000002],[-50.1985801,-21.76491070000002],[-50.1959224,-21.765587899999996],[-50.19386840000001,-21.7639933],[-50.1929295,-21.7645612],[-50.193385000000006,-21.763341799999992],[-50.1919585,-21.76403000000001],[-50.1913906,-21.76284139999998],[-50.1897547,-21.762797599999985],[-50.187442000000004,-21.76634890000002],[-50.1885927,-21.768010700000012],[-50.1817489,-21.770599099999995],[-50.180877,-21.771882799999993],[-50.181762500000005,-21.7725321],[-50.1795514,-21.77500450000001],[-50.1776772,-21.774524900000003],[-50.1766686,-21.775772200000024],[-50.17366400000002,-21.774862699999996],[-50.17376349999999,-21.775645199999996],[-50.1709183,-21.77462399999998],[-50.1671187,-21.775877700000002],[-50.16765010000001,-21.776728800000008],[-50.1659458,-21.777144500000002],[-50.1656322,-21.7783901],[-50.1630763,-21.7784232],[-50.16090870000001,-21.785097900000004],[-50.158149099999996,-21.7862697],[-50.1584172,-21.78534590000001],[-50.1559403,-21.784965199999995],[-50.15328050000001,-21.785912600000007],[-50.1538249,-21.787326100000005],[-50.1500533,-21.789792099999985],[-50.1504125,-21.791141900000007],[-50.14458350000001,-21.795274000000003],[-50.146710299999995,-21.796570500000005],[-50.147458099999994,-21.79875940000001],[-50.14379900000001,-21.801574700000003],[-50.144445600000005,-21.803755499999994],[-50.1397775,-21.805471700000002],[-50.1386888,-21.807219199999995],[-50.13406379999999,-21.805822600000013],[-50.130618999999996,-21.808886700000006],[-50.1318999,-21.809782800000008],[-50.1300225,-21.812486999999997],[-50.1309773,-21.81209849999998],[-50.1318853,-21.814014900000018],[-50.130473099999996,-21.814012600000005],[-50.129751700000014,-21.815634199999984],[-50.1289722,-21.8150934],[-50.1257743,-21.81979420000001],[-50.124455299999994,-21.81885700000001],[-50.1198625,-21.819720300000004],[-50.120348199999995,-21.822498899999985],[-50.1140857,-21.830739799999982],[-50.1145692,-21.833860399999995],[-50.11335840000001,-21.835717900000006],[-50.1120988,-21.8361671],[-50.11115,-21.835136099999996],[-50.1060489,-21.837763800000005],[-50.1044957,-21.8369173],[-50.1020562,-21.837675100000006],[-50.10195910000001,-21.839431400000013],[-50.10020730000001,-21.839334699999977],[-50.0988391,-21.841050500000005],[-50.0990235,-21.8437135],[-50.09729200000001,-21.8438046],[-50.0975382,-21.84577729999999],[-50.0932473,-21.846256700000012],[-50.0926377,-21.849532199999985],[-50.091420799999995,-21.8500083],[-50.09024370000001,-21.848741200000013],[-50.08862529999999,-21.85024770000002],[-50.0874173,-21.849322299999994],[-50.0830765,-21.854213199999993],[-50.08163660000002,-21.853621899999983],[-50.077522800000004,-21.85667659999999],[-50.0762084,-21.855542800000006],[-50.0709375,-21.8564653],[-50.0701976,-21.859800399999994],[-50.06725659999999,-21.861386299999996],[-50.0670295,-21.864275],[-50.06571260000001,-21.86464969999999],[-50.0668425,-21.865420499999985],[-50.06553980000001,-21.86580199999999],[-50.0637671,-21.871068999999984],[-50.0608903,-21.871582300000004],[-50.0603328,-21.874455699999995],[-50.05603179999999,-21.875229000000004],[-50.0492243,-21.879145999999977],[-50.0496351,-21.881126399999996],[-50.0470138,-21.884235899999993],[-50.0442235,-21.883575999999987],[-50.04135350000001,-21.8877062],[-50.0361218,-21.886480700000007],[-50.0354947,-21.887588500000014],[-50.032726,-21.88798789999998],[-50.03182590000001,-21.886693599999987],[-50.0306737,-21.887102500000008],[-50.02754500000001,-21.89079869999999],[-50.03150910000001,-21.895314599999985],[-50.0309475,-21.897886099999983],[-50.0273925,-21.900405000000006],[-50.0258757,-21.899358099999997],[-50.02448830000001,-21.899983499999998],[-50.024273,-21.901797599999988],[-50.0224894,-21.90178039999999],[-50.0197767,-21.906563400000017],[-50.01782380000001,-21.905554400000003],[-50.015594500000006,-21.910016799999994],[-50.0167056,-21.910129100000002],[-50.0180368,-21.914057799999995],[-50.0154567,-21.9167345],[-50.0159218,-21.91859460000001],[-50.01193260000001,-21.9244645],[-50.006410900000006,-21.925638099999993],[-50.003155100000015,-21.928790000000003],[-49.9993189,-21.92756639999998],[-49.9960809,-21.93111469999998],[-49.9950447,-21.93028359999999],[-49.9888348,-21.9334371],[-49.9805335,-21.942632200000002],[-49.9722806,-21.940938],[-49.9723931,-21.939275899999984],[-49.97071100000001,-21.93832659999998],[-49.96972100000001,-21.93935439999999],[-49.9681511,-21.938525099999985],[-49.96441409999999,-21.9414787],[-49.9596244,-21.9429101],[-49.9575677,-21.94209249999999],[-49.9540083,-21.945559800000012],[-49.95199730000001,-21.945101099999988],[-49.9483829,-21.948913300000005],[-49.948313,-21.950893200000007],[-49.94468789999999,-21.9538781],[-49.939231,-21.953118899999996],[-49.9329523,-21.954372300000003],[-49.9309853,-21.95585049999999],[-49.921077,-21.956348899999995],[-49.9157064,-21.958438999999977],[-49.9147774,-21.960565099999993],[-49.9120673,-21.958709999999996],[-49.9087736,-21.959881599999974],[-49.906334900000004,-21.963894999999994],[-49.9011829,-21.963659500000016],[-49.90025020000001,-21.965302700000006],[-49.8974857,-21.9649288],[-49.897591,-21.966190000000008],[-49.8948275,-21.9666072],[-49.8946183,-21.967631700000002],[-49.89139130000001,-21.9657191],[-49.88507100000001,-21.971509599999983],[-49.879579500000006,-21.9687098],[-49.8690008,-21.9602247],[-49.852218400000005,-21.95610889999998],[-49.8483044,-21.952891599999987],[-49.839293700000006,-21.951695599999997],[-49.833646,-21.9471296],[-49.8274898,-21.946663799999982],[-49.8273662,-21.9438505],[-49.82533239999999,-21.943203000000015],[-49.82255310000001,-21.939307400000004],[-49.8155782,-21.934471699999996],[-49.81624000000001,-21.9309453],[-49.8149481,-21.927780799999994],[-49.815762600000006,-21.926718399999995],[-49.8211108,-21.92230989999999],[-49.8253727,-21.921390399999993],[-49.82852340000001,-21.91880210000001],[-49.822729200000005,-21.910589799999983],[-49.8187716,-21.9076337],[-49.813007700000014,-21.900549699999985],[-49.8118806,-21.8933046],[-49.8093552,-21.89026629999999],[-49.7884594,-21.90791820000001],[-49.7834703,-21.909503299999997],[-49.7785544,-21.915915699999996],[-49.7686627,-21.9164256],[-49.768572000000006,-21.9197167],[-49.7718435,-21.9269905],[-49.7677568,-21.932108700000008],[-49.76506,-21.9333824],[-49.7630385,-21.9319285],[-49.7588036,-21.931276699999987],[-49.74766230000001,-21.93728499999998],[-49.743737,-21.937003700000005],[-49.7419708,-21.9382895],[-49.738231799999994,-21.938418199999994],[-49.738517200000004,-21.940046099999986],[-49.73417830000001,-21.940553099999995],[-49.73651809999999,-21.946336000000002],[-49.7389151,-21.947174000000004],[-49.74006429999999,-21.949588599999988],[-49.7399072,-21.9566326],[-49.736760800000006,-21.966865599999995],[-49.7374136,-21.9712096],[-49.7471815,-21.9792081],[-49.7501713,-21.9857495],[-49.7497482,-21.989892399999995],[-49.753632700000004,-21.99279689999999],[-49.7541972,-22.000618199999995],[-49.7531463,-22.004910599999988],[-49.7564898,-22.007668400000004],[-49.744246499999996,-22.013221700000003],[-49.7400998,-22.01648189999999],[-49.735634100000006,-22.016931199999995],[-49.734869,-22.017950799999987],[-49.7384698,-22.020612200000002],[-49.74068240000001,-22.026211200000006],[-49.73776290000001,-22.028804999999995],[-49.7281889,-22.03054300000001],[-49.72470940000001,-22.034470599999985],[-49.71200350000001,-22.037203500000004],[-49.7096756,-22.0394369],[-49.707103,-22.039862300000003],[-49.704739,-22.046899700000004],[-49.7023596,-22.0477228],[-49.69660070000001,-22.046571799999988],[-49.6955179,-22.04450120000001],[-49.69254800000001,-22.04760099999998],[-49.6879176,-22.048760599999998],[-49.686127000000006,-22.056195599999977],[-49.684503299999996,-22.057394500000004],[-49.6763057,-22.058978199999988],[-49.6740717,-22.0606868],[-49.666129600000005,-22.0617439],[-49.664861,-22.06304449999999],[-49.66576899999999,-22.0655311],[-49.6636887,-22.0688156],[-49.6617383,-22.07678790000001],[-49.6562291,-22.0772198],[-49.65069139999999,-22.067679999999978],[-49.6393149,-22.06995710000001],[-49.6371247,-22.074863500000014],[-49.6336292,-22.0759691],[-49.63304459999999,-22.080723500000005],[-49.6270629,-22.08587119999999],[-49.62525020000001,-22.0912398],[-49.62127269999999,-22.096571299999987],[-49.6203001,-22.1009728],[-49.62334920000001,-22.1075222],[-49.622717800000004,-22.112674499999997],[-49.6176673,-22.113580299999978],[-49.6117589,-22.11088159999999],[-49.610120900000005,-22.108956899999974],[-49.601473899999995,-22.108163100000002],[-49.59683810000001,-22.109299399999998],[-49.592392600000004,-22.112846799999996],[-49.584994,-22.112745700000016],[-49.5881058,-22.124916300000013],[-49.5821017,-22.126460899999998],[-49.5790283,-22.128603799999997],[-49.5693832,-22.139404400000007],[-49.5624397,-22.138546299999984],[-49.5564207,-22.129803300000003],[-49.555801100000004,-22.1368973],[-49.5600807,-22.140694599999996],[-49.5621421,-22.145276899999992],[-49.5533043,-22.1479798],[-49.55143089999999,-22.1500492],[-49.523759600000005,-22.15262089999999],[-49.5234845,-22.153815899999994],[-49.5262267,-22.155518900000004],[-49.52879720000001,-22.165457199999985],[-49.530504500000006,-22.1757258],[-49.53003790000002,-22.181593100000004],[-49.5229568,-22.18360640000003],[-49.511085300000005,-22.189726100000012],[-49.5098474,-22.1951285],[-49.5108788,-22.1988738],[-49.506983500000004,-22.201791600000004],[-49.5072638,-22.209890099999996],[-49.50010880000001,-22.212628599999988],[-49.49872750000001,-22.21625880000001],[-49.4934704,-22.2230176],[-49.49324310000001,-22.225327100000005],[-49.49575,-22.229679200000017],[-49.4887086,-22.234920599999974],[-49.4845308,-22.234345400000006],[-49.4835329,-22.236200099999987],[-49.4806782,-22.236731899999985],[-49.478958899999995,-22.23871160000001],[-49.469378,-22.241314500000005],[-49.4656232,-22.244954799999984],[-49.46243050000001,-22.245216500000016],[-49.4589811,-22.241072899999985],[-49.458505,-22.246529900000006],[-49.4518881,-22.256181],[-49.45166700000001,-22.258575099999998],[-49.441822200000004,-22.2655676],[-49.43972590000001,-22.2694743],[-49.4366993,-22.270607700000003],[-49.438729,-22.273628],[-49.436528100000004,-22.277249700000002],[-49.435104200000005,-22.284106999999995],[-49.43654850000001,-22.291457399999995],[-49.44063760000001,-22.2985081],[-49.44090490000001,-22.30309639999997],[-49.4387033,-22.30296349999998],[-49.4349235,-22.30019129999998],[-49.43191730000001,-22.294208],[-49.4227762,-22.293743],[-49.42549440000001,-22.295774600000016],[-49.426801100000006,-22.303307700000005],[-49.429287900000006,-22.30535529999999],[-49.428235400000005,-22.3105353],[-49.43011280000001,-22.31177109999999],[-49.4311183,-22.31532769999999],[-49.433751900000004,-22.315978400000002],[-49.4366716,-22.322509799999988],[-49.44120160000001,-22.32811689999999],[-49.4434664,-22.327007299999995],[-49.445292200000004,-22.328586599999998],[-49.4502477,-22.3290066],[-49.4521636,-22.334479899999995],[-49.4591806,-22.3374586],[-49.461049200000005,-22.335447399999996],[-49.46507230000001,-22.336209399999987],[-49.466361899999995,-22.3392387],[-49.4704545,-22.341667600000005],[-49.4713629,-22.34483939999998],[-49.47378220000001,-22.3468477],[-49.47397149999999,-22.35180599999999],[-49.48286540000001,-22.356192299999996],[-49.4828121,-22.3648472],[-49.4909144,-22.372873900000002],[-49.4913359,-22.376550200000004],[-49.4950321,-22.382997299999992],[-49.50951609999999,-22.390296700000007],[-49.5146734,-22.390669800000012],[-49.5127924,-22.3956827],[-49.5197513,-22.393617700000007],[-49.5335997,-22.395160300000004],[-49.545681900000005,-22.390831499999997],[-49.5563551,-22.392032400000005],[-49.5609363,-22.390246700000002],[-49.56997080000001,-22.3836182],[-49.57123940000001,-22.40064720000002],[-49.575109100000006,-22.407757399999998],[-49.57610759999999,-22.4170817],[-49.58220390000001,-22.424882299999986],[-49.5885836,-22.42765080000001],[-49.5974276,-22.435144400000002],[-49.600585499999994,-22.438565900000018],[-49.60033820000001,-22.439995699999997],[-49.60393010000001,-22.443076999999995],[-49.605491,-22.448400199999995],[-49.6036403,-22.450498200000016],[-49.60409950000001,-22.453554800000017],[-49.5988856,-22.4545483],[-49.59679199999999,-22.4538176],[-49.595628999999995,-22.456111600000007],[-49.597090200000004,-22.459938000000005],[-49.60158800000001,-22.460417399999987],[-49.6102206,-22.4662219],[-49.618956,-22.4682583],[-49.624151,-22.467172900000005],[-49.62851180000001,-22.469153399999986],[-49.63598790000001,-22.4609735],[-49.637048500000006,-22.45703060000001],[-49.6360441,-22.447092300000005],[-49.642229500000006,-22.439288],[-49.6463794,-22.4366403],[-49.65069890000001,-22.439987399999996],[-49.6548277,-22.4459938],[-49.6580343,-22.45353639999998],[-49.66248000000001,-22.458473299999994],[-49.66379899999999,-22.4621198],[-49.674471999999994,-22.46872060000001],[-49.6836731,-22.466064600000003],[-49.6841068,-22.463428399999994],[-49.6881805,-22.45846869999999],[-49.691616800000006,-22.458553],[-49.6943674,-22.456198399999998],[-49.6967345,-22.448997399999985],[-49.7017976,-22.4471388],[-49.7040356,-22.443402800000005],[-49.7038157,-22.439348599999988],[-49.7102724,-22.444242400000004],[-49.7130302,-22.449208399999993],[-49.7187885,-22.452499899999978],[-49.7202097,-22.462162899999996],[-49.7215091,-22.464034100000013],[-49.727005,-22.463900000000006],[-49.7321285,-22.467790899999997],[-49.7378448,-22.466814299999996],[-49.7413492,-22.470011499999995],[-49.7435164,-22.4702461],[-49.744416799999996,-22.473476600000026],[-49.74687440000001,-22.475990700000004],[-49.7494999,-22.476844299999982],[-49.74995330000001,-22.478712300000005],[-49.7479853,-22.48492539999998],[-49.7500063,-22.488868100000012],[-49.749012300000004,-22.489944099999967],[-49.7510664,-22.49509899999999],[-49.756536400000016,-22.4970699],[-49.7556128,-22.498154100000008],[-49.76178120000001,-22.503928499999986],[-49.77200150000001,-22.500646300000007],[-49.76589,-22.508520199999992],[-49.7644307,-22.516514199999985],[-49.7594017,-22.5180627],[-49.7604734,-22.525218300000002],[-49.757504100000006,-22.52869],[-49.754297400000006,-22.529169599999978],[-49.7534965,-22.53528259999999],[-49.74800400000001,-22.540097499999995],[-49.747264699999995,-22.544698899999986],[-49.7483337,-22.554358],[-49.746058,-22.55973169999998],[-49.743836,-22.562119999999993],[-49.74150900000001,-22.562793900000003],[-49.74146700000001,-22.567417199999987],[-49.7358793,-22.576424400000008],[-49.73533090000001,-22.5788191],[-49.737166400000014,-22.585324100000005],[-49.7365002,-22.58837620000001],[-49.717504200000015,-22.609966899999996],[-49.7117162,-22.6135528],[-49.7070581,-22.618689100000015],[-49.7053948,-22.624794699999985],[-49.7022982,-22.6217226],[-49.70349459999999,-22.617281],[-49.7012147,-22.611459600000014],[-49.69870000000001,-22.610636800000005],[-49.6983018,-22.6094275],[-49.6950781,-22.60924210000001],[-49.69508390000001,-22.607618299999988],[-49.69269620000001,-22.60745969999999],[-49.6888333,-22.601320799999993],[-49.661562200000006,-22.607107900000013],[-49.6592623,-22.6087433],[-49.6572884,-22.614724900000002],[-49.6510636,-22.620664899999987],[-49.6431113,-22.620872399999993],[-49.6362292,-22.6250664],[-49.6301442,-22.6239856],[-49.62961339999999,-22.628057899999995],[-49.6259713,-22.63018930000001],[-49.627729,-22.6364813],[-49.6258354,-22.640553500000003],[-49.6249953,-22.649635],[-49.6137705,-22.6567437],[-49.6070651,-22.66296489999999],[-49.6025855,-22.665461900000004],[-49.5989176,-22.664852200000016],[-49.6010741,-22.658286099999998],[-49.5995267,-22.654103899999985],[-49.59823060000001,-22.6529636],[-49.597892,-22.654267299999987],[-49.5963511,-22.654271900000012],[-49.5957053,-22.65239699999998],[-49.5933944,-22.652098399999993],[-49.589648600000004,-22.6460869],[-49.5925305,-22.6425884],[-49.590314400000004,-22.636801799999997],[-49.5924182,-22.63421649999999],[-49.58939159999999,-22.6310901],[-49.5901365,-22.629233899999992],[-49.5884496,-22.6287169],[-49.5881058,-22.62706579999999],[-49.5875762,-22.6277736],[-49.587773500000004,-22.62271090000001],[-49.5861174,-22.622365899999988],[-49.5869355,-22.621480399999992],[-49.5857057,-22.6219373],[-49.5859034,-22.620685799999986],[-49.5847008,-22.621194599999978],[-49.5844485,-22.61964719999999],[-49.5819062,-22.618714900000004],[-49.5803802,-22.616504000000003],[-49.58059190000001,-22.61479339999999],[-49.58362900000001,-22.611648499999983],[-49.58332980000001,-22.607911899999998],[-49.5853909,-22.60390210000001],[-49.5833449,-22.601922699999992],[-49.58071679999999,-22.6026205],[-49.5782682,-22.60159889999999],[-49.578361500000014,-22.598367899999996],[-49.5756246,-22.5943736],[-49.5748234,-22.595868699999997],[-49.5737282,-22.59136099999997],[-49.5717429,-22.59114599999999],[-49.5718738,-22.58876079999999],[-49.5692365,-22.587243799999996],[-49.5677835,-22.576343899999998],[-49.56619330000001,-22.575046499999974],[-49.56551150000001,-22.576173400000002],[-49.56253160000001,-22.576082400000004],[-49.55928,-22.574559699999984],[-49.559846300000004,-22.571650600000005],[-49.55768369999999,-22.5689703],[-49.5588319,-22.565545399999998],[-49.5550062,-22.558946099999993],[-49.5528388,-22.5585232],[-49.54834259999999,-22.5620535],[-49.5474844,-22.561049999999994],[-49.545007600000005,-22.562362399999987],[-49.5464085,-22.56306449999999],[-49.5453672,-22.56376909999999],[-49.54094090000001,-22.56150150000001],[-49.538870700000004,-22.556680099999973],[-49.5408719,-22.553569499999973],[-49.544544300000005,-22.551911800000006],[-49.5441928,-22.549303500000004],[-49.5419714,-22.5470001],[-49.537361400000016,-22.545996800000005],[-49.534055,-22.546696299999997],[-49.5344439,-22.544871500000003],[-49.5337518,-22.544788000000004],[-49.5328758,-22.543838500000007],[-49.5337934,-22.544018499999986],[-49.533735199999995,-22.54297080000001],[-49.5314385,-22.538088700000007],[-49.5301319,-22.5366948],[-49.52761340000001,-22.53772600000001],[-49.5247201,-22.534671],[-49.524073,-22.531223000000004],[-49.527164,-22.528144100000002],[-49.525642,-22.522683699999984],[-49.5242172,-22.522001200000016],[-49.5200961,-22.5237659],[-49.5187976,-22.522500700000002],[-49.51991240000001,-22.5190029],[-49.5158307,-22.518169199999985],[-49.5145774,-22.516247300000014],[-49.5128582,-22.51632579999998],[-49.5125181,-22.517346799999984],[-49.51081610000001,-22.5166701],[-49.5092588,-22.5180119],[-49.50631190000001,-22.512400899999992],[-49.5048193,-22.5141639],[-49.50301660000001,-22.5138467],[-49.500750700000005,-22.517136299999986],[-49.49739510000001,-22.527585099999992],[-49.490793499999995,-22.537518599999995],[-49.48968750000001,-22.541859600000002],[-49.4816127,-22.549232999999987],[-49.4778183,-22.550547600000005],[-49.472753000000004,-22.556488299999998],[-49.4705844,-22.557871699999993],[-49.465578,-22.558135499999985],[-49.4544066,-22.567697],[-49.45186490000001,-22.5764498],[-49.4562681,-22.57724440000001],[-49.4568624,-22.578668599999997],[-49.454407200000006,-22.583071099999998],[-49.4503063,-22.586475499999995],[-49.4507093,-22.590252299999996],[-49.444351,-22.6004981],[-49.4398048,-22.60180369999997],[-49.4394641,-22.604284500000006],[-49.432706100000004,-22.60437839999998],[-49.4247221,-22.607085300000023],[-49.42069560000001,-22.612748800000027],[-49.41992890000001,-22.62022320000002],[-49.4175799,-22.6218573],[-49.408363900000005,-22.624405499999998],[-49.39801700000001,-22.6253685],[-49.39516,-22.6268147],[-49.38691060000001,-22.627209000000015],[-49.38178,-22.630167299999982],[-49.3639471,-22.632782199999994],[-49.3556207,-22.636688900000006],[-49.351006999999996,-22.642557500000017],[-49.35350480000001,-22.6452462],[-49.35584730000001,-22.644428900000005],[-49.357021800000005,-22.64492359999999],[-49.355752800000005,-22.645156300000007],[-49.35388760000001,-22.648504499999977],[-49.3572044,-22.6484733],[-49.356962900000006,-22.649873000000003],[-49.35843609999999,-22.650064199999996],[-49.3565981,-22.651590999999993],[-49.3578577,-22.653801700000002],[-49.3610918,-22.652458699999986],[-49.36163880000001,-22.6549165],[-49.35993700000001,-22.656209999999998],[-49.358094900000005,-22.655715000000004],[-49.352989,-22.659627799999992],[-49.34965079999999,-22.660245599999985],[-49.3480192,-22.662707099999995],[-49.3435446,-22.665364399999994],[-49.3396897,-22.665905800000004],[-49.3357998,-22.6744055],[-49.335665600000006,-22.676354800000006],[-49.33703020000001,-22.677283600000006],[-49.351795599999996,-22.679788400000003],[-49.3589935,-22.6825815],[-49.3560235,-22.685740700000014],[-49.35630680000001,-22.687413800000016],[-49.368976,-22.702123699999973],[-49.3713344,-22.707329900000005],[-49.3839921,-22.708098300000003],[-49.3823385,-22.713983399999993],[-49.3837352,-22.7163499],[-49.3812065,-22.719669199999984],[-49.377072,-22.7223735],[-49.3775293,-22.724440000000005],[-49.37548960000001,-22.727773200000005],[-49.379801,-22.73333559999998],[-49.3795448,-22.742156500000004],[-49.3822418,-22.7464644],[-49.383571800000006,-22.757769899999996],[-49.3853592,-22.759684599999986],[-49.3856966,-22.7629144],[-49.3791295,-22.77539849999998],[-49.3758909,-22.777451900000017],[-49.3791321,-22.786089199999996],[-49.3768252,-22.796432900000003],[-49.372924700000006,-22.802192299999998],[-49.3682353,-22.818824699999997],[-49.3730974,-22.827343300000003],[-49.37531830000001,-22.837017999999986],[-49.3767887,-22.83880690000002],[-49.37485500000001,-22.8481105],[-49.378128,-22.85759039999998],[-49.3777549,-22.863650099999976],[-49.373866099999994,-22.867557299999998],[-49.370978,-22.874687300000012],[-49.36949830000001,-22.874868700000007],[-49.3710487,-22.878919199999988],[-49.3695115,-22.883783900000008],[-49.3620683,-22.889355],[-49.3590768,-22.8887764],[-49.3589574,-22.88758169999999],[-49.357053,-22.888494600000005],[-49.353619,-22.88667219999998],[-49.3452961,-22.889272599999988],[-49.3422542,-22.884154099999986],[-49.3381133,-22.890123699999986],[-49.33201749999999,-22.886688200000005],[-49.32667100000001,-22.887036399999992],[-49.3162244,-22.884304399999998],[-49.3135429,-22.88543680000002],[-49.3090505,-22.885017399999988],[-49.30878630000001,-22.897816199999998],[-49.304827,-22.905449700000002],[-49.302316600000005,-22.913718199999995],[-49.294938800000004,-22.918217099999982],[-49.292190000000005,-22.929469300000004],[-49.2894064,-22.933685000000004],[-49.2799033,-22.93881029999999],[-49.304423100000015,-22.953205499999992],[-49.3101057,-22.958714499999996],[-49.3140232,-22.965368599999987],[-49.3186183,-22.9699255],[-49.3528188,-22.977919199999985],[-49.3564929,-22.982805999999997],[-49.357237,-22.9899107],[-49.3610703,-22.993606599999993],[-49.36485510000001,-22.986003399999998],[-49.3684582,-22.984273300000005],[-49.37180769999999,-22.994541500000015],[-49.371270500000016,-22.99829709999999],[-49.376324,-23.016577400000003],[-49.38280019999999,-23.029779999999995],[-49.3832571,-23.039210800000017],[-49.3873091,-23.043218000000007],[-49.3860426,-23.046003799999983],[-49.3844008,-23.0467137],[-49.38422270000001,-23.049755499999986],[-49.387637,-23.053663199999978],[-49.3952888,-23.05793450000001],[-49.406672799999996,-23.05657469999999],[-49.412115500000006,-23.0515455],[-49.4203596,-23.05282090000001],[-49.421344999999995,-23.05384770000001],[-49.4209336,-23.056221599999997],[-49.4239859,-23.0582531],[-49.430026100000006,-23.058171499999993],[-49.4416961,-23.05567049999999],[-49.4432211,-23.056593699999986],[-49.4451261,-23.0601182],[-49.44591140000001,-23.068302799999994],[-49.442091800000014,-23.0829331],[-49.444467700000004,-23.09654869999999],[-49.444452,-23.099787299999996],[-49.44242950000001,-23.100682299999978],[-49.44395800000001,-23.102961699999998],[-49.4418242,-23.105441899999988],[-49.441973999999995,-23.1111477],[-49.444639900000006,-23.112430000000003],[-49.4475026,-23.122283599999996],[-49.451389,-23.1225766],[-49.45077609999999,-23.127590099999992],[-49.45417660000001,-23.129637700000007],[-49.455920500000005,-23.13503700000002],[-49.471316400000006,-23.137015999999996],[-49.4732923,-23.149131799999974],[-49.477885300000004,-23.15010659999999],[-49.4821391,-23.148822799999994],[-49.4838557,-23.14538579999998],[-49.4836046,-23.14073119999998],[-49.4875004,-23.14040999999999],[-49.49051469999999,-23.1373316],[-49.4943479,-23.136658],[-49.4993357,-23.137156],[-49.5023966,-23.14032650000001],[-49.5147522,-23.14287439999997],[-49.519781300000005,-23.142107899999985],[-49.53266940000001,-23.136955599999997],[-49.5452222,-23.138892300000002],[-49.546739,-23.1369815],[-49.545984000000004,-23.133849700000003],[-49.54784949999999,-23.12709200000001],[-49.55212010000001,-23.123714199999988],[-49.55428680000001,-23.124595099999997],[-49.55607700000001,-23.131614399999993],[-49.5733529,-23.138555599999986],[-49.5654949,-23.14647569999999],[-49.5620754,-23.148381899999997],[-49.55875400000001,-23.153317499999993],[-49.555284699999994,-23.152317900000003],[-49.5553642,-23.1552324],[-49.5538599,-23.156021800000005],[-49.5516695,-23.15321720000002],[-49.5498384,-23.153490900000012],[-49.55076389999999,-23.1598597],[-49.5468201,-23.16884299999999],[-49.5438334,-23.17063300000001],[-49.54382160000001,-23.172431199999995],[-49.5354376,-23.176327399999995],[-49.5399097,-23.1812485],[-49.5400129,-23.186763199999977],[-49.5429787,-23.188735700000002],[-49.5416395,-23.191190199999983],[-49.5423661,-23.193410199999995],[-49.5377347,-23.196324899999986],[-49.5343994,-23.196351199999995],[-49.53272400000001,-23.1979175],[-49.5293868,-23.197705799999998],[-49.52362670000001,-23.201454800000008],[-49.52219980000001,-23.205787099999988],[-49.524587000000004,-23.216520599999996],[-49.5287234,-23.221796599999994],[-49.53213010000002,-23.223842199999993],[-49.5344036,-23.230474499999975],[-49.5368395,-23.231679699999997],[-49.5497086,-23.245213900000003],[-49.5490279,-23.253632299999992],[-49.5467107,-23.255278800000006],[-49.54647549999999,-23.258350999999998],[-49.5440302,-23.260935499999988],[-49.5434827,-23.270146],[-49.540943,-23.273322399999998],[-49.5403568,-23.28060709999998],[-49.545496699999994,-23.279282200000015],[-49.5464657,-23.273413899999998],[-49.5605012,-23.2589617],[-49.564282,-23.260027100000013],[-49.5666888,-23.2630775],[-49.570473,-23.264750199999998],[-49.57640599999999,-23.265196399999997],[-49.580265,-23.266715099999995],[-49.5878694,-23.2661166],[-49.59248790000001,-23.26737779999999],[-49.594074400000004,-23.2691127],[-49.5987208,-23.2705683],[-49.605393600000006,-23.2786522],[-49.608292500000005,-23.279352300000006],[-49.61269889999999,-23.27794690000002],[-49.6185171,-23.280781900000015],[-49.622640800000006,-23.280574099999995],[-49.6241455,-23.2791174],[-49.627145900000016,-23.281772799999985],[-49.6291493,-23.27675410000001],[-49.6351717,-23.27130629999998],[-49.640067,-23.2563244],[-49.642528,-23.2537531],[-49.647103800000004,-23.251711999999998],[-49.646487400000005,-23.245085499999984],[-49.644479700000005,-23.24023579999999],[-49.644932700000005,-23.239170599999984],[-49.65157510000001,-23.236947099999995],[-49.6530665,-23.23445959999999],[-49.654767200000016,-23.22828409999998],[-49.6524018,-23.219000899999998],[-49.6537516,-23.212036999999984],[-49.661456400000006,-23.2016335],[-49.66319680000001,-23.194199899999973],[-49.666705100000016,-23.188779299999982],[-49.6712823,-23.18453520000001],[-49.677708,-23.174942599999998],[-49.6825198,-23.1751374],[-49.6832659,-23.17361139999999],[-49.678822999999994,-23.16823950000001],[-49.678319900000005,-23.165061700000006],[-49.6833234,-23.163775600000005],[-49.6884591,-23.165404700000007],[-49.6974899,-23.164983199999998],[-49.70121120000001,-23.159506199999996],[-49.703544400000006,-23.15830809999999],[-49.7013687,-23.153080499999998],[-49.70581859999999,-23.155496899999992],[-49.7112719,-23.1562011],[-49.7145981,-23.153910399999983],[-49.71649320000001,-23.148393299999984],[-49.718678,-23.148227200000004],[-49.7304888,-23.14144609999997],[-49.7349051,-23.132889300000002],[-49.730046900000005,-23.12605750000001],[-49.726157,-23.1169036],[-49.725551,-23.109438100000002],[-49.728327,-23.106893299999975],[-49.73533160000001,-23.10456159999999],[-49.7402393,-23.099168300000002],[-49.74529590000001,-23.0994423],[-49.75138200000001,-23.0977574],[-49.754981400000005,-23.1026577],[-49.7629482,-23.105576000000003],[-49.7678128,-23.105005],[-49.7733019,-23.10214430000001],[-49.7786731,-23.101296299999998],[-49.7891791,-23.1033455],[-49.7917155,-23.102426199999993],[-49.795572600000014,-23.094590099999973],[-49.79946540000002,-23.093395799999996],[-49.8066035,-23.09433410000001],[-49.8139066,-23.07862679999998],[-49.8269878,-23.07487129999998],[-49.8336586,-23.065942900000007],[-49.841437,-23.0704645],[-49.85057580000001,-23.07325510000002],[-49.857888,-23.0709769],[-49.867415300000005,-23.071691900000012],[-49.8732388,-23.068981099999984],[-49.87905,-23.05968539999999],[-49.8805411,-23.059417699999994],[-49.882604900000004,-23.063770799999993],[-49.8853291,-23.065068399999998],[-49.8890571,-23.063090299999974],[-49.8936534,-23.057718399999978],[-49.8992431,-23.05401709999998],[-49.90739630000001,-23.053075500000006],[-49.9116022,-23.0511186],[-49.9157421,-23.038479000000006],[-49.9159033,-23.034787499999993],[-49.913408499999996,-23.030107300000008],[-49.9126783,-23.02225729999998],[-49.9093019,-23.013572900000007],[-49.90148310000001,-23.007464400000007],[-49.8995854,-23.0020053],[-49.9016702,-22.999311799999983],[-49.9084365,-22.995649200000003],[-49.9130065,-22.990904899999997],[-49.9195596,-22.9904387],[-49.93075960000001,-22.983031200000003],[-49.9400511,-22.98262629999999],[-49.9545019,-22.9784205],[-49.9606051,-22.970558199999996],[-49.9693326,-22.9644784],[-49.9741983,-22.954496799999983],[-49.9656571,-22.944635000000005],[-49.965492600000005,-22.941303599999994],[-49.9613778,-22.930862999999995],[-49.962049500000006,-22.9233131],[-49.9657414,-22.914143700000004],[-49.9752097,-22.904494700000008],[-49.9861649,-22.897504799999997],[-49.989483,-22.896739200000017],[-49.9955909,-22.897986399999997],[-49.99885300000001,-22.901749900000002],[-49.991854100000005,-22.916622199999985],[-49.9904075,-22.9234822],[-49.9919638,-22.92772579999998],[-49.9948737,-22.9297191],[-50.0005169,-22.928678400000006],[-50.001630899999995,-22.929352599999998],[-50.0060579,-22.926929099999995],[-50.0121205,-22.918396999999985],[-50.01463400000001,-22.91125049999999],[-50.0162405,-22.910335199999977],[-50.0343852,-22.909033999999984],[-50.037268,-22.908147499999995],[-50.0437969,-22.902620599999995],[-50.04785270000001,-22.901964100000008],[-50.0527394,-22.90526850000001],[-50.058922100000004,-22.918982899999992],[-50.0623872,-22.923654600000003],[-50.067470400000005,-22.927515299999985],[-50.07154980000001,-22.928123699999993],[-50.080869,-22.9217941],[-50.0928258,-22.9225047],[-50.1154098,-22.93979119999999],[-50.1210672,-22.9413412],[-50.13010130000001,-22.941175499999975],[-50.1480536,-22.935128299999988],[-50.1514329,-22.9351596],[-50.15730539999999,-22.93883939999999],[-50.1648922,-22.94640920000002],[-50.1752627,-22.949294399999975],[-50.1850821,-22.954004099999995],[-50.1931627,-22.951658499999994],[-50.2038919,-22.952786400000008],[-50.2129942,-22.948465099999996],[-50.21688210000001,-22.947899500000002],[-50.2207047,-22.949050699999994],[-50.2275322,-22.953474],[-50.2375376,-22.9541462],[-50.2409821,-22.953039399999994],[-50.2441636,-22.94955],[-50.2459685,-22.940104799999986],[-50.2476111,-22.9377984],[-50.2574081,-22.936523499999993],[-50.2733879,-22.9310013],[-50.28409640000001,-22.937311],[-50.295687300000004,-22.93699179999999],[-50.300446199999996,-22.937936600000008],[-50.3061909,-22.946212399999993],[-50.31849530000001,-22.950682600000015],[-50.33615879999999,-22.95039650000001],[-50.3401866,-22.948072900000014],[-50.3454139,-22.9345737],[-50.3590514,-22.922515999999995],[-50.3592495,-22.916058799999995],[-50.3790746,-22.90540560000001]]]}},{"type":"Feature","properties":{"id":"administrativas-02","nome":"São José dos Campos"},"geometry":{"type":"MultiPolygon","coordinates":[[[[-45.6886177,-24.091690600000003],[-45.6879263,-24.098477600000002],[-45.6843664,-24.096374300000015],[-45.682683,-24.097517800000016],[-45.68046300000001,-24.096583399999986],[-45.6799297,-24.0977981],[-45.684603900000006,-24.102149900000004],[-45.6910891,-24.105547400000013],[-45.6964108,-24.10690649999999],[-45.6986621,-24.106366],[-45.7004813,-24.107824299999994],[-45.7002726,-24.109539],[-45.706277,-24.113172100000003],[-45.706589900000004,-24.1104593],[-45.703195599999994,-24.110789800000017],[-45.701975399999995,-24.109678499999998],[-45.7039837,-24.105907100000007],[-45.70097890000001,-24.106231999999984],[-45.6977703,-24.100958499999994],[-45.6919395,-24.096714000000002],[-45.69131130000002,-24.090901800000005],[-45.6886177,-24.091690600000003]]],[[[-45.7023655,-24.0965756],[-45.7022865,-24.095587999999992],[-45.7018075,-24.0954892],[-45.70161,-24.095859600000004],[-45.7023655,-24.0965756]]],[[[-45.7043774,-24.093954599999996],[-45.7051369,-24.0935388],[-45.704236,-24.093536399999984],[-45.7043774,-24.093954599999996]]],[[[-45.6584111,-24.088964600000004],[-45.6590989,-24.088946400000005],[-45.65831380000001,-24.088689599999977],[-45.6584111,-24.088964600000004]]],[[[-45.6629769,-24.0836529],[-45.66352310000001,-24.0827674],[-45.663184700000016,-24.082539500000014],[-45.6629769,-24.0836529]]],[[[-45.716105400000004,-24.079534600000013],[-45.71721649999999,-24.080112399999994],[-45.71655969999999,-24.07934700000002],[-45.716105400000004,-24.079534600000013]]],[[[-45.717952200000006,-24.077584100000003],[-45.7181004,-24.0766064],[-45.7167029,-24.0761521],[-45.716702899999994,-24.076670599999993],[-45.717952200000006,-24.077584100000003]]],[[[-45.6541775,-24.074915899999997],[-45.6560518,-24.07692040000002],[-45.6562182,-24.0768989],[-45.6553667,-24.07491950000001],[-45.6541775,-24.074915899999997]]],[[[-45.77438310000001,-23.859179999999995],[-45.777082400000005,-23.868649100000006],[-45.7813665,-23.87093449999999],[-45.7869762,-23.868467199999998],[-45.78663680000001,-23.86247739999999],[-45.78465450000001,-23.8596997],[-45.7781045,-23.857768800000013],[-45.77438310000001,-23.859179999999995]]],[[[-45.54254070000002,-23.8277414],[-45.54117990000001,-23.828374999999998],[-45.54268350000001,-23.828865800000003],[-45.54254070000002,-23.8277414]]],[[[-45.66797319999999,-23.804921200000003],[-45.67014340000001,-23.8070175],[-45.671480100000004,-23.807278699999994],[-45.6714101,-23.80555809999999],[-45.668067,-23.803326100000003],[-45.66797319999999,-23.804921200000003]]],[[[-45.71688350000001,-23.800023000000003],[-45.71630730000001,-23.802564200000003],[-45.7148072,-23.803365099999983],[-45.7163052,-23.806270199999982],[-45.7168645,-23.804139600000006],[-45.72144759999998,-23.804415100000003],[-45.726185300000004,-23.8022957],[-45.720300200000004,-23.798698499999993],[-45.71688350000001,-23.800023000000003]]],[[[-45.7043231,-23.7886879],[-45.7109197,-23.789902900000005],[-45.7142997,-23.793358600000005],[-45.7176626,-23.793544900000008],[-45.7168705,-23.79120940000001],[-45.714481,-23.790677000000002],[-45.711093,-23.787159799999994],[-45.7074044,-23.788359100000008],[-45.7046699,-23.786896399999993],[-45.7043231,-23.7886879]]],[[[-45.7990139,-23.7733075],[-45.8007323,-23.773071499999997],[-45.7989338,-23.77280460000001],[-45.7990139,-23.7733075]]],[[[-45.7464423,-23.771691200000003],[-45.7472534,-23.77188010000001],[-45.746635999999995,-23.77132600000001],[-45.7464423,-23.771691200000003]]],[[[-45.753392699999985,-23.7694637],[-45.7537614,-23.769755300000007],[-45.753763799999994,-23.76944809999998],[-45.753392699999985,-23.7694637]]],[[[-45.5225371,-23.829834299999987],[-45.5333596,-23.8288313],[-45.53715530000001,-23.830802],[-45.53970460000001,-23.82883199999999],[-45.53339199999999,-23.823356399999994],[-45.5346228,-23.818307200000017],[-45.538256,-23.813547700000004],[-45.5444862,-23.809072299999986],[-45.5479708,-23.810321200000004],[-45.549108800000006,-23.809276200000003],[-45.5547411,-23.81040519999998],[-45.552069,-23.805029399999988],[-45.5539556,-23.80094570000001],[-45.55660950000001,-23.8010978],[-45.5540365,-23.797127500000013],[-45.55514889999999,-23.7950143],[-45.560195500000006,-23.79253159999999],[-45.5875578,-23.792674400000013],[-45.59025390000001,-23.796564399999998],[-45.5925273,-23.795141900000008],[-45.596783800000004,-23.798704600000008],[-45.5980475,-23.797180300000004],[-45.6007667,-23.79734629999998],[-45.6071903,-23.800371299999988],[-45.60941780000001,-23.798695399999975],[-45.6158193,-23.7992353],[-45.61702739999999,-23.800080800000014],[-45.617821800000016,-23.80412230000001],[-45.6204302,-23.803364599999988],[-45.62310680000001,-23.805081300000015],[-45.6236216,-23.802908799999994],[-45.62661849999999,-23.799992100000015],[-45.6240498,-23.795831399999987],[-45.6258056,-23.794782800000018],[-45.624507900000005,-23.791488600000008],[-45.6275285,-23.790738000000005],[-45.6251373,-23.78994009999999],[-45.6255157,-23.78710120000001],[-45.6279656,-23.785102199999997],[-45.63309279999999,-23.783639500000007],[-45.6386617,-23.783265699999994],[-45.64213050000001,-23.784578699999994],[-45.6406421,-23.781893000000004],[-45.64153610000001,-23.778771399999997],[-45.6436035,-23.777592400000007],[-45.646441599999996,-23.777848500000005],[-45.646397,-23.779515600000003],[-45.647892600000006,-23.7801667],[-45.64923240000002,-23.77799149999999],[-45.6582287,-23.778972999999997],[-45.6600924,-23.7820463],[-45.6627099,-23.782350699999977],[-45.6629026,-23.785078800000004],[-45.6659314,-23.785950100000022],[-45.6666398,-23.78511170000001],[-45.664078,-23.778985800000008],[-45.667635700000005,-23.77626249999999],[-45.6727562,-23.774801800000002],[-45.684453100000006,-23.775306799999992],[-45.6848767,-23.7784862],[-45.6888177,-23.77837259999999],[-45.69057719999999,-23.78198030000001],[-45.692612999999994,-23.7827354],[-45.6949359,-23.782425899999982],[-45.696845,-23.78033700000001],[-45.69376570000001,-23.77673499999999],[-45.6949866,-23.774929200000006],[-45.7013447,-23.7726602],[-45.702745900000004,-23.774508899999997],[-45.7052678,-23.7732313],[-45.7057863,-23.77144239999999],[-45.7093247,-23.77068639999999],[-45.713698,-23.771727399999982],[-45.7175248,-23.7746348],[-45.722503,-23.771113399999997],[-45.7401193,-23.7676597],[-45.7523328,-23.767653000000003],[-45.75704100000001,-23.7706355],[-45.758657,-23.768691],[-45.76243230000001,-23.767564799999988],[-45.760826500000015,-23.7668401],[-45.76147960000001,-23.764091899999997],[-45.76751580000001,-23.762432300000018],[-45.7764009,-23.7630577],[-45.77965150000001,-23.766138700000006],[-45.7814014,-23.764227400000003],[-45.7837538,-23.764760999999996],[-45.7850002,-23.766683300000004],[-45.78632730000002,-23.7652822],[-45.7906738,-23.766050100000015],[-45.792517399999994,-23.769260800000023],[-45.79639809999999,-23.769837],[-45.798038600000005,-23.767918500000018],[-45.800667999999995,-23.769685200000005],[-45.8041089,-23.769872599999985],[-45.8044632,-23.7677608],[-45.801733700000014,-23.762940599999997],[-45.8035972,-23.760743200000007],[-45.8077114,-23.75910720000001],[-45.8241645,-23.7573482],[-45.84240230000001,-23.75819599999999],[-45.80733200000002,-23.724833999999994],[-45.79934800000001,-23.720627999999987],[-45.794878,-23.715684000000007],[-45.797071,-23.705187999999996],[-45.796588,-23.700415],[-45.798074,-23.694042],[-45.799599,-23.693202],[-45.796058,-23.682972000000014],[-45.79138600000002,-23.683131],[-45.786411,-23.678393999999997],[-45.784444000000015,-23.681609],[-45.777657,-23.68306099999998],[-45.77536099999999,-23.680903999999995],[-45.76943240000001,-23.678531299999992],[-45.7678637,-23.675347200000008],[-45.764838900000015,-23.674216600000005],[-45.763488,-23.671052999999997],[-45.7534978,-23.671315600000007],[-45.7451522,-23.66827179999999],[-45.7416925,-23.6681687],[-45.7336567,-23.656421000000016],[-45.7277672,-23.655667199999993],[-45.726237600000005,-23.6530302],[-45.720982799999994,-23.650382300000004],[-45.7138286,-23.643039899999998],[-45.7114276,-23.642197099999983],[-45.7103015,-23.64529309999999],[-45.7074982,-23.644773200000007],[-45.701674100000005,-23.6354678],[-45.6948141,-23.630828100000013],[-45.6977668,-23.625032299999987],[-45.697523100000005,-23.620194500000007],[-45.7035437,-23.611174300000012],[-45.7017785,-23.6092312],[-45.7030226,-23.60420339999999],[-45.7057963,-23.601676200000007],[-45.715327900000005,-23.608783],[-45.721454,-23.60633610000001],[-45.72226340000001,-23.604695299999992],[-45.7214957,-23.599933599999993],[-45.72391680000001,-23.598177999999987],[-45.73343440000001,-23.603154800000006],[-45.7403546,-23.603932600000004],[-45.7437527,-23.6020893],[-45.740004000000006,-23.598800199999985],[-45.73928610000001,-23.59600809999999],[-45.7340867,-23.5930682],[-45.733932100000004,-23.586713499999984],[-45.73817620000001,-23.586902499999987],[-45.7403813,-23.585047399999986],[-45.7356465,-23.578292299999987],[-45.7316616,-23.576985500000024],[-45.730937,-23.5744871],[-45.73337359999999,-23.572087500000013],[-45.741536100000005,-23.5721523],[-45.7461274,-23.56612829999999],[-45.7459848,-23.564793000000012],[-45.741246999999994,-23.561361499999997],[-45.7430319,-23.5581294],[-45.74709080000001,-23.5546333],[-45.7460907,-23.539828800000002],[-45.75398060000001,-23.531965999999997],[-45.75419800000002,-23.5261875],[-45.76053650000001,-23.524009199999995],[-45.7594071,-23.522669599999997],[-45.7596921,-23.5205328],[-45.7619432,-23.518480499999995],[-45.7592762,-23.513021100000003],[-45.75588450000001,-23.511334899999994],[-45.763605099999985,-23.511206],[-45.7720752,-23.507153],[-45.77389390000001,-23.508416599999986],[-45.7823714,-23.5099187],[-45.78844290000001,-23.50915069999998],[-45.7911483,-23.506327100000004],[-45.7886341,-23.50186050000001],[-45.7899439,-23.4972281],[-45.78760360000001,-23.495805600000008],[-45.788014800000006,-23.4935847],[-45.7952041,-23.4912151],[-45.79821830000001,-23.4919876],[-45.8000718,-23.494676599999995],[-45.8042017,-23.49430490000001],[-45.8133395,-23.499670100000003],[-45.8183034,-23.48963540000001],[-45.824138,-23.488872199999996],[-45.835352,-23.48286780000002],[-45.8373322,-23.479314000000024],[-45.83654800000001,-23.4752911],[-45.8402627,-23.47211170000001],[-45.84312499999999,-23.474274299999994],[-45.8467439,-23.474128599999997],[-45.84895349999999,-23.478476500000003],[-45.85210239999999,-23.480796500000007],[-45.85800540000002,-23.481548200000013],[-45.86078680000001,-23.483187200000003],[-45.865799,-23.483346500000003],[-45.86962510000001,-23.4863926],[-45.8716057,-23.48988750000002],[-45.87759140000001,-23.489958699999992],[-45.882723,-23.495391200000018],[-45.8876884,-23.492481399999985],[-45.890139800000014,-23.496396900000004],[-45.8989794,-23.498647700000003],[-45.90105100000001,-23.500598399999994],[-45.9021244,-23.504301899999998],[-45.9040639,-23.505310400000006],[-45.9113357,-23.5068342],[-45.913939,-23.505148800000004],[-45.917451400000004,-23.505789799999988],[-45.9215181,-23.500533100000002],[-45.92547340000001,-23.499021100000004],[-45.9287969,-23.499192900000008],[-45.930361600000005,-23.497325500000006],[-45.9341708,-23.497154500000004],[-45.939377699999994,-23.4943655],[-45.946605,-23.49597320000001],[-45.9497086,-23.5005082],[-45.96100030000001,-23.498817000000013],[-45.961650799999994,-23.4963364],[-45.9557529,-23.4937993],[-45.956984,-23.4888292],[-45.96198380000001,-23.4808538],[-45.9683534,-23.47545219999998],[-45.96181140000001,-23.471848500000014],[-45.96004670000001,-23.46824869999999],[-45.9569044,-23.468607200000005],[-45.9574651,-23.465185700000006],[-45.95283559999999,-23.4565649],[-45.952248700000005,-23.4497456],[-45.959591499999995,-23.44253479999999],[-45.9622918,-23.43641639999999],[-45.965496800000004,-23.433032999999995],[-45.9653247,-23.429593700000012],[-45.9670468,-23.427366900000006],[-45.9697462,-23.426505599999995],[-45.9765369,-23.42847180000001],[-45.978349699999995,-23.4261517],[-45.979706300000004,-23.418413399999995],[-45.98394179999999,-23.42046339999999],[-45.9911867,-23.417520100000008],[-45.99462389999999,-23.405810000000002],[-45.99710290000001,-23.402086499999992],[-45.9989793,-23.3939518],[-45.99833269999999,-23.391375300000014],[-46.001424699999994,-23.386106899999994],[-46.0064598,-23.383682499999985],[-46.01053979999999,-23.384272500000005],[-46.010948,-23.387054],[-46.0136763,-23.3874964],[-46.015694,-23.391174799999998],[-46.01842280000001,-23.388068899999986],[-46.0222132,-23.38763119999999],[-46.0266103,-23.3921001],[-46.0295291,-23.391757199999994],[-46.03464509999999,-23.387151799999973],[-46.0367249,-23.388147699999976],[-46.041287,-23.384357099999995],[-46.047902,-23.3761789],[-46.0514125,-23.36864370000002],[-46.0559487,-23.366244200000004],[-46.0574589,-23.361426300000005],[-46.05969600000001,-23.360200699999986],[-46.060572900000004,-23.3577916],[-46.063506200000006,-23.3588264],[-46.06782720000001,-23.3549706],[-46.0669931,-23.352869],[-46.0679671,-23.348766700000006],[-46.0737088,-23.34215459999999],[-46.0768566,-23.340937600000018],[-46.079966299999995,-23.3415073],[-46.085208,-23.336642099999978],[-46.0905584,-23.33356089999998],[-46.09204429999999,-23.33069490000001],[-46.098993,-23.326004],[-46.099545,-23.323724],[-46.097879000000006,-23.320035000000008],[-46.098649,-23.309239000000012],[-46.101475,-23.308597999999996],[-46.100655,-23.305557999999998],[-46.102696,-23.302993000000004],[-46.110258,-23.301767],[-46.111152,-23.300208],[-46.113814,-23.29933499999998],[-46.115173,-23.295191999999997],[-46.112747,-23.288582999999996],[-46.113806999999994,-23.285691000000007],[-46.119359,-23.285482000000002],[-46.12339,-23.290214999999993],[-46.12731500000002,-23.287190999999996],[-46.136674,-23.287507],[-46.139216,-23.285013999999986],[-46.139513,-23.27976499999999],[-46.144245,-23.276378],[-46.145215,-23.273662999999992],[-46.150958,-23.274343],[-46.15196300000001,-23.267518],[-46.153543000000006,-23.265825],[-46.15066800000001,-23.264245999999975],[-46.150622000000006,-23.261534999999974],[-46.145745999999995,-23.25682700000001],[-46.15196,-23.257334],[-46.15694100000001,-23.254920000000002],[-46.155963,-23.25072199999999],[-46.158154,-23.246574],[-46.157508000000014,-23.242299999999993],[-46.154624,-23.240607999999995],[-46.153199,-23.235705000000003],[-46.165017,-23.235145999999983],[-46.17022899999999,-23.230154999999996],[-46.174416,-23.231124000000015],[-46.17891500000001,-23.227216999999975],[-46.182101,-23.226470999999986],[-46.183962,-23.224183],[-46.189094000000004,-23.224375999999996],[-46.190915,-23.221228],[-46.196283000000015,-23.218792999999984],[-46.196077,-23.210268999999997],[-46.198511,-23.208295999999997],[-46.20237500000001,-23.207816999999974],[-46.204882000000005,-23.209673999999985],[-46.20793600000001,-23.206466999999996],[-46.20794800000001,-23.205026000000004],[-46.21442,-23.200453000000007],[-46.217073000000006,-23.20000599999998],[-46.218589000000016,-23.197433999999983],[-46.224675000000005,-23.196238],[-46.22790700000001,-23.18924499999998],[-46.232566,-23.189650999999994],[-46.23522899999998,-23.18670200000001],[-46.238885,-23.187513999999997],[-46.24425000000001,-23.185887999999984],[-46.250595,-23.189006999999997],[-46.257704000000004,-23.18577499999999],[-46.262378,-23.186334999999993],[-46.263589,-23.184860999999994],[-46.262038,-23.181511000000004],[-46.259621,-23.180013999999993],[-46.261762999999995,-23.178059000000005],[-46.26057900000001,-23.176109],[-46.261423,-23.17382600000002],[-46.25620430000001,-23.17232879999999],[-46.25567980000002,-23.168717700000013],[-46.257501600000005,-23.1674365],[-46.25638969999999,-23.163614500000005],[-46.2569649,-23.159554700000005],[-46.2536411,-23.156458300000008],[-46.2471255,-23.15510280000001],[-46.2462119,-23.150868],[-46.24318730000002,-23.149229799999997],[-46.2401634,-23.14275370000001],[-46.2374953,-23.1412971],[-46.23523440000001,-23.135443299999988],[-46.232215700000005,-23.1350956],[-46.2260462,-23.1368976],[-46.227228,-23.1326703],[-46.2267483,-23.127924800000002],[-46.2215501,-23.1230164],[-46.21993630000001,-23.12422309999997],[-46.21849439999999,-23.123798900000022],[-46.21820000000001,-23.117260999999985],[-46.214259,-23.11442],[-46.21564200000002,-23.111093999999987],[-46.215061,-23.108424000000003],[-46.212589,-23.106828000000004],[-46.20886599999999,-23.106682000000003],[-46.210483,-23.104602000000014],[-46.20866399999999,-23.101974000000016],[-46.209088,-23.098779],[-46.205219,-23.093061999999996],[-46.204872,-23.084424000000006],[-46.196282,-23.08035900000002],[-46.194808,-23.077932000000004],[-46.187598,-23.077272],[-46.182693,-23.07947],[-46.180331,-23.07939299999999],[-46.175008,-23.075863999999992],[-46.173526,-23.070825000000006],[-46.170390000000005,-23.071622999999985],[-46.163927,-23.066700999999988],[-46.16144,-23.066121999999986],[-46.162292,-23.063157000000007],[-46.15886,-23.061528000000003],[-46.160268,-23.057318999999996],[-46.15854,-23.052760000000003],[-46.158941000000006,-23.04992500000001],[-46.154861999999994,-23.049357000000008],[-46.15102,-23.044516999999978],[-46.146643,-23.044172000000007],[-46.143828,-23.042279000000025],[-46.144261,-23.039332000000012],[-46.140472,-23.038841],[-46.139849,-23.035922999999997],[-46.14198600000002,-23.028503],[-46.13861899999999,-23.028854999999997],[-46.133942000000005,-23.026243999999984],[-46.130086000000006,-23.020935999999995],[-46.125167,-23.00899100000002],[-46.12146400000001,-23.00895600000001],[-46.117601000000015,-23.00537399999999],[-46.109044,-23.001776000000003],[-46.100501,-23.00016700000001],[-46.099969,-22.998840999999988],[-46.09439999999999,-22.997241000000002],[-46.089695,-22.993326],[-46.089139,-22.989253],[-46.08656,-22.985004999999997],[-46.081454,-22.985104000000018],[-46.077697,-22.977275999999996],[-46.073308,-22.97990399999998],[-46.070926,-22.979267],[-46.067217,-22.980196],[-46.063635,-22.97457099999999],[-46.05702000000001,-22.973059],[-46.05591199999999,-22.970054000000005],[-46.05158200000001,-22.967792999999983],[-46.050594000000004,-22.964285000000018],[-46.051557,-22.958976999999997],[-46.049096,-22.954915000000017],[-46.05323100000001,-22.949978000000012],[-46.050444000000006,-22.943816999999996],[-46.05124699999999,-22.94068900000001],[-46.04863400000001,-22.932792999999993],[-46.042557,-22.926390999999995],[-46.041,-22.915445000000002],[-46.041177,-22.91382399999999],[-46.04388500000002,-22.911374000000002],[-46.04430000000001,-22.905333999999993],[-46.049688,-22.903657999999986],[-46.051078,-22.901333000000022],[-46.050906,-22.897947999999985],[-46.042843,-22.891137],[-46.026798,-22.884875999999995],[-46.018734,-22.888459000000008],[-46.012793,-22.885990000000014],[-46.007734,-22.889382999999995],[-46.001451,-22.88003599999999],[-45.999119,-22.87872199999998],[-45.993811,-22.879105000000006],[-45.990384,-22.876021],[-45.99309199999999,-22.869810000000005],[-45.98339000000001,-22.868575999999983],[-45.980403,-22.866955999999995],[-45.974743,-22.868097],[-45.973461,-22.86311699999998],[-45.968077000000015,-22.859971],[-45.964191,-22.855422000000022],[-45.960332,-22.858241999999997],[-45.956529,-22.849841],[-45.951667,-22.848947999999993],[-45.951145,-22.845878999999996],[-45.943031000000005,-22.845505000000013],[-45.938812000000006,-22.846471],[-45.935281,-22.842141],[-45.932491999999996,-22.841570999999995],[-45.928498000000005,-22.83546499999999],[-45.92391200000001,-22.831973999999985],[-45.923196,-22.824996999999996],[-45.918988,-22.820676999999996],[-45.91392900000001,-22.819080999999994],[-45.912302000000004,-22.816378],[-45.909067000000015,-22.816777000000005],[-45.90462600000001,-22.819654],[-45.90475700000001,-22.823587999999994],[-45.907404,-22.82550400000001],[-45.90905699999999,-22.829299000000006],[-45.903875,-22.836944],[-45.901019,-22.836058999999995],[-45.896650000000015,-22.839845000000004],[-45.893673,-22.83895399999998],[-45.894283,-22.84197999999999],[-45.89115600000002,-22.845774],[-45.894211000000006,-22.848924999999998],[-45.892345000000006,-22.852642000000007],[-45.894321,-22.85694400000002],[-45.890201000000005,-22.858234],[-45.88938000000002,-22.86063899999999],[-45.887282,-22.872049999999994],[-45.888525,-22.87600600000001],[-45.879767,-22.875454000000012],[-45.87113600000001,-22.871675],[-45.8703851,-22.869413],[-45.8638522,-22.8687103],[-45.8573023,-22.858728099999997],[-45.8585536,-22.855322599999997],[-45.8572787,-22.851178999999995],[-45.85008169999999,-22.846924],[-45.85047310000001,-22.84345780000002],[-45.8481273,-22.837830700000005],[-45.83967420000001,-22.832522599999994],[-45.83724550000001,-22.8320719],[-45.83326900000001,-22.834695700000008],[-45.8294911,-22.83488900000001],[-45.82560470000001,-22.833642999999988],[-45.823366,-22.82988700000001],[-45.8165052,-22.832153600000005],[-45.816136,-22.834379800000022],[-45.8151872,-22.834403199999993],[-45.809802,-22.82938659999999],[-45.80835069999999,-22.831257200000024],[-45.80285000000001,-22.833793399999998],[-45.80142,-22.83771629999998],[-45.80059450000001,-22.847629399999995],[-45.7923785,-22.855227899999996],[-45.7918837,-22.858327900000003],[-45.78188409999999,-22.855257200000008],[-45.77946910000001,-22.850691199999993],[-45.77031970000001,-22.846807400000017],[-45.766964900000005,-22.84234649999998],[-45.7709451,-22.8059268],[-45.7668236,-22.802458700000027],[-45.7590213,-22.801029600000003],[-45.75491730000001,-22.79291219999999],[-45.75077109999999,-22.79338889999999],[-45.7486445,-22.7922964],[-45.7429038,-22.795356999999996],[-45.742691300000004,-22.806949799999998],[-45.741706900000004,-22.807916700000014],[-45.7287746,-22.810186499999997],[-45.722775500000004,-22.816317399999978],[-45.7171617,-22.817023100000007],[-45.713580900000004,-22.814785700000016],[-45.71304469999999,-22.8106157],[-45.7143286,-22.8086291],[-45.720307399999996,-22.808265899999995],[-45.722249,-22.80298560000001],[-45.725632700000006,-22.800022399999985],[-45.728689700000004,-22.800940799999992],[-45.7303336,-22.798594200000007],[-45.729029,-22.785237500000004],[-45.7251047,-22.784262000000005],[-45.7242384,-22.780684699999984],[-45.72249470000001,-22.77946010000001],[-45.71680320000001,-22.779979200000003],[-45.7151041,-22.774701499999974],[-45.71191760000001,-22.773227699999993],[-45.71181880000001,-22.771515900000004],[-45.71408000000002,-22.761848099999995],[-45.71341220000001,-22.756947200000003],[-45.7177547,-22.755181499999996],[-45.7165489,-22.7504017],[-45.717319999999994,-22.748141200000003],[-45.723545,-22.738397199999998],[-45.7241677,-22.733850299999993],[-45.72666990000001,-22.732686199999996],[-45.727196,-22.7292485],[-45.730441500000005,-22.726480300000002],[-45.7281403,-22.723683600000015],[-45.7325571,-22.7220027],[-45.7466916,-22.7231646],[-45.748801300000004,-22.721792599999993],[-45.752103800000015,-22.722625100000016],[-45.7564638,-22.72104000000001],[-45.7612383,-22.723103999999996],[-45.763612699999996,-22.725489900000024],[-45.7702442,-22.7271905],[-45.7759654,-22.73209419999999],[-45.78201399999999,-22.731789700000014],[-45.7903001,-22.735135700000008],[-45.7956339,-22.739021399999988],[-45.8014557,-22.738617699999995],[-45.8058373,-22.7369777],[-45.8151885,-22.730194599999997],[-45.81992780000001,-22.7227186],[-45.817693,-22.7161445],[-45.8179915,-22.7113676],[-45.811641,-22.69870770000002],[-45.7927989,-22.69302790000001],[-45.78785890000001,-22.6933565],[-45.78258100000001,-22.688874199999997],[-45.7788831,-22.68356680000001],[-45.7695242,-22.678886999999992],[-45.7610778,-22.6772422],[-45.7554836,-22.671074000000015],[-45.7505519,-22.67124250000001],[-45.7472862,-22.66679239999999],[-45.7478584,-22.664524099999994],[-45.7428067,-22.6591669],[-45.73740550000001,-22.6589193],[-45.7322301,-22.656835599999997],[-45.726994,-22.660295699999992],[-45.71618279999999,-22.6619924],[-45.7087327,-22.659060800000013],[-45.7043032,-22.655091000000006],[-45.6939927,-22.6517099],[-45.6979552,-22.649770299999986],[-45.69724470000001,-22.644993000000007],[-45.6996645,-22.6424264],[-45.70871680000001,-22.639467800000006],[-45.717469400000006,-22.62100979999999],[-45.720603,-22.619773700000003],[-45.728845,-22.620479599999992],[-45.73006279999999,-22.618715800000007],[-45.72980139999999,-22.613235300000014],[-45.7307129,-22.61188170000002],[-45.73669,-22.610150399999995],[-45.737428900000005,-22.608538699999997],[-45.7351232,-22.60358210000001],[-45.7345997,-22.59744900000001],[-45.7275893,-22.5943281],[-45.7292453,-22.591572899999978],[-45.7267937,-22.58702300000001],[-45.72076940000001,-22.585522900000004],[-45.71719720000001,-22.582105100000007],[-45.7184548,-22.5779914],[-45.7054844,-22.5812215],[-45.7017839,-22.5851391],[-45.69543920000001,-22.5863386],[-45.6839375,-22.575913700000005],[-45.67972139999999,-22.5734188],[-45.6742946,-22.575919500000015],[-45.6605737,-22.577840799999993],[-45.659882800000005,-22.58008179999999],[-45.6630756,-22.58669949999998],[-45.6588596,-22.598110099999992],[-45.66440410000001,-22.600084300000002],[-45.6649957,-22.604367700000026],[-45.668133600000004,-22.6096474],[-45.6661076,-22.6126952],[-45.6706361,-22.617521200000002],[-45.675537,-22.626205200000015],[-45.6736919,-22.6290448],[-45.6744187,-22.630699099999983],[-45.6810783,-22.6363357],[-45.6790644,-22.638954199999993],[-45.6733533,-22.6425905],[-45.6721622,-22.646945299999977],[-45.6661848,-22.651201200000003],[-45.65941409999999,-22.648449700000025],[-45.6477,-22.648233700000002],[-45.6440798,-22.64630240000001],[-45.6315814,-22.64357910000001],[-45.6246592,-22.6390162],[-45.61812810000001,-22.637914100000007],[-45.60879919999999,-22.624086399999996],[-45.6050788,-22.6204322],[-45.6010485,-22.618933300000016],[-45.589993,-22.619058000000006],[-45.58477910000001,-22.6155087],[-45.588469,-22.61166589999998],[-45.5879976,-22.610422599999993],[-45.5839913,-22.606996100000014],[-45.5793868,-22.60538549999998],[-45.57651960000001,-22.601702699999997],[-45.5754097,-22.606666199999996],[-45.57271920000001,-22.609316800000006],[-45.563659000000015,-22.612748300000014],[-45.55535540000002,-22.626440999999986],[-45.55993930000001,-22.6276023],[-45.5728336,-22.6412242],[-45.5773265,-22.640528200000002],[-45.5819883,-22.6446667],[-45.5843695,-22.6516886],[-45.576768900000005,-22.654031300000003],[-45.573577,-22.656970100000006],[-45.571101600000006,-22.655608700000002],[-45.56821480000001,-22.656882099999994],[-45.5659653,-22.656522799999998],[-45.559161200000005,-22.65359460000001],[-45.5540826,-22.654314999999997],[-45.5447906,-22.650838800000013],[-45.539908200000006,-22.652579800000016],[-45.5384458,-22.65001739999999],[-45.533047,-22.64675429999999],[-45.5287712,-22.646073200000014],[-45.52493100000002,-22.6468747],[-45.5164596,-22.641430200000013],[-45.5142148,-22.6373625],[-45.5083152,-22.634318099999987],[-45.50746170000001,-22.6317195],[-45.5045974,-22.630675700000005],[-45.4991285,-22.625011200000003],[-45.4888005,-22.628785199999978],[-45.485616799999995,-22.623578499999986],[-45.48352320000001,-22.61567649999998],[-45.4773818,-22.60866989999997],[-45.4768241,-22.602410699999997],[-45.4747742,-22.5995099],[-45.4785442,-22.591118400000003],[-45.4809037,-22.591917200000008],[-45.48128540000001,-22.591195399999975],[-45.4738566,-22.588894200000016],[-45.4580296,-22.60008970000001],[-45.4517085,-22.6063504],[-45.448051400000004,-22.604612699999993],[-45.4453783,-22.608647499999996],[-45.43749290000001,-22.611741799999987],[-45.435547200000016,-22.618320699999998],[-45.42613740000001,-22.621160699999976],[-45.4184902,-22.6209847],[-45.41293170000001,-22.622215499999996],[-45.4130965,-22.6285036],[-45.4087962,-22.633489400000006],[-45.4117392,-22.641063799999984],[-45.4087439,-22.644077899999996],[-45.4106262,-22.648438799999997],[-45.4105211,-22.651670999999993],[-45.40608159999999,-22.653309300000004],[-45.3978765,-22.653423800000006],[-45.3933045,-22.64976719999999],[-45.386432199999994,-22.648632499999994],[-45.381251500000005,-22.642309499999985],[-45.3753521,-22.64075779999997],[-45.3705979,-22.6373159],[-45.364984,-22.639345500000005],[-45.3609582,-22.63876139999998],[-45.3550759,-22.6340675],[-45.35386069999999,-22.630576099999995],[-45.348953600000016,-22.62651120000001],[-45.335797,-22.6227518],[-45.33296200000001,-22.6176392],[-45.32332610000001,-22.616511199999984],[-45.3173271,-22.614324600000003],[-45.301265699999995,-22.6156453],[-45.2938527,-22.61366859999998],[-45.2758652,-22.61695840000001],[-45.27424,-22.61623850000001],[-45.273155800000005,-22.613368500000004],[-45.2711056,-22.611778399999988],[-45.26612020000001,-22.6109498],[-45.26140690000001,-22.60711559999999],[-45.2642158,-22.604572999999995],[-45.2606317,-22.6012019],[-45.260487,-22.596600400000007],[-45.257126500000005,-22.590299199999986],[-45.260681,-22.585706400000003],[-45.2612966,-22.584020800000005],[-45.2601729,-22.58205339999999],[-45.2545407,-22.5816243],[-45.2437104,-22.575799399999987],[-45.240937200000005,-22.57574],[-45.2299612,-22.569693499999975],[-45.223095400000005,-22.563630699999997],[-45.2123522,-22.5628717],[-45.20373700000001,-22.557299299999983],[-45.1972029,-22.555759299999977],[-45.1932269,-22.556298400000006],[-45.1915964,-22.55578279999998],[-45.190011999999996,-22.552356499999984],[-45.178045600000004,-22.5498769],[-45.1767697,-22.549011499999995],[-45.17718630000001,-22.546705800000012],[-45.1645153,-22.537928700000013],[-45.1667624,-22.530690200000006],[-45.16182310000001,-22.522799300000006],[-45.1600093,-22.516916799999986],[-45.15509539999999,-22.512617200000005],[-45.1520231,-22.51169779999999],[-45.1503233,-22.5073554],[-45.1438279,-22.506740199999996],[-45.1395955,-22.501693100000008],[-45.136076200000005,-22.502085099999995],[-45.1284594,-22.4971103],[-45.1221274,-22.497337799999986],[-45.1165643,-22.493529400000007],[-45.112001,-22.493476200000003],[-45.1034025,-22.49030840000001],[-45.097324,-22.4850684],[-45.09112550000001,-22.4830978],[-45.082645799999995,-22.486367700000002],[-45.071536900000005,-22.47736949999999],[-45.0658173,-22.47706459999998],[-45.06068710000001,-22.472554399999996],[-45.05492890000001,-22.470504000000012],[-45.04054430000001,-22.46927159999999],[-45.0284034,-22.46319769999998],[-45.025148900000005,-22.464871399999968],[-45.027149900000005,-22.470226799999995],[-45.02462210000001,-22.468772400000002],[-45.0097893,-22.466368700000004],[-44.9982363,-22.469164399999997],[-44.9918141,-22.4661729],[-44.9884831,-22.469354399999983],[-44.98159810000001,-22.468059299999986],[-44.969848400000004,-22.471944600000004],[-44.96585910000001,-22.475192800000006],[-44.9599255,-22.4666598],[-44.9516464,-22.46308319999999],[-44.94728580000001,-22.458859599999993],[-44.94231860000001,-22.456070099999994],[-44.9400702,-22.452669100000005],[-44.93556340000001,-22.453091500000006],[-44.931301699999985,-22.451794699999997],[-44.92858869999999,-22.4531509],[-44.914090099999996,-22.455063999999997],[-44.9082583,-22.452157399999987],[-44.9036245,-22.454226799999983],[-44.89784110000001,-22.452910300000013],[-44.8976822,-22.449113800000006],[-44.8953791,-22.446856],[-44.8945703,-22.44286300000001],[-44.8897111,-22.435853199999983],[-44.8897308,-22.432123999999995],[-44.88495720000001,-22.430842299999988],[-44.8829273,-22.429066900000024],[-44.879644400000004,-22.429650300000002],[-44.875289900000006,-22.428565500000012],[-44.87150580000001,-22.424085799999997],[-44.8659595,-22.4243883],[-44.8595994,-22.423043200000013],[-44.8545114,-22.428001300000005],[-44.849819600000004,-22.42653189999998],[-44.8446504,-22.427781099999983],[-44.83968370000001,-22.4272319],[-44.834933500000005,-22.43110130000001],[-44.83295260000001,-22.43098989999999],[-44.8302314,-22.428143399999993],[-44.8281806,-22.42280029999998],[-44.8241342,-22.419336900000005],[-44.81639429999999,-22.418130100000003],[-44.80798390000001,-22.414111200000004],[-44.8076736,-22.409666099999985],[-44.8096523,-22.4058742],[-44.805387,-22.403847900000006],[-44.8028576,-22.40446660000002],[-44.79979840000001,-22.407355199999976],[-44.7937922,-22.40907679999999],[-44.78359780000001,-22.40793340000002],[-44.7784846,-22.408896900000006],[-44.7763519,-22.41208309999998],[-44.7742578,-22.41228860000001],[-44.7700824,-22.415526099999997],[-44.7615518,-22.4170421],[-44.755333699999994,-22.415269199999997],[-44.75317530000002,-22.4178001],[-44.75058010000001,-22.41857099999999],[-44.74916519999999,-22.42097830000001],[-44.7414457,-22.424827600000008],[-44.7393259,-22.428257899999974],[-44.7339428,-22.432895799999997],[-44.73303070000001,-22.434129099999996],[-44.73385290000001,-22.436030500000008],[-44.7302235,-22.439634200000004],[-44.73150819999999,-22.441432799999987],[-44.728810300000006,-22.4486145],[-44.72699240000001,-22.45056090000002],[-44.72421740000001,-22.450830700000004],[-44.7236971,-22.45344510000001],[-44.7250139,-22.45656700000001],[-44.72373970000001,-22.4580144],[-44.7233116,-22.462149200000027],[-44.7192455,-22.4634211],[-44.719345,-22.466989400000006],[-44.717696000000004,-22.467359099999996],[-44.7179607,-22.470718400000006],[-44.7213653,-22.470724799999996],[-44.721084600000005,-22.472484300000005],[-44.7227656,-22.473381000000014],[-44.7238223,-22.476165700000003],[-44.72248300000001,-22.47933569999998],[-44.72496889999999,-22.483793799999997],[-44.7220169,-22.485078299999994],[-44.7200743,-22.49277149999998],[-44.7122661,-22.492822199999996],[-44.71125370000001,-22.496259800000004],[-44.7102411,-22.501110399999988],[-44.7136896,-22.503078900000002],[-44.71441190000001,-22.505968100000004],[-44.7127903,-22.509367000000005],[-44.71717739999999,-22.510476600000008],[-44.71528910000001,-22.512571500000004],[-44.7162208,-22.514236200000017],[-44.7145432,-22.514949299999994],[-44.70823270000001,-22.5119503],[-44.70408610000001,-22.512429000000004],[-44.701387600000004,-22.510745299999986],[-44.698865700000006,-22.5114658],[-44.7001453,-22.5131678],[-44.696953500000006,-22.51544219999999],[-44.6974633,-22.51803360000001],[-44.688860500000004,-22.51980729999999],[-44.686538,-22.524018599999994],[-44.6808209,-22.525691400000014],[-44.678753099999994,-22.530615],[-44.6710072,-22.536664700000006],[-44.66992650000001,-22.539268299999982],[-44.67492270000001,-22.542946899999986],[-44.67712440000001,-22.54752839999998],[-44.678844399999996,-22.558901200000005],[-44.67742609999999,-22.561500099999993],[-44.67492250000001,-22.561342099999994],[-44.66787360000001,-22.55407380000001],[-44.66153270000001,-22.5509361],[-44.65939800000002,-22.554240600000014],[-44.6556505,-22.554169099999996],[-44.650352700000006,-22.557013199999986],[-44.6480853,-22.55249389999999],[-44.64442759999999,-22.555598599999986],[-44.64162340000001,-22.560202399999977],[-44.6428985,-22.56449650000001],[-44.64236819999999,-22.577634800000013],[-44.6465033,-22.581523900000004],[-44.64712020000001,-22.58464130000001],[-44.643448400000004,-22.600485500000005],[-44.6461165,-22.60338659999998],[-44.6402486,-22.608057899999995],[-44.63309879999999,-22.609327400000016],[-44.6248723,-22.606929600000015],[-44.6229872,-22.605123399999982],[-44.6172926,-22.6132592],[-44.612785,-22.617344800000005],[-44.610797399999996,-22.617384300000012],[-44.6046058,-22.613700899999998],[-44.60207599999999,-22.607771499999995],[-44.5969551,-22.609993799999998],[-44.5968842,-22.613739499999998],[-44.5928908,-22.616916200000013],[-44.593267700000006,-22.6216814],[-44.5918319,-22.623548000000014],[-44.58915770000001,-22.6234941],[-44.5836567,-22.626213200000024],[-44.583777,-22.62285510000003],[-44.5797216,-22.6164336],[-44.5808624,-22.614541500000026],[-44.57990629999999,-22.61178560000001],[-44.5758404,-22.6066321],[-44.57405700000001,-22.601733600000003],[-44.572213799999986,-22.60143190000002],[-44.57160790000001,-22.605749799999998],[-44.5669858,-22.610556],[-44.5640868,-22.61199270000001],[-44.55791800000002,-22.6115709],[-44.5575959,-22.61047160000002],[-44.55508540000001,-22.61025690000002],[-44.5530569,-22.605611200000002],[-44.550278999999996,-22.603761199999973],[-44.549445600000006,-22.60619039999999],[-44.5460294,-22.606961700000003],[-44.545787100000005,-22.609497200000003],[-44.5413831,-22.611924200000004],[-44.540874500000015,-22.614380900000004],[-44.537537799999996,-22.618194100000007],[-44.5356286,-22.61834199999997],[-44.5329941,-22.615836100000017],[-44.5306506,-22.619119299999987],[-44.526303899999995,-22.619291599999986],[-44.528491,-22.62366350000001],[-44.5341849,-22.62640450000002],[-44.5378125,-22.633038400000004],[-44.5350049,-22.638107],[-44.53123140000002,-22.639496699999995],[-44.53453280000001,-22.633088099999995],[-44.5322718,-22.630727699999994],[-44.5266844,-22.629928100000004],[-44.52146369999999,-22.631796100000003],[-44.5156,-22.630106599999994],[-44.51072490000001,-22.64013579999999],[-44.50858840000001,-22.640947],[-44.5042161,-22.63588250000001],[-44.5003702,-22.6286882],[-44.4955209,-22.62561979999999],[-44.49593819999999,-22.62287480000001],[-44.49114420000001,-22.620685699999996],[-44.49299000000001,-22.61801189999998],[-44.485174999999984,-22.611051600000014],[-44.48560239999999,-22.609802799999986],[-44.48891600000002,-22.6091756],[-44.488666200000004,-22.6067556],[-44.48482080000001,-22.603872099999993],[-44.4815718,-22.607048999999982],[-44.4808265,-22.6109469],[-44.478469600000004,-22.6128489],[-44.471846899999996,-22.61342730000001],[-44.4648767,-22.615969599999996],[-44.45460920000001,-22.6094686],[-44.45240949999999,-22.608972499999997],[-44.45057360000001,-22.6106926],[-44.4467258,-22.610512499999995],[-44.445276600000014,-22.6063303],[-44.442325100000005,-22.604312499999974],[-44.4393019,-22.604730100000005],[-44.4344682,-22.599962499999997],[-44.4314745,-22.598651800000006],[-44.425925500000005,-22.600611699999995],[-44.42195250000001,-22.600270899999998],[-44.4154394,-22.6021044],[-44.4066197,-22.60884839999999],[-44.403484800000015,-22.6060956],[-44.401794200000005,-22.606685900000006],[-44.3981721,-22.60285279999999],[-44.4011244,-22.6032953],[-44.40594570000001,-22.59899910000001],[-44.4049285,-22.591432199999996],[-44.4096505,-22.5884303],[-44.403522599999995,-22.5880292],[-44.4009424,-22.58526710000001],[-44.4002478,-22.5821908],[-44.39570230000002,-22.581562100000003],[-44.3920078,-22.572355200000008],[-44.38959860000001,-22.5741985],[-44.382397800000014,-22.5734942],[-44.37121390000001,-22.5804062],[-44.36843240000001,-22.578668599999997],[-44.3638457,-22.5779555],[-44.36305240000001,-22.57954219999998],[-44.35991439999999,-22.581022899999997],[-44.36051820000001,-22.583171699999994],[-44.361584400000005,-22.582648400000004],[-44.3642408,-22.5844854],[-44.3646134,-22.5866374],[-44.3704205,-22.589746500000004],[-44.3657534,-22.5940385],[-44.3622511,-22.591839299999993],[-44.3598616,-22.593054100000003],[-44.3627449,-22.605910299999987],[-44.35984270000001,-22.609386899999993],[-44.3611903,-22.612841800000016],[-44.35602370000001,-22.614899299999987],[-44.3526494,-22.6100436],[-44.3491951,-22.609031299999984],[-44.3485474,-22.60601159999999],[-44.35183,-22.600236600000002],[-44.35016670000002,-22.5982038],[-44.35014840000001,-22.59531419999998],[-44.348746500000004,-22.595161800000014],[-44.3463954,-22.597165999999998],[-44.345239100000015,-22.596639300000003],[-44.347384200000015,-22.590906099999998],[-44.3449903,-22.587848700000002],[-44.3402425,-22.590204899999968],[-44.3336628,-22.59110329999999],[-44.3289724,-22.588262699999998],[-44.3264885,-22.5884476],[-44.3200937,-22.59547],[-44.3153902,-22.597689599999992],[-44.31326299999999,-22.595767200000026],[-44.304238999999995,-22.599096699999997],[-44.29915559999999,-22.59958230000001],[-44.29542969999999,-22.5984626],[-44.2952778,-22.601706199999995],[-44.28569060000001,-22.60973099999999],[-44.28336030000001,-22.608067899999998],[-44.2833338,-22.60438170000002],[-44.274442,-22.60168639999998],[-44.2720439,-22.602066200000003],[-44.2687356,-22.59877429999999],[-44.2679217,-22.6021587],[-44.264314800000015,-22.6041075],[-44.26033790000001,-22.609590599999997],[-44.2533882,-22.612470899999998],[-44.248975300000005,-22.609590599999994],[-44.2493584,-22.60727850000001],[-44.24823539999999,-22.6064857],[-44.2456062,-22.606419700000014],[-44.241933100000004,-22.60929990000002],[-44.238095,-22.607549299999988],[-44.232638300000005,-22.609154599999982],[-44.229037900000016,-22.607453499999988],[-44.2263691,-22.60456],[-44.2244004,-22.607955600000018],[-44.22443510000001,-22.6115345],[-44.219364,-22.617536599999983],[-44.216387900000015,-22.617115899999995],[-44.21489890000001,-22.61420260000001],[-44.21003390000001,-22.6156073],[-44.2074259,-22.6120217],[-44.2039458,-22.615970999999984],[-44.204351,-22.618823400000004],[-44.2025834,-22.62286200000001],[-44.2046083,-22.625080199999996],[-44.204367800000014,-22.6263438],[-44.1985025,-22.630490500000004],[-44.1912054,-22.629934899999984],[-44.189779300000005,-22.63318409999999],[-44.1842763,-22.6372991],[-44.1861637,-22.641417499999978],[-44.18916120000001,-22.642457],[-44.1910602,-22.64505829999998],[-44.1901268,-22.648584000000003],[-44.1811063,-22.65432259999999],[-44.175191,-22.655754199999983],[-44.171449800000005,-22.659428399999985],[-44.165533200000006,-22.673649499999986],[-44.1613652,-22.678258399999997],[-44.168086,-22.683092399999992],[-44.1674243,-22.687139599999995],[-44.17681300000001,-22.692621399999982],[-44.173860800000014,-22.702108],[-44.1760611,-22.70565790000001],[-44.1820887,-22.708838100000012],[-44.185231900000005,-22.712018300000004],[-44.2010589,-22.7151431],[-44.2037069,-22.717417499999993],[-44.202608600000005,-22.725570899999983],[-44.1991823,-22.727196400000015],[-44.2003945,-22.7299549],[-44.19896030000001,-22.7352873],[-44.20439220000001,-22.73498829999999],[-44.205616500000005,-22.73647070000001],[-44.20935140000001,-22.737025399999975],[-44.218331000000006,-22.73237149999999],[-44.22704650000001,-22.733738999999975],[-44.2295279,-22.735541799999996],[-44.232111700000004,-22.74187630000001],[-44.2351117,-22.7451433],[-44.2424999,-22.74865089999999],[-44.23877749999999,-22.75572480000002],[-44.2426384,-22.754610999999997],[-44.2461647,-22.757443499999987],[-44.2504728,-22.7575675],[-44.2519766,-22.764691999999986],[-44.25710540000001,-22.76628300000001],[-44.2585747,-22.770700900000005],[-44.2550295,-22.772479299999983],[-44.2544581,-22.773932299999995],[-44.2571028,-22.778030000000008],[-44.253756100000004,-22.780756299999993],[-44.256610400000014,-22.7849907],[-44.2565232,-22.787490600000005],[-44.25532630000001,-22.7883963],[-44.2507297,-22.788303300000017],[-44.2478638,-22.790871400000018],[-44.24249150000001,-22.788233100000003],[-44.2401407,-22.792658],[-44.2415407,-22.798327800000006],[-44.24637920000001,-22.8039661],[-44.258182100000006,-22.806541200000012],[-44.2593423,-22.804299299999983],[-44.26131149999999,-22.806259200000003],[-44.2616489,-22.812069500000007],[-44.263316100000004,-22.814127000000006],[-44.2637105,-22.817796699999995],[-44.26587370000001,-22.81894299999999],[-44.267343700000005,-22.825284900000003],[-44.2695162,-22.8274112],[-44.267599999999995,-22.82901880000001],[-44.268258900000006,-22.829740900000015],[-44.283364800000015,-22.8361567],[-44.2841783,-22.833013500000007],[-44.286471,-22.83207050000001],[-44.2856575,-22.828243200000003],[-44.29116730000001,-22.829334100000004],[-44.2965216,-22.82787660000001],[-44.301373500000004,-22.831016600000012],[-44.3057556,-22.831552800000008],[-44.3069085,-22.83304079999998],[-44.3081777,-22.832551300000006],[-44.3164591,-22.839077000000014],[-44.3180956,-22.841590599999982],[-44.3180567,-22.845095000000004],[-44.322434400000006,-22.84966669999999],[-44.3237806,-22.84923270000002],[-44.3210664,-22.8470838],[-44.32051800000001,-22.839914899999993],[-44.325274,-22.837761199999996],[-44.3290877,-22.8416647],[-44.332273300000004,-22.842965900000017],[-44.337881700000004,-22.84081219999999],[-44.3399905,-22.84139550000001],[-44.3413651,-22.845503099999995],[-44.345116,-22.845603900000004],[-44.3639049,-22.8530779],[-44.3728784,-22.857923600000017],[-44.381195900000016,-22.85835129999999],[-44.3874379,-22.8564878],[-44.39205920000001,-22.852494600000004],[-44.3969498,-22.854805300000006],[-44.4005357,-22.855097499999996],[-44.403394199999994,-22.85292570000001],[-44.403149500000005,-22.848538999999985],[-44.4106793,-22.846359000000017],[-44.4181953,-22.8481123],[-44.4230592,-22.85049650000001],[-44.43266430000001,-22.8610755],[-44.4332925,-22.8688376],[-44.4376446,-22.873099999999994],[-44.4443299,-22.87653240000001],[-44.4523051,-22.877227800000007],[-44.4562198,-22.880032000000018],[-44.4582583,-22.8833065],[-44.4661916,-22.885371300000003],[-44.46991560000001,-22.88050309999998],[-44.470723200000016,-22.876151000000018],[-44.47732990000001,-22.873616000000013],[-44.4760269,-22.867800800000005],[-44.480134199999995,-22.8665045],[-44.478796700000004,-22.861776799999994],[-44.4753333,-22.857239299999975],[-44.47872079999999,-22.850868200000004],[-44.4819737,-22.8495894],[-44.4849432,-22.846201],[-44.49073309999999,-22.8480324],[-44.4954126,-22.846956299999995],[-44.50099380000002,-22.8504885],[-44.50527850000002,-22.85154929999999],[-44.50908110000002,-22.856269200000014],[-44.511786400000005,-22.8575649],[-44.5116725,-22.8604268],[-44.5154029,-22.861822199999995],[-44.5184214,-22.865324799999996],[-44.5237056,-22.865565100000016],[-44.5306093,-22.868087000000006],[-44.53889600000001,-22.873696900000006],[-44.54499,-22.880673599999977],[-44.5436516,-22.8849451],[-44.55595340000001,-22.888091700000004],[-44.56240330000001,-22.883649400000003],[-44.56620490000001,-22.882695400000003],[-44.5698635,-22.884001299999998],[-44.5721702,-22.880468300000008],[-44.5757295,-22.878017499999988],[-44.5828922,-22.883734800000024],[-44.5874413,-22.882688300000012],[-44.5928091,-22.884439599999986],[-44.5997787,-22.890768499999982],[-44.602334500000005,-22.890191899999994],[-44.6073108,-22.88523700000001],[-44.6227174,-22.900946799999982],[-44.6297554,-22.905697800000002],[-44.631700699999996,-22.9049815],[-44.6353676,-22.9063947],[-44.64017950000001,-22.91226100000001],[-44.6386735,-22.914153800000012],[-44.6396724,-22.915587800000004],[-44.655063299999995,-22.923356399999992],[-44.658994,-22.9279312],[-44.6640271,-22.926689099999994],[-44.6691227,-22.922724199999994],[-44.6716121,-22.922066299999997],[-44.67165780000001,-22.919286799999995],[-44.67333239999999,-22.9179578],[-44.67860730000002,-22.9262152],[-44.68014819999999,-22.925772100000007],[-44.68256400000001,-22.9303352],[-44.6854625,-22.9307664],[-44.6872237,-22.932519699999993],[-44.68773480000001,-22.93677000000002],[-44.69571659999999,-22.93205379999999],[-44.7003103,-22.93289089999999],[-44.701028,-22.9351967],[-44.7035452,-22.936102000000012],[-44.706635,-22.9316064],[-44.7101331,-22.931720299999995],[-44.71082119999999,-22.930101000000004],[-44.7134344,-22.92987540000002],[-44.71672029999999,-22.93493010000001],[-44.7194737,-22.9349205],[-44.72786510000002,-22.9418204],[-44.73460130000001,-22.945130799999998],[-44.7438207,-22.947205599999986],[-44.7450867,-22.951889699999988],[-44.7491275,-22.9537254],[-44.7482478,-22.956870700000003],[-44.7517661,-22.962638200000004],[-44.74942380000001,-22.966055599999994],[-44.7493697,-22.969973299999996],[-44.751031,-22.972011000000002],[-44.75679010000001,-22.974319899999998],[-44.756608500000006,-22.976550899999985],[-44.754351600000014,-22.978600299999993],[-44.75525950000001,-22.980312499999993],[-44.75934329999998,-22.97909539999999],[-44.76484049999999,-22.983313800000005],[-44.7699122,-22.980883400000003],[-44.7730654,-22.981455299999993],[-44.7767395,-22.978055499999982],[-44.7834684,-22.978954999999974],[-44.7875625,-22.982545399999992],[-44.78976240000001,-22.981350200000012],[-44.79189819999999,-22.981875899999995],[-44.793647299999996,-22.986329099999995],[-44.7925344,-22.988629199999977],[-44.7929014,-22.993413200000003],[-44.797412300000005,-22.995971000000004],[-44.8012564,-22.99650039999999],[-44.802635900000006,-22.999662],[-44.800405500000004,-23.0025944],[-44.799635200000004,-23.006478699999985],[-44.7954886,-23.007052399999996],[-44.7928172,-23.0098386],[-44.7986354,-23.0202623],[-44.7958656,-23.02531029999999],[-44.79843880000001,-23.02971910000002],[-44.8019625,-23.031587500000004],[-44.800585800000015,-23.035291499999985],[-44.8030442,-23.040060899999993],[-44.80127419999999,-23.044518799999995],[-44.802208400000005,-23.048780100000002],[-44.803404799999996,-23.0508124],[-44.8046176,-23.0492882],[-44.8065024,-23.0498618],[-44.81189460000002,-23.054516399999994],[-44.80699410000001,-23.063055399999996],[-44.8078463,-23.06443210000001],[-44.812419,-23.065595699999992],[-44.8147955,-23.067677199999995],[-44.811402900000004,-23.071364800000012],[-44.8140744,-23.081378799999985],[-44.817925900000006,-23.0857221],[-44.8188437,-23.091458399999997],[-44.8125338,-23.091687800000003],[-44.811189800000015,-23.096293299999985],[-44.81287790000001,-23.0982273],[-44.8088133,-23.099472899999995],[-44.80933780000001,-23.101390400000003],[-44.8164345,-23.107831499999996],[-44.8152708,-23.112453399999993],[-44.812976299999995,-23.112732000000015],[-44.81059980000001,-23.115534600000007],[-44.81489380000001,-23.1204023],[-44.8144185,-23.127466200000004],[-44.81925350000001,-23.131596299999995],[-44.81930259999999,-23.133825300000012],[-44.8158444,-23.137332700000005],[-44.8160575,-23.1403156],[-44.823482000000006,-23.14120059999999],[-44.82548150000001,-23.143741],[-44.82125299999999,-23.15352549999999],[-44.8227272,-23.16007690000001],[-44.8251537,-23.163047799999987],[-44.828448,-23.1620153],[-44.833512299999995,-23.166833799999978],[-44.8381014,-23.167243500000005],[-44.8393634,-23.165850399999997],[-44.84290350000001,-23.166686300000002],[-44.84528,-23.16898080000001],[-44.844853900000004,-23.1723899],[-44.8479187,-23.17414349999999],[-44.8527373,-23.1738977],[-44.8530814,-23.176602000000003],[-44.856359299999994,-23.17668389999999],[-44.8604567,-23.180978],[-44.8727325,-23.182502199999973],[-44.8747484,-23.184698399999995],[-44.8741256,-23.189713600000005],[-44.876832400000005,-23.194487899999984],[-44.8749001,-23.1967461],[-44.8826453,-23.202712699999996],[-44.883720700000005,-23.2048051],[-44.883482400000005,-23.21100789999999],[-44.8801147,-23.213309700000003],[-44.88257020000001,-23.217614200000018],[-44.8876071,-23.22168310000002],[-44.88932059999999,-23.22659489999999],[-44.8859508,-23.23579029999999],[-44.88086760000001,-23.236589899999974],[-44.8783109,-23.242875300000005],[-44.871992800000015,-23.2489551],[-44.8694641,-23.249834],[-44.8521219,-23.248898800000006],[-44.8472107,-23.251343199999997],[-44.84213019999999,-23.255722399999996],[-44.8364313,-23.255834900000014],[-44.8362626,-23.257896999999982],[-44.8399931,-23.263389599999986],[-44.83451920000001,-23.267401300000014],[-44.82848289999999,-23.269557099999997],[-44.82884859999999,-23.276245500000005],[-44.8237589,-23.2806923],[-44.827186,-23.288842500000005],[-44.82672080000001,-23.29162140000001],[-44.8188487,-23.2897377],[-44.807149800000005,-23.28348549999998],[-44.8071621,-23.286875999999992],[-44.80536440000001,-23.2900491],[-44.7874214,-23.29910689999999],[-44.78626,-23.3014002],[-44.788005000000005,-23.305780499999994],[-44.7867846,-23.3100876],[-44.7783744,-23.3150353],[-44.7779827,-23.31671200000001],[-44.7816111,-23.325896900000014],[-44.776257300000005,-23.332387800000006],[-44.7771502,-23.3384988],[-44.77075260000001,-23.338254199999998],[-44.7633995,-23.341589099999993],[-44.759944,-23.34122750000001],[-44.7564282,-23.350207899999997],[-44.741461,-23.35888680000001],[-44.73575540000001,-23.365637200000002],[-44.7325409,-23.3659184],[-44.7280809,-23.368931999999994],[-44.72377440000002,-23.36734819999999],[-44.7239872,-23.3686069],[-44.728123,-23.37027700000002],[-44.7320108,-23.369045300000007],[-44.7351744,-23.3695482],[-44.7361388,-23.367869600000006],[-44.7418387,-23.365880500000003],[-44.7464463,-23.367486400000008],[-44.7505718,-23.366038800000002],[-44.76603990000001,-23.372629199999995],[-44.769232,-23.3722793],[-44.7850628,-23.378034200000016],[-44.78262790000001,-23.373920799999993],[-44.78423970000001,-23.3731479],[-44.78456570000001,-23.3704665],[-44.787108800000006,-23.369672899999998],[-44.789276900000004,-23.371648099999987],[-44.7893032,-23.370127999999983],[-44.790887,-23.369078500000004],[-44.794681100000005,-23.370344699999983],[-44.796592100000005,-23.368981199999983],[-44.800098,-23.370461299999988],[-44.80215460000001,-23.373126999999986],[-44.79967330000001,-23.375598399999994],[-44.8061261,-23.379176600000005],[-44.81911710000001,-23.3812067],[-44.826407,-23.383778799999995],[-44.8269312,-23.384784999999987],[-44.8255969,-23.38608360000001],[-44.82644059999999,-23.3876147],[-44.8296151,-23.387591799999974],[-44.8296997,-23.38551680000001],[-44.8319935,-23.384945299999995],[-44.8345398,-23.38697929999998],[-44.83857300000001,-23.386452699999996],[-44.8402694,-23.38840359999999],[-44.84201060000001,-23.388144799999996],[-44.844180200000004,-23.387261600000006],[-44.8430062,-23.38480529999999],[-44.84367910000001,-23.3830655],[-44.84222849999999,-23.38069740000002],[-44.8385705,-23.379399300000006],[-44.8384582,-23.376924599999985],[-44.8400047,-23.3751725],[-44.83683540000001,-23.3722938],[-44.836865100000004,-23.369588099999994],[-44.843188100000006,-23.363923999999997],[-44.849870499999994,-23.361074700000014],[-44.86516780000001,-23.356958800000015],[-44.8705685,-23.35873420000001],[-44.8706726,-23.36024439999998],[-44.8744384,-23.362936099999978],[-44.87473109999999,-23.364411900000004],[-44.8764638,-23.362879699999993],[-44.8822311,-23.36331649999999],[-44.8849367,-23.366785399999994],[-44.8847834,-23.369752799999993],[-44.890683800000005,-23.372479600000023],[-44.89217040000001,-23.36982040000001],[-44.89007120000001,-23.368811499999985],[-44.8873068,-23.364963999999993],[-44.88913970000001,-23.35966659999998],[-44.8907438,-23.359019099999983],[-44.88760190000001,-23.354025599999996],[-44.884017300000004,-23.351305899999996],[-44.8826319,-23.351560399999993],[-44.88284100000001,-23.346394],[-44.8876425,-23.3387171],[-44.900655900000004,-23.3348636],[-44.9080106,-23.334071599999994],[-44.90892430000002,-23.335563199999996],[-44.9120355,-23.3367253],[-44.91096350000001,-23.338604600000025],[-44.91289580000001,-23.34285699999999],[-44.92102990000001,-23.3509196],[-44.9254154,-23.35322839999998],[-44.9269025,-23.352458500000008],[-44.9421504,-23.357061399999978],[-44.9438415,-23.360287000000007],[-44.94848960000001,-23.36406439999999],[-44.94758620000002,-23.367109],[-44.95068530000002,-23.37272339999999],[-44.94928350000001,-23.37416569999999],[-44.9493341,-23.378644300000012],[-44.960763400000005,-23.38045440000001],[-44.961661,-23.381813799999975],[-44.96039939999999,-23.3831705],[-44.96316869999999,-23.384737],[-44.9630947,-23.386344699999995],[-44.9654631,-23.387099700000018],[-44.96683780000001,-23.386321399999996],[-44.9717599,-23.38953159999998],[-44.9726149,-23.39193490000001],[-44.9721292,-23.3929197],[-44.9708688,-23.3925978],[-44.97061150000001,-23.393945699999993],[-44.9737396,-23.395073599999996],[-44.97765299999999,-23.400621899999983],[-44.981215600000006,-23.401161500000004],[-44.9806154,-23.3997975],[-44.9833552,-23.3971173],[-44.9880431,-23.3991357],[-44.9927748,-23.397309199999967],[-45.0088565,-23.4059326],[-45.0089813,-23.4124719],[-45.0124903,-23.413062300000014],[-45.0116187,-23.4157562],[-45.0135206,-23.418258800000007],[-45.0230138,-23.418748299999997],[-45.0221877,-23.4149246],[-45.02304600000001,-23.41422639999999],[-45.030451,-23.415001699999987],[-45.032271,-23.413851599999994],[-45.0390491,-23.419944300000004],[-45.038870900000006,-23.423071499999978],[-45.04200050000001,-23.4219915],[-45.0446918,-23.425784399999984],[-45.048058000000005,-23.42507150000002],[-45.04802110000001,-23.423635100000002],[-45.0449426,-23.421047500000014],[-45.04810580000001,-23.417683299999986],[-45.053874500000006,-23.416710399999985],[-45.059700899999996,-23.418727399999987],[-45.0646387,-23.426132199999994],[-45.06408420000002,-23.42777439999999],[-45.06150270000001,-23.427769199999997],[-45.059386599999996,-23.430090699999976],[-45.06035910000001,-23.431289099999997],[-45.064320099999996,-23.432214800000004],[-45.0651995,-23.431159399999995],[-45.0686085,-23.432609000000006],[-45.069377300000006,-23.4371313],[-45.067163900000004,-23.44678159999999],[-45.060043900000004,-23.4563112],[-45.055107199999995,-23.45918939999998],[-45.0547167,-23.4581074],[-45.0502269,-23.456551199999996],[-45.044466299999996,-23.4493588],[-45.03757740000001,-23.44787920000002],[-45.0354968,-23.449338],[-45.0362795,-23.451959099999993],[-45.0348834,-23.459669499999993],[-45.029962,-23.459228599999978],[-45.02828660000001,-23.461346499999998],[-45.022078,-23.45932740000001],[-45.0184744,-23.4598385],[-45.017945,-23.460855499999997],[-45.026512100000005,-23.463170600000012],[-45.03047130000001,-23.4626704],[-45.0324471,-23.465666399999996],[-45.03258300000001,-23.464474099999993],[-45.03504,-23.464536000000006],[-45.0383843,-23.46220020000001],[-45.04657319999999,-23.4613551],[-45.0514595,-23.465617300000005],[-45.0521548,-23.4679773],[-45.0533611,-23.467853799999997],[-45.0534966,-23.4655691],[-45.056267700000014,-23.464924099999998],[-45.0583922,-23.46571199999999],[-45.05836190000001,-23.4677317],[-45.0605879,-23.46652459999998],[-45.0626812,-23.46794640000001],[-45.070835300000006,-23.478625899999987],[-45.07369010000001,-23.485451699999988],[-45.0742822,-23.48892690000001],[-45.0726431,-23.4932912],[-45.0667985,-23.492899299999998],[-45.0675655,-23.494869399999978],[-45.0734616,-23.498992799999975],[-45.0737673,-23.500881099999997],[-45.0769389,-23.502547400000005],[-45.076879,-23.50687840000002],[-45.0810538,-23.509034500000002],[-45.081392199999996,-23.512796400000006],[-45.0797734,-23.513118999999996],[-45.081056700000005,-23.5149927],[-45.0802358,-23.51655030000001],[-45.08175430000001,-23.5215421],[-45.0841707,-23.52038989999999],[-45.08377099999999,-23.5171735],[-45.085017600000015,-23.5168904],[-45.085992300000015,-23.5131447],[-45.083350800000005,-23.496117499999983],[-45.08764330000001,-23.49352999999999],[-45.09858619999999,-23.4927214],[-45.104426200000006,-23.49809789999998],[-45.104705400000014,-23.49684569999998],[-45.1028237,-23.495172099999998],[-45.1037393,-23.491661899999972],[-45.1029214,-23.4900612],[-45.10679350000001,-23.4886937],[-45.10726840000002,-23.492700199999998],[-45.110284400000005,-23.495521699999998],[-45.116951700000016,-23.498322000000012],[-45.11917,-23.501238399999995],[-45.122599400000006,-23.501085300000007],[-45.1240668,-23.502879499999995],[-45.1239065,-23.50384080000001],[-45.1224306,-23.5034983],[-45.1232848,-23.504166599999998],[-45.1220693,-23.504228399999995],[-45.1223327,-23.5052405],[-45.1167466,-23.505003300000002],[-45.11354620000001,-23.507753199999993],[-45.11205220000001,-23.508029899999986],[-45.111553500000014,-23.5068664],[-45.1075322,-23.507906400000003],[-45.107204,-23.509870399999997],[-45.1101443,-23.5112829],[-45.1105461,-23.5128357],[-45.109593800000006,-23.514715599999995],[-45.1069218,-23.514343299999982],[-45.10886169999999,-23.517017999999993],[-45.1074669,-23.517468900000008],[-45.10755650000001,-23.520037199999997],[-45.10571740000001,-23.523645999999985],[-45.1126631,-23.526443300000007],[-45.1135867,-23.5254912],[-45.11228040000001,-23.52064009999999],[-45.113169,-23.519620700000004],[-45.1160984,-23.5190113],[-45.1204105,-23.521378700000003],[-45.1217855,-23.51976730000002],[-45.121705999999996,-23.516326699999997],[-45.1238129,-23.515028],[-45.1270873,-23.515128699999998],[-45.13244060000001,-23.50941930000001],[-45.1336144,-23.509039599999983],[-45.137816,-23.511803700000005],[-45.13872570000001,-23.51093149999998],[-45.138687100000006,-23.509099799999998],[-45.1349285,-23.508238099999993],[-45.13456210000001,-23.506632399999987],[-45.13530349999999,-23.503976799999993],[-45.1377984,-23.501515999999974],[-45.1422055,-23.500242900000003],[-45.14574270000001,-23.501921199999988],[-45.14374990000001,-23.499922299999994],[-45.14662140000001,-23.496592099999987],[-45.1534083,-23.499393399999995],[-45.1544157,-23.499391599999985],[-45.15474430000001,-23.497611400000014],[-45.157327,-23.4973753],[-45.1602159,-23.50002719999999],[-45.164247100000004,-23.497499699999974],[-45.16550300000001,-23.49289869999999],[-45.1690817,-23.49278919999999],[-45.1738852,-23.4963232],[-45.174899800000006,-23.500659299999995],[-45.17113370000001,-23.50263610000002],[-45.1733472,-23.50427839999999],[-45.1719316,-23.50570210000002],[-45.173359000000005,-23.508605699999986],[-45.17267220000001,-23.51186160000002],[-45.1661363,-23.512662299999988],[-45.16644190000001,-23.515800999999986],[-45.16269230000001,-23.516868899999995],[-45.163231,-23.5187467],[-45.16589470000001,-23.51938989999998],[-45.16666330000001,-23.521285699999996],[-45.167095,-23.525955899999996],[-45.1660244,-23.5293309],[-45.1620155,-23.5320466],[-45.1576559,-23.529435500000023],[-45.1597566,-23.533134700000005],[-45.157881,-23.5352369],[-45.162013200000004,-23.541894499999994],[-45.1656191,-23.541721900000002],[-45.1660234,-23.540377800000016],[-45.169211399999995,-23.539203800000013],[-45.17442669999999,-23.54301850000001],[-45.17833850000001,-23.5377921],[-45.1834641,-23.538907000000002],[-45.1853957,-23.5410252],[-45.1865226,-23.54057450000001],[-45.1859847,-23.536796000000002],[-45.1896047,-23.5332932],[-45.1866205,-23.528872800000002],[-45.1905618,-23.524238],[-45.190413299999996,-23.52161920000001],[-45.1948747,-23.520311199999984],[-45.202225399999996,-23.5208279],[-45.2096669,-23.523632699999997],[-45.2155124,-23.5284094],[-45.219352100000016,-23.528915600000015],[-45.22195090000001,-23.530624099999986],[-45.2274935,-23.537126299999983],[-45.230614800000005,-23.547582099999982],[-45.22982630000001,-23.550933999999984],[-45.222829,-23.551470499999994],[-45.2188863,-23.557613299999996],[-45.2143785,-23.556052099999988],[-45.21899090000001,-23.559365799999988],[-45.21801610000001,-23.562590299999986],[-45.2148188,-23.565496299999992],[-45.210888,-23.56396030000001],[-45.209571800000006,-23.56475779999998],[-45.21158689999999,-23.565011900000002],[-45.2154068,-23.568620899999996],[-45.2101542,-23.57069619999999],[-45.2113468,-23.572094799999988],[-45.2098098,-23.5776767],[-45.2076898,-23.5782984],[-45.209807,-23.579798800000003],[-45.210962800000004,-23.58273499999999],[-45.215993499999996,-23.580548399999977],[-45.2201717,-23.5826423],[-45.2219583,-23.5811954],[-45.2242505,-23.583309399999997],[-45.2286508,-23.5840834],[-45.22814619999999,-23.581890299999998],[-45.2305579,-23.581689199999996],[-45.234995999999995,-23.5832458],[-45.24133100000001,-23.587867599999992],[-45.244225,-23.5937286],[-45.248425700000006,-23.5924156],[-45.2530183,-23.5945362],[-45.2527777,-23.591434700000015],[-45.25546810000001,-23.5895249],[-45.257260200000005,-23.5895997],[-45.26162950000001,-23.59640099999997],[-45.2632638,-23.596640099999984],[-45.2610328,-23.591876199999987],[-45.264015300000004,-23.588839199999992],[-45.2689394,-23.587798499999995],[-45.2704396,-23.589196899999987],[-45.2726537,-23.5864209],[-45.2784216,-23.588254399999993],[-45.280130500000006,-23.5844762],[-45.277591400000006,-23.583054600000022],[-45.2764905,-23.57750569999998],[-45.2787821,-23.574065900000008],[-45.285082200000005,-23.57232689999997],[-45.29330870000001,-23.5749133],[-45.294444,-23.572500699999996],[-45.29761400000001,-23.5722414],[-45.30419280000001,-23.574493099999998],[-45.306524100000004,-23.576395799999975],[-45.3085653,-23.575182599999994],[-45.3114123,-23.575665299999994],[-45.313825,-23.577672399999997],[-45.320288800000014,-23.579706999999996],[-45.3280714,-23.58481809999999],[-45.3434037,-23.600671999999975],[-45.3573437,-23.624330599999983],[-45.360499,-23.625951200000006],[-45.36573590000001,-23.626635899999997],[-45.3690326,-23.630358600000008],[-45.37776569999999,-23.62449829999998],[-45.38053279999999,-23.626108399999985],[-45.38825450000001,-23.63470350000001],[-45.39008319999999,-23.633881200000015],[-45.389972500000006,-23.6315278],[-45.3975017,-23.629494],[-45.39725810000001,-23.627135699999997],[-45.400487,-23.623195199999994],[-45.405726900000005,-23.6235427],[-45.4098406,-23.625984999999993],[-45.420496,-23.638719599999998],[-45.4271585,-23.6542252],[-45.4304476,-23.67295020000001],[-45.4301285,-23.68813249999999],[-45.42689270000001,-23.7055252],[-45.427188300000005,-23.70933119999998],[-45.4196571,-23.7258581],[-45.41519960000001,-23.725958799999997],[-45.412789200000006,-23.7234854],[-45.411699,-23.724956699999964],[-45.409139,-23.724118799999996],[-45.40661320000001,-23.726366999999986],[-45.40446330000002,-23.724879599999976],[-45.3995639,-23.7247447],[-45.3979387,-23.722998399999987],[-45.39713439999999,-23.7236626],[-45.3972132,-23.727654199999996],[-45.3994877,-23.72911889999997],[-45.3980264,-23.732637599999986],[-45.398765999999995,-23.736744200000004],[-45.4012092,-23.7379018],[-45.4021965,-23.7407843],[-45.407255000000006,-23.744476599999995],[-45.4089345,-23.748366600000008],[-45.4113294,-23.749432700000007],[-45.412482700000005,-23.75366919999998],[-45.4065192,-23.7641957],[-45.40256130000001,-23.768103699999998],[-45.4030277,-23.770886999999984],[-45.400222600000006,-23.77367999999998],[-45.400773400000006,-23.77661720000001],[-45.396868000000005,-23.780571499999983],[-45.3989221,-23.784231600000002],[-45.3972692,-23.78791220000001],[-45.3995387,-23.796083299999985],[-45.3976624,-23.7992807],[-45.3984551,-23.80016],[-45.39638930000001,-23.807191600000003],[-45.3986873,-23.807851599999992],[-45.39613919999999,-23.8089483],[-45.3990493,-23.81035239999999],[-45.39658,-23.810712000000006],[-45.3988035,-23.811166099999987],[-45.4005544,-23.8140019],[-45.40652970000001,-23.809592099999968],[-45.40839429999999,-23.811969199999997],[-45.40877720000001,-23.81547599999999],[-45.40492220000001,-23.819981600000002],[-45.4108241,-23.821599100000004],[-45.41208250000001,-23.82484559999999],[-45.4160708,-23.823185199999987],[-45.419278700000014,-23.82400309999999],[-45.421901,-23.825656499999997],[-45.421215800000006,-23.828313499999993],[-45.42310719999999,-23.82812669999999],[-45.4232966,-23.829670100000005],[-45.4254049,-23.82891],[-45.43225619999999,-23.833134600000015],[-45.43114930000001,-23.83051189999998],[-45.4319897,-23.829535399999976],[-45.439787700000004,-23.826659799999984],[-45.4412463,-23.826887499999984],[-45.4418074,-23.830089200000018],[-45.4432117,-23.829897899999988],[-45.4463627,-23.833066600000002],[-45.447734499999996,-23.830203699999988],[-45.4471266,-23.827304399999996],[-45.4656723,-23.819101099999976],[-45.468750899999996,-23.819852500000003],[-45.4688062,-23.822551499999992],[-45.4716076,-23.823078400000004],[-45.4734933,-23.825607299999998],[-45.4749183,-23.824099499999992],[-45.4783408,-23.828375599999998],[-45.4856666,-23.8302462],[-45.4900736,-23.83006559999998],[-45.491855500000014,-23.834811000000006],[-45.4912822,-23.83743709999998],[-45.49928250000001,-23.838583300000003],[-45.502385200000006,-23.841118200000004],[-45.5026446,-23.842637500000006],[-45.50977620000001,-23.840214799999984],[-45.5145665,-23.842075499999986],[-45.51432679999999,-23.840129000000008],[-45.511099900000005,-23.83653500000002],[-45.512007200000006,-23.8322092],[-45.513470399999996,-23.831518100000014],[-45.5185761,-23.832748000000002],[-45.5198386,-23.831193899999995],[-45.5228436,-23.833202800000002],[-45.521819,-23.831364699999998],[-45.5225371,-23.829834299999987]]],[[[-45.3008856,-23.92273400000001],[-45.30034240000001,-23.922279700000008],[-45.3002338,-23.922501900000004],[-45.3008856,-23.92273400000001]]],[[[-45.2966251,-23.919768400000006],[-45.2982498,-23.920633799999997],[-45.296565,-23.919456499999974],[-45.2966251,-23.919768400000006]]],[[[-45.29603649999999,-23.918240499999996],[-45.2963723,-23.919277399999988],[-45.2969253,-23.9192133],[-45.29703399999999,-23.918744099999994],[-45.29603649999999,-23.918240499999996]]],[[[-45.3254965,-23.917958999999996],[-45.3223954,-23.9146308],[-45.325457,-23.9194898],[-45.3254965,-23.917958999999996]]],[[[-45.2623956,-23.889402699999998],[-45.26441520000001,-23.88993459999998],[-45.2650706,-23.888662199999974],[-45.262925800000005,-23.887810299999984],[-45.2623956,-23.889402699999998]]],[[[-45.2590623,-23.889235899999996],[-45.2597159,-23.888482],[-45.25854570000001,-23.88826600000001],[-45.2590623,-23.889235899999996]]],[[[-45.2855383,-23.859740199999994],[-45.2859581,-23.860579699999978],[-45.2869704,-23.8608858],[-45.28656050000001,-23.86012049999996],[-45.2855383,-23.859740199999994]]],[[[-45.41691540000001,-23.85312649999998],[-45.4177256,-23.853342600000005],[-45.4179159,-23.853106700000012],[-45.41691540000001,-23.85312649999998]]],[[[-45.5233834,-23.845932900000005],[-45.5202772,-23.8477215],[-45.5221763,-23.85370340000002],[-45.5252062,-23.85634690000001],[-45.5265218,-23.85005959999999],[-45.5233834,-23.845932900000005]]],[[[-45.2781142,-23.85009139999998],[-45.2772691,-23.851494900000013],[-45.2789849,-23.8509557],[-45.2781142,-23.85009139999998]]],[[[-45.333997,-23.918057899999972],[-45.33932300000001,-23.92081929999999],[-45.3390583,-23.924147099999967],[-45.3404085,-23.925402900000023],[-45.340075799999994,-23.924532500000005],[-45.34122599999999,-23.925032500000015],[-45.34183290000001,-23.923851200000005],[-45.34511660000001,-23.923506999999987],[-45.3429733,-23.919948499999993],[-45.3475029,-23.9160817],[-45.3513831,-23.919343799999993],[-45.351945400000005,-23.922518400000005],[-45.35729370000001,-23.92780119999998],[-45.3611161,-23.92830249999999],[-45.3642858,-23.930450299999997],[-45.3658336,-23.929857299999988],[-45.3700194,-23.93140629999999],[-45.37407600000001,-23.931292399999997],[-45.38102369999999,-23.9299491],[-45.38850740000001,-23.93229629999999],[-45.39814820000001,-23.932604999999974],[-45.4045733,-23.934727299999988],[-45.4078725,-23.9385004],[-45.42270260000001,-23.938431599999994],[-45.4267443,-23.9394145],[-45.428061299999996,-23.941180800000005],[-45.428042000000005,-23.939308399999984],[-45.43220290000001,-23.939100999999994],[-45.43476470000001,-23.9364515],[-45.438580300000005,-23.936790800000004],[-45.444322299999996,-23.93414560000001],[-45.447535,-23.927764499999995],[-45.45055210000001,-23.9267474],[-45.451409100000006,-23.922448899999992],[-45.4562816,-23.919534399999993],[-45.45619839999999,-23.91732869999999],[-45.45963660000002,-23.9158025],[-45.46035330000001,-23.912173699999986],[-45.4593753,-23.910467399999987],[-45.4607024,-23.9090467],[-45.458870499999996,-23.906618499999997],[-45.4591053,-23.903289899999994],[-45.4600325,-23.903035199999998],[-45.45948110000001,-23.898588699999987],[-45.4609952,-23.896469499999977],[-45.4614981,-23.89127689999999],[-45.460392100000014,-23.890238099999983],[-45.4621339,-23.888530000000006],[-45.4589438,-23.887152299999997],[-45.4576619,-23.884658999999992],[-45.4516883,-23.884900499999997],[-45.4483257,-23.88189129999999],[-45.4477537,-23.879447700000004],[-45.44419669999999,-23.877789899999993],[-45.4446071,-23.875797500000015],[-45.4431487,-23.87526939999999],[-45.4410422,-23.871529699999996],[-45.4348726,-23.870203000000014],[-45.4324196,-23.867318000000004],[-45.431338,-23.8646301],[-45.4318881,-23.8621125],[-45.430072200000005,-23.860175599999994],[-45.4265967,-23.85891269999998],[-45.423337800000006,-23.860079300000002],[-45.4220191,-23.85912520000002],[-45.4176217,-23.859356799999997],[-45.414288600000006,-23.854321999999996],[-45.414424300000015,-23.85134110000001],[-45.4127898,-23.8487449],[-45.4137543,-23.847835],[-45.40947349999999,-23.8461126],[-45.4075462,-23.843379899999995],[-45.4063389,-23.84436679999999],[-45.4024312,-23.842340099999994],[-45.39259580000001,-23.831575999999977],[-45.3869953,-23.82877950000002],[-45.37634430000001,-23.818359699999977],[-45.375885300000014,-23.81985699999998],[-45.3726816,-23.819433300000007],[-45.36569,-23.8088909],[-45.36492040000002,-23.80069],[-45.365754200000005,-23.79619079999999],[-45.3634668,-23.787284699999987],[-45.358365500000005,-23.785031099999973],[-45.3589776,-23.777177699999996],[-45.3524015,-23.772905699999995],[-45.352249,-23.768156599999998],[-45.348871700000004,-23.765350799999982],[-45.351377000000014,-23.759311],[-45.34934750000001,-23.753670599999992],[-45.350271100000015,-23.752152399999986],[-45.3478043,-23.748040400000004],[-45.349389800000004,-23.742539899999997],[-45.34336600000001,-23.7366347],[-45.3414736,-23.727789499999986],[-45.33357190000001,-23.7225775],[-45.3292482,-23.722319700000014],[-45.3226633,-23.723853600000016],[-45.3185977,-23.723482500000006],[-45.31723079999999,-23.72451389999999],[-45.3171268,-23.726546400000007],[-45.314639500000006,-23.72606139999999],[-45.313047700000006,-23.729623],[-45.308628199999994,-23.73168790000001],[-45.300552,-23.731598100000006],[-45.298440500000005,-23.73441639999998],[-45.29322830000001,-23.73316579999998],[-45.2934359,-23.7354961],[-45.29106790000001,-23.7373426],[-45.2862468,-23.736490200000006],[-45.285441,-23.73496959999999],[-45.283039800000005,-23.7343185],[-45.281527900000015,-23.735222799999995],[-45.27695,-23.7348806],[-45.27426899999999,-23.73863800000001],[-45.2716876,-23.73883789999998],[-45.27053620000001,-23.74049529999999],[-45.267653100000004,-23.739703699999996],[-45.2672556,-23.743328000000012],[-45.2630831,-23.741560499999988],[-45.2619054,-23.745010899999986],[-45.2558742,-23.74988790000002],[-45.260053400000004,-23.757836799999996],[-45.25736130000001,-23.76095039999999],[-45.2575986,-23.762184600000012],[-45.2486376,-23.763638099999998],[-45.24722,-23.761355399999992],[-45.2458367,-23.761491300000003],[-45.2385072,-23.7674986],[-45.2379248,-23.770145000000003],[-45.2339829,-23.7734582],[-45.2343335,-23.7765102],[-45.2298332,-23.776332699999998],[-45.2305911,-23.778287000000006],[-45.2351596,-23.782108199999982],[-45.232532,-23.785068199999976],[-45.2375128,-23.795588900000002],[-45.2354007,-23.79663199999998],[-45.2367333,-23.801836699999992],[-45.24091870000001,-23.804992800000004],[-45.2422038,-23.807749099999995],[-45.2423244,-23.8107622],[-45.2410763,-23.812161699999983],[-45.2368553,-23.810497600000012],[-45.238580500000005,-23.812395099999993],[-45.2368515,-23.813773800000018],[-45.2388172,-23.8191652],[-45.24124690000001,-23.821464699999982],[-45.245879699999996,-23.821975900000012],[-45.2483861,-23.824830199999997],[-45.2434504,-23.827887799999992],[-45.2446544,-23.8317241],[-45.240499400000004,-23.830020799999968],[-45.2382804,-23.830390499999996],[-45.2378415,-23.832440299999995],[-45.2393566,-23.834298300000007],[-45.24416819999999,-23.836166800000004],[-45.2439236,-23.837045899999985],[-45.24158309999999,-23.837155100000007],[-45.2412902,-23.8387141],[-45.2380074,-23.838468199999994],[-45.232639,-23.835617999999993],[-45.22680789999999,-23.837110999999997],[-45.2330155,-23.842065700000003],[-45.23854390000001,-23.843043599999998],[-45.2444684,-23.8373201],[-45.24710939999999,-23.838388000000005],[-45.2553328,-23.836051899999987],[-45.256319100000006,-23.837379299999984],[-45.258660500000005,-23.83636939999999],[-45.2665611,-23.838657600000015],[-45.26907309999999,-23.83722339999999],[-45.2738816,-23.838698999999988],[-45.2757239,-23.841368700000004],[-45.280716600000005,-23.8439682],[-45.281683400000006,-23.8497251],[-45.284402,-23.8488057],[-45.286889300000006,-23.85152779999998],[-45.28888950000001,-23.858431499999984],[-45.2879304,-23.862264400000008],[-45.286058499999996,-23.862095000000004],[-45.285427399999996,-23.863263500000002],[-45.28782830000001,-23.865453300000016],[-45.2909311,-23.866135699999994],[-45.290421800000004,-23.868237799999996],[-45.2893434,-23.867953900000003],[-45.29041960000001,-23.86944209999998],[-45.289168800000006,-23.870444300000003],[-45.2901052,-23.871545700000002],[-45.288854000000015,-23.873697999999983],[-45.28499790000001,-23.8733173],[-45.2822218,-23.8742988],[-45.2764003,-23.872694500000016],[-45.2754548,-23.8738622],[-45.2724413,-23.873162700000012],[-45.2704227,-23.8744379],[-45.268791500000006,-23.87948239999999],[-45.270122,-23.88048509999998],[-45.2726139,-23.8798915],[-45.2752397,-23.8832997],[-45.2769835,-23.882911799999977],[-45.2778645,-23.884243499999997],[-45.27689880000001,-23.885631199999995],[-45.274202300000006,-23.88591519999999],[-45.27510800000001,-23.8899499],[-45.2728638,-23.89232489999997],[-45.267841,-23.893133099999986],[-45.2641391,-23.8920988],[-45.26265910000001,-23.893157299999995],[-45.2615215,-23.892141799999997],[-45.259449,-23.894890199999995],[-45.25474210000001,-23.896315599999976],[-45.252604500000004,-23.898310399999986],[-45.2522765,-23.900345099999978],[-45.249560300000006,-23.900842599999983],[-45.2497321,-23.902396200000002],[-45.24847830000001,-23.903237199999992],[-45.2441756,-23.9009425],[-45.2454855,-23.89627739999999],[-45.2413698,-23.892190200000016],[-45.2403463,-23.89436350000001],[-45.2358662,-23.8972499],[-45.2348777,-23.9006168],[-45.2289671,-23.898337999999978],[-45.2270411,-23.8998236],[-45.2264084,-23.90240999999998],[-45.223195700000005,-23.903416500000006],[-45.2263096,-23.907845900000005],[-45.2345648,-23.90639049999997],[-45.2379,-23.908917],[-45.2376117,-23.916502999999988],[-45.235531,-23.919202600000006],[-45.237795000000006,-23.922701400000005],[-45.2379464,-23.925319399999996],[-45.23224090000001,-23.930991100000007],[-45.234854600000006,-23.932092500000003],[-45.2369589,-23.9348898],[-45.23660379999999,-23.936512900000015],[-45.2347833,-23.937168200000002],[-45.2357542,-23.9439107],[-45.2322281,-23.94462599999998],[-45.2264811,-23.942623799999975],[-45.22918760000001,-23.946068599999997],[-45.2326819,-23.947391399999997],[-45.2348887,-23.949898],[-45.2382711,-23.960276099999994],[-45.2425186,-23.964142099999997],[-45.2518398,-23.9680822],[-45.254874900000004,-23.96597969999999],[-45.2674037,-23.9658539],[-45.268987,-23.964980099999995],[-45.2684938,-23.962226100000013],[-45.2705722,-23.9622537],[-45.273362399999996,-23.95966140000001],[-45.2732541,-23.957575100000003],[-45.2766737,-23.954406899999995],[-45.2795159,-23.9535627],[-45.2804915,-23.94835860000001],[-45.286482,-23.9432094],[-45.28709949999999,-23.940947199999975],[-45.28180220000001,-23.935872099999983],[-45.2801251,-23.928476999999987],[-45.282637699999995,-23.925591400000016],[-45.2836766,-23.921822500000008],[-45.2884226,-23.918771900000007],[-45.2880355,-23.917281599999995],[-45.28998370000001,-23.91613449999998],[-45.2911072,-23.9105886],[-45.29754570000001,-23.91240909999999],[-45.3010932,-23.915735999999985],[-45.3028584,-23.915588699999997],[-45.3016846,-23.912847499999966],[-45.3041333,-23.910862800000004],[-45.3027242,-23.90997219999999],[-45.304375,-23.90797500000001],[-45.3090945,-23.9121793],[-45.3112759,-23.911645599999996],[-45.3136036,-23.913943799999984],[-45.3171662,-23.915456399999997],[-45.31896749999999,-23.915086800000005],[-45.3205332,-23.916511],[-45.3213681,-23.9143714],[-45.3258042,-23.911921300000007],[-45.32857500000001,-23.915405299999986],[-45.332464300000005,-23.916051799999988],[-45.333997,-23.918057899999972]]],[[[-45.4430587,-23.831820799999967],[-45.4439912,-23.831347899999994],[-45.44322820000001,-23.831222999999977],[-45.4430587,-23.831820799999967]]],[[[-45.3921852,-23.8287823],[-45.3924151,-23.830087699999996],[-45.3935108,-23.83012549999998],[-45.3921852,-23.8287823]]],[[[-45.412908300000005,-23.827915400000006],[-45.413023,-23.82809380000001],[-45.41338220000001,-23.828333300000008],[-45.412908300000005,-23.827915400000006]]],[[[-45.4701575,-23.82366080000001],[-45.46984410000001,-23.823752500000005],[-45.47016510000001,-23.823928299999977],[-45.4701575,-23.82366080000001]]],[[[-45.406149299999996,-23.816310700000002],[-45.406477900000006,-23.8162674],[-45.40626900000001,-23.816180799999998],[-45.406149299999996,-23.816310700000002]]],[[[-45.4067327,-23.8149273],[-45.40748940000001,-23.814942599999966],[-45.40752760000001,-23.81487379999997],[-45.4067327,-23.8149273]]],[[[-45.4057519,-23.813841999999994],[-45.40585120000001,-23.814239399999984],[-45.4062869,-23.813663700000003],[-45.4057519,-23.813841999999994]]],[[[-45.28943460000001,-23.592357300000018],[-45.2853752,-23.594307599999993],[-45.2809998,-23.592816799999994],[-45.27990650000002,-23.595858099999973],[-45.28279620000001,-23.598912700000007],[-45.2827254,-23.60110729999999],[-45.285087100000005,-23.59934689999999],[-45.2896516,-23.602021300000004],[-45.29557470000001,-23.601616699999997],[-45.2956534,-23.5986824],[-45.2933909,-23.59516699999998],[-45.28943460000001,-23.592357300000018]]],[[[-45.30949689999999,-23.587159200000016],[-45.3105319,-23.586696299999986],[-45.310136099999994,-23.5858027],[-45.3092748,-23.5860502],[-45.30949689999999,-23.587159200000016]]],[[[-45.3125883,-23.583907399999987],[-45.3109485,-23.581283999999986],[-45.31061630000001,-23.583881200000004],[-45.3125883,-23.583907399999987]]],[[[-45.153206700000005,-23.82591749999997],[-45.1533169,-23.82851000000002],[-45.155892,-23.828605],[-45.154313,-23.826213299999992],[-45.153206700000005,-23.82591749999997]]],[[[-45.2273568,-23.811050199999993],[-45.226115300000004,-23.813290400000007],[-45.2283261,-23.8144447],[-45.2279664,-23.8133793],[-45.22943780000001,-23.81221159999999],[-45.2273568,-23.811050199999993]]],[[[-45.1377451,-23.790813999999997],[-45.14016790000001,-23.794108200000014],[-45.1401223,-23.797065499999984],[-45.1375606,-23.797062299999993],[-45.13647019999999,-23.798277600000002],[-45.1307744,-23.7979039],[-45.1241659,-23.80052419999999],[-45.123133,-23.802923500000002],[-45.117571500000004,-23.802689399999995],[-45.11493250000001,-23.803805899999993],[-45.1168786,-23.80624490000001],[-45.116173,-23.808994699999996],[-45.117188000000006,-23.8122729],[-45.1213032,-23.813789899999982],[-45.124490900000005,-23.8109217],[-45.1324183,-23.8093069],[-45.1362169,-23.811921700000003],[-45.141794600000004,-23.8136876],[-45.14412130000001,-23.816711999999967],[-45.1470621,-23.817619200000006],[-45.1479406,-23.8136915],[-45.1515647,-23.8121773],[-45.1520481,-23.810816199999998],[-45.15644970000001,-23.81045369999997],[-45.1569735,-23.804328200000004],[-45.1576091,-23.80325120000002],[-45.1613145,-23.803005100000004],[-45.1606547,-23.80177939999999],[-45.148004,-23.791398799999996],[-45.138917,-23.789714900000003],[-45.1377451,-23.790813999999997]]],[[[-45.0175449,-23.738752599999998],[-45.0136382,-23.741713000000008],[-45.0166901,-23.74896129999999],[-45.00844,-23.7474967],[-45.007027100000016,-23.751696399999997],[-45.007544499999995,-23.754743800000018],[-45.0100948,-23.758330100000016],[-45.0147512,-23.761257699999998],[-45.0149584,-23.759615499999995],[-45.01876529999999,-23.758584699999997],[-45.0167547,-23.754934599999995],[-45.01727289999999,-23.75070729999998],[-45.0216329,-23.749138400000003],[-45.0238479,-23.7462758],[-45.0219748,-23.743518299999995],[-45.02323740000001,-23.740469600000004],[-45.0175449,-23.738752599999998]]],[[[-45.033643,-23.739156700000013],[-45.0327644,-23.73782709999999],[-45.0297205,-23.736495299999998],[-45.029641000000005,-23.737589699999987],[-45.0328528,-23.739641899999988],[-45.033643,-23.739156700000013]]],[[[-45.0225161,-23.7399526],[-45.02432029999999,-23.7399895],[-45.025379700000016,-23.737167499999995],[-45.0209252,-23.7343824],[-45.020227999999996,-23.737050999999997],[-45.0228154,-23.738973099999992],[-45.0225161,-23.7399526]]],[[[-45.15536240000001,-23.560163200000005],[-45.152799,-23.563714000000008],[-45.1514293,-23.5640015],[-45.1520367,-23.565631100000008],[-45.15011319999999,-23.565542],[-45.14869430000002,-23.567613299999984],[-45.1463859,-23.56726509999999],[-45.1446452,-23.569528899999995],[-45.1449261,-23.5710899],[-45.1470531,-23.571792599999988],[-45.14820660000001,-23.569866500000007],[-45.151468099999995,-23.569162100000003],[-45.1514947,-23.568231999999977],[-45.1572929,-23.573614399999997],[-45.1580062,-23.5707077],[-45.16212569999999,-23.570448100000014],[-45.163314,-23.567558],[-45.1584785,-23.56244759999999],[-45.15775459999999,-23.559994600000007],[-45.15536240000001,-23.560163200000005]]],[[[-45.0759093,-23.562692300000005],[-45.077397700000006,-23.564720000000005],[-45.0787719,-23.56470510000001],[-45.0791519,-23.56297880000001],[-45.0769188,-23.562026999999986],[-45.0759093,-23.562692300000005]]],[[[-45.1519495,-23.5591699],[-45.15077289999999,-23.558227799999997],[-45.1509765,-23.559660299999994],[-45.1519495,-23.5591699]]],[[[-45.155235,-23.550760999999966],[-45.1552448,-23.549921600000012],[-45.1550473,-23.550020299999996],[-45.155235,-23.550760999999966]]],[[[-45.0247191,-23.549935300000016],[-45.0242931,-23.549923],[-45.024652,-23.550040499999987],[-45.0247191,-23.549935300000016]]],[[[-45.2152689,-23.5494797],[-45.21671760000002,-23.550974399999987],[-45.2189982,-23.550538499999984],[-45.2159797,-23.548563800000004],[-45.2152689,-23.5494797]]],[[[-45.1557018,-23.547824599999988],[-45.15486049999999,-23.546897599999998],[-45.15440450000001,-23.548333999999976],[-45.1557018,-23.547824599999988]]],[[[-45.02443079999999,-23.54437400000001],[-45.0261644,-23.5476253],[-45.0293652,-23.54862189999999],[-45.03212340000001,-23.549039200000003],[-45.03298540000001,-23.548219399999994],[-45.02633650000001,-23.544115300000005],[-45.02443079999999,-23.54437400000001]]],[[[-45.0764883,-23.528975700000007],[-45.07802,-23.533102300000017],[-45.0777514,-23.536105100000018],[-45.069872200000006,-23.539614000000004],[-45.064061400000014,-23.538628299999985],[-45.060686900000015,-23.534043199999992],[-45.0609179,-23.530117900000025],[-45.05920189999999,-23.526856200000005],[-45.05753250000001,-23.527942000000017],[-45.0534968,-23.527534099999986],[-45.0531191,-23.52838100000002],[-45.0508482,-23.5276633],[-45.0482471,-23.531214599999984],[-45.0445511,-23.5315032],[-45.04546040000001,-23.534518100000003],[-45.0401312,-23.533162699999988],[-45.0392627,-23.534301900000003],[-45.04081070000001,-23.541187099999995],[-45.04616,-23.54302719999997],[-45.04973,-23.545963399999977],[-45.05671550000001,-23.5455456],[-45.05946720000001,-23.5501162],[-45.06521630000001,-23.555511499999994],[-45.067029299999994,-23.555174200000014],[-45.070368300000005,-23.557323299999997],[-45.07238709999999,-23.556831999999996],[-45.07626989999999,-23.561081699999995],[-45.0777006,-23.561239399999998],[-45.0796541,-23.559030199999995],[-45.07979610000001,-23.556956899999992],[-45.0812391,-23.55649919999999],[-45.08074200000001,-23.5543732],[-45.0819026,-23.554013199999993],[-45.080306300000004,-23.5529188],[-45.08097800000001,-23.551069300000012],[-45.07765049999999,-23.546209999999988],[-45.0796352,-23.54539059999998],[-45.0798321,-23.540857100000007],[-45.0835777,-23.5387676],[-45.0826134,-23.53573009999999],[-45.0797008,-23.533704299999997],[-45.08124879999999,-23.52833909999999],[-45.0806737,-23.526167000000004],[-45.0795698,-23.525944699999993],[-45.07817520000001,-23.5287761],[-45.0764883,-23.528975700000007]]],[[[-45.02323289999999,-23.543561399999998],[-45.02279839999999,-23.5434182],[-45.02311929999999,-23.54368489999999],[-45.02323289999999,-23.543561399999998]]],[[[-45.154084399999995,-23.53404600000001],[-45.1543659,-23.533868200000004],[-45.1538276,-23.5335127],[-45.154084399999995,-23.53404600000001]]],[[[-45.210375000000006,-23.533256199999997],[-45.21379400000001,-23.533131299999997],[-45.2142943,-23.531886099999973],[-45.212195,-23.531676499999996],[-45.210375000000006,-23.533256199999997]]],[[[-45.04204769999999,-23.5187181],[-45.041046800000004,-23.516311300000016],[-45.03990010000001,-23.517179100000003],[-45.04204769999999,-23.5187181]]],[[[-45.102637699999995,-23.498736800000017],[-45.10223440000001,-23.49963759999999],[-45.10232690000001,-23.499664800000023],[-45.102637699999995,-23.498736800000017]]],[[[-45.0527534,-23.4683752],[-45.05215470000001,-23.468255199999998],[-45.0525597,-23.46864889999998],[-45.0527534,-23.4683752]]],[[[-45.058346,-23.468316000000005],[-45.0587013,-23.467888600000002],[-45.058137900000006,-23.4678662],[-45.058346,-23.468316000000005]]],[[[-44.9051847,-23.426823799999998],[-44.9051182,-23.425834699999996],[-44.90115310000001,-23.424263799999984],[-44.9024423,-23.42733829999999],[-44.9051847,-23.426823799999998]]],[[[-44.8598407,-23.422832399999987],[-44.8618678,-23.4228827],[-44.8597972,-23.421688600000003],[-44.8598407,-23.422832399999987]]],[[[-44.85226800000002,-23.408685300000005],[-44.85367230000001,-23.4163617],[-44.8495413,-23.420977199999967],[-44.852388399999995,-23.422641700000018],[-44.853596800000005,-23.426601],[-44.85770120000001,-23.424301299999982],[-44.8596421,-23.425129900000012],[-44.85941240000001,-23.423748000000018],[-44.85648290000001,-23.423136400000008],[-44.8543641,-23.42011969999999],[-44.855752,-23.416428399999997],[-44.853948300000006,-23.4148571],[-44.85287859999999,-23.410834900000005],[-44.8536215,-23.40993520000001],[-44.85226800000002,-23.408685300000005]]],[[[-45.0080319,-23.413285899999998],[-45.0086231,-23.413687300000014],[-45.00845790000002,-23.4130142],[-45.0080319,-23.413285899999998]]],[[[-44.9355254,-23.412394999999975],[-44.936048,-23.412426200000017],[-44.93554100000001,-23.4122858],[-44.9355254,-23.412394999999975]]],[[[-44.850471800000015,-23.404049400000005],[-44.8495333,-23.404837500000024],[-44.8503444,-23.405326000000002],[-44.850471800000015,-23.404049400000005]]],[[[-44.897333,-23.40294469999998],[-44.897268000000004,-23.40241699999999],[-44.8970574,-23.40342050000001],[-44.897333,-23.40294469999998]]],[[[-44.85486900000001,-23.399458100000004],[-44.85643720000001,-23.399936799999995],[-44.856659099999995,-23.399818000000007],[-44.8555889,-23.398710499999993],[-44.85486900000001,-23.399458100000004]]],[[[-44.8520804,-23.403197700000007],[-44.85419639999999,-23.398100299999992],[-44.8471884,-23.394527900000003],[-44.846687,-23.396304100000005],[-44.8513397,-23.399918299999996],[-44.85013090000001,-23.402080100000003],[-44.8520804,-23.403197700000007]]],[[[-44.938715400000014,-23.39079059999998],[-44.9387999,-23.391110400000006],[-44.9388727,-23.391110400000002],[-44.938715400000014,-23.39079059999998]]],[[[-44.888252699999995,-23.389536399999987],[-44.8880259,-23.38818630000002],[-44.8870247,-23.388852899999996],[-44.888252699999995,-23.389536399999987]]],[[[-44.938578000000014,-23.3887977],[-44.9382821,-23.38704940000002],[-44.9359047,-23.387000799999996],[-44.9364015,-23.388345500000003],[-44.938578000000014,-23.3887977]]],[[[-44.9465815,-23.3827799],[-44.940386300000014,-23.383433],[-44.9420702,-23.386464400000012],[-44.9444761,-23.387514999999993],[-44.9489436,-23.387341400000004],[-44.9507442,-23.388567600000012],[-44.946871300000005,-23.3846804],[-44.9465815,-23.3827799]]],[[[-44.934884600000004,-23.384891699999997],[-44.935222500000016,-23.384639499999988],[-44.93489240000001,-23.384618699999976],[-44.934884600000004,-23.384891699999997]]],[[[-44.888614200000006,-23.3855984],[-44.8889883,-23.383827499999995],[-44.8875442,-23.3836059],[-44.88712160000001,-23.3842693],[-44.888614200000006,-23.3855984]]],[[[-44.8979893,-23.375833399999998],[-44.902092800000005,-23.377686199999985],[-44.9037564,-23.3797504],[-44.907121399999994,-23.380237000000022],[-44.9065876,-23.37774499999999],[-44.90278910000001,-23.375244099999993],[-44.8979893,-23.375833399999998]]],[[[-44.8929193,-23.352675799999968],[-44.89274460000001,-23.353326899999992],[-44.8930611,-23.353227400000016],[-44.8929193,-23.352675799999968]]],[[[-44.903243700000004,-23.352814800000004],[-44.90487820000001,-23.3524478],[-44.902948900000005,-23.3510259],[-44.902579200000005,-23.3516343],[-44.903243700000004,-23.352814800000004]]],[[[-44.9089382,-23.336407500000004],[-44.90813490000001,-23.337316700000006],[-44.908878900000005,-23.337388199999996],[-44.9089382,-23.336407500000004]]]]}},{"type":"Feature","properties":{"id":"administrativas-03","nome":"Franca"},"geometry":{"type":"Polygon","coordinates":[[[-47.7797464,-20.8944378],[-47.7859187,-20.8955551],[-47.7887058,-20.89789319999999],[-47.7960997,-20.89975939999999],[-47.799150899999994,-20.892853499999998],[-47.7991895,-20.88976960000002],[-47.8088856,-20.8904961],[-47.818151799999995,-20.8942642],[-47.8285236,-20.90135949999999],[-47.8345291,-20.908738200000013],[-47.8370836,-20.910553899999996],[-47.8401088,-20.910697600000002],[-47.8447676,-20.90797159999997],[-47.84637649999999,-20.905280099999995],[-47.8496486,-20.90460680000001],[-47.8512068,-20.9017165],[-47.8553385,-20.90097580000002],[-47.8564525,-20.898290699999997],[-47.870586100000004,-20.894537499999988],[-47.8749578,-20.898951099999987],[-47.8784834,-20.905180600000005],[-47.8857779,-20.909047099999995],[-47.8896356,-20.909867099999985],[-47.8970985,-20.897186],[-47.9032665,-20.8908836],[-47.9062293,-20.889780799999997],[-47.9119153,-20.8907821],[-47.9227152,-20.882952],[-47.92677980000001,-20.884330599999974],[-47.9356953,-20.892967999999986],[-47.9397182,-20.899946699999997],[-47.94369100000001,-20.898505700000005],[-47.94486500000001,-20.896365899999996],[-47.9516481,-20.891815399999977],[-47.9561856,-20.890434399999993],[-47.9601162,-20.891469399999995],[-47.9853687,-20.876369899999997],[-48.01625729999999,-20.892817899999997],[-48.0247721,-20.9024291],[-48.0374356,-20.9067044],[-48.0464424,-20.917662600000003],[-48.0467463,-20.925502999999996],[-48.04858829999999,-20.92937030000001],[-48.05344230000001,-20.9315646],[-48.0579394,-20.93043320000001],[-48.0648811,-20.923306899999986],[-48.0724395,-20.92318330000001],[-48.079361199999994,-20.914047599999986],[-48.0827248,-20.91319830000001],[-48.0880257,-20.908850600000005],[-48.103666999999994,-20.900090199999998],[-48.1122115,-20.902874600000008],[-48.12583360000001,-20.90189840000001],[-48.1408113,-20.8923645],[-48.15487819999999,-20.893674400000027],[-48.159029,-20.89087909999998],[-48.162817200000006,-20.885378400000008],[-48.1661501,-20.88409890000001],[-48.169114400000005,-20.88473580000001],[-48.1738645,-20.888929599999987],[-48.1823314,-20.886222400000005],[-48.19101770000001,-20.88632030000001],[-48.2036984,-20.87906490000001],[-48.2280997,-20.857501800000016],[-48.2328506,-20.856242199999965],[-48.24159950000001,-20.85040069999999],[-48.2435111,-20.846942799999994],[-48.2439336,-20.842900600000004],[-48.2342086,-20.830247699999994],[-48.232475599999994,-20.820020200000005],[-48.2334372,-20.8166368],[-48.2358298,-20.814395399999984],[-48.25236,-20.809096499999992],[-48.2561938,-20.8045795],[-48.2573389,-20.796244799999997],[-48.25122160000001,-20.790724699999995],[-48.2450822,-20.78139759999999],[-48.243492700000004,-20.7765701],[-48.2468369,-20.768200100000012],[-48.24879230000001,-20.758101899999982],[-48.2535528,-20.750719199999992],[-48.25669400000001,-20.74132610000001],[-48.26238779999999,-20.737942999999984],[-48.2712584,-20.74358979999999],[-48.274281,-20.7434372],[-48.279529200000006,-20.741057399999985],[-48.2829223,-20.738032899999997],[-48.2900942,-20.7233001],[-48.2958102,-20.720279900000016],[-48.31357020000001,-20.723822300000013],[-48.3160793,-20.72559839999999],[-48.3205066,-20.725222100000003],[-48.32575620000001,-20.71921770000001],[-48.332240500000005,-20.703842200000004],[-48.3403021,-20.691171699999995],[-48.340561900000004,-20.684009599999975],[-48.3361335,-20.677041600000013],[-48.3335928,-20.66536759999999],[-48.3363265,-20.6607252],[-48.34486100000001,-20.653148600000005],[-48.3504044,-20.6462524],[-48.348477200000005,-20.630087100000004],[-48.3471268,-20.626086099999974],[-48.3416119,-20.620324099999998],[-48.3265691,-20.612903499999998],[-48.32238600000001,-20.6091734],[-48.3210751,-20.605809],[-48.3203473,-20.589048],[-48.323129500000015,-20.5849949],[-48.327208,-20.582137699999986],[-48.336605700000014,-20.583358600000015],[-48.339729600000005,-20.58227249999999],[-48.34374009999999,-20.5771917],[-48.3505957,-20.561763000000006],[-48.35291860000001,-20.560261799999992],[-48.359517399999994,-20.559568799999997],[-48.3670788,-20.5551135],[-48.3703013,-20.55108430000001],[-48.37867219999999,-20.549048399999993],[-48.3829358,-20.5441409],[-48.38365490000001,-20.537161400000002],[-48.3805812,-20.538277999999995],[-48.3789275,-20.54151219999998],[-48.376386499999995,-20.541989],[-48.3765878,-20.543382300000015],[-48.372907000000005,-20.544509799999993],[-48.3713931,-20.5462554],[-48.3699247,-20.544200899999996],[-48.371608699999996,-20.5421612],[-48.37129060000001,-20.537941800000002],[-48.3685224,-20.535489899999998],[-48.3698847,-20.5314662],[-48.372198100000006,-20.53015229999999],[-48.3666204,-20.52687699999999],[-48.363792700000005,-20.52696549999999],[-48.3632196,-20.528045800000005],[-48.35576499999999,-20.527760200000003],[-48.35248740000001,-20.523675299999997],[-48.3472121,-20.52582779999998],[-48.345684,-20.524754099999996],[-48.3459284,-20.52220889999998],[-48.34416039999999,-20.52191839999999],[-48.342105,-20.52224489999999],[-48.341346,-20.524015600000006],[-48.3419274,-20.527943800000013],[-48.3382597,-20.527266599999997],[-48.336078,-20.52950209999999],[-48.334023999999985,-20.529004299999993],[-48.3325955,-20.5324557],[-48.33080640000001,-20.53052929999999],[-48.3263375,-20.532444499999993],[-48.3226193,-20.526051900000002],[-48.3172019,-20.5241015],[-48.3169143,-20.52101089999999],[-48.3196075,-20.5203041],[-48.318734,-20.518659399999994],[-48.31568039999999,-20.51910059999999],[-48.312114400000006,-20.5174706],[-48.3077582,-20.51715369999999],[-48.3010102,-20.512993499999993],[-48.2982209,-20.515022299999988],[-48.2932207,-20.514278199999982],[-48.29461190000001,-20.5110464],[-48.289876,-20.506526999999974],[-48.28733869999999,-20.501006900000007],[-48.2836022,-20.498486299999996],[-48.2841834,-20.493975500000015],[-48.28306679999999,-20.493487999999992],[-48.284071700000005,-20.4926715],[-48.281603999999994,-20.492353099999995],[-48.2848731,-20.4855637],[-48.28852560000001,-20.483804500000005],[-48.2852536,-20.48309259999998],[-48.284065299999995,-20.481001100000007],[-48.28137180000001,-20.481084699999993],[-48.28198629999999,-20.4798307],[-48.2808107,-20.478404599999987],[-48.282555200000004,-20.4781747],[-48.2832632,-20.474426599999994],[-48.28021330000001,-20.475459599999997],[-48.278783,-20.47448850000002],[-48.2807376,-20.47066970000001],[-48.278717,-20.468859599999995],[-48.2714136,-20.4681198],[-48.2698423,-20.468954499999988],[-48.2677676,-20.467133499999996],[-48.263775,-20.4676251],[-48.2614976,-20.465634500000007],[-48.259027800000005,-20.465514599999985],[-48.25896699999999,-20.46408550000001],[-48.2567492,-20.462993899999987],[-48.2532841,-20.463408999999984],[-48.2522742,-20.4621268],[-48.24719540000001,-20.46071240000001],[-48.238825300000016,-20.461015999999997],[-48.2367845,-20.459763599999995],[-48.23618839999999,-20.456806100000005],[-48.2309916,-20.457218500000018],[-48.2293013,-20.455850699999985],[-48.22718789999999,-20.45303019999999],[-48.228954,-20.451043400000003],[-48.2280766,-20.44994089999999],[-48.2216558,-20.45013989999998],[-48.2215333,-20.453251800000004],[-48.21726,-20.455680999999988],[-48.2150662,-20.45544279999999],[-48.21385920000001,-20.4578826],[-48.211765400000004,-20.4572023],[-48.2095257,-20.451248099999997],[-48.2046924,-20.447352900000002],[-48.2017851,-20.442735199999973],[-48.2008911,-20.43800340000001],[-48.1788338,-20.390023600000013],[-48.18631630000001,-20.3497579],[-48.1899021,-20.341920300000027],[-48.1798295,-20.33195039999999],[-48.17636160000001,-20.321824100000004],[-48.1671995,-20.312352000000008],[-48.1666323,-20.3103889],[-48.1644795,-20.3092189],[-48.1636693,-20.303654200000018],[-48.1596812,-20.296567000000003],[-48.1529722,-20.291253500000003],[-48.1497374,-20.2914492],[-48.15163540000001,-20.2860206],[-48.1490717,-20.282492199999986],[-48.1494663,-20.279540799999992],[-48.1521823,-20.27581460000002],[-48.1573689,-20.274089400000005],[-48.158385900000006,-20.27246410000001],[-48.1546977,-20.2693151],[-48.1507575,-20.268288100000003],[-48.145985500000016,-20.2614187],[-48.14940860000001,-20.2582099],[-48.1535261,-20.256372699999996],[-48.1582057,-20.249175599999987],[-48.1557559,-20.24202989999999],[-48.155895400000006,-20.235707000000005],[-48.1594508,-20.233618699999997],[-48.1615033,-20.23041359999998],[-48.1666715,-20.229900900000004],[-48.1742584,-20.2271089],[-48.1781069,-20.222799499999972],[-48.182325100000014,-20.2243846],[-48.1862786,-20.22236100000001],[-48.195393900000006,-20.221368399999978],[-48.2010879,-20.222692100000007],[-48.2031712,-20.2215163],[-48.20405860000001,-20.218173999999987],[-48.2117181,-20.2176977],[-48.217156700000004,-20.220123699999995],[-48.2187113,-20.2226158],[-48.2224178,-20.223882699999997],[-48.22631239999999,-20.228116],[-48.2428583,-20.228394400000006],[-48.2441639,-20.225634199999973],[-48.239845200000005,-20.220272499999997],[-48.2295006,-20.215786200000004],[-48.2279842,-20.2141494],[-48.22879710000001,-20.208298500000016],[-48.22783209999999,-20.200608],[-48.22939749999999,-20.19853390000002],[-48.234984499999996,-20.200561],[-48.2403785,-20.198899800000014],[-48.2425917,-20.19680339999999],[-48.246876900000004,-20.1985169],[-48.24962490000001,-20.1958558],[-48.2563426,-20.196145599999998],[-48.2612184,-20.1946602],[-48.2646604,-20.197467100000004],[-48.2657573,-20.2077671],[-48.26884770000001,-20.21194379999999],[-48.2702184,-20.217194799999984],[-48.27221539999999,-20.217880500000003],[-48.2733662,-20.21707479999998],[-48.274413,-20.210050399999975],[-48.276683,-20.207232799999986],[-48.2814541,-20.2064922],[-48.2855863,-20.2034073],[-48.2918315,-20.2022273],[-48.2939849,-20.204106500000023],[-48.3026708,-20.202653200000004],[-48.3073756,-20.20062639999999],[-48.30976189999999,-20.197273900000013],[-48.3142223,-20.1966941],[-48.31665170000001,-20.187678099999985],[-48.3123044,-20.182371799999988],[-48.3142142,-20.174555700000006],[-48.311372600000006,-20.1704138],[-48.310947600000006,-20.163096600000014],[-48.3086568,-20.156793],[-48.3100484,-20.154398199999996],[-48.3159705,-20.15614640000002],[-48.31859969999999,-20.1596784],[-48.32193650000001,-20.158219799999987],[-48.3252923,-20.158321300000022],[-48.32418739999999,-20.161603700000004],[-48.324668700000004,-20.171947399999983],[-48.3336189,-20.1770078],[-48.3336988,-20.182620400000005],[-48.33511480000001,-20.185043499999992],[-48.3446017,-20.18646259999998],[-48.3495459,-20.18514409999999],[-48.3551111,-20.178765999999978],[-48.3601773,-20.167579600000018],[-48.3629752,-20.167016400000026],[-48.3660161,-20.169966300000013],[-48.36856030000001,-20.170390300000008],[-48.3738222,-20.16902530000001],[-48.376444,-20.165269499999997],[-48.3752757,-20.160599300000005],[-48.36404160000001,-20.159574499999998],[-48.3605633,-20.1543447],[-48.3629551,-20.14804570000002],[-48.37241480000001,-20.14965919999998],[-48.3757354,-20.149002600000003],[-48.37947720000001,-20.152634999999993],[-48.3840696,-20.15115829999998],[-48.387722100000005,-20.151547899999997],[-48.391806300000006,-20.15979],[-48.39502890000001,-20.161418599999994],[-48.39755290000001,-20.1581821],[-48.39840809999999,-20.15375430000001],[-48.394715000000005,-20.149178700000004],[-48.3932864,-20.141175700000005],[-48.3900659,-20.137362100000004],[-48.38994340000001,-20.134020200000005],[-48.395164300000005,-20.13408120000002],[-48.3986868,-20.135820899999995],[-48.40059570000001,-20.142386499999997],[-48.40415339999999,-20.14740769999999],[-48.407743200000006,-20.150088900000004],[-48.410268,-20.149843],[-48.413115000000005,-20.143034399999998],[-48.4170868,-20.141498399999996],[-48.4209929,-20.1520115],[-48.424598,-20.153655200000006],[-48.430981,-20.148449999999983],[-48.435770600000005,-20.13843760000001],[-48.44199120000001,-20.131739700000004],[-48.4485925,-20.12877969999998],[-48.45161590000001,-20.12587369999999],[-48.4390266,-20.120220599999993],[-48.405776800000005,-20.113510999999974],[-48.39786670000001,-20.1142879],[-48.3907643,-20.1192892],[-48.38386460000001,-20.118989500000016],[-48.378949,-20.122277599999986],[-48.361821600000006,-20.123054099999987],[-48.34591929999999,-20.119863300000002],[-48.3419995,-20.11499720000002],[-48.3394509,-20.114189500000002],[-48.3344866,-20.1144339],[-48.32898990000001,-20.11272989999999],[-48.32407429999999,-20.11408700000001],[-48.31541290000001,-20.113801099999986],[-48.30372,-20.120922299999986],[-48.295493300000004,-20.12400759999997],[-48.285761900000004,-20.1374112],[-48.27495590000001,-20.1421127],[-48.2651001,-20.143796399999996],[-48.2546878,-20.143815799999995],[-48.2413328,-20.1401845],[-48.237411900000005,-20.135918699999976],[-48.2253433,-20.134179199999988],[-48.2186355,-20.127883999999995],[-48.2177475,-20.1252888],[-48.2189901,-20.1153868],[-48.2281268,-20.10421439999999],[-48.250084400000006,-20.0857677],[-48.25342510000001,-20.077920700000007],[-48.251277900000005,-20.068701800000017],[-48.2463856,-20.0587497],[-48.2441319,-20.047403800000005],[-48.2475319,-20.038978400000012],[-48.246997,-20.033879800000005],[-48.2408836,-20.0292844],[-48.228499,-20.02821419999999],[-48.2170633,-20.032534800000015],[-48.20777149999999,-20.03937000000001],[-48.201253400000006,-20.047477399999984],[-48.197080099999994,-20.0552661],[-48.1910563,-20.060982299999992],[-48.1824659,-20.074626999999992],[-48.1820543,-20.089513099999984],[-48.178606,-20.096180199999978],[-48.1677493,-20.103810100000015],[-48.15832629999999,-20.103049900000016],[-48.15565999999999,-20.105301200000014],[-48.1514353,-20.1173958],[-48.1477216,-20.124139599999985],[-48.126546700000006,-20.131256499999996],[-48.116977500000004,-20.142068300000005],[-48.10548740000001,-20.146355999999976],[-48.09235519999999,-20.14620669999999],[-48.0907399,-20.147187300000002],[-48.07677580000001,-20.148429599999982],[-48.0704425,-20.146616100000003],[-48.0576396,-20.139602499999995],[-48.0493869,-20.137235500000003],[-48.04611810000001,-20.126875999999996],[-48.038843,-20.119949000000013],[-48.03291999999999,-20.11998100000001],[-48.024392,-20.124729],[-48.020163,-20.124029000000018],[-48.016676,-20.118461999999994],[-48.0086066,-20.11087300000002],[-48.00424249999999,-20.1046628],[-48.0024175,-20.103969500000005],[-48.001055,-20.101259000000017],[-48.0003974,-20.094208899999998],[-47.99157760000001,-20.07970909999999],[-47.9897482,-20.072963000000005],[-47.991528,-20.049165899999988],[-47.9906062,-20.044226200000004],[-47.9885171,-20.040347999999998],[-47.98455570000001,-20.037386],[-47.9759693,-20.035372700000007],[-47.9567381,-20.047588299999994],[-47.948482000000006,-20.0557576],[-47.9460221,-20.060467799999998],[-47.94349629999999,-20.091998500000006],[-47.9341021,-20.107853599999984],[-47.92922640000001,-20.111867999999983],[-47.9223495,-20.114499600000016],[-47.9130718,-20.120273700000002],[-47.89940000000001,-20.12567449999999],[-47.89546280000001,-20.12525830000001],[-47.8885468,-20.114772399999996],[-47.879175,-20.104734999999977],[-47.8750773,-20.098372699999977],[-47.8698078,-20.076152299999986],[-47.8699656,-20.063694599999998],[-47.86657099999999,-20.058948600000004],[-47.861056299999994,-20.055469199999987],[-47.8593839,-20.052412100000016],[-47.8589921,-20.0499272],[-47.8614615,-20.04500959999998],[-47.87145440000001,-20.039648199999984],[-47.8732795,-20.03736019999997],[-47.8758201,-20.032410499999983],[-47.87583080000001,-20.021410100000004],[-47.8724421,-20.013030199999992],[-47.8687385,-20.008647],[-47.8597507,-19.992939700000004],[-47.8561502,-19.990544800000016],[-47.84777870000001,-19.989860999999983],[-47.8399938,-19.994948200000017],[-47.8346805,-19.996065599999998],[-47.8283015,-19.992107299999986],[-47.8056581,-19.985131699999997],[-47.7625837,-19.986021700000002],[-47.754214,-19.990052799999997],[-47.75110560000001,-19.9902891],[-47.7336817,-19.98792819999998],[-47.7283303,-19.984139699999997],[-47.7126917,-19.978148000000004],[-47.70840530000001,-19.978701600000015],[-47.69563320000002,-19.984401200000008],[-47.68798910000001,-19.9902445],[-47.6761499,-20.001915600000004],[-47.6742648,-20.00606979999999],[-47.6755795,-20.013679599999996],[-47.6706264,-20.022515900000002],[-47.6553862,-20.034851299999993],[-47.6507967,-20.037348699999978],[-47.63965610000001,-20.047219399999978],[-47.6347643,-20.049247799999996],[-47.63016019999999,-20.046958499999995],[-47.6249354,-20.042285999999997],[-47.6139901,-20.042109000000004],[-47.599658300000016,-20.032437500000015],[-47.5947481,-20.025891500000014],[-47.5936649,-20.020943200000016],[-47.5939842,-20.01094819999998],[-47.59090710000001,-20.003339999999977],[-47.5838246,-19.996664599999995],[-47.5756245,-19.99424760000002],[-47.5596441,-19.996619999999986],[-47.5526378,-19.996025899999996],[-47.5492377,-19.993769699999998],[-47.545315499999994,-19.987309300000003],[-47.5401584,-19.984324999999988],[-47.5316211,-19.98316419999999],[-47.52069240000001,-19.984169600000012],[-47.5085321,-19.982940599999985],[-47.506937,-19.98241159999998],[-47.50295690000001,-19.976124699999986],[-47.4977254,-19.971627600000016],[-47.48959070000001,-19.969303099999987],[-47.4792614,-19.968753300000003],[-47.4745178,-19.96211639999999],[-47.470511900000005,-19.96070169999997],[-47.463322,-19.965789000000004],[-47.4546268,-19.97811609999998],[-47.4525299,-19.9847288],[-47.45027619999999,-19.9878376],[-47.4475495,-19.990840799999997],[-47.4378066,-19.99698579999999],[-47.4352373,-20.00239880000001],[-47.429546,-20.0069667],[-47.424428000000006,-20.01531959999998],[-47.4255158,-20.0176965],[-47.4345585,-20.0244509],[-47.4442363,-20.027960499999992],[-47.4448424,-20.0303817],[-47.4402969,-20.0488295],[-47.4387084,-20.05108879999998],[-47.4267801,-20.057493899999972],[-47.418234,-20.06464259999998],[-47.41353990000001,-20.070471299999976],[-47.4081335,-20.0801963],[-47.4049592,-20.082735900000003],[-47.40145750000001,-20.0836394],[-47.3902967,-20.0814817],[-47.3745709,-20.083662699999994],[-47.37160300000001,-20.085942400000008],[-47.36501080000001,-20.09834940000001],[-47.3586764,-20.1039816],[-47.34753769999999,-20.105343600000005],[-47.3411228,-20.11124959999999],[-47.32328929999999,-20.116753499999984],[-47.3164798,-20.12179879999999],[-47.30967340000001,-20.124498400000007],[-47.30587109999999,-20.133264300000004],[-47.2964016,-20.14588809999999],[-47.28904470000001,-20.1513621],[-47.2794279,-20.152428799999996],[-47.2617804,-20.159924899999986],[-47.2570443,-20.166204000000004],[-47.2573479,-20.184670200000006],[-47.254100799999996,-20.194330299999994],[-47.2505709,-20.199670199999986],[-47.24012689999999,-20.208867899999984],[-47.2310736,-20.219152199999986],[-47.2325698,-20.227522300000004],[-47.2373173,-20.235221000000013],[-47.23910200000002,-20.243568100000008],[-47.2416627,-20.2461182],[-47.242283,-20.250118700000005],[-47.2473518,-20.258643799999984],[-47.2462664,-20.261444199999985],[-47.24851379999999,-20.26320870000001],[-47.251267800000015,-20.26217569999998],[-47.2528741,-20.263638000000007],[-47.2548509,-20.267555700000013],[-47.25743070000001,-20.26943440000001],[-47.2604338,-20.27756859999998],[-47.2635667,-20.279510599999984],[-47.2626956,-20.280244699999983],[-47.26347119999999,-20.281028199999994],[-47.26459430000001,-20.280494300000004],[-47.2646259,-20.282570200000006],[-47.2699275,-20.282825799999973],[-47.269518600000005,-20.2845453],[-47.2725852,-20.285657100000005],[-47.2712073,-20.286722299999983],[-47.273045100000004,-20.288265199999984],[-47.2743241,-20.2877597],[-47.2767287,-20.291638000000006],[-47.2798519,-20.301889299999992],[-47.2815939,-20.303481500000007],[-47.28182340000001,-20.31258279999999],[-47.282878200000006,-20.3152406],[-47.2839345,-20.31346759999998],[-47.28582,-20.3162865],[-47.2846552,-20.315964399999977],[-47.283985499999986,-20.317773699999993],[-47.285153300000005,-20.320170699999974],[-47.2840378,-20.320525299999993],[-47.2851488,-20.321624400000005],[-47.283816,-20.322546599999974],[-47.283987100000004,-20.324169699999985],[-47.28595680000001,-20.3250707],[-47.28537600000001,-20.326971399999977],[-47.284072099999996,-20.32709420000001],[-47.2853387,-20.32971239999997],[-47.28496,-20.33199019999998],[-47.2858418,-20.33355859999998],[-47.28818460000001,-20.3318896],[-47.2878227,-20.333164299999996],[-47.290289200000004,-20.3337284],[-47.28999040000001,-20.336178199999964],[-47.2909985,-20.337043400000002],[-47.2894355,-20.337525599999996],[-47.29334720000001,-20.339640999999997],[-47.29251500000001,-20.34053199999997],[-47.2939279,-20.340993900000004],[-47.2933703,-20.3424714],[-47.29820809999999,-20.348435700000024],[-47.29556960000001,-20.350753099999984],[-47.2971505,-20.351675199999995],[-47.29559340000001,-20.355553300000004],[-47.2965359,-20.357338800000022],[-47.2933515,-20.364345599999993],[-47.2954892,-20.369205899999997],[-47.2925354,-20.370315200000007],[-47.2944618,-20.371210100000006],[-47.293482,-20.3733103],[-47.295096300000004,-20.374923899999988],[-47.29376859999999,-20.376159900000005],[-47.29478850000001,-20.377842399999995],[-47.292875699999996,-20.379280700000017],[-47.2944313,-20.38076800000001],[-47.290625,-20.383222899999996],[-47.2937612,-20.385690799999978],[-47.2922891,-20.3881712],[-47.2896376,-20.386618599999995],[-47.2872378,-20.3879204],[-47.2893468,-20.39050729999997],[-47.2880312,-20.39317779999999],[-47.29175430000001,-20.398027899999985],[-47.2914556,-20.40004629999997],[-47.2897948,-20.3996952],[-47.2854557,-20.405739999999998],[-47.2867669,-20.409034],[-47.2895896,-20.4098116],[-47.2884254,-20.416730000000012],[-47.2934821,-20.418024400000007],[-47.2928126,-20.419966699999975],[-47.290961,-20.42106479999999],[-47.2887666,-20.42067429999998],[-47.2887666,-20.4215549],[-47.29165040000001,-20.423336799999998],[-47.2935713,-20.4231372],[-47.29610019999999,-20.427256],[-47.29290760000001,-20.42820579999998],[-47.294473700000005,-20.431750499999996],[-47.2872891,-20.435149400000014],[-47.288262800000005,-20.43864080000001],[-47.286482500000005,-20.44245079999998],[-47.28796520000001,-20.444587799999997],[-47.2911866,-20.445230799999994],[-47.2927656,-20.44773359999998],[-47.2910735,-20.4482645],[-47.292120700000005,-20.4490397],[-47.2907085,-20.44957589999998],[-47.291011299999994,-20.450549900000002],[-47.28373799999999,-20.4554286],[-47.2843755,-20.457061500000005],[-47.2786149,-20.4581521],[-47.2790615,-20.460509100000003],[-47.2761022,-20.460949799999984],[-47.2742894,-20.462766999999978],[-47.2717062,-20.462766499999983],[-47.26987040000001,-20.466531699999987],[-47.2657917,-20.466223699999986],[-47.26374520000001,-20.468444299999994],[-47.259485,-20.468926999999997],[-47.2552092,-20.4735009],[-47.2556526,-20.474916999999998],[-47.2532124,-20.476613600000007],[-47.2536045,-20.477952299999995],[-47.25059730000001,-20.476745399999974],[-47.247405,-20.4805342],[-47.243157000000004,-20.481776200000002],[-47.24118810000001,-20.483594100000012],[-47.2296016,-20.486903900000012],[-47.2271191,-20.488524700000024],[-47.2268702,-20.491079300000003],[-47.224712,-20.490416099999997],[-47.22129060000001,-20.49296080000001],[-47.2193425,-20.494923900000014],[-47.2195406,-20.49652100000001],[-47.213038700000006,-20.498183900000004],[-47.2115101,-20.5023184],[-47.2043332,-20.503495799999975],[-47.2026513,-20.501566],[-47.1960159,-20.504021800000015],[-47.190764800000004,-20.507559099999995],[-47.1900014,-20.510424099999984],[-47.18568040000001,-20.510859200000024],[-47.184792,-20.51370489999997],[-47.18243260000001,-20.512643300000008],[-47.1808901,-20.513903700000004],[-47.1798568,-20.512907400000007],[-47.17770389999999,-20.514948100000012],[-47.17580220000001,-20.514105900000004],[-47.1634913,-20.51892790000002],[-47.1545174,-20.519553199999983],[-47.15114969999999,-20.522046500000002],[-47.148541400000006,-20.52974919999998],[-47.1447343,-20.532494200000006],[-47.1434598,-20.535323399999996],[-47.1452306,-20.54020920000001],[-47.1415205,-20.5410165],[-47.1418662,-20.54324090000001],[-47.138234000000004,-20.5545926],[-47.1376548,-20.5611054],[-47.1385129,-20.56384599999999],[-47.1428631,-20.5652175],[-47.142627700000006,-20.566014100000007],[-47.1387076,-20.57126880000001],[-47.13555000000001,-20.578842399999985],[-47.1323961,-20.590783899999995],[-47.125290099999994,-20.590431399999982],[-47.1227618,-20.594681300000005],[-47.12572990000001,-20.60300679999998],[-47.1252904,-20.608794600000003],[-47.12334429999999,-20.61062300000001],[-47.1233226,-20.612722500000004],[-47.1159019,-20.615276600000005],[-47.1087345,-20.620804799999995],[-47.1117086,-20.628173999999994],[-47.1126809,-20.63808430000001],[-47.111816,-20.6389879],[-47.10781560000001,-20.638232699999993],[-47.09689579999999,-20.64452830000002],[-47.0981807,-20.647158399999977],[-47.095922,-20.652233899999995],[-47.0958157,-20.657772199999982],[-47.0967873,-20.6617832],[-47.1028236,-20.670861800000004],[-47.1003175,-20.67911199999999],[-47.1012353,-20.683165799999987],[-47.1127937,-20.6966476],[-47.1132748,-20.705164999999987],[-47.1153009,-20.707204799999996],[-47.1266754,-20.70931849999999],[-47.1341217,-20.706432799999995],[-47.1380011,-20.707461499999983],[-47.1445373,-20.70570079999999],[-47.149065500000006,-20.707616599999977],[-47.1550156,-20.70415129999998],[-47.1632614,-20.703398000000004],[-47.164756200000014,-20.701459799999984],[-47.1689087,-20.703018],[-47.1708969,-20.7092874],[-47.1731248,-20.711918599999986],[-47.1695692,-20.716153700000017],[-47.1695094,-20.717696600000004],[-47.1768825,-20.72435089999999],[-47.181620800000005,-20.726358799999982],[-47.1862607,-20.731134400000013],[-47.18465290000002,-20.734151800000006],[-47.18254199999999,-20.735210499999983],[-47.17663509999999,-20.735909299999978],[-47.17519250000001,-20.739261900000006],[-47.1822923,-20.741292999999995],[-47.1828463,-20.747496999999978],[-47.1846461,-20.750042199999996],[-47.1849659,-20.755064499999985],[-47.1866961,-20.757324900000018],[-47.1870347,-20.76579260000002],[-47.18881830000001,-20.7706247],[-47.1917118,-20.770918499999997],[-47.1952994,-20.774969000000013],[-47.2048158,-20.77434369999999],[-47.2070694,-20.775531100000002],[-47.211450500000005,-20.780653100000002],[-47.21386550000001,-20.792311499999986],[-47.2217578,-20.796539900000013],[-47.2247543,-20.800098900000002],[-47.2228395,-20.8088954],[-47.2187016,-20.816851500000006],[-47.21535210000001,-20.819729700000007],[-47.2141815,-20.8236926],[-47.214484399999996,-20.8272194],[-47.2273595,-20.856471599999985],[-47.2288642,-20.856439200000004],[-47.2301007,-20.85882119999999],[-47.2312057,-20.8579886],[-47.23591,-20.85840899999999],[-47.2380714,-20.861463500000003],[-47.24403610000001,-20.86281819999998],[-47.246132,-20.86457170000001],[-47.25136820000001,-20.86371050000001],[-47.2521837,-20.8620829],[-47.25096870000001,-20.8606722],[-47.2554222,-20.859801700000002],[-47.2553737,-20.856849899999993],[-47.257273100000006,-20.8563124],[-47.2582958,-20.858023799999998],[-47.2600798,-20.8566281],[-47.259739,-20.854938999999984],[-47.263235200000004,-20.853619299999995],[-47.263610799999995,-20.857026],[-47.2666734,-20.85815579999998],[-47.266016300000004,-20.85607689999999],[-47.26732110000001,-20.85420949999999],[-47.273295,-20.8498046],[-47.2757389,-20.846436999999987],[-47.2785284,-20.845344500000007],[-47.27559730000001,-20.84385609999998],[-47.2806799,-20.841264400000004],[-47.28210070000001,-20.84274139999998],[-47.2834571,-20.841133700000018],[-47.2832847,-20.83848700000001],[-47.2861447,-20.838698200000003],[-47.285266000000014,-20.83705369999998],[-47.2874223,-20.8367208],[-47.2878661,-20.837918800000004],[-47.2895525,-20.835916],[-47.2907023,-20.836960899999983],[-47.28952830000001,-20.838188499999976],[-47.2942671,-20.83879439999999],[-47.293849,-20.841511699999987],[-47.2977573,-20.839454100000005],[-47.2993046,-20.840274599999983],[-47.2987383,-20.841246400000013],[-47.2998219,-20.842373100000003],[-47.300974,-20.84118330000001],[-47.302493,-20.841688100000002],[-47.3022039,-20.8402319],[-47.305882300000015,-20.83732589999999],[-47.3070353,-20.83864580000001],[-47.30648870000002,-20.843179599999992],[-47.31452949999999,-20.841283099999995],[-47.314852900000005,-20.843140499999993],[-47.31347370000001,-20.843491399999998],[-47.3148442,-20.845591699999982],[-47.313185000000004,-20.847678499999994],[-47.316411900000006,-20.8492928],[-47.319935000000015,-20.848524599999983],[-47.3210026,-20.847111199999997],[-47.323137800000005,-20.847734],[-47.3251106,-20.8505675],[-47.32368040000001,-20.8523732],[-47.3277605,-20.855354900000012],[-47.32686120000002,-20.85626809999999],[-47.327405899999995,-20.8591693],[-47.32923009999999,-20.85767640000001],[-47.3302899,-20.85847950000001],[-47.32870650000001,-20.859899099999982],[-47.34150720000001,-20.85766109999999],[-47.344881900000004,-20.8534825],[-47.3448868,-20.8520233],[-47.34255800000001,-20.8498807],[-47.3446789,-20.848980499999982],[-47.346562,-20.84987010000001],[-47.3485104,-20.84823529999999],[-47.3472516,-20.844358299999982],[-47.34964479999999,-20.84002840000001],[-47.3484437,-20.837524099999985],[-47.34509820000001,-20.835433099999996],[-47.3451258,-20.8343513],[-47.347579499999995,-20.833941900000003],[-47.347140100000004,-20.832328900000004],[-47.3435186,-20.830418699999985],[-47.3449017,-20.82768629999999],[-47.3547337,-20.8297525],[-47.3563842,-20.825287700000008],[-47.3630376,-20.826693499999998],[-47.3657896,-20.82568509999999],[-47.3696915,-20.827127599999994],[-47.37070279999999,-20.821486700000015],[-47.3744944,-20.822417999999995],[-47.3771549,-20.820358799999994],[-47.3780881,-20.82159269999999],[-47.3790435,-20.82037390000001],[-47.38021660000001,-20.82146680000001],[-47.3824451,-20.8199392],[-47.385539800000004,-20.82244409999998],[-47.39283139999999,-20.819465899999994],[-47.3931819,-20.815479100000005],[-47.394760500000004,-20.814778400000005],[-47.394370900000006,-20.81340099999998],[-47.3963149,-20.8108718],[-47.4066568,-20.8123479],[-47.40638560000001,-20.811050499999997],[-47.409000999999996,-20.809698999999995],[-47.4109095,-20.810336399999983],[-47.4121152,-20.809143099999993],[-47.4137063,-20.817583000000003],[-47.41508640000001,-20.818542599999986],[-47.4168738,-20.824845499999988],[-47.4183202,-20.826225599999983],[-47.41509190000001,-20.833174599999985],[-47.4159982,-20.834660700000004],[-47.41516419999999,-20.837244200000004],[-47.4171643,-20.8407683],[-47.4156172,-20.84351600000002],[-47.41168699999999,-20.846421400000015],[-47.4133442,-20.855871499999978],[-47.40996460000001,-20.860271800000014],[-47.410196000000006,-20.863247399999995],[-47.4077489,-20.863958100000005],[-47.4103296,-20.867488400000017],[-47.411784000000004,-20.867814599999978],[-47.4110748,-20.8689657],[-47.408154200000006,-20.8693958],[-47.406648600000004,-20.87294029999999],[-47.4071343,-20.875531099999996],[-47.41037450000002,-20.87764330000001],[-47.4114605,-20.88058429999999],[-47.4130481,-20.8803962],[-47.4182962,-20.888678],[-47.42760340000001,-20.89618569999999],[-47.427935899999994,-20.900350699999986],[-47.43679100000001,-20.91822459999999],[-47.437599,-20.9320026],[-47.4400828,-20.941826999999982],[-47.4395321,-20.960453199999986],[-47.4651411,-20.98619339999999],[-47.47247660000001,-20.98460189999999],[-47.4762968,-20.987030499999996],[-47.4803369,-20.99243369999998],[-47.48512530000001,-20.994384100000005],[-47.4882515,-20.9974621],[-47.4891691,-21.007666700000012],[-47.4909823,-21.012118600000004],[-47.4836595,-21.01632510000001],[-47.4910189,-21.0166053],[-47.4938636,-21.018487],[-47.499246199999995,-21.0180652],[-47.505353799999995,-21.024905000000008],[-47.5082201,-21.024702900000005],[-47.5105813,-21.022276499999982],[-47.5149093,-21.0203822],[-47.5178146,-21.01989819999999],[-47.52018760000001,-21.021368000000002],[-47.527280600000005,-21.019800199999988],[-47.5297676,-21.025461299999986],[-47.5406385,-21.0345534],[-47.547348899999996,-21.034273899999995],[-47.5537313,-21.038088099999996],[-47.57192390000001,-21.03843010000001],[-47.5727212,-21.035924999999988],[-47.5704217,-21.0331164],[-47.570622900000004,-21.031262199999993],[-47.567945,-21.0290363],[-47.5669494,-21.024881500000014],[-47.5696242,-21.0229757],[-47.57191449999999,-21.01201519999998],[-47.586572,-20.996399800000017],[-47.594123,-20.9920699],[-47.601578800000006,-20.990383599999994],[-47.6048979,-20.9878546],[-47.6094154,-20.979616599999982],[-47.6112789,-20.973205999999987],[-47.6121915,-20.9685093],[-47.611085,-20.964329900000003],[-47.612129,-20.961940500000004],[-47.6222449,-20.962215800000003],[-47.6277106,-20.964736],[-47.6333618,-20.9624638],[-47.6430227,-20.963530099999982],[-47.64524840000001,-20.9592216],[-47.6537276,-20.953694500000008],[-47.6569682,-20.947902099999983],[-47.665806499999995,-20.944344800000007],[-47.6742786,-20.936429899999986],[-47.678461,-20.936409700000002],[-47.6879809,-20.93980930000001],[-47.6897667,-20.94179819999998],[-47.69994620000001,-20.943663299999987],[-47.706417300000005,-20.9431061],[-47.709802800000006,-20.941074199999985],[-47.7182453,-20.939938800000004],[-47.71912770000001,-20.938214199999983],[-47.7211115,-20.94102120000002],[-47.7218576,-20.9403453],[-47.724268,-20.941974800000022],[-47.7267307,-20.940951699999978],[-47.7294622,-20.9420128],[-47.7335867,-20.94052350000001],[-47.7425525,-20.943768000000002],[-47.744035,-20.94268909999999],[-47.7465701,-20.943456899999994],[-47.749084200000006,-20.93904810000001],[-47.753420500000004,-20.939306800000022],[-47.7543818,-20.934611999999998],[-47.75566130000001,-20.93521609999999],[-47.757488300000006,-20.93309030000001],[-47.76559139999999,-20.932088400000023],[-47.7700306,-20.921656800000004],[-47.7690729,-20.916680800000005],[-47.77139340000001,-20.9160762],[-47.77220690000001,-20.913763299999996],[-47.7708082,-20.912625300000002],[-47.7730699,-20.911509600000002],[-47.7735242,-20.9093455],[-47.77490910000001,-20.908724900000003],[-47.77661650000001,-20.8999689],[-47.7787747,-20.898419500000013],[-47.7797464,-20.8944378]]]}},{"type":"Feature","properties":{"id":"administrativas-04","nome":"Ribeirão Preto"},"geometry":{"type":"Polygon","coordinates":[[[-47.9240426,-21.57328919999999],[-47.9341431,-21.580278999999987],[-47.9384189,-21.579503],[-47.938686,-21.580700499999992],[-47.9356795,-21.58318660000001],[-47.9341461,-21.586953000000005],[-47.93631100000002,-21.588401099999995],[-47.939809800000006,-21.586730000000006],[-47.941566599999994,-21.5875131],[-47.941268699999995,-21.589799799999998],[-47.9369357,-21.591267999999996],[-47.9377332,-21.593166200000006],[-47.943427400000004,-21.5909355],[-47.9459342,-21.591762100000008],[-47.9455829,-21.594409500000012],[-47.9414309,-21.596319600000005],[-47.9422669,-21.598112900000004],[-47.950138,-21.598399499999985],[-47.953354899999994,-21.594309600000013],[-47.9529833,-21.590965],[-47.95518150000001,-21.590547199999985],[-47.964246,-21.5982622],[-47.9700787,-21.594399899999978],[-47.974271800000004,-21.594590099999984],[-47.9776233,-21.591275399999994],[-47.9817123,-21.59280819999999],[-47.9827194,-21.591525200000003],[-47.98102180000001,-21.588030800000002],[-47.9824212,-21.58661289999999],[-47.984765500000016,-21.5882906],[-47.9834175,-21.5937015],[-47.98418290000001,-21.595450099999997],[-47.990750900000016,-21.59558799999999],[-47.9878226,-21.589898600000012],[-47.99218960000001,-21.5889961],[-47.9897362,-21.585031899999983],[-47.993768100000004,-21.584532999999997],[-47.992894,-21.5804554],[-47.9936792,-21.57947479999999],[-47.9986691,-21.581704299999995],[-48.0003176,-21.580847599999988],[-47.9993722,-21.57921589999998],[-47.9950708,-21.5769483],[-47.9891022,-21.577098200000012],[-47.99161,-21.570472600000016],[-47.9909643,-21.565666099999987],[-47.99232200000001,-21.564447799999996],[-47.9947416,-21.564631699999993],[-47.9984681,-21.568515799999997],[-47.99913459999999,-21.566940399999993],[-47.996005100000005,-21.563447399999987],[-47.9956646,-21.561488300000008],[-48.0036694,-21.5591526],[-48.00913460000002,-21.559888899999983],[-48.009903900000005,-21.555618500000005],[-48.0064886,-21.5522427],[-48.007488,-21.548739699999977],[-48.0058357,-21.5445283],[-48.0147212,-21.542049399999996],[-48.0150983,-21.539129499999994],[-48.0119824,-21.53484519999998],[-48.012026,-21.533174599999995],[-48.0142287,-21.532322200000024],[-48.0172938,-21.533498600000012],[-48.0172817,-21.53961679999998],[-48.020353699999994,-21.5397598],[-48.024018,-21.537661500000006],[-48.027869,-21.53880540000001],[-48.026405,-21.53003919999998],[-48.033104400000006,-21.52661309999999],[-48.031713200000006,-21.524473899999993],[-48.02802890000001,-21.522642499999982],[-48.0318472,-21.519154200000006],[-48.028165800000004,-21.514828500000004],[-48.0283103,-21.513542699999995],[-48.0318256,-21.515013599999996],[-48.040187700000004,-21.516251100000005],[-48.04222790000001,-21.515652599999985],[-48.043070099999994,-21.51003409999999],[-48.03865830000001,-21.504624699999987],[-48.04545809999999,-21.501914799999994],[-48.05049350000001,-21.50137470000001],[-48.0519956,-21.499563699999975],[-48.0510604,-21.495550600000016],[-48.04486610000001,-21.495752500000005],[-48.044469199999995,-21.4940867],[-48.047343000000005,-21.49078599999998],[-48.053435,-21.49036099999998],[-48.055355,-21.48922599999998],[-48.05619,-21.485769999999995],[-48.05420900000001,-21.481363999999996],[-48.05812,-21.479398],[-48.05730200000001,-21.475271999999986],[-48.061944,-21.475930999999992],[-48.068725,-21.479855999999987],[-48.070195,-21.47811099999998],[-48.07010930000001,-21.47455419999998],[-48.0720532,-21.474048699999976],[-48.07303850000001,-21.47527549999998],[-48.0717646,-21.478491599999987],[-48.074270000000006,-21.4792385],[-48.0761138,-21.476897099999995],[-48.0774152,-21.470453200000016],[-48.0850397,-21.468724799999993],[-48.0844967,-21.466543000000012],[-48.0815954,-21.463749999999997],[-48.0820824,-21.461572099999994],[-48.084714600000005,-21.461496600000004],[-48.087322500000006,-21.459013699999996],[-48.1030204,-21.453482000000008],[-48.103704300000004,-21.448542699999983],[-48.1090686,-21.444458399999974],[-48.1090493,-21.4282793],[-48.1135027,-21.4205857],[-48.1146755,-21.421375299999987],[-48.1122412,-21.42547980000001],[-48.1168718,-21.4306826],[-48.1176433,-21.43511700000001],[-48.1195663,-21.435788799999983],[-48.1224098,-21.435557199999987],[-48.123857900000004,-21.43675489999999],[-48.126261299999996,-21.435557700000007],[-48.1295657,-21.436156299999997],[-48.1313833,-21.4314424],[-48.1335379,-21.4316346],[-48.1350336,-21.429215300000006],[-48.143567,-21.426622899999973],[-48.1454322,-21.429872699999994],[-48.151563100000004,-21.430103099999997],[-48.1534933,-21.431729400000016],[-48.15809180000001,-21.43262789999998],[-48.160347200000004,-21.4349861],[-48.1601383,-21.4365426],[-48.1620699,-21.437583099999998],[-48.1640078,-21.4376657],[-48.1638286,-21.435529899999977],[-48.1662773,-21.435899100000004],[-48.1678399,-21.4387866],[-48.1714885,-21.436565699999992],[-48.17472109999999,-21.437201400000006],[-48.175487,-21.4384534],[-48.1778485,-21.437572499999987],[-48.1815808,-21.44775080000001],[-48.1882895,-21.4536207],[-48.19420579999999,-21.462606800000007],[-48.197954,-21.4649606],[-48.214693300000015,-21.46718909999999],[-48.221020900000006,-21.471223900000005],[-48.2297128,-21.47212120000001],[-48.2310674,-21.470780299999998],[-48.2346529,-21.473750400000004],[-48.2825552,-21.4812972],[-48.2862354,-21.436547600000008],[-48.29201640000001,-21.434646399999995],[-48.302359800000005,-21.4361689],[-48.3079315,-21.435743900000006],[-48.3193571,-21.432050299999997],[-48.3272504,-21.4262596],[-48.337141100000004,-21.42635449999999],[-48.3358975,-21.41231710000002],[-48.3371674,-21.4020847],[-48.334681,-21.39245560000002],[-48.33583960000001,-21.3852449],[-48.324714,-21.37211970000001],[-48.31959980000001,-21.369015499999993],[-48.3175487,-21.365122700000008],[-48.3118164,-21.3607467],[-48.3181318,-21.357829800000005],[-48.3233455,-21.357301700000004],[-48.3342369,-21.348137999999995],[-48.33424740000001,-21.3392301],[-48.33700040000001,-21.333797099999988],[-48.3365434,-21.33148519999998],[-48.3403236,-21.330331399999974],[-48.3416479,-21.3316636],[-48.3445726,-21.329125800000007],[-48.3451715,-21.32569009999999],[-48.3498487,-21.322346899999996],[-48.3523466,-21.321120199999985],[-48.36963229999999,-21.3215293],[-48.3732395,-21.3238014],[-48.3757809,-21.32339919999999],[-48.3785523,-21.324780300000004],[-48.38376170000001,-21.322731699999988],[-48.3882134,-21.31748349999998],[-48.3914934,-21.3169049],[-48.39610770000001,-21.317253399999995],[-48.4000703,-21.319571799999995],[-48.4098184,-21.317490099999993],[-48.416707299999985,-21.3204217],[-48.42682430000001,-21.318652700000005],[-48.43329940000001,-21.3249622],[-48.432451400000005,-21.33625649999998],[-48.43668190000002,-21.3418979],[-48.4420804,-21.342879599999982],[-48.4510234,-21.3465889],[-48.4542736,-21.343819200000002],[-48.461945500000006,-21.3417159],[-48.4654949,-21.342087099999993],[-48.4745309,-21.33804419999998],[-48.478482099999994,-21.331769499999982],[-48.485140200000004,-21.334682999999977],[-48.486159,-21.3380727],[-48.4900538,-21.341630200000008],[-48.4919857,-21.346066900000004],[-48.4945003,-21.347256100000006],[-48.5034481,-21.344581299999994],[-48.5128439,-21.34418700000002],[-48.5274038,-21.352015100000017],[-48.5377098,-21.354106400000003],[-48.544115899999994,-21.35245499999998],[-48.5504216,-21.34489340000001],[-48.5530704,-21.339009100000016],[-48.555638200000004,-21.340439500000016],[-48.5650267,-21.337878],[-48.57385579999999,-21.3416838],[-48.577325699999996,-21.339741200000006],[-48.5756207,-21.336488899999992],[-48.5767212,-21.330236499999984],[-48.5806674,-21.3266915],[-48.585884899999996,-21.324265500000003],[-48.5888945,-21.314649800000005],[-48.599819100000005,-21.314498200000003],[-48.6033311,-21.3154297],[-48.604975200000005,-21.313963600000005],[-48.6050837,-21.30781590000002],[-48.6084035,-21.300265600000014],[-48.61198079999999,-21.293070899999996],[-48.620161,-21.286375499999988],[-48.6283148,-21.27235090000001],[-48.6314798,-21.26108220000001],[-48.6310865,-21.2559568],[-48.6354917,-21.251383200000003],[-48.6406413,-21.2481287],[-48.6389895,-21.246055600000016],[-48.6408385,-21.241180800000002],[-48.6453094,-21.24266859999999],[-48.6532051,-21.2398253],[-48.6541006,-21.238772200000007],[-48.653479,-21.236486300000006],[-48.6502326,-21.23382840000001],[-48.6505788,-21.23273520000001],[-48.6536394,-21.231095599999996],[-48.6594199,-21.23111099999997],[-48.66161420000001,-21.230622099999977],[-48.661959,-21.2292422],[-48.6681943,-21.228582000000003],[-48.6715451,-21.226080599999978],[-48.6729423,-21.2234385],[-48.6764757,-21.223265400000013],[-48.680804299999984,-21.2201931],[-48.6867189,-21.218619],[-48.69163879999999,-21.220906899999996],[-48.69554140000001,-21.220914299999993],[-48.69964550000002,-21.216480600000004],[-48.70055849999999,-21.213220399999994],[-48.7042091,-21.21290490000001],[-48.7069546,-21.206772900000004],[-48.7005769,-21.210824799999994],[-48.69601290000001,-21.212246800000006],[-48.68753250000002,-21.210841300000002],[-48.68306040000001,-21.2087078],[-48.6786102,-21.212508699999994],[-48.673218000000006,-21.20696729999999],[-48.667052,-21.2056111],[-48.66121780000001,-21.206253899999986],[-48.65248020000001,-21.21115949999999],[-48.6449528,-21.20747469999998],[-48.6389431,-21.20723789999999],[-48.633759,-21.200516400000016],[-48.625892,-21.1964169],[-48.62112880000001,-21.197504600000002],[-48.61776040000001,-21.199877900000015],[-48.6098082,-21.200941400000016],[-48.6002709,-21.21158890000001],[-48.5951052,-21.212329000000018],[-48.5911082,-21.214502400000015],[-48.5868264,-21.214101000000003],[-48.5848421,-21.2131266],[-48.580921,-21.203556400000004],[-48.5839776,-21.184181200000005],[-48.5811682,-21.1656834],[-48.5714883,-21.162160599999996],[-48.5678057,-21.162959200000017],[-48.56544590000001,-21.164971200000007],[-48.561178,-21.164757100000006],[-48.55865070000001,-21.166337800000008],[-48.55435090000002,-21.165389800000003],[-48.546784400000014,-21.16813179999998],[-48.5387917,-21.16917470000001],[-48.5389183,-21.178165800000006],[-48.5358175,-21.185831500000006],[-48.528058,-21.1890622],[-48.520529,-21.1876634],[-48.51477270000001,-21.190155299999997],[-48.5132838,-21.185630799999974],[-48.5091415,-21.1833357],[-48.4977461,-21.184147400000022],[-48.4827886,-21.18209649999997],[-48.4770971,-21.179319999999993],[-48.463321,-21.18097640000001],[-48.4569726,-21.1835386],[-48.4535453,-21.183558900000012],[-48.455954600000005,-21.188189199999997],[-48.4559697,-21.195976099999996],[-48.458981200000004,-21.202905],[-48.453420099999995,-21.2122034],[-48.44312469999999,-21.209029200000014],[-48.4385342,-21.2001286],[-48.4353576,-21.20082989999999],[-48.428564400000006,-21.1971418],[-48.4263702,-21.19452540000002],[-48.423656099999995,-21.183653999999994],[-48.4245066,-21.179512999999982],[-48.42148540000001,-21.172990399999996],[-48.4169799,-21.17071470000001],[-48.402530500000005,-21.173001899999992],[-48.385978200000004,-21.16856830000001],[-48.361955900000005,-21.139833600000014],[-48.3483657,-21.130630499999995],[-48.3473847,-21.128361600000005],[-48.353875300000006,-21.12066769999998],[-48.35697090000001,-21.118869700000012],[-48.3636418,-21.119455399999993],[-48.3716984,-21.114784000000007],[-48.37449240000001,-21.1116042],[-48.3744542,-21.109429499999994],[-48.3641896,-21.104385000000004],[-48.35922120000001,-21.1037696],[-48.3458396,-21.10593719999999],[-48.344316400000004,-21.103289399999994],[-48.34860259999999,-21.0977982],[-48.34949929999999,-21.0922385],[-48.353593000000004,-21.081670500000005],[-48.3592638,-21.08357630000002],[-48.3643395,-21.0881603],[-48.3794546,-21.097317399999994],[-48.3863881,-21.097888199999993],[-48.393728,-21.096620700000013],[-48.3992729,-21.094833200000004],[-48.40276850000001,-21.090634399999992],[-48.4088586,-21.089632100000024],[-48.41409589999999,-21.0900272],[-48.4236682,-21.094879599999995],[-48.4310014,-21.095349100000007],[-48.4414106,-21.086237999999984],[-48.444628200000004,-21.081268600000005],[-48.4451479,-21.074636],[-48.4490039,-21.071878],[-48.4529642,-21.070272500000005],[-48.4581486,-21.078342800000005],[-48.45900090000001,-21.076990699999996],[-48.460699700000006,-21.070297299999986],[-48.46003600000001,-21.063746699999985],[-48.45611120000002,-21.052822100000004],[-48.4521587,-21.051645],[-48.4474764,-21.04710400000002],[-48.441690600000015,-21.044777100000008],[-48.4282981,-21.033926999999984],[-48.42566260000001,-21.03038939999999],[-48.416567500000006,-21.0260979],[-48.4109271,-21.01976],[-48.405992,-21.017167600000015],[-48.4020971,-21.010496099999987],[-48.4012669,-21.0055739],[-48.3924294,-21.00789399999999],[-48.3769797,-21.007955],[-48.380873099999995,-21.003128800000002],[-48.38264590000001,-20.983251],[-48.3790148,-20.976515100000007],[-48.3784509,-20.968795600000004],[-48.37327249999999,-20.963533400000003],[-48.3735714,-20.9598228],[-48.3716491,-20.9580794],[-48.3696964,-20.951656999999983],[-48.3672194,-20.949083599999973],[-48.3388395,-20.955009700000005],[-48.3228283,-20.954435399999998],[-48.31509880000001,-20.951864499999992],[-48.30205150000001,-20.95310910000001],[-48.284925,-20.952926199999997],[-48.274909199999996,-20.943699399999996],[-48.2735301,-20.939599499999986],[-48.2680205,-20.938314800000008],[-48.2611209,-20.93161579999999],[-48.25791100000001,-20.931031399999988],[-48.2295106,-20.90027839999998],[-48.224341700000004,-20.897478900000017],[-48.2185235,-20.89210659999999],[-48.2076778,-20.87538689999999],[-48.20288800000001,-20.879605300000005],[-48.1900826,-20.886651300000004],[-48.1823314,-20.886222400000005],[-48.1738645,-20.888929599999987],[-48.169114400000005,-20.88473580000001],[-48.1661501,-20.88409890000001],[-48.162817200000006,-20.885378400000008],[-48.159029,-20.89087909999998],[-48.15487819999999,-20.893674400000027],[-48.1408113,-20.8923645],[-48.12583360000001,-20.90189840000001],[-48.1122115,-20.902874600000008],[-48.103666999999994,-20.900090199999998],[-48.0880257,-20.908850600000005],[-48.0827248,-20.91319830000001],[-48.079361199999994,-20.914047599999986],[-48.0724395,-20.92318330000001],[-48.0648811,-20.923306899999986],[-48.0579394,-20.93043320000001],[-48.05344230000001,-20.9315646],[-48.04858829999999,-20.92937030000001],[-48.0467463,-20.925502999999996],[-48.0464424,-20.917662600000003],[-48.0374356,-20.9067044],[-48.0247721,-20.9024291],[-48.01625729999999,-20.892817899999997],[-47.9853687,-20.876369899999997],[-47.9601162,-20.891469399999995],[-47.9561856,-20.890434399999993],[-47.9516481,-20.891815399999977],[-47.94486500000001,-20.896365899999996],[-47.94369100000001,-20.898505700000005],[-47.9397182,-20.899946699999997],[-47.9356953,-20.892967999999986],[-47.92677980000001,-20.884330599999974],[-47.9227152,-20.882952],[-47.9119153,-20.8907821],[-47.9062293,-20.889780799999997],[-47.9032665,-20.8908836],[-47.8970985,-20.897186],[-47.8896356,-20.909867099999985],[-47.8857779,-20.909047099999995],[-47.8784834,-20.905180600000005],[-47.8749578,-20.898951099999987],[-47.870586100000004,-20.894537499999988],[-47.8564525,-20.898290699999997],[-47.8553385,-20.90097580000002],[-47.8512068,-20.9017165],[-47.8496486,-20.90460680000001],[-47.84637649999999,-20.905280099999995],[-47.8447676,-20.90797159999997],[-47.8401088,-20.910697600000002],[-47.8370836,-20.910553899999996],[-47.8345291,-20.908738200000013],[-47.8285236,-20.90135949999999],[-47.818151799999995,-20.8942642],[-47.8088856,-20.8904961],[-47.7991895,-20.88976960000002],[-47.799150899999994,-20.892853499999998],[-47.7960997,-20.89975939999999],[-47.7887058,-20.89789319999999],[-47.7853647,-20.895344399999992],[-47.7797464,-20.8944378],[-47.7787747,-20.898419500000013],[-47.77661650000001,-20.8999689],[-47.77490910000001,-20.908724900000003],[-47.7735242,-20.9093455],[-47.7730699,-20.911509600000002],[-47.7708082,-20.912625300000002],[-47.77220690000001,-20.913763299999996],[-47.77139340000001,-20.9160762],[-47.7690729,-20.916680800000005],[-47.7700306,-20.921656800000004],[-47.76559139999999,-20.932088400000023],[-47.757488300000006,-20.93309030000001],[-47.75566130000001,-20.93521609999999],[-47.7543818,-20.934611999999998],[-47.753420500000004,-20.939306800000022],[-47.749084200000006,-20.93904810000001],[-47.7465701,-20.943456899999994],[-47.744035,-20.94268909999999],[-47.7425525,-20.943768000000002],[-47.7335867,-20.94052350000001],[-47.7294622,-20.9420128],[-47.7267307,-20.940951699999978],[-47.724268,-20.941974800000022],[-47.7218576,-20.9403453],[-47.7211115,-20.94102120000002],[-47.71912770000001,-20.938214199999983],[-47.7182453,-20.939938800000004],[-47.709802800000006,-20.941074199999985],[-47.706417300000005,-20.9431061],[-47.69994620000001,-20.943663299999987],[-47.6897667,-20.94179819999998],[-47.6879809,-20.93980930000001],[-47.678461,-20.936409700000002],[-47.6742786,-20.936429899999986],[-47.665806499999995,-20.944344800000007],[-47.6569682,-20.947902099999983],[-47.6537276,-20.953694500000008],[-47.64524840000001,-20.9592216],[-47.6430227,-20.963530099999982],[-47.6333618,-20.9624638],[-47.6277106,-20.964736],[-47.6222449,-20.962215800000003],[-47.612129,-20.961940500000004],[-47.611085,-20.964329900000003],[-47.6121915,-20.9685093],[-47.6112789,-20.973205999999987],[-47.6094154,-20.979616599999982],[-47.6048979,-20.9878546],[-47.601578800000006,-20.990383599999994],[-47.594123,-20.9920699],[-47.586572,-20.996399800000017],[-47.57191449999999,-21.01201519999998],[-47.5696242,-21.0229757],[-47.5669494,-21.024881500000014],[-47.567945,-21.0290363],[-47.570622900000004,-21.031262199999993],[-47.5704217,-21.0331164],[-47.5727212,-21.035924999999988],[-47.57192390000001,-21.03843010000001],[-47.5571354,-21.038234500000005],[-47.551835100000005,-21.037539199999994],[-47.547348899999996,-21.034273899999995],[-47.5406385,-21.0345534],[-47.5297676,-21.025461299999986],[-47.527280600000005,-21.019800199999988],[-47.52018760000001,-21.021368000000002],[-47.5178146,-21.01989819999999],[-47.5149093,-21.0203822],[-47.5105813,-21.022276499999982],[-47.5082201,-21.024702900000005],[-47.5059493,-21.02504899999999],[-47.5035313,-21.0237095],[-47.499246199999995,-21.0180652],[-47.4938636,-21.018487],[-47.4910189,-21.0166053],[-47.4836595,-21.01632510000001],[-47.4909823,-21.012118600000004],[-47.4891691,-21.007666700000012],[-47.4882515,-20.9974621],[-47.48512530000001,-20.994384100000005],[-47.4803369,-20.99243369999998],[-47.4762968,-20.987030499999996],[-47.47247660000001,-20.98460189999999],[-47.4651411,-20.98619339999999],[-47.4395321,-20.960453199999986],[-47.4400828,-20.941826999999982],[-47.437599,-20.9320026],[-47.43679100000001,-20.91822459999999],[-47.427935899999994,-20.900350699999986],[-47.42760340000001,-20.89618569999999],[-47.4182962,-20.888678],[-47.4130481,-20.8803962],[-47.4114605,-20.88058429999999],[-47.41037450000002,-20.87764330000001],[-47.4071343,-20.875531099999996],[-47.406648600000004,-20.87294029999999],[-47.408154200000006,-20.8693958],[-47.4110748,-20.8689657],[-47.411784000000004,-20.867814599999978],[-47.4103296,-20.867488400000017],[-47.4077489,-20.863958100000005],[-47.410196000000006,-20.863247399999995],[-47.40996460000001,-20.860271800000014],[-47.4133442,-20.855871499999978],[-47.41168699999999,-20.846421400000015],[-47.4156172,-20.84351600000002],[-47.4171643,-20.8407683],[-47.41516419999999,-20.837244200000004],[-47.4159982,-20.834660700000004],[-47.41509190000001,-20.833174599999985],[-47.4183202,-20.826225599999983],[-47.4168738,-20.824845499999988],[-47.41508640000001,-20.818542599999986],[-47.4137063,-20.817583000000003],[-47.4121152,-20.809143099999993],[-47.4109095,-20.810336399999983],[-47.409000999999996,-20.809698999999995],[-47.40638560000001,-20.811050499999997],[-47.4066568,-20.8123479],[-47.3963149,-20.8108718],[-47.394370900000006,-20.81340099999998],[-47.394760500000004,-20.814778400000005],[-47.3931819,-20.815479100000005],[-47.39283139999999,-20.819465899999994],[-47.385539800000004,-20.82244409999998],[-47.3824451,-20.8199392],[-47.38021660000001,-20.82146680000001],[-47.3790435,-20.82037390000001],[-47.3780881,-20.82159269999999],[-47.3771549,-20.820358799999994],[-47.3744944,-20.822417999999995],[-47.37070279999999,-20.821486700000015],[-47.3696915,-20.827127599999994],[-47.3657896,-20.82568509999999],[-47.3630376,-20.826693499999998],[-47.3563842,-20.825287700000008],[-47.3547337,-20.8297525],[-47.3449017,-20.82768629999999],[-47.3435186,-20.830418699999985],[-47.347140100000004,-20.832328900000004],[-47.347579499999995,-20.833941900000003],[-47.3451258,-20.8343513],[-47.34509820000001,-20.835433099999996],[-47.3484437,-20.837524099999985],[-47.34964479999999,-20.84002840000001],[-47.3472516,-20.844358299999982],[-47.3486517,-20.847888400000002],[-47.346562,-20.84987010000001],[-47.3446789,-20.848980499999982],[-47.34283200000001,-20.849600999999996],[-47.3448868,-20.8520233],[-47.344509200000005,-20.854234700000003],[-47.34150720000001,-20.85766109999999],[-47.3386368,-20.857783699999995],[-47.33669259999999,-20.85920919999998],[-47.3331372,-20.858772299999988],[-47.3329646,-20.859867299999987],[-47.32870650000001,-20.859899099999982],[-47.3302899,-20.85847950000001],[-47.329422799999996,-20.8576461],[-47.3275566,-20.859304599999994],[-47.32686120000002,-20.85626809999999],[-47.3277605,-20.855354900000012],[-47.32368040000001,-20.8523732],[-47.3251106,-20.8505675],[-47.323137800000005,-20.847734],[-47.3210026,-20.847111199999997],[-47.319935000000015,-20.848524599999983],[-47.316411900000006,-20.8492928],[-47.313185000000004,-20.847678499999994],[-47.3148442,-20.845591699999982],[-47.31347370000001,-20.843491399999998],[-47.314852900000005,-20.843140499999993],[-47.31452949999999,-20.841283099999995],[-47.30648870000002,-20.843179599999992],[-47.3070353,-20.83864580000001],[-47.305882300000015,-20.83732589999999],[-47.3022039,-20.8402319],[-47.302493,-20.841688100000002],[-47.300974,-20.84118330000001],[-47.2998219,-20.842373100000003],[-47.2987383,-20.841246400000013],[-47.2993046,-20.840274599999983],[-47.2977573,-20.839454100000005],[-47.293849,-20.841511699999987],[-47.2942671,-20.83879439999999],[-47.28952830000001,-20.838188499999976],[-47.2907023,-20.836960899999983],[-47.2895525,-20.835916],[-47.2878661,-20.837918800000004],[-47.2874223,-20.8367208],[-47.285266000000014,-20.83705369999998],[-47.2861447,-20.838698200000003],[-47.2832847,-20.83848700000001],[-47.2834571,-20.841133700000018],[-47.28210070000001,-20.84274139999998],[-47.2806799,-20.841264400000004],[-47.27559730000001,-20.84385609999998],[-47.2785284,-20.845344500000007],[-47.2757389,-20.846436999999987],[-47.273295,-20.8498046],[-47.26732110000001,-20.85420949999999],[-47.266016300000004,-20.85607689999999],[-47.2666734,-20.85815579999998],[-47.263610799999995,-20.857026],[-47.263235200000004,-20.853619299999995],[-47.259739,-20.854938999999984],[-47.2600798,-20.8566281],[-47.2582958,-20.858023799999998],[-47.257273100000006,-20.8563124],[-47.2553737,-20.856849899999993],[-47.2554222,-20.859801700000002],[-47.25096870000001,-20.8606722],[-47.2521837,-20.8620829],[-47.25099860000002,-20.863909],[-47.246132,-20.86457170000001],[-47.24403610000001,-20.86281819999998],[-47.2380714,-20.861463500000003],[-47.23591,-20.85840899999999],[-47.2312057,-20.8579886],[-47.2301007,-20.85882119999999],[-47.2288642,-20.856439200000004],[-47.2273595,-20.856471599999985],[-47.2400443,-20.88528170000002],[-47.22457310000001,-20.9116135],[-47.2104581,-20.924138999999997],[-47.1900399,-20.928218100000006],[-47.192566,-20.94205300000001],[-47.186619400000005,-20.94949329999998],[-47.1830119,-20.951641999999996],[-47.1819813,-20.953646799999984],[-47.17361930000001,-20.954256600000004],[-47.1688419,-20.956493099999996],[-47.1680447,-20.962533799999992],[-47.1645367,-20.966052299999998],[-47.1606655,-20.966371400000014],[-47.15326410000001,-20.97089409999998],[-47.1512901,-20.97135339999999],[-47.1495699,-20.9699703],[-47.1478143,-20.972492899999995],[-47.1474209,-20.97774000000001],[-47.14373890000001,-20.982385699999977],[-47.1456828,-20.990797],[-47.150646,-20.997481999999984],[-47.1511234,-21.010314099999995],[-47.1538994,-21.01293080000001],[-47.157029900000005,-21.018824700000014],[-47.1548959,-21.02292599999999],[-47.152672,-21.024390300000004],[-47.1478615,-21.035460900000007],[-47.1469812,-21.03804179999999],[-47.1481212,-21.044855099999992],[-47.1459806,-21.0478688],[-47.146100800000006,-21.059051499999985],[-47.1394224,-21.06935410000001],[-47.1422962,-21.08823580000001],[-47.1370422,-21.088022899999995],[-47.1371818,-21.089778499999994],[-47.1335687,-21.09025489999999],[-47.1288437,-21.09538570000001],[-47.1281243,-21.099215300000008],[-47.1239796,-21.10136690000001],[-47.12026950000001,-21.101351200000003],[-47.11401300000001,-21.10539289999999],[-47.1131514,-21.104921500000014],[-47.1127893,-21.108639499999995],[-47.118477399999996,-21.109053299999996],[-47.118396400000016,-21.1101982],[-47.1215378,-21.112473799999997],[-47.1268745,-21.121670999999996],[-47.1262322,-21.12534729999999],[-47.1310544,-21.1291829],[-47.1335055,-21.1334556],[-47.1314877,-21.138202200000016],[-47.12682,-21.144273699999996],[-47.1224561,-21.1455331],[-47.1185995,-21.14904350000001],[-47.1173051,-21.15369590000001],[-47.1236478,-21.167909399999996],[-47.1185632,-21.1753462],[-47.1187879,-21.1857521],[-47.1143048,-21.187656600000004],[-47.107634600000004,-21.196424599999983],[-47.1028287,-21.20056769999998],[-47.09920120000002,-21.207401399999988],[-47.09925810000001,-21.214193399999996],[-47.09565140000001,-21.20967369999999],[-47.0883668,-21.209610999999988],[-47.08657310000001,-21.207417099999997],[-47.08306960000001,-21.2086345],[-47.074491600000016,-21.207905900000007],[-47.0688768,-21.209015399999988],[-47.0647067,-21.207093499999996],[-47.062209700000004,-21.209169900000013],[-47.0623125,-21.211538399999995],[-47.0679641,-21.214312299999996],[-47.0723327,-21.2258406],[-47.07891219999999,-21.2305951],[-47.0790111,-21.2334235],[-47.0762104,-21.2357158],[-47.077288200000005,-21.24022350000001],[-47.07607569999999,-21.241175599999995],[-47.0690657,-21.241619699999983],[-47.06309230000001,-21.239313100000007],[-47.05228170000001,-21.2465187],[-47.052119499999996,-21.2504959],[-47.0502848,-21.2534524],[-47.0513082,-21.257396500000002],[-47.0450512,-21.262954400000012],[-47.0451534,-21.266919099999996],[-47.044224299999996,-21.267355300000016],[-47.0480777,-21.268267899999998],[-47.0508914,-21.265603999999986],[-47.05509639999999,-21.2639663],[-47.057488,-21.2645458],[-47.0599583,-21.267569],[-47.0625465,-21.267639099999997],[-47.0654749,-21.269355200000007],[-47.0682613,-21.275524599999997],[-47.07165549999999,-21.27636409999998],[-47.0771076,-21.284906300000028],[-47.08389180000001,-21.288000600000004],[-47.094716,-21.286242199999993],[-47.088863100000005,-21.294620299999995],[-47.0897286,-21.29740900000001],[-47.10766660000001,-21.31582529999999],[-47.1188913,-21.319504799999994],[-47.12758570000001,-21.328815100000007],[-47.1300847,-21.32807129999999],[-47.13320039999999,-21.3228462],[-47.13663520000001,-21.32017990000001],[-47.14672749999999,-21.3054329],[-47.14379519999999,-21.29733269999999],[-47.1449153,-21.2943882],[-47.146624300000006,-21.294893099999996],[-47.1501559,-21.299676300000005],[-47.1586859,-21.303234999999994],[-47.1732521,-21.315918999999997],[-47.1767687,-21.3244183],[-47.1792804,-21.336753999999996],[-47.18767149999999,-21.346767999999994],[-47.1918566,-21.3480149],[-47.1872661,-21.353152400000003],[-47.18702030000001,-21.358777599999996],[-47.1921271,-21.363709599999996],[-47.19257530000001,-21.367442000000015],[-47.197748400000016,-21.373137499999995],[-47.2002222,-21.3794565],[-47.2046167,-21.384991299999996],[-47.20369850000001,-21.389698400000004],[-47.2070083,-21.396105900000006],[-47.2061813,-21.3981382],[-47.2096837,-21.401814900000005],[-47.208969,-21.40727329999999],[-47.20612580000002,-21.40902399999997],[-47.2080815,-21.41432849999999],[-47.2147053,-21.415157800000006],[-47.2148099,-21.417253699999996],[-47.21673499999999,-21.4185424],[-47.217058,-21.4215888],[-47.21598519999999,-21.423196199999985],[-47.213701,-21.423692700000007],[-47.21492260000001,-21.42699449999999],[-47.219115,-21.42919399999998],[-47.2240122,-21.428149399999988],[-47.222682400000004,-21.426031900000012],[-47.22595200000001,-21.4252308],[-47.22561139999999,-21.42103809999998],[-47.2276522,-21.420144300000015],[-47.2313361,-21.42208849999999],[-47.23364769999999,-21.427233900000004],[-47.2319079,-21.431946],[-47.2328309,-21.43694929999999],[-47.2363726,-21.439284000000008],[-47.2369566,-21.443020199999996],[-47.240094600000006,-21.44379599999999],[-47.2424161,-21.442225999999984],[-47.2510634,-21.4453692],[-47.25711800000001,-21.450025699999994],[-47.264195400000006,-21.451316400000003],[-47.2638029,-21.4550298],[-47.27162190000001,-21.45750199999999],[-47.271722800000006,-21.459083100000022],[-47.27871830000001,-21.468432300000014],[-47.2761407,-21.478758299999996],[-47.2776816,-21.479691600000013],[-47.277577900000004,-21.481920499999987],[-47.2759553,-21.483279800000005],[-47.2745998,-21.487643999999985],[-47.277031199999996,-21.49106879999998],[-47.2761307,-21.4944654],[-47.2777941,-21.498650199999997],[-47.2774283,-21.5011768],[-47.282051800000005,-21.51027419999999],[-47.28229220000001,-21.515615200000006],[-47.27844120000001,-21.519363699999985],[-47.2782917,-21.5228299],[-47.2764203,-21.52613360000001],[-47.2817956,-21.543574299999996],[-47.2890858,-21.552926999999997],[-47.29092070000001,-21.553599799999994],[-47.2946257,-21.552153],[-47.2989045,-21.553849100000008],[-47.3054546,-21.5507976],[-47.3108838,-21.5528413],[-47.3109064,-21.554260299999985],[-47.31594710000001,-21.558491799999995],[-47.3213397,-21.559996400000003],[-47.3248297,-21.55878480000001],[-47.3274809,-21.55938460000001],[-47.331625499999994,-21.56426499999998],[-47.3355597,-21.56472620000001],[-47.3375024,-21.56314089999999],[-47.3457938,-21.56217180000001],[-47.350315,-21.564456899999996],[-47.3570924,-21.57000479999998],[-47.35837500000001,-21.5795227],[-47.3602973,-21.5812121],[-47.3617968,-21.586207299999977],[-47.3651215,-21.588995800000003],[-47.3642764,-21.59369309999998],[-47.37671749999999,-21.59958199999999],[-47.3801718,-21.600604000000025],[-47.3818819,-21.599479899999984],[-47.39922520000001,-21.613740899999986],[-47.403762300000004,-21.611673899999996],[-47.41284910000001,-21.602550899999994],[-47.42196119999999,-21.6028304],[-47.424736400000015,-21.60174230000001],[-47.43009670000001,-21.604183700000018],[-47.4339509,-21.61065819999999],[-47.4372078,-21.61317149999999],[-47.44013189999999,-21.61353709999999],[-47.4427336,-21.611797400000004],[-47.4413457,-21.609573199999993],[-47.4417115,-21.601043399999995],[-47.4393219,-21.592614099999988],[-47.44434710000001,-21.588333999999982],[-47.450366,-21.577043100000008],[-47.455449300000005,-21.577387500000007],[-47.465159,-21.575113300000012],[-47.4709681,-21.57586580000001],[-47.49211939999999,-21.570058299999996],[-47.5017006,-21.56894360000002],[-47.5117296,-21.561912],[-47.5184547,-21.564605699999994],[-47.5267376,-21.56598049999998],[-47.5306829,-21.565466799999985],[-47.53957110000001,-21.561558799999997],[-47.542935400000005,-21.558545800000005],[-47.544276,-21.55625300000001],[-47.5433416,-21.5519048],[-47.5442632,-21.551366699999974],[-47.5482491,-21.555147600000012],[-47.5565715,-21.558066800000006],[-47.5646753,-21.5584646],[-47.5659535,-21.556768799999997],[-47.57115490000001,-21.558928300000012],[-47.5782159,-21.553739499999995],[-47.5870341,-21.551891799999982],[-47.592012,-21.5483675],[-47.59948810000001,-21.546772499999996],[-47.600073,-21.556680499999995],[-47.60524650000001,-21.564005600000016],[-47.604039100000016,-21.57450150000001],[-47.60783969999999,-21.582534799999998],[-47.6258063,-21.592259299999977],[-47.631857,-21.58945179999999],[-47.6392354,-21.589199299999986],[-47.64298910000001,-21.592925700000002],[-47.6472005,-21.593644999999977],[-47.650006700000006,-21.596238400000008],[-47.6581162,-21.59755039999998],[-47.6608718,-21.59936140000001],[-47.66724340000001,-21.600726600000005],[-47.67095140000001,-21.6031085],[-47.6713941,-21.607003200000005],[-47.6760175,-21.609278500000002],[-47.6780368,-21.6116692],[-47.6790867,-21.614699399999974],[-47.67616369999999,-21.623045100000002],[-47.67747390000001,-21.626003299999997],[-47.677213200000004,-21.631971699999983],[-47.68021860000002,-21.65286609999998],[-47.6789584,-21.657075700000004],[-47.6848796,-21.663318700000005],[-47.6858919,-21.667258399999987],[-47.694011100000004,-21.675775699999985],[-47.6968542,-21.677390999999986],[-47.697952,-21.676522599999995],[-47.6998136,-21.67723129999998],[-47.6991787,-21.678971500000003],[-47.7042949,-21.680000999999997],[-47.70885200000001,-21.6833003],[-47.7119629,-21.68365950000002],[-47.71787700000001,-21.69482459999997],[-47.721465400000014,-21.697929799999997],[-47.7241394,-21.70624819999999],[-47.72753199999999,-21.7095709],[-47.7315988,-21.710650200000007],[-47.73413,-21.714278400000012],[-47.7368293,-21.71188279999999],[-47.74533910000001,-21.709300999999993],[-47.7478455,-21.7068413],[-47.7501621,-21.7014143],[-47.7561062,-21.70007969999999],[-47.75912309999999,-21.6956904],[-47.7647993,-21.694369699999996],[-47.76815220000001,-21.691463799999976],[-47.7814301,-21.691610900000004],[-47.783670900000004,-21.693833000000012],[-47.7847518,-21.69855670000001],[-47.78654420000001,-21.699829400000013],[-47.79009340000001,-21.69902829999998],[-47.7956533,-21.69462670000001],[-47.8032613,-21.695424299999992],[-47.8090995,-21.699287999999996],[-47.8118596,-21.699111699999992],[-47.816564800000016,-21.696606599999996],[-47.8166678,-21.694789299999997],[-47.8121742,-21.6898346],[-47.8118267,-21.6801192],[-47.8234193,-21.67261460000001],[-47.82998930000001,-21.670749900000004],[-47.830578,-21.66946230000001],[-47.822454,-21.664163200000004],[-47.816927799999995,-21.662541999999995],[-47.8188381,-21.6599715],[-47.82597410000001,-21.656701500000004],[-47.8256114,-21.65335439999999],[-47.820675600000015,-21.650096899999998],[-47.81817829999999,-21.6469522],[-47.816098100000005,-21.64687600000001],[-47.8137515,-21.648803500000014],[-47.8118218,-21.648393799999987],[-47.806827600000005,-21.635511500000003],[-47.80229130000001,-21.63538640000001],[-47.801613800000005,-21.63312559999998],[-47.803795300000004,-21.63031000000001],[-47.8111445,-21.63140899999999],[-47.8140393,-21.626963999999997],[-47.8177635,-21.624956199999996],[-47.816440099999994,-21.620995200000003],[-47.81855600000001,-21.614766799999995],[-47.8258602,-21.612347899999993],[-47.82784939999999,-21.612777499999996],[-47.830920299999995,-21.6160007],[-47.833968600000006,-21.61444140000001],[-47.8346077,-21.611596200000008],[-47.832682600000005,-21.605206499999984],[-47.82982950000001,-21.603069699999974],[-47.830075,-21.6014573],[-47.83184970000001,-21.600999399999992],[-47.8371443,-21.604519399999983],[-47.83921229999999,-21.6002969],[-47.8404799,-21.600330099999994],[-47.8412973,-21.602632800000006],[-47.83917,-21.60622730000001],[-47.8399135,-21.606789800000005],[-47.8462563,-21.597967999999977],[-47.8499626,-21.599815900000007],[-47.8535392,-21.597428300000015],[-47.858289400000004,-21.60132889999998],[-47.8576992,-21.602691300000007],[-47.8539272,-21.604145399999982],[-47.8561771,-21.6078183],[-47.8592371,-21.609120599999983],[-47.864462700000004,-21.606915699999977],[-47.862580200000004,-21.610949500000007],[-47.8649587,-21.612095399999987],[-47.8689538,-21.610784999999993],[-47.8687342,-21.614764699999995],[-47.86990380000001,-21.61581579999999],[-47.871504,-21.61466039999999],[-47.8723227,-21.610418400000004],[-47.87470580000001,-21.609833999999996],[-47.8789973,-21.612595300000002],[-47.8807243,-21.6110813],[-47.879504000000004,-21.608134299999982],[-47.87121619999999,-21.6060516],[-47.871340200000006,-21.6030018],[-47.8767298,-21.59897330000001],[-47.88099410000001,-21.598236900000014],[-47.878437600000005,-21.596492400000006],[-47.8781066,-21.594802100000003],[-47.882519,-21.591532299999983],[-47.88185090000001,-21.589277999999993],[-47.8846115,-21.591292700000007],[-47.88611319999999,-21.5905954],[-47.8850768,-21.586201000000006],[-47.8897108,-21.581986499999992],[-47.892896,-21.58258040000002],[-47.8948545,-21.58619510000001],[-47.8967232,-21.587050199999993],[-47.898313,-21.58569269999999],[-47.8985198,-21.581846500000005],[-47.89983079999999,-21.5815189],[-47.9009724,-21.58380820000001],[-47.8988531,-21.587909299999986],[-47.9004992,-21.589470700000003],[-47.9033273,-21.587778300000004],[-47.9047128,-21.584083799999988],[-47.9024988,-21.5801432],[-47.9050099,-21.579481700000013],[-47.9088659,-21.583120399999988],[-47.91021700000001,-21.588338300000007],[-47.912498199999995,-21.589447100000022],[-47.915999400000004,-21.5873711],[-47.918300900000006,-21.583336200000005],[-47.923307,-21.584599100000002],[-47.9238871,-21.58305909999999],[-47.922519,-21.57916939999999],[-47.9253154,-21.575818299999998],[-47.9240426,-21.57328919999999]]]}},{"type":"Feature","properties":{"id":"administrativas-05","nome":"Santos"},"geometry":{"type":"MultiPolygon","coordinates":[[[[-47.0311118,-24.42846459999999],[-47.0312876,-24.42878070000001],[-47.0312951,-24.428444300000002],[-47.0311118,-24.42846459999999]]],[[[-46.9937817,-24.41142329999997],[-46.9943319,-24.411031099999988],[-46.9935023,-24.4110835],[-46.9937817,-24.41142329999997]]],[[[-47.00084170000001,-24.409955499999995],[-47.0024792,-24.4106012],[-47.0034042,-24.409643999999993],[-47.0005784,-24.4084642],[-47.00084170000001,-24.409955499999995]]],[[[-46.9995119,-24.408035300000016],[-46.9994886,-24.408543999999996],[-46.9996753,-24.408489600000003],[-46.9995119,-24.408035300000016]]],[[[-47.0075912,-24.39646299999998],[-47.007395400000014,-24.396108599999998],[-47.0072498,-24.396290800000003],[-47.0075912,-24.39646299999998]]],[[[-46.98828100000001,-24.384026800000015],[-46.9864057,-24.3845064],[-46.9885259,-24.385310399999995],[-46.98828100000001,-24.384026800000015]]],[[[-46.98687900000001,-24.379437899999967],[-46.98360670000001,-24.380788599999995],[-46.9845981,-24.382420599999975],[-46.9875936,-24.381542000000007],[-46.98687900000001,-24.379437899999967]]],[[[-46.8063809,-24.376264900000002],[-46.808020600000006,-24.375943899999985],[-46.8079535,-24.374409200000017],[-46.8053414,-24.3745644],[-46.8063809,-24.376264900000002]]],[[[-46.80340930000001,-24.373635999999994],[-46.8039607,-24.3752986],[-46.8048921,-24.375362099999986],[-46.8051038,-24.374744599999996],[-46.80340930000001,-24.373635999999994]]],[[[-47.0050852,-24.3678381],[-47.0049403,-24.367283700000005],[-47.00456019999999,-24.36761849999999],[-47.0050852,-24.3678381]]],[[[-46.9793444,-24.36122750000001],[-46.981039700000004,-24.362695899999995],[-46.979707,-24.360523300000004],[-46.9793444,-24.36122750000001]]],[[[-46.9997924,-24.349523899999998],[-46.9995087,-24.349548100000007],[-46.9997149,-24.349592499999993],[-46.9997924,-24.349523899999998]]],[[[-46.85331480000001,-24.223875299999985],[-46.9402013,-24.280800200000005],[-46.9718344,-24.30505359999998],[-46.99394030000001,-24.325411499999998],[-47.0018676,-24.3355963],[-47.0017128,-24.3392857],[-46.999431,-24.34133020000001],[-47.001714899999996,-24.344519100000017],[-47.00007500000001,-24.34654760000001],[-47.00028090000001,-24.348966899999997],[-46.998871400000006,-24.3508224],[-46.995999999999995,-24.350524399999998],[-46.9986706,-24.351630799999995],[-47.0024817,-24.362065899999994],[-47.0069366,-24.366907699999995],[-47.0093426,-24.367213399999997],[-47.0182394,-24.378836100000008],[-47.0163207,-24.3873831],[-47.01375320000001,-24.387541199999987],[-47.0134098,-24.38867029999999],[-47.00847940000001,-24.388658399999994],[-47.0108162,-24.390372400000004],[-47.0093668,-24.396633599999998],[-47.00129030000001,-24.398262],[-47.0017422,-24.400471299999978],[-47.0050135,-24.401637999999995],[-47.0037122,-24.409479299999997],[-47.0093206,-24.4101723],[-47.0075735,-24.4138581],[-47.0112446,-24.414486599999982],[-47.0153451,-24.41247],[-47.021475,-24.417007499999983],[-47.0202683,-24.419984399999997],[-47.0214962,-24.422591],[-47.0246522,-24.423622099999974],[-47.025037499999996,-24.424961300000003],[-47.0301743,-24.4274482],[-47.037177,-24.4268843],[-47.04535630000001,-24.430461999999984],[-47.04693640000001,-24.429932000000004],[-47.0489858,-24.43147380000002],[-47.0482585,-24.4325852],[-47.053278899999995,-24.4331004],[-47.0778999,-24.448204499999996],[-47.07839800000001,-24.44112699999999],[-47.08102900000001,-24.43768900000001],[-47.081262,-24.434134],[-47.085798,-24.430655999999978],[-47.088028,-24.43311599999999],[-47.09366200000001,-24.435518000000005],[-47.101991000000005,-24.433283999999986],[-47.108070000000005,-24.429820000000014],[-47.108006,-24.42693699999997],[-47.111814,-24.426002999999994],[-47.114403,-24.420040000000007],[-47.117726,-24.41691699999999],[-47.116552,-24.412775],[-47.11370300000001,-24.410363999999998],[-47.113215999999994,-24.402254],[-47.111902,-24.399061999999994],[-47.107951,-24.397723999999993],[-47.10067500000002,-24.391295],[-47.10695199999999,-24.388405000000006],[-47.110991000000006,-24.388069000000005],[-47.113164,-24.385945000000007],[-47.110997999999995,-24.382550999999996],[-47.116173,-24.379190999999985],[-47.116412,-24.37671900000002],[-47.11416899999999,-24.37169799999999],[-47.120765999999996,-24.364766],[-47.11990399999999,-24.363227999999978],[-47.11735,-24.359432],[-47.112515,-24.35590699999999],[-47.11148000000001,-24.35248599999998],[-47.10957599999999,-24.35116299999999],[-47.107723,-24.350808999999984],[-47.102453,-24.354046000000004],[-47.095877,-24.353938999999993],[-47.09039400000001,-24.352404],[-47.086255,-24.34795900000001],[-47.074852,-24.34313299999999],[-47.064426999999995,-24.343804999999996],[-47.062858000000006,-24.33793999999999],[-47.056179,-24.33875799999999],[-47.051695,-24.335756999999994],[-47.04499100000001,-24.334389000000005],[-47.039421,-24.328806999999994],[-47.038893,-24.326479],[-47.034559,-24.321466000000015],[-47.026705,-24.301591999999996],[-47.023728,-24.288332999999994],[-47.02109000000001,-24.283267],[-47.02359200000001,-24.280397],[-47.02697700000002,-24.27989999999999],[-47.027992,-24.278023],[-47.033435,-24.279165999999996],[-47.04029100000001,-24.27363399999998],[-47.04902100000001,-24.276624000000012],[-47.052028,-24.27306299999999],[-47.05184,-24.27068599999998],[-47.054083,-24.269385],[-47.05707700000001,-24.26419900000001],[-47.054841,-24.257855],[-47.050009,-24.25247200000002],[-47.048489,-24.252218999999993],[-47.049532,-24.249747999999997],[-47.044411000000004,-24.249100999999992],[-47.046278,-24.245272999999997],[-47.043894,-24.242884999999987],[-47.043439,-24.239240000000002],[-47.038629,-24.233732],[-47.031276,-24.231722999999985],[-47.029967,-24.229440999999998],[-47.030469,-24.223420000000004],[-47.029131,-24.21984699999999],[-47.03283200000001,-24.219011000000016],[-47.03552000000001,-24.222299999999972],[-47.039449,-24.222052999999978],[-47.04036700000001,-24.218477999999998],[-47.04290300000001,-24.216710000000013],[-47.04866899999999,-24.216624],[-47.055182,-24.21134500000001],[-47.05943000000001,-24.211136],[-47.064879,-24.20291600000001],[-47.068067,-24.200820999999994],[-47.06853500000001,-24.198661999999985],[-47.067225000000015,-24.197479999999995],[-47.07075900000001,-24.195226000000005],[-47.06504600000001,-24.192313999999985],[-47.06573100000001,-24.190125],[-47.064635,-24.186968999999998],[-47.057791,-24.185034999999992],[-47.05438800000001,-24.181699000000002],[-47.049244999999985,-24.181616],[-47.041989,-24.177096999999993],[-47.04220200000001,-24.173116999999984],[-47.040858,-24.170454000000003],[-47.031041,-24.157624999999992],[-47.03278900000001,-24.154298],[-47.032041,-24.151718999999993],[-47.033756000000004,-24.14717],[-47.031119999999994,-24.148311000000007],[-47.018404,-24.141905999999988],[-47.013115,-24.141195],[-47.009942,-24.137552000000003],[-47.01028500000001,-24.13189],[-47.005417,-24.127745],[-47.00332099999999,-24.127739000000002],[-46.991943,-24.122041000000007],[-46.987775000000006,-24.122690999999985],[-46.98604000000002,-24.125113999999996],[-46.98338600000001,-24.123314999999998],[-46.978373000000005,-24.122425000000003],[-46.974726000000004,-24.117235],[-46.975395,-24.115263999999975],[-46.972113,-24.113507000000002],[-46.97193499999999,-24.110307000000017],[-46.96831,-24.10747599999999],[-46.969587000000004,-24.102233999999992],[-46.969428,-24.092550000000003],[-46.978674,-24.086383999999995],[-46.97819700000001,-24.081170999999994],[-46.980899,-24.080640999999982],[-46.983198,-24.07413700000001],[-46.979284000000014,-24.06806600000001],[-46.97860560000001,-24.064250700000002],[-46.9767572,-24.062549299999993],[-46.9734025,-24.06110169999998],[-46.9706763,-24.0616087],[-46.968478499999996,-24.059297499999992],[-46.9646748,-24.058394300000007],[-46.9638426,-24.055129500000007],[-46.96673750000001,-24.054632099999992],[-46.96734610000001,-24.053190299999997],[-46.9671221,-24.050791399999994],[-46.9649593,-24.048437800000002],[-46.9674843,-24.047393499999995],[-46.9678102,-24.044730499999986],[-46.9650133,-24.043279500000004],[-46.963097000000005,-24.045773699999977],[-46.9608235,-24.045947300000012],[-46.9540381,-24.04383139999998],[-46.9530395,-24.04518519999999],[-46.9504804,-24.042472],[-46.9461481,-24.043605699999997],[-46.945842000000006,-24.0405744],[-46.9405357,-24.040033000000005],[-46.93970770000001,-24.038763500000005],[-46.9418975,-24.03636659999998],[-46.9362067,-24.033386699999998],[-46.93417650000001,-24.03569009999999],[-46.9326489,-24.042204299999995],[-46.9282027,-24.045011200000005],[-46.9205886,-24.041526400000002],[-46.9165957,-24.04374830000001],[-46.911315900000005,-24.041528300000003],[-46.909792,-24.041888399999987],[-46.9084243,-24.04501689999998],[-46.9003413,-24.0461444],[-46.897926,-24.041577800000002],[-46.89404230000001,-24.041709499999993],[-46.890594,-24.038544000000005],[-46.8893107,-24.038592500000004],[-46.8882322,-24.036737299999984],[-46.893341,-24.03605689999999],[-46.89300810000001,-24.034244299999983],[-46.8902833,-24.0311706],[-46.8854556,-24.028587199999983],[-46.885313200000006,-24.0243842],[-46.8826189,-24.0232906],[-46.875957200000016,-24.024151300000003],[-46.874726,-24.022711199999993],[-46.8718671,-24.023879500000007],[-46.8676694,-24.019174600000007],[-46.869374199999996,-24.0165086],[-46.8733135,-24.016106099999995],[-46.8734001,-24.0140272],[-46.8684858,-24.0096306],[-46.8696727,-24.0086355],[-46.8707086,-24.00252989999998],[-46.8691756,-24.000715699999997],[-46.87103499999999,-23.9985732],[-46.872571,-23.999126600000004],[-46.8739001,-24.00194089999999],[-46.8751178,-24.001809500000004],[-46.8830399,-23.98956819999998],[-46.8825104,-23.98396140000001],[-46.87361600000001,-23.978618899999997],[-46.8676163,-23.980148799999995],[-46.862291,-23.974188399999992],[-46.857810300000004,-23.973890399999995],[-46.856619300000006,-23.97263979999998],[-46.8553134,-23.9734973],[-46.851257499999996,-23.970028499999994],[-46.8485597,-23.96506610000001],[-46.84517199999999,-23.9626817],[-46.839589,-23.9620097],[-46.8386498,-23.958603500000006],[-46.8347854,-23.956270500000002],[-46.8272278,-23.957042400000013],[-46.8262628,-23.958263000000013],[-46.82303860000001,-23.955159200000004],[-46.8260045,-23.951427],[-46.828624000000005,-23.950488899999996],[-46.8299233,-23.947305199999988],[-46.8223059,-23.94445639999998],[-46.8201995,-23.942236299999998],[-46.8172348,-23.943545399999987],[-46.8155621,-23.940728400000005],[-46.8135525,-23.9398464],[-46.8076577,-23.9399769],[-46.806898000000004,-23.93815300000001],[-46.801268,-23.93784700000001],[-46.79672,-23.939640999999988],[-46.793259,-23.943086999999995],[-46.78959600000001,-23.940765999999982],[-46.786695,-23.941589000000004],[-46.783596,-23.944606999999994],[-46.783534,-23.946912000000005],[-46.781103,-23.948724000000006],[-46.774172,-23.950344000000005],[-46.77511299999998,-23.956784999999996],[-46.771454000000006,-23.961220999999988],[-46.764893,-23.961727],[-46.762572,-23.964413],[-46.76367400000001,-23.96591499999999],[-46.763051,-23.967872000000014],[-46.75820100000001,-23.972543],[-46.754815,-23.97303299999999],[-46.755007,-23.975588000000005],[-46.757007,-23.97816999999998],[-46.759055,-23.978650999999996],[-46.758204,-23.980584000000004],[-46.762323,-23.988020000000013],[-46.764606000000015,-23.988610999999995],[-46.76643700000001,-23.991658000000008],[-46.76808400000001,-23.998663999999998],[-46.774736999999995,-24.002989000000003],[-46.77119900000002,-24.008186000000006],[-46.769164,-24.008263999999997],[-46.7669,-24.00535000000001],[-46.763033,-24.00620200000001],[-46.755048,-23.996783],[-46.75220900000001,-23.995788999999995],[-46.750896000000004,-23.996513000000004],[-46.749548999999995,-23.994427999999992],[-46.744655,-23.993789999999994],[-46.74331900000001,-23.991892000000004],[-46.737696,-23.991826000000007],[-46.7311,-23.995495],[-46.720858,-23.993001999999986],[-46.719534,-23.995031999999988],[-46.71448199999999,-23.996115000000003],[-46.70788400000001,-23.99088799999999],[-46.703266000000006,-23.99162699999998],[-46.698918,-23.99013699999999],[-46.692632,-23.98461100000001],[-46.687808000000004,-23.984771000000006],[-46.685133,-23.98239699999999],[-46.682907,-23.982588],[-46.680297,-23.987013000000005],[-46.675374000000005,-23.98942499999999],[-46.661937,-23.988101999999998],[-46.65970599999999,-23.991599],[-46.65315300000001,-23.996522999999996],[-46.649907999999996,-24.001600999999994],[-46.642444999999995,-23.997759000000002],[-46.64036900000001,-23.997833],[-46.637901,-23.994343000000015],[-46.634929,-23.994747999999998],[-46.633723,-23.992732000000004],[-46.629209,-23.990858000000014],[-46.633264000000004,-23.987839000000015],[-46.633279,-23.983758999999996],[-46.635757000000005,-23.977461999999996],[-46.629636,-23.97318500000002],[-46.620545,-23.970807000000004],[-46.61798280000001,-23.967776799999996],[-46.6158197,-23.967288199999988],[-46.61253940000001,-23.969931600000013],[-46.6119465,-23.96776280000001],[-46.60937200000001,-23.967638],[-46.606972,-23.965613000000005],[-46.600287,-23.963556999999998],[-46.597297,-23.96344399999999],[-46.59493,-23.965225999999994],[-46.592237,-23.962946999999996],[-46.585299,-23.960838000000003],[-46.580286,-23.95577],[-46.57719300000001,-23.956872999999973],[-46.57531199999999,-23.953938999999984],[-46.571346000000005,-23.952489000000014],[-46.569671,-23.94678899999998],[-46.56620199999999,-23.949607],[-46.56764400000001,-23.951050999999985],[-46.567761,-23.95341600000001],[-46.565787,-23.953836],[-46.564313,-23.952706999999997],[-46.563484,-23.948587999999976],[-46.560971,-23.946497999999988],[-46.56040800000001,-23.947325999999993],[-46.558727999999995,-23.946285000000003],[-46.556447,-23.94152],[-46.552174,-23.940402999999986],[-46.552213,-23.936981999999997],[-46.548384,-23.933242999999997],[-46.548273,-23.929731],[-46.545684,-23.930149000000004],[-46.543752,-23.928366999999994],[-46.54426900000001,-23.92668599999999],[-46.540724000000004,-23.923629999999992],[-46.535346000000004,-23.923256000000006],[-46.53405400000001,-23.921263],[-46.53474500000001,-23.920207],[-46.53226200000001,-23.91757599999998],[-46.526049,-23.915760000000006],[-46.524359999999994,-23.913357],[-46.52128400000001,-23.912255],[-46.520878,-23.91096099999999],[-46.522692,-23.911176],[-46.521640999999995,-23.909107000000006],[-46.52241899999999,-23.907747999999998],[-46.519947,-23.90534200000001],[-46.51500699999999,-23.905874999999998],[-46.512483,-23.904377999999998],[-46.509062,-23.904148],[-46.503783000000006,-23.90477999999999],[-46.500859999999996,-23.902378999999996],[-46.497423,-23.901473000000003],[-46.493126,-23.89596],[-46.492618000000014,-23.890392000000006],[-46.48787649999999,-23.884701900000003],[-46.485251,-23.883454],[-46.483542,-23.884078999999996],[-46.484443999999996,-23.885674999999992],[-46.482613,-23.885703999999993],[-46.478068,-23.879185999999997],[-46.475255000000004,-23.878810999999985],[-46.47283,-23.874578],[-46.469376,-23.872927999999998],[-46.466418,-23.865839],[-46.46812200000001,-23.86471799999999],[-46.465827999999995,-23.861013],[-46.45862100000001,-23.866135999999994],[-46.4597,-23.863177],[-46.45455200000001,-23.85390899999999],[-46.451351,-23.851443000000003],[-46.443685,-23.850247999999997],[-46.44110700000002,-23.847307000000004],[-46.437898,-23.842582999999973],[-46.439012,-23.839832000000005],[-46.442601,-23.841703999999996],[-46.443865,-23.841000000000005],[-46.439392,-23.833215999999982],[-46.44099299999999,-23.833317000000008],[-46.438829,-23.831359000000006],[-46.441525,-23.829841999999992],[-46.443937999999996,-23.830702000000006],[-46.444515,-23.829132999999995],[-46.44114100000001,-23.828715],[-46.440081,-23.829591999999998],[-46.439265000000006,-23.828347999999977],[-46.437404,-23.82930199999999],[-46.43781000000001,-23.826306999999986],[-46.434169999999995,-23.824054999999998],[-46.43377600000001,-23.82548399999999],[-46.431725,-23.826001000000012],[-46.42659400000001,-23.825273000000013],[-46.419727,-23.819496999999995],[-46.415141,-23.81701899999998],[-46.414608,-23.818005999999997],[-46.411862,-23.81679999999999],[-46.405708,-23.812308000000012],[-46.396052,-23.811778000000004],[-46.394332,-23.814359999999997],[-46.38939200000001,-23.809905999999998],[-46.38339700000001,-23.80964399999998],[-46.38230999999999,-23.807518999999985],[-46.377598000000006,-23.804134000000005],[-46.373327,-23.79545999999999],[-46.37711800000001,-23.795029000000014],[-46.377069999999996,-23.793588],[-46.37238700000001,-23.789711000000015],[-46.367435,-23.792488999999986],[-46.362395,-23.79119899999998],[-46.361070000000005,-23.79247299999999],[-46.35866000000001,-23.792151999999994],[-46.356404000000005,-23.790603999999984],[-46.354444000000015,-23.791471999999985],[-46.353628,-23.788484],[-46.349169,-23.787164000000008],[-46.345174,-23.787460000000014],[-46.343243,-23.78453],[-46.338191,-23.781535],[-46.331781,-23.78125800000001],[-46.3234,-23.78538400000002],[-46.32032400000001,-23.785135],[-46.32029200000001,-23.80309699999999],[-46.316528,-23.801995999999992],[-46.304005,-23.788934999999988],[-46.299707000000005,-23.786923999999996],[-46.296665,-23.787747000000007],[-46.29133,-23.781208000000003],[-46.284567,-23.776733999999994],[-46.273713,-23.76611],[-46.27008,-23.765789000000005],[-46.264599000000004,-23.767761000000007],[-46.26028,-23.767913],[-46.257983,-23.766185999999998],[-46.255331,-23.763049],[-46.255655000000004,-23.759956999999993],[-46.24885799999999,-23.756896],[-46.246703,-23.752354],[-46.24787700000002,-23.746289],[-46.245869,-23.745594999999984],[-46.245235,-23.742975999999985],[-46.241995,-23.741093000000003],[-46.238761,-23.735359000000013],[-46.234897000000004,-23.737213000000004],[-46.227005999999996,-23.736976000000002],[-46.22521700000001,-23.740454],[-46.222641,-23.740463999999996],[-46.21772300000001,-23.744114000000003],[-46.21024500000001,-23.741720999999977],[-46.207993,-23.745532000000008],[-46.208104,-23.751280999999974],[-46.201109,-23.751303],[-46.19919999999999,-23.75307300000002],[-46.196616,-23.752796999999994],[-46.19408700000001,-23.754227999999987],[-46.19027499999999,-23.750626999999987],[-46.189881,-23.747628999999986],[-46.18640599999999,-23.744683],[-46.178418,-23.74567199999999],[-46.176869,-23.735897],[-46.17415600000001,-23.735783999999978],[-46.17035,-23.732328],[-46.16584400000001,-23.734364999999993],[-46.16396300000002,-23.732706999999998],[-46.15859600000001,-23.732221000000017],[-46.155867,-23.736212999999996],[-46.15023500000001,-23.73252700000002],[-46.147793,-23.728265000000007],[-46.139854,-23.725856],[-46.137776,-23.726385],[-46.136225,-23.724703],[-46.131817,-23.72486899999999],[-46.12612000000001,-23.712894999999996],[-46.124325000000006,-23.714983999999987],[-46.122408,-23.71487899999998],[-46.12357,-23.717138000000002],[-46.122657,-23.718726999999998],[-46.118191,-23.715765999999995],[-46.113919,-23.717801],[-46.111467,-23.71488199999998],[-46.108546,-23.715142],[-46.106397,-23.711522],[-46.103825,-23.711661999999997],[-46.104004,-23.71530099999999],[-46.10020599999999,-23.719871999999995],[-46.101615,-23.72272299999999],[-46.09950400000002,-23.725044000000004],[-46.096977,-23.725851000000013],[-46.09975800000001,-23.72907700000001],[-46.103593000000004,-23.729175000000016],[-46.107178,-23.73106099999999],[-46.102395000000016,-23.736325000000008],[-46.097727,-23.735567000000007],[-46.09560800000001,-23.73379],[-46.084603,-23.733819],[-46.07742400000001,-23.732625999999975],[-46.06774000000001,-23.729039000000014],[-46.065488000000016,-23.725881999999988],[-46.066083,-23.723615000000013],[-46.065133,-23.722336000000002],[-46.056949,-23.716063999999992],[-46.043774,-23.72002699999999],[-46.03723200000001,-23.720972],[-46.03091200000001,-23.720115],[-46.026914,-23.718008999999995],[-46.02584900000001,-23.71560999999998],[-46.01665499999999,-23.714847000000017],[-46.008499,-23.708676999999987],[-46.004233,-23.708121],[-45.996866000000004,-23.70453799999999],[-45.992233,-23.705579000000004],[-45.987058000000005,-23.699417000000008],[-45.976513,-23.694006000000005],[-45.971284999999995,-23.694744000000007],[-45.96951,-23.696946],[-45.955037,-23.694132999999997],[-45.954103,-23.695565999999996],[-45.956236000000004,-23.69726599999998],[-45.956626,-23.700566000000002],[-45.95186100000001,-23.699586],[-45.95046,-23.702288],[-45.941784,-23.699949],[-45.940118,-23.701474000000005],[-45.93741700000001,-23.700574],[-45.936097,-23.701209],[-45.925956,-23.69369499999999],[-45.923964000000005,-23.68965],[-45.919764,-23.688432999999996],[-45.919815,-23.687127],[-45.92279800000001,-23.685367999999997],[-45.924412000000004,-23.681334],[-45.918171,-23.67757099999999],[-45.91687600000001,-23.672233],[-45.91751300000001,-23.669178999999982],[-45.915062,-23.66556000000001],[-45.91187500000001,-23.66439900000001],[-45.90564400000001,-23.664311],[-45.90553,-23.660842999999996],[-45.900656,-23.658977000000025],[-45.899555,-23.655856000000004],[-45.89294,-23.655503999999986],[-45.890738,-23.657024000000007],[-45.887063,-23.65727199999999],[-45.883038,-23.653311999999993],[-45.87555500000001,-23.654230000000005],[-45.873196,-23.652618999999994],[-45.87208600000001,-23.654761999999998],[-45.87005,-23.655170999999985],[-45.86274399999999,-23.652066000000005],[-45.859488000000006,-23.655035999999992],[-45.85767700000001,-23.65525699999998],[-45.85542800000001,-23.653333999999983],[-45.856509,-23.650593000000008],[-45.854686,-23.64934600000001],[-45.854684000000006,-23.64666099999999],[-45.850657,-23.64772],[-45.849843,-23.64386100000001],[-45.847297000000005,-23.64559799999999],[-45.845081,-23.64362699999999],[-45.841985,-23.648469000000002],[-45.833932000000004,-23.64840299999999],[-45.832829,-23.651167000000008],[-45.831143000000004,-23.651561999999966],[-45.833131,-23.656377],[-45.831744,-23.65727000000002],[-45.83105200000001,-23.66311899999999],[-45.835249000000005,-23.664861999999996],[-45.838004,-23.66913299999998],[-45.832609000000005,-23.669918],[-45.831385,-23.671864000000006],[-45.829402,-23.672386000000007],[-45.830231,-23.674749999999996],[-45.82569600000001,-23.67447299999999],[-45.823292,-23.676202000000007],[-45.820599,-23.674926000000017],[-45.814109,-23.67692699999999],[-45.808868,-23.67550500000002],[-45.805366,-23.676739000000005],[-45.798179000000005,-23.675399999999996],[-45.794071,-23.680083000000007],[-45.796922,-23.684653000000008],[-45.799601,-23.693111],[-45.798074,-23.694042],[-45.796588,-23.700415],[-45.797071,-23.705187999999996],[-45.794878,-23.715684000000007],[-45.79934800000001,-23.720627999999987],[-45.80733200000002,-23.724833999999994],[-45.84240230000001,-23.75819599999999],[-45.8710333,-23.76094279999999],[-45.87935070000001,-23.763209299999993],[-45.8814362,-23.76245330000002],[-45.8983204,-23.76535289999999],[-45.9411516,-23.775717800000024],[-45.972647,-23.78535029999999],[-45.9905798,-23.7929746],[-45.99277870000001,-23.795690599999993],[-45.991591,-23.7971723],[-45.99284659999999,-23.80027500000001],[-45.997757799999995,-23.803210899999996],[-46.0002298,-23.803560799999982],[-46.00033220000001,-23.801516499999995],[-46.0021108,-23.799898900000002],[-46.008131000000006,-23.800268700000007],[-46.023458600000005,-23.80514499999999],[-46.0342637,-23.81055679999999],[-46.037778200000005,-23.813825400000002],[-46.039342100000006,-23.817787800000012],[-46.038511699999994,-23.8201187],[-46.0351777,-23.820514200000023],[-46.0349849,-23.821396499999995],[-46.038531400000004,-23.822021200000002],[-46.0397886,-23.823784500000002],[-46.03898,-23.825919399999982],[-46.0470781,-23.832034299999997],[-46.0515922,-23.829308499999996],[-46.0503871,-23.828143700000005],[-46.04739849999999,-23.828352400000018],[-46.04498829999999,-23.8253827],[-46.0455481,-23.822374],[-46.048271,-23.81889059999999],[-46.057481100000004,-23.81433729999999],[-46.06622159999999,-23.81459529999999],[-46.085022000000016,-23.8206782],[-46.1006122,-23.827719499999994],[-46.118214000000016,-23.836615000000005],[-46.128397400000004,-23.844086300000008],[-46.1329342,-23.851402299999986],[-46.13313260000001,-23.8580087],[-46.1301882,-23.856863300000004],[-46.1257431,-23.85702319999999],[-46.12382550000001,-23.8607711],[-46.1275176,-23.8630601],[-46.1312855,-23.8630681],[-46.1363269,-23.8681126],[-46.13646030000001,-23.8710514],[-46.1393867,-23.875324799999998],[-46.137547299999994,-23.877200399999996],[-46.14087249999999,-23.880843900000013],[-46.1374469,-23.885539000000016],[-46.13816,-23.8901131],[-46.14084069999999,-23.892105899999997],[-46.1481776,-23.893775699999996],[-46.152095800000005,-23.901125599999993],[-46.150582299999996,-23.9058546],[-46.1471366,-23.90481939999998],[-46.1461764,-23.9057761],[-46.1557287,-23.909256200000005],[-46.15651380000001,-23.907024200000006],[-46.160651,-23.906510300000004],[-46.1671342,-23.9110452],[-46.1685905,-23.915089800000004],[-46.1721556,-23.91706789999999],[-46.1742258,-23.921368],[-46.1788713,-23.924183800000005],[-46.1805433,-23.93309359999998],[-46.17835409999999,-23.9390277],[-46.173865600000006,-23.941559800000004],[-46.1702226,-23.9378641],[-46.1683385,-23.937736399999984],[-46.1655934,-23.944157300000008],[-46.160411100000005,-23.945524299999995],[-46.1670105,-23.94700719999999],[-46.1725675,-23.957872699999996],[-46.177712800000016,-23.9605347],[-46.1819031,-23.9611759],[-46.1847043,-23.965379299999995],[-46.1845917,-23.971256],[-46.1870217,-23.9727925],[-46.185766799999996,-23.974964100000015],[-46.187247400000004,-23.977430599999995],[-46.1848108,-23.978808],[-46.18676020000001,-23.9821999],[-46.1842051,-23.9829558],[-46.1860472,-23.984518799999986],[-46.186325,-23.98685369999999],[-46.18171470000001,-23.989139],[-46.1829807,-23.9915466],[-46.1852891,-23.992137300000003],[-46.187894100000015,-23.989941799999993],[-46.19128490000001,-23.989939900000003],[-46.19570869999999,-23.993987299999997],[-46.200363,-23.995111099999992],[-46.20085639999999,-23.996593400000005],[-46.1996891,-23.997666999999993],[-46.2024904,-24.0006075],[-46.2066845,-24.00024709999998],[-46.2077746,-23.998976000000006],[-46.202709899999995,-23.994128499999984],[-46.203666100000014,-23.991310299999988],[-46.21190030000002,-23.98640779999998],[-46.2279191,-23.988172600000002],[-46.2396519,-23.9907848],[-46.247397600000006,-23.993858099999997],[-46.24805520000001,-23.995844100000014],[-46.2523774,-23.996612500000012],[-46.25565480000001,-23.99960940000001],[-46.25926960000002,-24.000135700000005],[-46.265198,-24.004051899999983],[-46.267444000000005,-24.009072499999988],[-46.2652771,-24.010061700000012],[-46.2629812,-24.014077000000004],[-46.2693214,-24.0132468],[-46.27446020000001,-24.0159028],[-46.27856630000001,-24.0204935],[-46.28031080000002,-24.0259671],[-46.2777389,-24.0302657],[-46.2781132,-24.036387000000005],[-46.28195780000001,-24.03838069999998],[-46.2826157,-24.0430309],[-46.2889225,-24.045150900000003],[-46.287615,-24.04223949999999],[-46.2898211,-24.0398109],[-46.28684210000001,-24.0382563],[-46.28915070000001,-24.03669049999998],[-46.28758100000002,-24.0360485],[-46.28802050000001,-24.034424199999982],[-46.2847189,-24.032385200000004],[-46.284514,-24.029325500000006],[-46.28580680000001,-24.028548599999997],[-46.28407870000001,-24.02647480000001],[-46.2861367,-24.024196100000005],[-46.2893117,-24.025662399999995],[-46.292123,-24.02314590000001],[-46.29253850000001,-24.022029600000003],[-46.2908237,-24.019705100000003],[-46.2949655,-24.0159868],[-46.2994977,-24.016100399999996],[-46.30456199999999,-24.0194846],[-46.311180400000005,-24.028664799999998],[-46.3126609,-24.027043100000007],[-46.3119963,-24.0225697],[-46.3130021,-24.020809200000002],[-46.315267000000006,-24.020259999999997],[-46.3192572,-24.0245976],[-46.3246677,-24.0215655],[-46.32286820000001,-24.016332999999992],[-46.3236141,-24.012255500000013],[-46.32233430000001,-24.0095292],[-46.323475,-24.0090997],[-46.3201451,-24.003001299999994],[-46.32067409999999,-24.000769999999992],[-46.32216670000001,-24.00048529999999],[-46.32119649999999,-23.998790399999997],[-46.3196472,-23.997366600000003],[-46.3161756,-23.996988599999984],[-46.31514,-23.998471499999994],[-46.3132824,-23.9982566],[-46.311062400000004,-23.996136199999995],[-46.3082528,-23.995683999999976],[-46.305666,-23.99117969999999],[-46.317459100000015,-23.979053200000006],[-46.3255315,-23.9746589],[-46.3323278,-23.972723200000015],[-46.3473285,-23.970552499999986],[-46.3496982,-23.970840900000006],[-46.3502686,-23.97251089999999],[-46.3509612,-23.971541],[-46.3527317,-23.9723643],[-46.3577438,-23.970954400000004],[-46.36595990000001,-23.97286309999998],[-46.3686878,-23.974857100000023],[-46.3698327,-23.9776026],[-46.3678503,-23.978485500000016],[-46.3672633,-23.981132799999987],[-46.36888660000002,-23.981882299999974],[-46.3724888,-23.980182900000003],[-46.37167639999999,-23.97651990000001],[-46.3726862,-23.976050299999994],[-46.37172540000001,-23.974912099999987],[-46.375083700000005,-23.96993669999999],[-46.37748450000001,-23.969412499999994],[-46.3817174,-23.970719799999994],[-46.385821699999994,-23.974366400000005],[-46.388635900000004,-23.974775699999995],[-46.388745,-23.97628939999999],[-46.38401770000001,-23.9783782],[-46.38097780000001,-23.9772579],[-46.38043230000001,-23.979203300000005],[-46.378501600000014,-23.9798683],[-46.3788045,-23.984174399999997],[-46.37474869999999,-23.985182499999997],[-46.3745129,-23.986727499999986],[-46.3782711,-23.9923495],[-46.377995999999996,-23.99378189999999],[-46.38416310000001,-23.995573799999995],[-46.386915,-23.995153500000004],[-46.39179370000001,-23.998383400000005],[-46.391535,-24.001789799999997],[-46.388745500000006,-24.0052262],[-46.39225369999999,-24.007949599999982],[-46.39115580000001,-24.012981900000007],[-46.3864956,-24.0145886],[-46.3836651,-24.018434399999993],[-46.39012530000001,-24.01700879999998],[-46.391569700000005,-24.021529199999996],[-46.39026810000001,-24.02382679999999],[-46.3989054,-24.033519099999992],[-46.4017174,-24.0321703],[-46.399098,-24.026558500000004],[-46.39987820000001,-24.018823699999977],[-46.40814970000001,-24.015842399999997],[-46.4248092,-24.016691599999994],[-46.44547260000001,-24.02111320000001],[-46.4650745,-24.027436299999998],[-46.5203696,-24.050471999999992],[-46.63509140000001,-24.1044789],[-46.6953364,-24.13628],[-46.748971000000004,-24.1664343],[-46.788846400000004,-24.187245799999992],[-46.7891097,-24.18901709999999],[-46.7926157,-24.1911812],[-46.7938932,-24.193876499999984],[-46.800267100000006,-24.195117499999995],[-46.8016125,-24.197550699999997],[-46.8045178,-24.1983603],[-46.8048125,-24.200358799999986],[-46.808455000000016,-24.20137799999999],[-46.8106902,-24.200649400000003],[-46.8104398,-24.201975400000006],[-46.811975,-24.202573900000008],[-46.81195290000001,-24.201332499999996],[-46.8146204,-24.201251599999985],[-46.820292599999995,-24.204243400000003],[-46.85331480000001,-24.223875299999985]]],[[[-46.8908754,-24.2543882],[-46.8900403,-24.25404039999999],[-46.8895167,-24.254455199999995],[-46.8908754,-24.2543882]]],[[[-46.6747694,-24.47830959999999],[-46.6746575,-24.483934700000002],[-46.6715984,-24.485653399999975],[-46.671384800000006,-24.488663199999994],[-46.6762472,-24.491996800000024],[-46.6775361,-24.490900799999995],[-46.6765426,-24.488593299999998],[-46.6779366,-24.4847055],[-46.6774336,-24.477973299999995],[-46.675947400000005,-24.47588249999999],[-46.67650799999999,-24.47789910000001],[-46.6747694,-24.47830959999999]]],[[[-46.6911045,-24.23706209999999],[-46.6902426,-24.2370562],[-46.69054400000001,-24.237724299999996],[-46.6911045,-24.23706209999999]]],[[[-46.79205900000001,-24.19408319999999],[-46.7924468,-24.1952267],[-46.7933028,-24.193725600000004],[-46.79205900000001,-24.19408319999999]]],[[[-46.27102420000001,-24.04972519999999],[-46.270651900000004,-24.0498581],[-46.2710804,-24.049881200000005],[-46.27102420000001,-24.04972519999999]]],[[[-46.260819,-24.0448184],[-46.26263169999999,-24.048390600000012],[-46.2603894,-24.05141220000001],[-46.2612123,-24.0527312],[-46.26736530000001,-24.050158199999984],[-46.26449610000002,-24.048344899999996],[-46.262809100000005,-24.04529079999999],[-46.260819,-24.0448184]]],[[[-46.295001,-24.02847999999999],[-46.29433370000001,-24.027487199999992],[-46.29398690000001,-24.027756499999985],[-46.295001,-24.02847999999999]]],[[[-46.2927096,-24.025908499999993],[-46.2937256,-24.025364400000004],[-46.2921956,-24.024556800000013],[-46.292108400000004,-24.024921799999984],[-46.2927096,-24.025908499999993]]],[[[-46.3249251,-24.008030499999993],[-46.3241577,-24.009388899999998],[-46.325411500000016,-24.009389200000005],[-46.3249251,-24.008030499999993]]],[[[-46.3678176,-23.982538299999987],[-46.3681955,-23.982043100000002],[-46.367649699999994,-23.982101200000017],[-46.3678176,-23.982538299999987]]],[[[-46.35354010000001,-23.97433840000001],[-46.35260770000001,-23.9732069],[-46.351363,-23.973192700000002],[-46.35275260000001,-23.9750978],[-46.35354010000001,-23.97433840000001]]],[[[-46.1611575,-24.3276332],[-46.16059109999999,-24.328406999999984],[-46.162976900000004,-24.331318699999986],[-46.16305800000001,-24.32988139999999],[-46.1611575,-24.3276332]]],[[[-46.1798233,-24.318262200000003],[-46.180349099999994,-24.31977310000001],[-46.1833823,-24.321320899999986],[-46.1828565,-24.320104699999987],[-46.1798233,-24.318262200000003]]],[[[-46.2167882,-24.0087402],[-46.21955240000001,-24.010450000000013],[-46.2165306,-24.007586899999982],[-46.2167882,-24.0087402]]],[[[-46.2534679,-24.002180000000006],[-46.2543155,-24.002483699999996],[-46.2559402,-24.001220599999996],[-46.2550544,-24.000901900000006],[-46.2534679,-24.002180000000006]]],[[[-46.1802861,-23.970700999999995],[-46.18135680000001,-23.975337500000002],[-46.1842285,-23.975038],[-46.1825445,-23.971122899999997],[-46.1802861,-23.970700999999995]]],[[[-46.1771545,-23.97055279999999],[-46.17636410000001,-23.969765599999995],[-46.17580100000001,-23.9699029],[-46.1771545,-23.97055279999999]]],[[[-46.16782920000001,-23.9663575],[-46.165967599999995,-23.9675009],[-46.16807720000001,-23.967773599999994],[-46.16782920000001,-23.9663575]]],[[[-46.170024,-23.927838199999997],[-46.1699521,-23.92705730000001],[-46.16959680000001,-23.927329500000006],[-46.170024,-23.927838199999997]]],[[[-46.16669050000001,-23.915238999999982],[-46.16811070000001,-23.915897999999988],[-46.1682921,-23.91472179999999],[-46.16669050000001,-23.915238999999982]]],[[[-46.13591790000001,-23.891852899999993],[-46.1369286,-23.89331219999999],[-46.1375382,-23.89226799999999],[-46.13591790000001,-23.891852899999993]]],[[[-46.12832999999999,-23.8852399],[-46.130391200000005,-23.884866300000002],[-46.1292024,-23.883836700000007],[-46.12832999999999,-23.8852399]]],[[[-46.1353433,-23.87259020000001],[-46.1357495,-23.8716675],[-46.133900000000004,-23.871262799999986],[-46.13418659999999,-23.8720964],[-46.1353433,-23.87259020000001]]],[[[-46.0260698,-23.825646199999994],[-46.0258932,-23.826961600000008],[-46.0267629,-23.8267032],[-46.0260698,-23.825646199999994]]]]}},{"type":"Feature","properties":{"id":"administrativas-06","nome":"Campinas"},"geometry":{"type":"Polygon","coordinates":[[[-47.300718,-23.11277299999999],[-47.320776,-23.124363000000002],[-47.324559,-23.12226400000001],[-47.325678,-23.118237],[-47.328608,-23.114123],[-47.335235,-23.111042000000005],[-47.33927599999999,-23.111152999999998],[-47.34208,-23.117187000000012],[-47.349641999999996,-23.117753999999998],[-47.349974,-23.127105000000004],[-47.35204,-23.132759000000007],[-47.36178,-23.141474999999982],[-47.37260600000001,-23.144455000000015],[-47.37498,-23.14882499999999],[-47.376708,-23.14785],[-47.375766,-23.151147],[-47.37809299999999,-23.15249100000001],[-47.378613,-23.151101999999984],[-47.381563,-23.150716000000006],[-47.383828,-23.154488],[-47.387648,-23.152865999999996],[-47.388109,-23.154181000000005],[-47.3926909,-23.15555489999999],[-47.3983404,-23.161841300000003],[-47.403297800000004,-23.161619199999993],[-47.4130734,-23.16470569999999],[-47.4174529,-23.166896699999977],[-47.4185396,-23.1686776],[-47.4211066,-23.164496799999995],[-47.4233624,-23.156792099999993],[-47.422911,-23.149011799999993],[-47.4203428,-23.1451327],[-47.4200701,-23.140228099999973],[-47.41419610000001,-23.133469199999983],[-47.415592999999994,-23.126964799999982],[-47.4115361,-23.120051400000012],[-47.42027589999999,-23.113221799999994],[-47.4282105,-23.101092699999995],[-47.43394249999999,-23.1061102],[-47.4475045,-23.107188799999975],[-47.4517575,-23.10599639999999],[-47.4653002,-23.1098863],[-47.4683647,-23.116661699999995],[-47.4650262,-23.128061500000005],[-47.46939,-23.123977000000007],[-47.4750767,-23.1232134],[-47.48039250000001,-23.12499619999999],[-47.4823706,-23.119734400000002],[-47.4851697,-23.1169882],[-47.4888075,-23.107492999999984],[-47.4927075,-23.102317],[-47.5012506,-23.094323199999995],[-47.5065422,-23.093635599999985],[-47.5097134,-23.0913723],[-47.520004799999995,-23.09458780000001],[-47.528626100000004,-23.094813899999995],[-47.5292222,-23.100518800000007],[-47.5303594,-23.10139500000001],[-47.53827350000001,-23.101645600000005],[-47.54201630000001,-23.098377399999986],[-47.54937569999999,-23.097375100000004],[-47.5530373,-23.098626100000008],[-47.5632346,-23.090685699999987],[-47.5665659,-23.093982600000004],[-47.5656685,-23.096996600000008],[-47.56742779999999,-23.09867809999998],[-47.57277650000001,-23.098344800000003],[-47.57385630000001,-23.099916899999982],[-47.5813895,-23.1037254],[-47.585822400000005,-23.102211899999993],[-47.5873036,-23.103258],[-47.5895699,-23.101957000000006],[-47.5915314,-23.101905000000013],[-47.5921718,-23.10314639999999],[-47.597098700000004,-23.09954509999998],[-47.602791,-23.099729800000016],[-47.6037681,-23.098393699999992],[-47.6086872,-23.099263599999997],[-47.60769,-23.095203600000005],[-47.6035277,-23.089802400000004],[-47.60419939999999,-23.0873228],[-47.5942183,-23.079324100000004],[-47.5929378,-23.07638279999999],[-47.5943432,-23.074377999999985],[-47.5974853,-23.073935699999986],[-47.60284889999999,-23.0705493],[-47.613120800000004,-23.068829399999984],[-47.6264173,-23.0759739],[-47.6262806,-23.068229000000017],[-47.6290524,-23.0616455],[-47.628946,-23.057991],[-47.6315,-23.054840999999993],[-47.631546,-23.049979999999994],[-47.629137,-23.047149000000005],[-47.629074,-23.04366899999997],[-47.63896199999999,-23.043056999999997],[-47.645315000000004,-23.040406],[-47.649537,-23.04306599999999],[-47.652072999999994,-23.043204000000003],[-47.653992,-23.035938],[-47.66003090000001,-23.031235700000003],[-47.66131250000001,-23.02837719999999],[-47.660001799999996,-23.0249919],[-47.6628261,-23.01784749999998],[-47.66100930000002,-23.015302499999994],[-47.6614629,-23.008816200000012],[-47.658785,-23.006792500000003],[-47.65849020000001,-23.001776199999984],[-47.660273300000014,-23.000623499999996],[-47.6602688,-22.997284000000015],[-47.6682988,-22.993780500000003],[-47.6638127,-22.990470299999995],[-47.66575439999999,-22.984195099999997],[-47.6699929,-22.981799300000006],[-47.671711900000005,-22.97244639999999],[-47.674748300000005,-22.97151049999999],[-47.6772565,-22.9684666],[-47.6762827,-22.964510399999998],[-47.67788389999999,-22.958519000000017],[-47.6841726,-22.9528177],[-47.6868614,-22.94797609999998],[-47.691333,-22.943386700000012],[-47.69850710000001,-22.931197900000004],[-47.6983035,-22.92415189999999],[-47.7007817,-22.9192575],[-47.7090079,-22.91565800000001],[-47.7114951,-22.912073000000014],[-47.7144499,-22.91210310000001],[-47.7141575,-22.9138459],[-47.7225768,-22.9197056],[-47.7217339,-22.9232477],[-47.723343099999994,-22.9310056],[-47.7225267,-22.933234900000002],[-47.745903,-22.932832500000007],[-47.7504882,-22.92709429999999],[-47.75481739999999,-22.92389709999999],[-47.7602476,-22.92215100000001],[-47.7596811,-22.916645200000005],[-47.75757410000001,-22.914364099999982],[-47.7608253,-22.910555300000002],[-47.7633276,-22.90399589999999],[-47.806904900000006,-22.876903999999996],[-47.8329134,-22.887954900000004],[-47.8330982,-22.8932348],[-47.835292300000006,-22.896929499999978],[-47.84476110000001,-22.901635099999993],[-47.85608849999999,-22.9011317],[-47.86015190000001,-22.899269000000015],[-47.863447900000004,-22.900483100000006],[-47.8638471,-22.898686199999993],[-47.8687696,-22.899009299999992],[-47.8706915,-22.893403499999998],[-47.8678734,-22.888947699999996],[-47.864937999999995,-22.887699999999995],[-47.8648287,-22.885453599999984],[-47.8632753,-22.885182600000007],[-47.8641172,-22.881376400000004],[-47.8613247,-22.879257200000012],[-47.86116830000001,-22.874010499999986],[-47.8588915,-22.872420200000008],[-47.8596197,-22.871672],[-47.857854800000005,-22.8669517],[-47.859287,-22.866638900000005],[-47.86290759999999,-22.8614825],[-47.8658115,-22.86066760000001],[-47.87626290000001,-22.8642522],[-47.8829575,-22.863679400000013],[-47.8865604,-22.86638689999999],[-47.89914060000001,-22.8702342],[-47.900324,-22.878017000000003],[-47.905984499999995,-22.8773526],[-47.90897789999999,-22.880356599999995],[-47.91481910000001,-22.883416999999984],[-47.9391818,-22.88289269999998],[-47.942509699999995,-22.883883300000008],[-47.9477791,-22.8886752],[-47.9590028,-22.88924020000002],[-47.9615431,-22.890348200000016],[-47.9695511,-22.900111599999995],[-47.97367740000001,-22.897435099999992],[-47.975597900000004,-22.89043319999998],[-47.97498050000001,-22.885207600000015],[-47.980985000000004,-22.877069300000002],[-47.982246,-22.870219399999996],[-47.9832504,-22.869048999999997],[-47.986491300000004,-22.868790999999995],[-47.9890667,-22.870858899999995],[-47.9913144,-22.8758456],[-47.991128999999994,-22.879800900000014],[-47.98777119999999,-22.88794649999999],[-47.992636600000004,-22.895500299999995],[-47.9976179,-22.898606300000015],[-48.00122700000001,-22.89944489999999],[-48.010479600000004,-22.895285399999995],[-48.01528299999999,-22.88410869999998],[-48.00653510000001,-22.88284150000001],[-48.00240120000001,-22.88039329999998],[-48.0012258,-22.876753200000003],[-48.00308470000001,-22.872194900000004],[-48.0030887,-22.8657628],[-48.0079987,-22.8613838],[-48.01444349999999,-22.852250199999983],[-48.036581700000006,-22.848515099999986],[-48.0399224,-22.846887300000002],[-48.046587200000005,-22.835790899999996],[-48.04752860000001,-22.831892900000003],[-48.031998,-22.825744],[-48.033626,-22.817866000000006],[-48.030666,-22.805924],[-48.031856,-22.79703899999998],[-48.027203,-22.791853000000007],[-48.026837,-22.789147000000003],[-48.029399,-22.77841900000001],[-48.026799999999994,-22.762480000000018],[-48.027860000000004,-22.754212999999986],[-48.026068,-22.750285999999978],[-48.024056,-22.748931],[-48.016073,-22.748918999999994],[-48.018185,-22.744538999999996],[-48.018273,-22.741369],[-48.017063,-22.737793000000003],[-48.01428,-22.734649000000008],[-48.021126,-22.724561999999995],[-48.026027,-22.72362999999999],[-48.030477,-22.71930400000001],[-48.032645,-22.719722999999988],[-48.03835599999999,-22.72516299999999],[-48.045877,-22.724661999999995],[-48.050485,-22.728992],[-48.058553,-22.733906999999988],[-48.070082,-22.736921999999982],[-48.071549,-22.736563000000007],[-48.073464,-22.733169],[-48.075918,-22.726225999999993],[-48.081473,-22.725421],[-48.083882,-22.723929999999996],[-48.086453000000006,-22.71798],[-48.086357,-22.707112000000002],[-48.090616,-22.70614800000001],[-48.093891000000006,-22.702238999999977],[-48.09866399999999,-22.688782999999994],[-48.095708,-22.683859000000005],[-48.09533400000001,-22.677936999999982],[-48.093123,-22.676056000000006],[-48.092591,-22.67221199999999],[-48.08954,-22.667004],[-48.088288,-22.652262000000015],[-48.09388490000001,-22.651012399999995],[-48.09578350000001,-22.647564499999977],[-48.090343,-22.63238409999999],[-48.0910067,-22.6283043],[-48.0930331,-22.625501599999982],[-48.0963531,-22.623423699999986],[-48.1160438,-22.62941799999999],[-48.1340273,-22.6286237],[-48.1417692,-22.629686399999997],[-48.1476726,-22.631725599999996],[-48.15630600000001,-22.637757699999998],[-48.1591445,-22.638065899999994],[-48.1633672,-22.636335900000006],[-48.1686735,-22.630830200000013],[-48.176189799999996,-22.6268276],[-48.17996339999999,-22.625667500000006],[-48.1904828,-22.6252735],[-48.2104662,-22.61811379999999],[-48.21514270000001,-22.612774300000005],[-48.2153121,-22.604301699999994],[-48.21700320000001,-22.599624199999973],[-48.21899580000001,-22.596993600000012],[-48.2227278,-22.59498229999998],[-48.229457999999994,-22.5940455],[-48.2338488,-22.595875399999994],[-48.23698889999999,-22.600851100000003],[-48.2374654,-22.605917799999997],[-48.2408105,-22.615594200000004],[-48.2439094,-22.6185654],[-48.2501788,-22.61964510000001],[-48.25415110000001,-22.61778200000001],[-48.26147989999999,-22.60543219999999],[-48.25691140000001,-22.600141299999997],[-48.2518484,-22.58497709999999],[-48.24767800000001,-22.578467599999996],[-48.248555,-22.569791399999996],[-48.2562287,-22.555900599999994],[-48.253009999999996,-22.55066160000001],[-48.25492349999999,-22.545980500000013],[-48.2606506,-22.54148609999999],[-48.252735,-22.535991100000004],[-48.2478869,-22.52736390000001],[-48.2427236,-22.52197910000001],[-48.2393837,-22.520285499999993],[-48.234850800000004,-22.5203794],[-48.24036709999999,-22.515886300000002],[-48.245402600000006,-22.514390199999987],[-48.2509732,-22.518489099999986],[-48.260753,-22.5211599],[-48.2648715,-22.5257873],[-48.271953700000005,-22.528475299999997],[-48.2783483,-22.5274726],[-48.2824509,-22.52536369999999],[-48.2894684,-22.525408499999983],[-48.2834612,-22.51978709999999],[-48.2842532,-22.5147849],[-48.2825785,-22.512727099999996],[-48.2821519,-22.507059199999986],[-48.2798882,-22.504572900000014],[-48.27666820000001,-22.495611699999984],[-48.2737373,-22.4952038],[-48.27063549999999,-22.492787699999997],[-48.2646499,-22.4922184],[-48.2618894,-22.493123900000008],[-48.257421400000005,-22.49197999999999],[-48.2554969,-22.488829800000016],[-48.2471693,-22.483510299999995],[-48.2454584,-22.480725799999977],[-48.2430343,-22.479432000000003],[-48.244809,-22.4765941],[-48.2431468,-22.472404899999997],[-48.243835,-22.468260599999997],[-48.247957,-22.465320700000007],[-48.2512591,-22.465036599999998],[-48.2545496,-22.462964100000004],[-48.2569177,-22.457681600000004],[-48.260980499999995,-22.454911899999995],[-48.265257,-22.44973999999999],[-48.268886099999996,-22.447904000000005],[-48.2711864,-22.4395737],[-48.274506,-22.43424239999999],[-48.2770974,-22.432261600000004],[-48.2786531,-22.4270758],[-48.2778305,-22.4234186],[-48.26950580000001,-22.416953600000003],[-48.267116800000004,-22.413268900000002],[-48.26822129999999,-22.408419100000007],[-48.261779399999995,-22.397941499999998],[-48.2539047,-22.3900145],[-48.24999929999999,-22.38786510000002],[-48.2475091,-22.391269099999985],[-48.2401262,-22.393315399999995],[-48.2375866,-22.392734],[-48.23727469999999,-22.388218500000015],[-48.2405453,-22.384181899999984],[-48.24291,-22.373743399999977],[-48.23924850000001,-22.36701629999998],[-48.24417540000002,-22.35000449999999],[-48.2485911,-22.344763699999994],[-48.25091830000001,-22.343854399999987],[-48.25047500000001,-22.34069749999998],[-48.2535454,-22.336902499999983],[-48.256387999999994,-22.335737799999997],[-48.256423500000004,-22.333619999999986],[-48.25896050000001,-22.330648300000004],[-48.258919899999995,-22.326454599999995],[-48.262005900000005,-22.322263999999983],[-48.26531250000001,-22.320245299999986],[-48.2654213,-22.3146746],[-48.2688513,-22.3107489],[-48.26849330000001,-22.30848669999998],[-48.2715146,-22.30614179999999],[-48.2718387,-22.30391800000001],[-48.2747096,-22.303227099999994],[-48.2761622,-22.304825000000008],[-48.2755689,-22.30261390000001],[-48.2768624,-22.3001929],[-48.2809934,-22.297203799999977],[-48.2795606,-22.294361299999995],[-48.28097160000001,-22.293884399999985],[-48.280546300000005,-22.291837599999976],[-48.2823812,-22.289256500000004],[-48.28456630000001,-22.288919200000002],[-48.2838887,-22.286129300000002],[-48.286203300000004,-22.283662000000014],[-48.2859821,-22.282442199999995],[-48.2876993,-22.280835800000016],[-48.2913172,-22.281578099999987],[-48.2958928,-22.286012700000004],[-48.29915650000001,-22.286396799999995],[-48.2967889,-22.282581300000004],[-48.299062500000005,-22.277008800000004],[-48.29374120000001,-22.274866299999992],[-48.2940025,-22.272120099999995],[-48.29149009999999,-22.269436900000006],[-48.2932304,-22.267114099999972],[-48.297611300000014,-22.268664799999993],[-48.3000153,-22.266707099999994],[-48.3019952,-22.267465599999998],[-48.3085757,-22.2653476],[-48.31133930000001,-22.26596059999999],[-48.31206550000001,-22.26751749999999],[-48.3110164,-22.271360300000016],[-48.312736400000006,-22.2732183],[-48.3129416,-22.27577119999999],[-48.314514300000006,-22.2764002],[-48.313718699999995,-22.270183],[-48.3171393,-22.266782800000016],[-48.3186452,-22.267117799999994],[-48.3208983,-22.270244299999995],[-48.322555,-22.264719899999992],[-48.3246495,-22.265219399999996],[-48.3261304,-22.267516100000005],[-48.32997840000001,-22.267704],[-48.3266601,-22.26121369999999],[-48.326777,-22.254813099999996],[-48.32482279999999,-22.250393300000017],[-48.3269161,-22.247553099999994],[-48.3209093,-22.234001399999983],[-48.3223164,-22.2269718],[-48.3245127,-22.221711699999997],[-48.3265488,-22.219936700000012],[-48.32655790000001,-22.217859200000003],[-48.3257149,-22.215226499999993],[-48.3211024,-22.21439490000001],[-48.31807119999999,-22.210385800000005],[-48.3171699,-22.20684579999999],[-48.3128715,-22.200676],[-48.31425480000001,-22.197255099999985],[-48.311460600000004,-22.193323500000005],[-48.3085713,-22.19215649999999],[-48.2977414,-22.192018600000008],[-48.2920423,-22.18971579999999],[-48.2867399,-22.189146399999988],[-48.27428520000001,-22.192289499999987],[-48.2709217,-22.182488499999998],[-48.26951100000001,-22.181578000000005],[-48.2554989,-22.1772074],[-48.2447856,-22.177898000000006],[-48.2448177,-22.175590200000002],[-48.2493245,-22.17084289999999],[-48.2500566,-22.167640999999996],[-48.2550345,-22.163034200000002],[-48.25595359999999,-22.15464050000001],[-48.2444883,-22.15906270000002],[-48.2343128,-22.159493699999977],[-48.2265873,-22.15766310000001],[-48.21584140000001,-22.158824199999998],[-48.2087779,-22.156118099999997],[-48.2052482,-22.150338200000004],[-48.1979848,-22.1480494],[-48.188983000000015,-22.151086400000008],[-48.18189870000001,-22.155068100000005],[-48.1758824,-22.1664176],[-48.169946100000004,-22.167314700000006],[-48.157058800000016,-22.174855400000002],[-48.1385466,-22.179085000000004],[-48.1347001,-22.183235000000025],[-48.1303191,-22.183809300000007],[-48.1240979,-22.1815536],[-48.11959790000001,-22.182724399999994],[-48.1166988,-22.17864809999999],[-48.104719900000006,-22.180081099999995],[-48.0998848,-22.174701399999993],[-48.08994420000001,-22.168720100000005],[-48.0802878,-22.1570296],[-48.0713851,-22.151790300000012],[-48.06554259999999,-22.149854200000007],[-48.06303199999999,-22.1495023],[-48.060656400000006,-22.1513144],[-48.057818100000006,-22.150729200000015],[-48.0543192,-22.146688199999993],[-48.0524888,-22.140258000000003],[-48.04742890000001,-22.135216599999985],[-48.0437203,-22.1288703],[-48.0425926,-22.1220762],[-48.0444632,-22.1163139],[-48.046038200000005,-22.103217499999992],[-48.0436928,-22.088415299999994],[-48.0451066,-22.08445530000001],[-48.047039,-22.082755],[-48.04690120000001,-22.07902309999998],[-48.04797659999999,-22.077939400000016],[-48.04487209999999,-22.0732246],[-48.0440256,-22.074840100000017],[-48.0362303,-22.0781358],[-48.0298053,-22.078201000000004],[-48.0265796,-22.0769278],[-48.02246620000001,-22.079913900000005],[-48.0181374,-22.087348499999997],[-48.0157426,-22.088161699999993],[-48.0105902,-22.096865700000013],[-48.007418400000006,-22.097405700000007],[-48.00633799999999,-22.099213],[-48.003308700000005,-22.0993623],[-48.00337900000002,-22.101111799999998],[-48.00127810000001,-22.10116180000001],[-47.9987561,-22.104186500000015],[-47.9985231,-22.110132799999985],[-47.99311250000001,-22.116005600000005],[-47.991233400000006,-22.115557199999998],[-47.987498800000004,-22.117739399999998],[-47.9867103,-22.1168244],[-47.9828443,-22.116976499999996],[-47.98185389999999,-22.11619960000001],[-47.98407710000001,-22.114753799999985],[-47.9807466,-22.11250190000002],[-47.9778557,-22.115897100000016],[-47.9770265,-22.114577399999984],[-47.9751978,-22.114725000000004],[-47.97456880000001,-22.118999000000002],[-47.9714179,-22.117059699999988],[-47.9704161,-22.118943200000004],[-47.9692024,-22.115522700000007],[-47.9674413,-22.114184000000016],[-47.9662241,-22.11476319999998],[-47.9637889,-22.11331149999999],[-47.9620776,-22.116121700000008],[-47.956027000000006,-22.1134773],[-47.9535153,-22.11429529999999],[-47.9532964,-22.1126708],[-47.9494766,-22.112545399999984],[-47.9473797,-22.111123700000004],[-47.94683460000002,-22.112689],[-47.9413046,-22.1155304],[-47.9378115,-22.119476799999994],[-47.9345942,-22.1200369],[-47.933902999999994,-22.1237764],[-47.93136859999999,-22.12460550000001],[-47.93218050000001,-22.127781499999983],[-47.9310273,-22.1272451],[-47.927540700000016,-22.131125900000004],[-47.9292399,-22.136548599999994],[-47.92853650000001,-22.139662499999982],[-47.9279186,-22.1403601],[-47.9268221,-22.1395531],[-47.92547380000001,-22.144326900000003],[-47.9234571,-22.1453557],[-47.9227053,-22.147403699999998],[-47.921654,-22.147055299999984],[-47.92136,-22.1486553],[-47.9200858,-22.148348100000003],[-47.9197894,-22.15069989999998],[-47.9190784,-22.14972819999998],[-47.9143312,-22.1496599],[-47.908452,-22.152775500000008],[-47.9067868,-22.155745500000002],[-47.903321000000005,-22.156106799999993],[-47.90173849999999,-22.157744700000006],[-47.8992249,-22.157094300000008],[-47.8971055,-22.16007370000001],[-47.895673,-22.1584],[-47.8968389,-22.156819699999996],[-47.89549,-22.156825999999995],[-47.8949488,-22.15480469999998],[-47.8919755,-22.1536497],[-47.887260700000006,-22.157887999999996],[-47.8867843,-22.152427099999993],[-47.88116260000001,-22.155473100000002],[-47.8793928,-22.157998100000007],[-47.8755932,-22.1585126],[-47.872928,-22.158084600000002],[-47.86206090000001,-22.150661900000003],[-47.85717939999999,-22.15481020000001],[-47.8573046,-22.156169399999996],[-47.8515759,-22.15652999999998],[-47.8450005,-22.155461099999986],[-47.843234,-22.152119399999997],[-47.8410935,-22.15069979999999],[-47.8308129,-22.14819329999998],[-47.8221418,-22.152098000000002],[-47.8202326,-22.15545680000001],[-47.8204799,-22.159685700000015],[-47.8148872,-22.16134250000001],[-47.8164013,-22.158655899999996],[-47.8156785,-22.154739999999997],[-47.8092484,-22.148378299999997],[-47.8112646,-22.14048219999999],[-47.80835630000001,-22.132451399999994],[-47.8000766,-22.128512600000004],[-47.79470640000001,-22.121070299999992],[-47.7888439,-22.1168466],[-47.7873953,-22.113839500000005],[-47.78811300000001,-22.101849600000005],[-47.7898323,-22.097822200000014],[-47.7840889,-22.096823399999984],[-47.776564300000004,-22.091364899999995],[-47.771717300000006,-22.0928357],[-47.7633202,-22.08769080000002],[-47.75599239999999,-22.090807],[-47.7526353,-22.089938399999998],[-47.7508119,-22.084607600000005],[-47.75111790000001,-22.079237400000004],[-47.7474675,-22.0797046],[-47.7461916,-22.078254899999997],[-47.746945700000005,-22.074678799999994],[-47.74576470000001,-22.07083460000001],[-47.7481812,-22.063808300000012],[-47.7449148,-22.05543289999998],[-47.738772900000015,-22.0534043],[-47.7354278,-22.047854700000006],[-47.728639700000016,-22.044377799999996],[-47.7212402,-22.0367366],[-47.716209799999994,-22.0350915],[-47.714608,-22.0365194],[-47.70885229999999,-22.033827599999995],[-47.7010436,-22.034105299999993],[-47.69840520000001,-22.0320199],[-47.697627700000005,-22.027854],[-47.69422850000001,-22.0286265],[-47.6916703,-22.0272274],[-47.689525800000006,-22.02378780000001],[-47.6756493,-22.013051100000002],[-47.6730993,-22.017046899999983],[-47.6721184,-22.026479800000004],[-47.6683226,-22.033440500000005],[-47.66893339999999,-22.03943320000001],[-47.6658653,-22.044066100000013],[-47.6629525,-22.0455903],[-47.6616775,-22.04782499999999],[-47.66038340000001,-22.047775999999978],[-47.6580761,-22.05179779999999],[-47.6544952,-22.05171629999998],[-47.6515759,-22.054264099999983],[-47.6482981,-22.053822899999982],[-47.64623430000001,-22.051670800000004],[-47.6433933,-22.051931400000004],[-47.636384,-22.0550823],[-47.6326436,-22.052291499999995],[-47.6302419,-22.047092699999997],[-47.625300300000006,-22.042493200000003],[-47.6222461,-22.04152699999999],[-47.6175271,-22.041726999999977],[-47.6174209,-22.0454414],[-47.6089304,-22.051953599999997],[-47.6063045,-22.0527101],[-47.6017054,-22.052049400000016],[-47.5973071,-22.04619370000001],[-47.592205,-22.042830499999997],[-47.59089220000001,-22.039529400000013],[-47.5847382,-22.036046],[-47.581142099999994,-22.03230160000002],[-47.5794538,-22.021323599999995],[-47.5749413,-22.0177035],[-47.5746285,-22.014292200000014],[-47.57810210000001,-22.002410599999997],[-47.58242640000001,-21.9959902],[-47.58191819999999,-21.990418099999996],[-47.5741292,-21.986228299999997],[-47.5637546,-21.986540199999986],[-47.5435693,-21.979738799999986],[-47.541167200000004,-21.975269499999982],[-47.54075100000001,-21.967554500000002],[-47.5363213,-21.960967099999987],[-47.5354037,-21.955653399999996],[-47.5242415,-21.943523399999982],[-47.517753,-21.940965800000004],[-47.51375850000001,-21.936491500000006],[-47.507794,-21.93320179999998],[-47.5061627,-21.9349211],[-47.5047717,-21.930068100000003],[-47.50326810000001,-21.929387800000004],[-47.502706100000005,-21.924139499999992],[-47.499542,-21.9208922],[-47.4976802,-21.9205916],[-47.4978917,-21.917760299999998],[-47.4937094,-21.9186573],[-47.4916516,-21.921293699999985],[-47.4864712,-21.922917999999996],[-47.4833543,-21.920298000000003],[-47.4784436,-21.91998299999998],[-47.4713181,-21.915441100000024],[-47.4193356,-21.913595399999995],[-47.4169219,-21.914154500000002],[-47.413743,-21.9177948],[-47.4091997,-21.913579100000003],[-47.407224199999995,-21.9132496],[-47.4056191,-21.91483939999999],[-47.4020863,-21.910564100000006],[-47.4020267,-21.906532500000015],[-47.39965560000001,-21.903284099999997],[-47.402827,-21.894417399999977],[-47.4023733,-21.891995900000015],[-47.3953581,-21.890587299999982],[-47.39338690000001,-21.8877449],[-47.39521570000001,-21.88487259999998],[-47.3998804,-21.8828324],[-47.4040479,-21.8781118],[-47.4013688,-21.875014899999996],[-47.4013661,-21.868361099999987],[-47.39738090000001,-21.857691199999994],[-47.3898606,-21.85339820000001],[-47.3861722,-21.849671299999997],[-47.38273790000001,-21.84975079999998],[-47.373643900000005,-21.846924100000006],[-47.36941269999999,-21.846985],[-47.343073499999996,-21.8398669],[-47.3408302,-21.8383677],[-47.3390017,-21.836421400000006],[-47.33822860000001,-21.82891860000001],[-47.3355256,-21.828769599999998],[-47.3348819,-21.823462099999993],[-47.3378367,-21.821544399999986],[-47.33764579999999,-21.8194239],[-47.3360977,-21.818926799999993],[-47.3364419,-21.816044100000003],[-47.3349196,-21.816116899999997],[-47.3351106,-21.814257099999995],[-47.33835900000001,-21.810516800000013],[-47.3421084,-21.8118454],[-47.3430254,-21.809254400000007],[-47.34381230000001,-21.81032130000001],[-47.345465000000004,-21.809252500000007],[-47.3451581,-21.80727199999999],[-47.3468981,-21.80653109999999],[-47.341995600000004,-21.795740800000004],[-47.33505650000001,-21.78896769999999],[-47.3322516,-21.784258400000006],[-47.3345673,-21.776530899999983],[-47.3209997,-21.77696770000001],[-47.318638800000016,-21.774812999999998],[-47.3124366,-21.77363980000001],[-47.3043021,-21.768038300000008],[-47.299656299999995,-21.763299500000006],[-47.2954074,-21.7621092],[-47.2932601,-21.756239999999977],[-47.295038700000006,-21.748166499999986],[-47.301068,-21.7439916],[-47.3036808,-21.737311099999996],[-47.311020500000005,-21.737147899999982],[-47.3303403,-21.726582699999998],[-47.3295113,-21.723929799999997],[-47.323671100000006,-21.719708400000012],[-47.3233909,-21.7150052],[-47.3269226,-21.703771399999994],[-47.337498000000004,-21.6869864],[-47.3383293,-21.681153],[-47.3376193,-21.66923230000002],[-47.3365847,-21.666986599999976],[-47.3328252,-21.66877849999999],[-47.32681310000001,-21.668689099999973],[-47.323721,-21.659869100000012],[-47.3256201,-21.657527599999998],[-47.322439900000006,-21.654676600000002],[-47.3222221,-21.649953500000006],[-47.3288141,-21.644539999999985],[-47.3338297,-21.6455832],[-47.34216130000001,-21.642210300000002],[-47.351398100000004,-21.647591100000014],[-47.3578645,-21.6428435],[-47.36804389999999,-21.64651300000001],[-47.37241050000001,-21.649844499999993],[-47.3806019,-21.64981170000001],[-47.3828874,-21.639362699999996],[-47.3854729,-21.636527099999984],[-47.3907228,-21.633608999999975],[-47.3997708,-21.62208860000002],[-47.39922520000001,-21.613740899999986],[-47.3818819,-21.599479899999984],[-47.3801718,-21.600604000000025],[-47.37671749999999,-21.59958199999999],[-47.3642764,-21.59369309999998],[-47.3651215,-21.588995800000003],[-47.3617968,-21.586207299999977],[-47.3602973,-21.5812121],[-47.35837500000001,-21.5795227],[-47.3570924,-21.57000479999998],[-47.350315,-21.564456899999996],[-47.3457938,-21.56217180000001],[-47.3375024,-21.56314089999999],[-47.3355597,-21.56472620000001],[-47.331625499999994,-21.56426499999998],[-47.3274809,-21.55938460000001],[-47.3248297,-21.55878480000001],[-47.3213397,-21.559996400000003],[-47.31594710000001,-21.558491799999995],[-47.3109064,-21.554260299999985],[-47.3108838,-21.5528413],[-47.3075038,-21.551225399999996],[-47.3028187,-21.5512989],[-47.2989045,-21.553849100000008],[-47.2942759,-21.552131899999992],[-47.29092070000001,-21.553599799999994],[-47.2890858,-21.552926999999997],[-47.2852509,-21.54834239999998],[-47.280320800000005,-21.540385399999995],[-47.2763683,-21.52566969999999],[-47.2782917,-21.5228299],[-47.27844120000001,-21.519363699999985],[-47.28229220000001,-21.515615200000006],[-47.282051800000005,-21.51027419999999],[-47.2774283,-21.5011768],[-47.2777941,-21.498650199999997],[-47.2761307,-21.4944654],[-47.277031199999996,-21.49106879999998],[-47.2745998,-21.487643999999985],[-47.2759553,-21.483279800000005],[-47.277577900000004,-21.481920499999987],[-47.2776816,-21.479691600000013],[-47.2761407,-21.478758299999996],[-47.27871830000001,-21.468432300000014],[-47.271722800000006,-21.459083100000022],[-47.27162190000001,-21.45750199999999],[-47.2638029,-21.4550298],[-47.264195400000006,-21.451316400000003],[-47.25711800000001,-21.450025699999994],[-47.2510634,-21.4453692],[-47.2424161,-21.442225999999984],[-47.240094600000006,-21.44379599999999],[-47.2369566,-21.443020199999996],[-47.2363726,-21.439284000000008],[-47.2328309,-21.43694929999999],[-47.2319079,-21.431946],[-47.23364769999999,-21.427233900000004],[-47.2313361,-21.42208849999999],[-47.2276522,-21.420144300000015],[-47.22561139999999,-21.42103809999998],[-47.22595200000001,-21.4252308],[-47.222682400000004,-21.426031900000012],[-47.2240122,-21.428149399999988],[-47.219115,-21.42919399999998],[-47.21492260000001,-21.42699449999999],[-47.213701,-21.423692700000007],[-47.21598519999999,-21.423196199999985],[-47.217058,-21.4215888],[-47.21673499999999,-21.4185424],[-47.2148099,-21.417253699999996],[-47.2147053,-21.415157800000006],[-47.2080815,-21.41432849999999],[-47.20612580000002,-21.40902399999997],[-47.208969,-21.40727329999999],[-47.2096837,-21.401814900000005],[-47.2061813,-21.3981382],[-47.2070083,-21.396105900000006],[-47.20369850000001,-21.389698400000004],[-47.2046167,-21.384991299999996],[-47.2002222,-21.3794565],[-47.197748400000016,-21.373137499999995],[-47.19257530000001,-21.367442000000015],[-47.1921271,-21.363709599999996],[-47.18702030000001,-21.358777599999996],[-47.1872661,-21.353152400000003],[-47.1918566,-21.3480149],[-47.18767149999999,-21.346767999999994],[-47.1792804,-21.336753999999996],[-47.1767687,-21.3244183],[-47.1732521,-21.315918999999997],[-47.1586859,-21.303234999999994],[-47.1501559,-21.299676300000005],[-47.146624300000006,-21.294893099999996],[-47.1449153,-21.2943882],[-47.14379519999999,-21.29733269999999],[-47.14672749999999,-21.3054329],[-47.13663520000001,-21.32017990000001],[-47.13320039999999,-21.3228462],[-47.1300847,-21.32807129999999],[-47.12758570000001,-21.328815100000007],[-47.1188913,-21.319504799999994],[-47.10766660000001,-21.31582529999999],[-47.0897286,-21.29740900000001],[-47.088863100000005,-21.294620299999995],[-47.094716,-21.286242199999993],[-47.08389180000001,-21.288000600000004],[-47.079708200000006,-21.286401299999994],[-47.0767387,-21.2846073],[-47.07612780000001,-21.28207069999998],[-47.07214770000001,-21.278448599999987],[-47.07165549999999,-21.27636409999998],[-47.0682613,-21.275524599999997],[-47.0654749,-21.269355200000007],[-47.0625465,-21.267639099999997],[-47.0599583,-21.267569],[-47.057488,-21.2645458],[-47.05509639999999,-21.2639663],[-47.0508914,-21.265603999999986],[-47.0480777,-21.268267899999998],[-47.044224299999996,-21.267355300000016],[-47.0418962,-21.269742499999985],[-47.042482799999995,-21.27690510000001],[-47.0395333,-21.2809447],[-47.0416757,-21.282759199999994],[-47.04078940000001,-21.285020499999984],[-47.0423437,-21.288013599999985],[-47.0407303,-21.289187799999997],[-47.0423696,-21.289954900000005],[-47.037464,-21.2933068],[-47.0373514,-21.2955658],[-47.029773,-21.299555699999978],[-47.0301463,-21.30301769999999],[-47.035181099999996,-21.311022699999985],[-47.030544500000005,-21.3117318],[-47.0249645,-21.318985199999997],[-47.0209882,-21.321630799999998],[-47.02101760000001,-21.324099499999996],[-47.0234795,-21.32636400000001],[-47.0237595,-21.328513400000013],[-47.02104539999999,-21.330785300000006],[-47.020763900000006,-21.33526579999999],[-47.0180695,-21.3403032],[-47.01652700000001,-21.342362900000005],[-47.00809610000001,-21.345661199999974],[-47.0036292,-21.3494033],[-47.0009839,-21.34952909999998],[-46.99998130000001,-21.34853640000001],[-46.9972685,-21.351226399999998],[-46.99683889999999,-21.357698100000018],[-47.001270700000006,-21.3595156],[-46.99895,-21.36183110000001],[-47.0059584,-21.365054200000003],[-47.009535700000015,-21.370749699999994],[-47.00709729999999,-21.373953299999993],[-47.0073387,-21.37809599999997],[-47.0056335,-21.379606200000012],[-47.00605540000001,-21.381968],[-47.0045823,-21.3835687],[-47.0087321,-21.392884599999995],[-47.01419369999999,-21.3938788],[-47.01616800000001,-21.396503399999993],[-47.015943600000014,-21.398697500000015],[-47.0141514,-21.399679600000006],[-47.01376669999999,-21.4034093],[-47.0096194,-21.406460299999996],[-47.0107924,-21.409974299999995],[-47.007714099999994,-21.410673000000006],[-47.0101094,-21.415275999999974],[-47.01284150000001,-21.41634949999999],[-47.0115079,-21.4222728],[-47.01020720000001,-21.420823000000013],[-46.999674,-21.420995699999995],[-46.99328249999999,-21.423428299999994],[-46.9927293,-21.425300500000017],[-46.9903696,-21.4248772],[-46.9902567,-21.42324590000001],[-46.98687129999999,-21.421640099999998],[-46.9860628,-21.422150699999996],[-46.9872018,-21.423688199999997],[-46.9843674,-21.42669509999999],[-46.9808148,-21.426020799999975],[-46.9765946,-21.423303099999984],[-46.9743464,-21.41784989999999],[-46.97204349999999,-21.42182980000001],[-46.9704253,-21.42229229999998],[-46.96648059999998,-21.4211783],[-46.9647087,-21.418113499999997],[-46.9580686,-21.422430299999977],[-46.9566623,-21.424744399999994],[-46.9536186,-21.424230099999974],[-46.9517332,-21.421640899999975],[-46.9501715,-21.4220112],[-46.9490903,-21.41958589999998],[-46.94692100000001,-21.420020500000003],[-46.9459648,-21.421687900000006],[-46.9442079,-21.421000899999996],[-46.9435939,-21.422680699999997],[-46.94026169999999,-21.4220822],[-46.9390908,-21.424296499999997],[-46.9342496,-21.425253900000005],[-46.9329014,-21.424979199999992],[-46.931625800000006,-21.42264709999999],[-46.9254535,-21.422637799999983],[-46.920776,-21.427131300000003],[-46.916923999999995,-21.42086510000001],[-46.912284600000014,-21.42006920000001],[-46.9083146,-21.42117839999999],[-46.906872,-21.4181756],[-46.903461600000014,-21.418597899999988],[-46.9002917,-21.4131927],[-46.898985100000004,-21.413239200000007],[-46.89876,-21.41550719999998],[-46.89596000000001,-21.41642289999998],[-46.8933056,-21.41561409999999],[-46.8911983,-21.411236199999998],[-46.8884154,-21.410551199999983],[-46.8826741,-21.4049495],[-46.87850769999999,-21.404683799999987],[-46.8767203,-21.405862000000013],[-46.874311500000005,-21.403780999999995],[-46.8732184,-21.4047379],[-46.868125,-21.403723400000015],[-46.8651719,-21.4007517],[-46.8653435,-21.3955693],[-46.8638671,-21.395972100000023],[-46.86091879999999,-21.3932817],[-46.8582549,-21.3940428],[-46.85578780000001,-21.38972310000002],[-46.853233900000006,-21.390626100000016],[-46.8503681,-21.3894137],[-46.84596530000002,-21.39000470000001],[-46.84208400000001,-21.389108299999986],[-46.8406546,-21.38732719999999],[-46.8410293,-21.3851915],[-46.83870389999999,-21.385467300000006],[-46.835237,-21.3825185],[-46.8352876,-21.380141900000012],[-46.8372289,-21.37769290000001],[-46.8362013,-21.376895899999997],[-46.8360715,-21.370727500000008],[-46.8321491,-21.366538200000004],[-46.81730940000001,-21.366438600000006],[-46.8048438,-21.371079299999995],[-46.7935628,-21.371577100000014],[-46.7917613,-21.373683000000007],[-46.789537300000006,-21.37295949999999],[-46.7862018,-21.3689319],[-46.7812878,-21.370756600000004],[-46.776398,-21.36282479999999],[-46.7647051,-21.36006359999998],[-46.763647500000005,-21.361876900000006],[-46.75883840000001,-21.3629046],[-46.7596065,-21.372205299999997],[-46.76213690000001,-21.374968699999997],[-46.75868450000001,-21.378788399999994],[-46.7505351,-21.3849177],[-46.74495490000001,-21.385397099999985],[-46.7407847,-21.387749799999998],[-46.739278799999994,-21.389558799999996],[-46.7389748,-21.392572300000015],[-46.73436980000001,-21.394169799999986],[-46.73148110000001,-21.39219229999999],[-46.725779800000005,-21.3929047],[-46.72247960000001,-21.389750299999996],[-46.7179809,-21.390701799999984],[-46.7147217,-21.392662099999992],[-46.7101706,-21.398652299999984],[-46.70747639999999,-21.404608500000002],[-46.7059624,-21.40484390000001],[-46.70063449999999,-21.4007889],[-46.693892,-21.390558700000003],[-46.692206500000005,-21.382747000000002],[-46.6840165,-21.376372],[-46.67392089999999,-21.374491799999998],[-46.6722467,-21.368826199999997],[-46.6667242,-21.361291699999992],[-46.665531200000004,-21.361158200000013],[-46.661394,-21.3637481],[-46.6557624,-21.364374200000018],[-46.650403000000004,-21.362919400000006],[-46.6471993,-21.364193099999987],[-46.64492260000001,-21.372396799999997],[-46.648308400000005,-21.375827099999995],[-46.6468811,-21.38523749999999],[-46.648721200000004,-21.388290799999996],[-46.6487303,-21.3917213],[-46.6388172,-21.4020096],[-46.63941710000002,-21.4074704],[-46.6373422,-21.410689600000005],[-46.6311484,-21.412851899999986],[-46.62656710000002,-21.411487400000006],[-46.618460199999994,-21.4212002],[-46.61805869999999,-21.422323500000005],[-46.6208128,-21.424596700000016],[-46.6206696,-21.42599710000001],[-46.61562240000001,-21.428837999999985],[-46.620022199999994,-21.43542380000001],[-46.61525679999999,-21.4414682],[-46.6114188,-21.441545899999994],[-46.6064102,-21.444617900000008],[-46.6018899,-21.443960800000003],[-46.5942554,-21.439682099999995],[-46.59306959999999,-21.4358348],[-46.590312800000014,-21.436493699999993],[-46.58327330000001,-21.433230099999975],[-46.57651369999999,-21.42695720000001],[-46.57251280000001,-21.4314404],[-46.5703961,-21.436768599999983],[-46.5652803,-21.438405499999995],[-46.56022250000001,-21.442329999999984],[-46.55788220000001,-21.442657499999992],[-46.55320859999999,-21.440049199999997],[-46.545928800000006,-21.440332299999973],[-46.5357798,-21.44914219999999],[-46.52849359999999,-21.4449939],[-46.5253127,-21.4451562],[-46.51905270000001,-21.448953199999988],[-46.518021100000006,-21.453491899999978],[-46.5195598,-21.462018399999987],[-46.5165775,-21.464925799999975],[-46.51365140000001,-21.46466740000001],[-46.5092521,-21.4698989],[-46.512232899999994,-21.4771766],[-46.5107266,-21.47936139999998],[-46.50889000000001,-21.489127100000005],[-46.5114205,-21.489159900000004],[-46.5116431,-21.49307479999999],[-46.5137902,-21.496824199999992],[-46.5192505,-21.5008897],[-46.5196824,-21.50571869999998],[-46.5161021,-21.5113412],[-46.521223500000005,-21.5150345],[-46.5219012,-21.5202676],[-46.524029199999994,-21.5212984],[-46.522977700000006,-21.529937899999986],[-46.5200641,-21.53504069999999],[-46.5188953,-21.5339798],[-46.5111058,-21.535878299999993],[-46.5066947,-21.54378870000001],[-46.5007767,-21.549761099999998],[-46.50004870000001,-21.554531999999984],[-46.5040153,-21.562819000000008],[-46.5118411,-21.5653791],[-46.5121702,-21.572162000000002],[-46.5161109,-21.578064900000015],[-46.5199217,-21.580591900000005],[-46.52199420000001,-21.5845087],[-46.5214221,-21.58798709999999],[-46.518338,-21.5905906],[-46.51843589999999,-21.593055],[-46.52442889999998,-21.600958700000014],[-46.5159764,-21.605992500000013],[-46.518228,-21.6128219],[-46.5228967,-21.614067899999995],[-46.5342829,-21.621286999999985],[-46.53341270000001,-21.625216299999988],[-46.534868,-21.628681099999998],[-46.53970450000001,-21.6286553],[-46.5421712,-21.63113209999999],[-46.5473674,-21.630433800000006],[-46.5526155,-21.637039299999987],[-46.5519956,-21.642907900000004],[-46.5481577,-21.648182599999977],[-46.54826899999999,-21.649867800000006],[-46.5503644,-21.65259380000001],[-46.56030270000001,-21.653034499999983],[-46.5659174,-21.65693839999999],[-46.5666983,-21.6592018],[-46.5650845,-21.663679100000014],[-46.5664203,-21.66899040000001],[-46.5646313,-21.678679400000018],[-46.5727096,-21.681666999999997],[-46.5777676,-21.685057800000006],[-46.5791364,-21.682559499999968],[-46.593035799999996,-21.683178299999998],[-46.6053846,-21.680894399999985],[-46.6094188,-21.677208500000006],[-46.6215947,-21.675542999999998],[-46.6248372,-21.686830999999987],[-46.6238833,-21.692728899999995],[-46.62464859999999,-21.6940868],[-46.6286736,-21.694817599999997],[-46.6284517,-21.699758600000003],[-46.6299281,-21.702669499999992],[-46.629116300000014,-21.70641289999999],[-46.6230198,-21.712946199999994],[-46.62245050000001,-21.715538700000007],[-46.6231766,-21.71951339999999],[-46.6284763,-21.7296153],[-46.6255882,-21.73409540000002],[-46.6308415,-21.7408998],[-46.627402700000005,-21.747887099999986],[-46.6281149,-21.755036500000003],[-46.6260303,-21.766226499999988],[-46.62814350000001,-21.768936800000006],[-46.6394469,-21.768471999999985],[-46.6460393,-21.776051100000004],[-46.653991299999994,-21.779246400000005],[-46.6512016,-21.7894427],[-46.667725,-21.806965399999992],[-46.67082620000001,-21.816481199999995],[-46.68070440000001,-21.823355499999987],[-46.685498499999994,-21.828338400000014],[-46.6909705,-21.83696379999999],[-46.68883880000001,-21.841346400000003],[-46.68146409999999,-21.845118],[-46.68121200000001,-21.844419000000002],[-46.6765302,-21.850625500000003],[-46.673955,-21.850864999999985],[-46.67080810000001,-21.8488309],[-46.665285000000004,-21.848788],[-46.6651867,-21.85305140000001],[-46.663192,-21.857837999999997],[-46.655784000000004,-21.87047300000001],[-46.656074,-21.87296999999999],[-46.6575094,-21.872945000000016],[-46.6581055,-21.875272500000005],[-46.6575633,-21.877452499999997],[-46.653842,-21.8800231],[-46.6475365,-21.8804608],[-46.6486032,-21.8876218],[-46.6531678,-21.896012599999995],[-46.6655702,-21.8992967],[-46.6678104,-21.90304079999998],[-46.67316639999999,-21.908088999999997],[-46.6737785,-21.91105270000001],[-46.6682683,-21.918319499999996],[-46.665,-21.92069210000001],[-46.665310299999994,-21.926462300000008],[-46.66797530000001,-21.9305782],[-46.6673015,-21.932560200000015],[-46.6620991,-21.937906499999986],[-46.65561970000001,-21.939427899999984],[-46.6536443,-21.941704899999987],[-46.65382340000001,-21.953343200000003],[-46.65141380000001,-21.961452900000005],[-46.6433949,-21.9761066],[-46.6374651,-21.98080330000002],[-46.6309992,-21.98117659999999],[-46.6291748,-21.9862176],[-46.62282990000001,-21.994589099999995],[-46.61586859999999,-21.995544499999994],[-46.614668800000004,-21.996971199999994],[-46.612461100000004,-22.004865399999996],[-46.6132624,-22.014962699999995],[-46.6151356,-22.0173851],[-46.61782650000001,-22.017531500000015],[-46.6280815,-22.0154649],[-46.6403429,-22.008884300000002],[-46.6491764,-22.00928619999999],[-46.6533682,-22.011171399999988],[-46.654791,-22.01780719999998],[-46.659561,-22.02029],[-46.66220250000001,-22.02369610000002],[-46.67557490000001,-22.022374700000004],[-46.6835705,-22.0300431],[-46.685389,-22.03742209999999],[-46.6839312,-22.042076999999995],[-46.6794772,-22.048281699999997],[-46.6778528,-22.0540429],[-46.6763613,-22.0554395],[-46.67040540000001,-22.057846199999997],[-46.6577457,-22.06047569999999],[-46.66478600000001,-22.068863099999998],[-46.6798626,-22.07128129999999],[-46.6839542,-22.073865699999995],[-46.696398900000005,-22.072923400000008],[-46.70611769999999,-22.078972099999998],[-46.707653,-22.078789699999998],[-46.709592,-22.074749999999998],[-46.7131611,-22.075005900000008],[-46.71619470000001,-22.0735501],[-46.7221634,-22.074977799999985],[-46.72344300000001,-22.076821099999997],[-46.7211777,-22.07808829999999],[-46.72150849999999,-22.0803297],[-46.7193125,-22.08358239999999],[-46.71883730000001,-22.0886791],[-46.7158402,-22.08975859999999],[-46.7153704,-22.091361999999993],[-46.70081410000001,-22.095196899999998],[-46.69350000000001,-22.0900778],[-46.69147379999999,-22.0902939],[-46.68969830000002,-22.09310780000001],[-46.68794710000001,-22.093576699999986],[-46.680286500000015,-22.091072299999997],[-46.6744505,-22.096225299999983],[-46.6709261,-22.09734139999999],[-46.664948200000005,-22.096361999999996],[-46.662862700000005,-22.094057799999984],[-46.6620658,-22.0946238],[-46.6545358,-22.091872700000003],[-46.653368300000004,-22.09266350000001],[-46.651543000000004,-22.09131079999998],[-46.646755,-22.091893199999994],[-46.644640999999986,-22.095765800000002],[-46.6425605,-22.096556099999994],[-46.63989840000001,-22.100034299999997],[-46.63918850000001,-22.10242729999999],[-46.636119900000004,-22.1032595],[-46.6343404,-22.107665799999985],[-46.63045029999999,-22.107241900000002],[-46.62417,-22.10851690000001],[-46.6227309,-22.1099309],[-46.6203106,-22.115020000000005],[-46.620284000000005,-22.120310900000003],[-46.617686000000006,-22.12369079999999],[-46.6176468,-22.128254799999997],[-46.6161159,-22.130654700000004],[-46.6110844,-22.132426799999998],[-46.603593800000006,-22.13219739999999],[-46.6003687,-22.133515399999983],[-46.59853,-22.1363895],[-46.6010467,-22.13912059999999],[-46.6071718,-22.14168550000001],[-46.61304150000001,-22.150252500000008],[-46.62788810000001,-22.15642919999999],[-46.634967800000005,-22.154482999999992],[-46.6404581,-22.157719599999982],[-46.640339600000004,-22.165904500000007],[-46.642866200000014,-22.170396999999994],[-46.64356260000001,-22.174454700000005],[-46.6464271,-22.177946099999996],[-46.646292300000006,-22.181321899999993],[-46.6507987,-22.177534299999987],[-46.66313400000001,-22.1804011],[-46.6690093,-22.17473749999999],[-46.67128300000001,-22.17415499999998],[-46.6738355,-22.1756175],[-46.67430160000001,-22.176304499999986],[-46.670702600000006,-22.180242099999997],[-46.67080080000001,-22.18426060000001],[-46.679666,-22.208353300000013],[-46.6806267,-22.214285800000003],[-46.678167800000004,-22.224041900000003],[-46.68186,-22.225583300000014],[-46.6845387,-22.229148799999983],[-46.6900357,-22.2323438],[-46.6931416,-22.23763149999998],[-46.68862540000001,-22.248768400000007],[-46.6897735,-22.2491393],[-46.6940399,-22.246666900000008],[-46.6962694,-22.249638699999977],[-46.706943,-22.257872299999985],[-46.710400699999994,-22.262390100000005],[-46.7106162,-22.269930000000002],[-46.705896599999996,-22.271842],[-46.7023373,-22.277879099999996],[-46.7032,-22.280653299999994],[-46.7105161,-22.28499510000001],[-46.70864689999999,-22.293791500000005],[-46.705810400000004,-22.293670199999998],[-46.7052841,-22.295824000000014],[-46.71129740000001,-22.301669099999998],[-46.71257360000001,-22.3045103],[-46.7157559,-22.3066133],[-46.72326030000001,-22.306623800000004],[-46.7179524,-22.316944300000007],[-46.7109826,-22.31278749999998],[-46.7118156,-22.31657960000001],[-46.71081820000001,-22.3193256],[-46.7089731,-22.3189855],[-46.705621699999995,-22.320881000000018],[-46.701199300000006,-22.321492999999982],[-46.70075320000001,-22.3253239],[-46.6980615,-22.32665889999999],[-46.6989492,-22.332313699999983],[-46.695242099999994,-22.33523900000002],[-46.6952583,-22.3363952],[-46.6975028,-22.337630600000004],[-46.6962057,-22.34057580000001],[-46.69761970000001,-22.343212299999987],[-46.693559000000015,-22.34302949999998],[-46.69331250000001,-22.34606389999999],[-46.69459530000001,-22.348550899999996],[-46.6907265,-22.346762299999995],[-46.687614399999994,-22.34941139999999],[-46.6870333,-22.357301399999994],[-46.6827863,-22.357492399999987],[-46.679561199999995,-22.3638558],[-46.67686940000001,-22.36598560000001],[-46.675907300000006,-22.36928939999999],[-46.660923499999996,-22.36604099999998],[-46.6622325,-22.37333529999999],[-46.6663078,-22.380990300000008],[-46.66639459999999,-22.381963800000015],[-46.66372890000001,-22.383291000000003],[-46.6650028,-22.386751099999994],[-46.663420099999996,-22.39154309999999],[-46.66412700000001,-22.3993588],[-46.668223,-22.4077727],[-46.6665163,-22.4151098],[-46.661834999999996,-22.418811299999984],[-46.6579543,-22.4201291],[-46.65511100000001,-22.4227021],[-46.65075660000001,-22.42346599999999],[-46.6495875,-22.42688659999998],[-46.6470315,-22.428838600000002],[-46.6398892,-22.425574300000008],[-46.63695470000001,-22.431011099999996],[-46.63160740000001,-22.435835700000002],[-46.62351420000001,-22.437727299999985],[-46.6183141,-22.436987499999997],[-46.61660959999999,-22.4386625],[-46.61192280000001,-22.435442999999996],[-46.606140399999994,-22.441729699999993],[-46.603467900000005,-22.443074100000004],[-46.60067620000002,-22.4414747],[-46.5944183,-22.440963399999987],[-46.59173429999999,-22.4381139],[-46.5851339,-22.439447499999993],[-46.5736718,-22.445585799999986],[-46.5751423,-22.447877400000003],[-46.572654400000005,-22.45314159999999],[-46.568114500000014,-22.450876500000014],[-46.564834499999996,-22.4473925],[-46.554814,-22.44665],[-46.5488098,-22.455154500000017],[-46.5515534,-22.45997950000002],[-46.54986480000001,-22.46954889999999],[-46.5429516,-22.467763899999987],[-46.5393492,-22.46863069999999],[-46.5374765,-22.471267099999995],[-46.531758200000006,-22.4699647],[-46.5306674,-22.470852500000017],[-46.5360585,-22.483679700000003],[-46.5360624,-22.487756899999997],[-46.542146900000006,-22.494356],[-46.5069909,-22.50695889999998],[-46.5066133,-22.51545320000001],[-46.505289899999994,-22.5170472],[-46.5009488,-22.517006099999993],[-46.4983242,-22.513167000000003],[-46.4911793,-22.510386699999994],[-46.4889235,-22.516101099999993],[-46.4845699,-22.519241799999993],[-46.48014170000001,-22.518742899999992],[-46.4767741,-22.520714700000003],[-46.47113280000001,-22.5182933],[-46.46685730000001,-22.518529000000008],[-46.464924,-22.52280379999999],[-46.4549551,-22.5217324],[-46.4500844,-22.526516299999997],[-46.4491971,-22.530835000000014],[-46.439519100000005,-22.534699699999983],[-46.4388371,-22.536614499999978],[-46.439982400000005,-22.5400156],[-46.4325737,-22.5439263],[-46.4291722,-22.54370360000001],[-46.4263085,-22.5475688],[-46.4208124,-22.54859770000001],[-46.417945100000004,-22.547455699999997],[-46.417590999999994,-22.542951800000015],[-46.413276999999994,-22.540291699999987],[-46.411696000000006,-22.53670149999999],[-46.4069522,-22.53993249999998],[-46.4061476,-22.541464400000002],[-46.40784990000001,-22.548138599999977],[-46.409932,-22.550140600000002],[-46.4114167,-22.55431329999998],[-46.4146427,-22.5579277],[-46.419015,-22.559888],[-46.422451,-22.56452270000001],[-46.4275075,-22.5664035],[-46.4325856,-22.571228099999995],[-46.4337254,-22.574567899999987],[-46.4312604,-22.575964000000006],[-46.4289047,-22.57971109999999],[-46.42872270000001,-22.583926100000003],[-46.41951050000001,-22.582883400000004],[-46.4120617,-22.585765800000004],[-46.4152283,-22.590025600000015],[-46.421586100000006,-22.594160299999988],[-46.4214451,-22.59656160000001],[-46.4243364,-22.599444299999984],[-46.4221152,-22.6003274],[-46.4208383,-22.5985623],[-46.41870180000001,-22.60273399999999],[-46.4133732,-22.607340100000012],[-46.41121750000001,-22.612681899999995],[-46.4047579,-22.620893300000002],[-46.405970500000016,-22.622178899999998],[-46.42300550000001,-22.624844799999995],[-46.4246199,-22.633599099999998],[-46.4206295,-22.638079499999996],[-46.41469550000001,-22.64019429999999],[-46.4060486,-22.640577499999992],[-46.3963122,-22.645982],[-46.3923634,-22.653146799999995],[-46.394296100000005,-22.6589338],[-46.3930589,-22.66297410000001],[-46.398183100000004,-22.66568989999999],[-46.4022016,-22.670956899999986],[-46.405863000000004,-22.672559999999983],[-46.4079001,-22.6719316],[-46.4083804,-22.669327400000014],[-46.4055054,-22.6663489],[-46.4050052,-22.66343470000002],[-46.4095866,-22.6620009],[-46.41233669999999,-22.659785200000016],[-46.4178618,-22.66454220000001],[-46.4200012,-22.66498559999998],[-46.4277141,-22.66135769999999],[-46.4364555,-22.6643527],[-46.440168799999995,-22.668147299999983],[-46.4485016,-22.668260400000015],[-46.451583,-22.6705129],[-46.458779500000006,-22.671818999999992],[-46.46130730000001,-22.676012000000014],[-46.4704224,-22.67324270000002],[-46.480636600000004,-22.678315899999994],[-46.4785658,-22.68588610000001],[-46.4699762,-22.693975699999992],[-46.47388790000001,-22.696829599999994],[-46.478890400000004,-22.698276699999987],[-46.471672399999996,-22.7063406],[-46.4686395,-22.70130989999999],[-46.4658321,-22.7043711],[-46.462836100000004,-22.7054542],[-46.4630345,-22.706754199999995],[-46.4573342,-22.707057199999994],[-46.4561728,-22.709722300000003],[-46.45652629999999,-22.7150495],[-46.4550654,-22.71717099999999],[-46.4548604,-22.719297499999985],[-46.4561584,-22.719938100000014],[-46.4556503,-22.723584299999995],[-46.4527231,-22.727581900000015],[-46.450555800000004,-22.72806720000002],[-46.450106,-22.7270337],[-46.4453653,-22.726374999999994],[-46.443936,-22.728093999999995],[-46.4394538,-22.7267257],[-46.4367461,-22.731942100000015],[-46.4315299,-22.73441269999998],[-46.42956240000001,-22.73406879999999],[-46.4255821,-22.73632529999999],[-46.4226195,-22.733005100000003],[-46.4198838,-22.732890599999994],[-46.4187887,-22.734200499999993],[-46.4145357,-22.734622899999998],[-46.4130858,-22.738300499999998],[-46.40664210000001,-22.740920399999993],[-46.4046898,-22.739405800000004],[-46.3937809,-22.74397250000001],[-46.3882845,-22.740440499999995],[-46.38580530000001,-22.740304300000012],[-46.37913679999999,-22.74608469999999],[-46.3728114,-22.7468258],[-46.3693308,-22.7509494],[-46.3671929,-22.751853899999997],[-46.3675854,-22.753345199999988],[-46.363547200000006,-22.7556473],[-46.36048000000001,-22.761345400000014],[-46.35489160000001,-22.7570927],[-46.34636100000001,-22.75995690000001],[-46.33454149999999,-22.760300100000002],[-46.3325661,-22.766115799999998],[-46.3345547,-22.767912000000017],[-46.341646,-22.76934040000001],[-46.3408292,-22.773748699999977],[-46.3434887,-22.77745870000002],[-46.348054600000005,-22.777660000000008],[-46.35233709999999,-22.785124600000007],[-46.3567204,-22.78510800000001],[-46.3586431,-22.7875668],[-46.3616955,-22.7889414],[-46.36244380000001,-22.793878499999998],[-46.3672846,-22.801474600000002],[-46.373756100000016,-22.817056899999987],[-46.37681109999999,-22.827819500000004],[-46.37347560000001,-22.830453599999995],[-46.37316030000001,-22.832615800000003],[-46.370698000000004,-22.835071499999994],[-46.3710243,-22.838541199999995],[-46.37433910000001,-22.84390209999999],[-46.37472400000001,-22.85215509999999],[-46.3723642,-22.857052099999986],[-46.37257869999999,-22.8600974],[-46.37605130000001,-22.863573200000005],[-46.380841,-22.864046100000014],[-46.3841924,-22.8699661],[-46.3801683,-22.871758],[-46.3755013,-22.87100729999999],[-46.37702210000001,-22.8734148],[-46.37628940000001,-22.877079099999992],[-46.3778358,-22.8792401],[-46.3734745,-22.878826899999986],[-46.37240909999999,-22.883130399999995],[-46.36774849999999,-22.886181099999998],[-46.3637785,-22.893673599999982],[-46.35976469999999,-22.89550650000001],[-46.35631070000001,-22.900303299999987],[-46.35077989999999,-22.89941880000001],[-46.3486149,-22.9006856],[-46.344893000000006,-22.905224],[-46.343351,-22.902320000000017],[-46.337483,-22.896780999999997],[-46.315332,-22.88679299999999],[-46.31368599999999,-22.887063999999995],[-46.311648,-22.890567999999977],[-46.304646,-22.891542999999984],[-46.302704,-22.895214999999997],[-46.2960609,-22.898154100000003],[-46.290889800000016,-22.894055699999985],[-46.2879166,-22.887812699999998],[-46.2810564,-22.8842339],[-46.2790257,-22.8783476],[-46.2668638,-22.875687199999998],[-46.262634700000014,-22.8784565],[-46.258530699999994,-22.890574700000016],[-46.24831369999999,-22.889408200000016],[-46.24177130000001,-22.890271099999993],[-46.2381712,-22.894155600000005],[-46.23414459999999,-22.88182280000001],[-46.22858530000001,-22.881543299999993],[-46.2204198,-22.877610999999998],[-46.2149333,-22.876576400000005],[-46.204632700000005,-22.872178100000003],[-46.202804500000006,-22.870368400000018],[-46.199830999999996,-22.870947599999997],[-46.192197900000004,-22.865230599999993],[-46.1897196,-22.865735099999995],[-46.185499500000006,-22.86918970000001],[-46.1820612,-22.867010599999997],[-46.1672188,-22.865526699999993],[-46.1647528,-22.864142200000007],[-46.1553279,-22.864168199999995],[-46.1506441,-22.860015],[-46.1450279,-22.8571903],[-46.14383059999999,-22.858252999999987],[-46.141252,-22.868145999999992],[-46.14210979999999,-22.8809561],[-46.1379152,-22.884965599999994],[-46.1368863,-22.89054149999999],[-46.13828000000001,-22.8949706],[-46.1438367,-22.902984299999986],[-46.1468285,-22.905258100000005],[-46.1473937,-22.90761560000001],[-46.14975580000001,-22.910464899999997],[-46.1535484,-22.9110161],[-46.1539895,-22.9124004],[-46.1498819,-22.91654349999999],[-46.1464702,-22.9173682],[-46.139093700000004,-22.92275529999998],[-46.13730999999999,-22.922152699999994],[-46.1236125,-22.909544400000016],[-46.1209435,-22.909278399999998],[-46.1148311,-22.906071800000003],[-46.1086682,-22.905462199999974],[-46.1053362,-22.90154920000001],[-46.1016367,-22.9015165],[-46.0952183,-22.894428999999995],[-46.089521700000006,-22.89522309999999],[-46.08366190000001,-22.8915698],[-46.07539330000001,-22.8909635],[-46.0741105,-22.89117000000001],[-46.073891700000004,-22.893292099999982],[-46.071575,-22.893585600000005],[-46.0639447,-22.8916433],[-46.0595556,-22.8947076],[-46.050675000000005,-22.896974999999998],[-46.050676,-22.902325000000012],[-46.04931800000001,-22.903977999999984],[-46.04449100000001,-22.90509600000001],[-46.04388500000002,-22.911374000000002],[-46.041177,-22.91382399999999],[-46.041456999999994,-22.92242100000001],[-46.042807999999994,-22.926976999999994],[-46.04863400000001,-22.932792999999993],[-46.051197,-22.940468999999993],[-46.050444000000006,-22.943816999999996],[-46.05324300000001,-22.950157],[-46.049097,-22.95513599999998],[-46.051557,-22.958976999999997],[-46.05062900000001,-22.965321999999983],[-46.051966,-22.968283],[-46.05591199999999,-22.970054000000005],[-46.05702000000001,-22.973059],[-46.063635,-22.97457099999999],[-46.067217,-22.980196],[-46.070926,-22.979267],[-46.073308,-22.97990399999998],[-46.077697,-22.977275999999996],[-46.081454,-22.985104000000018],[-46.08656,-22.985004999999997],[-46.089139,-22.989253],[-46.089695,-22.993326],[-46.09439999999999,-22.997241000000002],[-46.099969,-22.998840999999988],[-46.100501,-23.00016700000001],[-46.109044,-23.001776000000003],[-46.117601000000015,-23.00537399999999],[-46.12146400000001,-23.00895600000001],[-46.125167,-23.00899100000002],[-46.130086000000006,-23.020935999999995],[-46.133942000000005,-23.026243999999984],[-46.13861899999999,-23.028854999999997],[-46.14198600000002,-23.028503],[-46.139849,-23.035922999999997],[-46.140472,-23.038841],[-46.144261,-23.039332000000012],[-46.143828,-23.042279000000025],[-46.146643,-23.044172000000007],[-46.15102,-23.044516999999978],[-46.154861999999994,-23.049357000000008],[-46.158941000000006,-23.04992500000001],[-46.15854,-23.052760000000003],[-46.160268,-23.057318999999996],[-46.15886,-23.061528000000003],[-46.162292,-23.063157000000007],[-46.16144,-23.066121999999986],[-46.163927,-23.066700999999988],[-46.170390000000005,-23.071622999999985],[-46.173526,-23.070825000000006],[-46.175008,-23.075863999999992],[-46.180331,-23.07939299999999],[-46.182693,-23.07947],[-46.187598,-23.077272],[-46.194808,-23.077932000000004],[-46.196282,-23.08035900000002],[-46.204872,-23.084424000000006],[-46.205219,-23.093061999999996],[-46.209088,-23.098779],[-46.20866399999999,-23.101974000000016],[-46.210483,-23.104602000000014],[-46.20886599999999,-23.106682000000003],[-46.212589,-23.106828000000004],[-46.215061,-23.108424000000003],[-46.21564200000002,-23.111093999999987],[-46.214259,-23.11442],[-46.21820000000001,-23.117260999999985],[-46.21849439999999,-23.123798900000022],[-46.21993630000001,-23.12422309999997],[-46.2215501,-23.1230164],[-46.2267483,-23.127924800000002],[-46.227228,-23.1326703],[-46.2260462,-23.1368976],[-46.232215700000005,-23.1350956],[-46.23523440000001,-23.135443299999988],[-46.2374953,-23.1412971],[-46.2401634,-23.14275370000001],[-46.24318730000002,-23.149229799999997],[-46.2462119,-23.150868],[-46.2471255,-23.15510280000001],[-46.2536411,-23.156458300000008],[-46.2569649,-23.159554700000005],[-46.25638969999999,-23.163614500000005],[-46.257501600000005,-23.1674365],[-46.25567980000002,-23.168717700000013],[-46.2560852,-23.1718348],[-46.261502,-23.174004999999994],[-46.26057900000001,-23.176109],[-46.261762999999995,-23.178059000000005],[-46.259621,-23.180013999999993],[-46.26352700000002,-23.183594999999997],[-46.262198,-23.186387000000003],[-46.263096,-23.18801899999998],[-46.268737,-23.190467],[-46.270854,-23.187714000000003],[-46.273102,-23.18731499999999],[-46.27581000000001,-23.184938],[-46.282415,-23.18348699999998],[-46.286019,-23.190976],[-46.296933,-23.197011],[-46.298593999999994,-23.196391000000013],[-46.301641,-23.198275],[-46.303811,-23.197303],[-46.307736000000006,-23.198041],[-46.30901200000001,-23.199959999999983],[-46.307672,-23.203134999999985],[-46.30999899999999,-23.204750999999995],[-46.308714,-23.208804999999987],[-46.305809,-23.21110599999998],[-46.305542,-23.21300499999999],[-46.311501,-23.227427000000002],[-46.314401000000004,-23.228830000000006],[-46.31759700000001,-23.23370999999997],[-46.326665,-23.240792],[-46.329657,-23.24634299999999],[-46.33294,-23.246858000000014],[-46.337167,-23.250639],[-46.348066,-23.252645000000005],[-46.350202,-23.258435000000016],[-46.353944000000006,-23.262708999999997],[-46.35381000000002,-23.264964],[-46.357916,-23.265623000000005],[-46.359771,-23.267790999999995],[-46.359286000000004,-23.271124999999987],[-46.356876,-23.272567000000002],[-46.37170400000001,-23.275666000000008],[-46.376292,-23.278384999999986],[-46.381483,-23.278079999999996],[-46.387420000000006,-23.286929],[-46.39033200000001,-23.287516],[-46.396249,-23.285817999999992],[-46.399970999999994,-23.288779],[-46.400639,-23.295317999999998],[-46.40343800000001,-23.296154999999974],[-46.402736000000004,-23.299121000000003],[-46.405078,-23.300967999999997],[-46.40829999999999,-23.300293999999997],[-46.41199000000002,-23.301669999999998],[-46.410499,-23.305790000000002],[-46.41320700000001,-23.307919999999996],[-46.418451,-23.316319000000007],[-46.42165,-23.307641999999998],[-46.42591500000001,-23.301850000000012],[-46.42543400000001,-23.297357999999996],[-46.427635,-23.294938000000002],[-46.427253,-23.29200000000002],[-46.429914,-23.289044000000008],[-46.43740900000001,-23.284552],[-46.434303000000014,-23.27962799999999],[-46.43974399999999,-23.27343899999999],[-46.446926000000005,-23.271495],[-46.44789200000001,-23.27002399999997],[-46.454015,-23.273105999999995],[-46.45938399999999,-23.270338],[-46.46184000000001,-23.27243899999997],[-46.460265,-23.275646999999996],[-46.460636,-23.278070999999997],[-46.462804,-23.280064999999993],[-46.467338000000005,-23.280717],[-46.470818,-23.282660000000003],[-46.472356,-23.280915999999998],[-46.472741,-23.276643000000025],[-46.476232,-23.274901],[-46.478456,-23.269392000000014],[-46.483138000000004,-23.266948000000006],[-46.482865000000004,-23.265321999999983],[-46.491828,-23.255251999999984],[-46.499896000000014,-23.252783],[-46.502322000000014,-23.25051699999999],[-46.503069,-23.247941999999977],[-46.514194999999994,-23.250163000000008],[-46.513474,-23.247481999999998],[-46.51532400000001,-23.244159000000014],[-46.515380099999994,-23.237501899999984],[-46.51677900000001,-23.238512999999998],[-46.520164,-23.237444],[-46.523799999999994,-23.238073],[-46.529002,-23.241544000000005],[-46.539578,-23.239766],[-46.546229000000004,-23.241378999999995],[-46.551501,-23.23933899999998],[-46.553512,-23.236246000000012],[-46.558956,-23.235208999999987],[-46.56360200000001,-23.236547999999992],[-46.566764,-23.235865],[-46.568253,-23.23373499999999],[-46.575295,-23.232543000000003],[-46.58338599999999,-23.232775000000018],[-46.588294,-23.234787000000004],[-46.589858,-23.23668099999999],[-46.59371099999999,-23.236550000000005],[-46.601173,-23.23424099999998],[-46.604096000000006,-23.23516399999999],[-46.60526500000001,-23.228468000000007],[-46.609922,-23.225823000000013],[-46.615501,-23.227562999999986],[-46.61453,-23.23074799999999],[-46.617,-23.233300999999994],[-46.618323,-23.238499999999995],[-46.61760300000001,-23.240313],[-46.621961,-23.242418000000004],[-46.622762,-23.256729],[-46.62640600000001,-23.256211000000004],[-46.629639000000005,-23.259089999999983],[-46.634297,-23.257462999999998],[-46.637660000000004,-23.258004999999986],[-46.642980400000006,-23.2545923],[-46.6524682,-23.25987939999999],[-46.6666941,-23.258810200000006],[-46.6690511,-23.25637589999998],[-46.672090000000004,-23.256025800000007],[-46.675774999999994,-23.261601800000005],[-46.6843128,-23.257106600000004],[-46.68656550000001,-23.258958199999995],[-46.6909392,-23.2570353],[-46.69420029999999,-23.259200999999994],[-46.6957401,-23.257225],[-46.6988037,-23.256940100000005],[-46.6971794,-23.2549749],[-46.69793980000001,-23.253595899999993],[-46.70211170000001,-23.25181230000001],[-46.7053349,-23.251630699999993],[-46.7095646,-23.253315500000014],[-46.7185235,-23.2532958],[-46.7229292,-23.24907009999999],[-46.72536360000001,-23.248457600000005],[-46.7315717,-23.253234800000016],[-46.7388663,-23.252691099999986],[-46.7445536,-23.2502751],[-46.751160600000006,-23.253170999999984],[-46.7525611,-23.255744099999998],[-46.757163000000006,-23.253483000000013],[-46.760068,-23.256229999999988],[-46.760189,-23.258097999999983],[-46.763431000000004,-23.257767999999988],[-46.766504,-23.259306000000002],[-46.77235300000002,-23.259727999999992],[-46.778571,-23.256519999999995],[-46.78399099999999,-23.260878000000005],[-46.783686,-23.265378000000002],[-46.786203,-23.265003000000007],[-46.787637,-23.266469],[-46.790873,-23.266742],[-46.792796,-23.261191999999998],[-46.802440999999995,-23.257011000000002],[-46.80311,-23.270597999999985],[-46.80594700000001,-23.27248],[-46.805554000000015,-23.274753000000004],[-46.809716,-23.274625999999987],[-46.813905000000005,-23.276820000000004],[-46.81444,-23.282215000000004],[-46.816486,-23.282609999999984],[-46.819411,-23.280861000000005],[-46.83187,-23.27899],[-46.834676,-23.280627000000003],[-46.834489,-23.286227],[-46.838457,-23.287918],[-46.84437100000001,-23.28200599999998],[-46.846331,-23.282236999999984],[-46.846878,-23.28451300000001],[-46.84993899999999,-23.285617],[-46.860967,-23.281785999999993],[-46.862539,-23.278496],[-46.864790000000006,-23.27967999999999],[-46.867464000000005,-23.277938999999996],[-46.869642,-23.28218500000001],[-46.8758036,-23.283715499999992],[-46.877797300000005,-23.287572399999995],[-46.877194,-23.290948200000006],[-46.881614,-23.289129600000013],[-46.8855537,-23.2905306],[-46.8870433,-23.296171700000006],[-46.8900296,-23.299815499999987],[-46.89541950000001,-23.301796299999992],[-46.8971209,-23.304340300000003],[-46.9010357,-23.305244999999985],[-46.9019133,-23.307582899999986],[-46.9080837,-23.30899500000001],[-46.9154444,-23.308295600000015],[-46.9184298,-23.310721999999988],[-46.9224067,-23.30792659999998],[-46.926576,-23.3108793],[-46.9308956,-23.311669500000004],[-46.9335654,-23.317076999999998],[-46.9361078,-23.31815920000001],[-46.93897359999999,-23.323511800000002],[-46.9414475,-23.3202623],[-46.941409500000006,-23.321382499999995],[-46.94492189999999,-23.322819799999987],[-46.94533500000001,-23.325162899999995],[-46.94698650000001,-23.3247922],[-46.94866510000001,-23.32629289999999],[-46.9501721,-23.32421529999999],[-46.9523789,-23.32531729999999],[-46.9540358,-23.324844399999993],[-46.958547,-23.326390700000015],[-46.9592483,-23.328028199999995],[-46.96403409999999,-23.323574499999996],[-46.970340400000005,-23.32623549999999],[-46.97440730000002,-23.329986699999996],[-46.9765271,-23.328997900000008],[-46.97815289999999,-23.329632699999998],[-46.983667100000005,-23.333640399999982],[-46.987581500000005,-23.33270349999999],[-46.9889646,-23.3341547],[-46.991496200000014,-23.3326513],[-46.9914616,-23.3337341],[-46.9928057,-23.33375250000001],[-46.99571930000001,-23.331000299999996],[-46.9999975,-23.333245799999993],[-47.0005443,-23.338141700000005],[-47.00396979999999,-23.336858400000004],[-47.004933900000005,-23.33797919999999],[-47.0078391,-23.337448799999997],[-47.0089393,-23.338679],[-47.01535090000001,-23.340333400000006],[-47.0173298,-23.3453575],[-47.0212363,-23.344125699999996],[-47.02500109999999,-23.345776599999997],[-47.03124770000001,-23.346012799999986],[-47.0419167,-23.3522495],[-47.0451834,-23.351118199999995],[-47.0486567,-23.354867800000008],[-47.057073,-23.357247199999996],[-47.06632020000001,-23.354519399999994],[-47.06580410000001,-23.3577848],[-47.072383699999996,-23.359043999999994],[-47.07604790000001,-23.357535099999996],[-47.0821401,-23.35758830000001],[-47.0878128,-23.353230399999998],[-47.0921906,-23.356179900000015],[-47.0923733,-23.362717700000005],[-47.096225800000006,-23.36739519999999],[-47.0946348,-23.371229099999983],[-47.1026101,-23.3694847],[-47.1053189,-23.3716636],[-47.1033091,-23.37451700000001],[-47.1011014,-23.386821500000007],[-47.0976546,-23.387905599999996],[-47.09073370000001,-23.386400400000003],[-47.0875307,-23.383086299999995],[-47.083154,-23.380931700000005],[-47.081736,-23.3813248],[-47.080912000000005,-23.3876386],[-47.08353,-23.389587499999998],[-47.08387720000001,-23.391605399999996],[-47.0814311,-23.392480599999992],[-47.0806818,-23.3945086],[-47.0828269,-23.397825700000006],[-47.0831697,-23.401596200000007],[-47.085862600000006,-23.403240299999993],[-47.0902757,-23.403056999999993],[-47.09288840000001,-23.40148819999999],[-47.0940497,-23.398901400000007],[-47.0960909,-23.398391],[-47.097908000000004,-23.399231800000006],[-47.0983564,-23.402244200000005],[-47.1009242,-23.404582400000002],[-47.1052398,-23.401776399999992],[-47.12162289999999,-23.403526700000004],[-47.1230216,-23.400374999999997],[-47.1194516,-23.391338199999993],[-47.11919830000001,-23.385896700000004],[-47.1205365,-23.38322569999998],[-47.117081,-23.382029600000003],[-47.11767210000001,-23.376639400000016],[-47.120774400000016,-23.37565569999997],[-47.12957279999999,-23.3820467],[-47.1323781,-23.382053299999992],[-47.1335265,-23.380035099999997],[-47.131744700000006,-23.374937499999994],[-47.1380534,-23.369075200000026],[-47.1367999,-23.358642899999985],[-47.1387871,-23.354236200000006],[-47.14156590000001,-23.352828],[-47.142073200000006,-23.349109699999993],[-47.1568204,-23.34445019999998],[-47.1578923,-23.343122099999995],[-47.1654349,-23.342767699999982],[-47.171085899999994,-23.337846400000007],[-47.1699393,-23.33483959999998],[-47.173755699999994,-23.3256009],[-47.1645874,-23.323703699999975],[-47.161464800000005,-23.32054460000001],[-47.1617844,-23.318173800000004],[-47.16661909999999,-23.312504499999992],[-47.165606100000005,-23.311456000000003],[-47.1617821,-23.311591099999983],[-47.1612867,-23.307669099999988],[-47.1667567,-23.30416219999998],[-47.1684842,-23.294010899999986],[-47.17997270000001,-23.29386659999998],[-47.1864465,-23.285056700000002],[-47.1857491,-23.283060500000005],[-47.1892491,-23.27712839999998],[-47.1913559,-23.2700938],[-47.19098350000001,-23.246101400000008],[-47.189364600000005,-23.2477865],[-47.1855492,-23.248921199999995],[-47.18365240000001,-23.247596700000003],[-47.1823823,-23.248043299999992],[-47.179013,-23.2552452],[-47.1763552,-23.257227500000006],[-47.16525219999999,-23.257587400000002],[-47.1568926,-23.25693139999999],[-47.1495643,-23.2549784],[-47.1462778,-23.25570729999998],[-47.1443244,-23.253148900000003],[-47.14173970000001,-23.253890199999987],[-47.13794939999999,-23.249290600000005],[-47.13357290000001,-23.247953000000006],[-47.1290741,-23.24385980000001],[-47.126036,-23.2388929],[-47.1256022,-23.235460700000004],[-47.122315199999996,-23.233490199999995],[-47.121111600000006,-23.22903440000001],[-47.116464,-23.225948],[-47.1173956,-23.2224827],[-47.1227649,-23.219697600000003],[-47.127714600000004,-23.21439619999998],[-47.127689200000006,-23.20767719999999],[-47.1302988,-23.203082500000008],[-47.1336074,-23.204220800000012],[-47.1396687,-23.204051699999987],[-47.15074059999999,-23.20117829999999],[-47.15662850000001,-23.2019471],[-47.167580300000004,-23.19767809999998],[-47.1789479,-23.196440799999987],[-47.191843200000015,-23.192349000000004],[-47.1947252,-23.189246199999992],[-47.195376,-23.186159000000004],[-47.212648,-23.182455000000004],[-47.214614,-23.184400000000007],[-47.225294000000005,-23.180792999999984],[-47.22838599999999,-23.181863000000007],[-47.23224200000001,-23.180697000000006],[-47.234266,-23.182455999999995],[-47.23746700000001,-23.18267699999999],[-47.238505,-23.184474],[-47.245354,-23.182814999999994],[-47.248153000000016,-23.180343999999998],[-47.248846000000015,-23.17728899999997],[-47.25176,-23.176460999999993],[-47.250833,-23.175449999999998],[-47.251979,-23.17493099999998],[-47.251691,-23.172927999999985],[-47.254554,-23.16996899999999],[-47.255787000000005,-23.170551999999994],[-47.257563000000005,-23.16905199999999],[-47.25811800000002,-23.16191600000002],[-47.2553,-23.15645199999998],[-47.25687400000001,-23.150521999999977],[-47.260271,-23.146819000000004],[-47.266339,-23.145327000000005],[-47.270271,-23.145582],[-47.2748,-23.151603999999995],[-47.282865,-23.153764999999993],[-47.287707000000005,-23.157877000000003],[-47.29130399999999,-23.156780000000005],[-47.29501,-23.151867000000006],[-47.2953,-23.147992999999992],[-47.299017000000006,-23.139519999999997],[-47.301891,-23.13590700000001],[-47.30544700000001,-23.134677999999997],[-47.304294999999996,-23.131841999999995],[-47.30504100000001,-23.129121999999985],[-47.302576,-23.127019],[-47.30321300000001,-23.12427599999999],[-47.300718,-23.11277299999999]]]}},{"type":"Feature","properties":{"id":"administrativas-07","nome":"Sorocaba"},"geometry":{"type":"Polygon","coordinates":[[[-48.2027495,-23.4886777],[-48.2072392,-23.48675390000001],[-48.2090559,-23.484244199999996],[-48.215431900000006,-23.48366209999998],[-48.2186959,-23.48214700000001],[-48.2208364,-23.479753399999986],[-48.22089010000001,-23.4750954],[-48.22224649999999,-23.473670699999982],[-48.2234734,-23.474469100000007],[-48.22655620000001,-23.4716001],[-48.22931580000001,-23.474023300000002],[-48.23015750000001,-23.47152679999998],[-48.2345685,-23.471217900000003],[-48.24503390000001,-23.47818959999999],[-48.2454243,-23.4758374],[-48.24833470000001,-23.47608839999999],[-48.2470591,-23.474266200000006],[-48.2494776,-23.473506500000006],[-48.24889739999999,-23.471688300000007],[-48.2499981,-23.47070559999998],[-48.2535171,-23.47090230000001],[-48.2515472,-23.46882700000002],[-48.2550657,-23.4679052],[-48.256063000000005,-23.469775599999995],[-48.25740330000001,-23.468485899999997],[-48.25857830000001,-23.468971700000008],[-48.25915380000001,-23.467288499999988],[-48.264591,-23.467096399999996],[-48.264743300000006,-23.46839589999998],[-48.267395900000004,-23.466635800000006],[-48.2674312,-23.464599900000007],[-48.2638555,-23.463568200000005],[-48.2656624,-23.460456200000007],[-48.26441580000001,-23.458143799999977],[-48.2675927,-23.454110099999998],[-48.2667635,-23.452901899999997],[-48.2675277,-23.449865899999985],[-48.2689079,-23.450111700000008],[-48.2716161,-23.447801000000016],[-48.2753818,-23.447375399999984],[-48.2755007,-23.448183299999997],[-48.2776478,-23.446138099999995],[-48.28108799999999,-23.447056499999984],[-48.2813509,-23.445979899999998],[-48.28271230000001,-23.44609440000001],[-48.2840627,-23.447347699999987],[-48.285993500000004,-23.4465894],[-48.288948,-23.448233199999997],[-48.2902844,-23.446291399999982],[-48.2943403,-23.445310799999994],[-48.297054200000005,-23.439102399999996],[-48.29315309999999,-23.437769000000007],[-48.2927261,-23.43540479999999],[-48.29384270000001,-23.433581800000002],[-48.2954191,-23.433930800000002],[-48.295656300000005,-23.431854399999985],[-48.3008483,-23.426417300000008],[-48.2994623,-23.41991220000001],[-48.3012326,-23.418548399999978],[-48.3018239,-23.41568219999999],[-48.3057085,-23.41540309999999],[-48.3059207,-23.416983800000008],[-48.3079028,-23.416612999999984],[-48.3109387,-23.41817829999999],[-48.3116794,-23.41748350000001],[-48.3114531,-23.4189232],[-48.31238119999999,-23.41860770000001],[-48.3130153,-23.419875199999993],[-48.3133278,-23.4190047],[-48.315175999999994,-23.419177000000015],[-48.316628900000005,-23.420849500000013],[-48.315805299999994,-23.422152299999997],[-48.317028799999996,-23.422371300000002],[-48.3161713,-23.423141100000006],[-48.3222862,-23.423151199999996],[-48.3248078,-23.430628000000013],[-48.3257579,-23.4308513],[-48.325021400000004,-23.432866499999992],[-48.326337800000005,-23.431808199999995],[-48.328275700000006,-23.433481999999998],[-48.332877800000006,-23.423326599999992],[-48.3462458,-23.418906500000013],[-48.3538186,-23.411851299999984],[-48.3615784,-23.410904799999994],[-48.3641017,-23.412376900000005],[-48.3704955,-23.40797010000001],[-48.36790910000001,-23.39912529999999],[-48.3629624,-23.3931898],[-48.3614243,-23.3842693],[-48.3576685,-23.379604099999984],[-48.35607180000001,-23.375321499999995],[-48.35889629999999,-23.3698228],[-48.3589437,-23.366030299999995],[-48.36335179999999,-23.350867199999996],[-48.36801599999999,-23.3443749],[-48.37434850000001,-23.34245889999998],[-48.384295,-23.344318399999988],[-48.3870766,-23.343754500000006],[-48.3842766,-23.340394899999996],[-48.3853305,-23.329838199999998],[-48.37850190000001,-23.324655199999984],[-48.37691209999999,-23.321845400000004],[-48.3772081,-23.319211999999983],[-48.379802300000016,-23.3155384],[-48.3709095,-23.309028799999993],[-48.366999,-23.3085406],[-48.3638567,-23.30464650000001],[-48.36014579999999,-23.303005300000006],[-48.3607197,-23.300700399999982],[-48.3629517,-23.298583599999997],[-48.36837770000001,-23.297022],[-48.3733002,-23.291856000000017],[-48.3781796,-23.290117000000002],[-48.3911906,-23.2895938],[-48.39287569999999,-23.29111629999997],[-48.4011878,-23.2875251],[-48.4028636,-23.285281599999987],[-48.40112280000001,-23.2750806],[-48.406044699999995,-23.2676308],[-48.41315049999999,-23.2664808],[-48.4185853,-23.26252980000001],[-48.4217548,-23.265861400000002],[-48.4301991,-23.267905199999998],[-48.4360667,-23.2733929],[-48.4428673,-23.2700113],[-48.4465398,-23.270273100000015],[-48.4518634,-23.272535299999998],[-48.45439699999999,-23.2699343],[-48.4594106,-23.269179199999982],[-48.4652557,-23.266245299999976],[-48.47070630000001,-23.266528499999993],[-48.47941349999999,-23.264050900000008],[-48.48664080000001,-23.263535299999994],[-48.4915389,-23.261133299999987],[-48.49565820000001,-23.263696699999986],[-48.4952561,-23.2646502],[-48.4971955,-23.264744999999994],[-48.50442449999999,-23.269772200000006],[-48.508172200000004,-23.267042499999995],[-48.5121924,-23.271935100000007],[-48.5182105,-23.270169800000005],[-48.52078370000001,-23.2724835],[-48.5263732,-23.27150769999999],[-48.5295163,-23.272878],[-48.5379192,-23.273444099999974],[-48.5483374,-23.281044900000005],[-48.554097600000006,-23.2793638],[-48.556322900000005,-23.2838235],[-48.567495900000004,-23.296566700000007],[-48.570759,-23.2974391],[-48.5762164,-23.295927800000005],[-48.5790202,-23.296597800000004],[-48.585305,-23.309593],[-48.59050880000001,-23.314921000000002],[-48.601668300000014,-23.315684299999987],[-48.6247878,-23.32561159999999],[-48.63718930000001,-23.32682919999999],[-48.664184500000005,-23.333712899999977],[-48.672547599999994,-23.339559300000005],[-48.683286,-23.342962299999982],[-48.6951707,-23.342808600000005],[-48.7087478,-23.339930899999977],[-48.7094145,-23.337508100000008],[-48.70744760000001,-23.323424299999996],[-48.7094026,-23.3190814],[-48.713671299999994,-23.318609200000004],[-48.7198614,-23.320092],[-48.7327732,-23.319638299999994],[-48.7409162,-23.3164105],[-48.7565927,-23.307063599999985],[-48.77111539999999,-23.303534200000005],[-48.78885150000001,-23.294998399999983],[-48.79233000000001,-23.292012700000008],[-48.7951021,-23.28747020000001],[-48.7986811,-23.272197299999977],[-48.80208970000001,-23.2688722],[-48.804841100000004,-23.2679816],[-48.8121223,-23.269815299999973],[-48.82594720000001,-23.277738200000005],[-48.8403819,-23.28204149999999],[-48.853967000000004,-23.2832643],[-48.8786405,-23.280893200000012],[-48.89639110000001,-23.284010900000002],[-48.9033947,-23.286554],[-48.921317900000005,-23.296400500000008],[-48.9302629,-23.299287999999994],[-48.95129190000001,-23.300517300000013],[-48.978062500000014,-23.291828500000005],[-49.0011575,-23.2788348],[-49.0126347,-23.262184899999994],[-49.00041060000001,-23.243445299999998],[-48.997987300000005,-23.236028699999988],[-48.988751,-23.223674900000002],[-48.9885671,-23.220750300000002],[-48.9909868,-23.213840499999975],[-48.99145360000001,-23.202472999999987],[-48.9987973,-23.193660500000014],[-49.00146,-23.18717249999997],[-49.00090990000001,-23.185987899999997],[-48.995666899999996,-23.184565500000012],[-48.9928872,-23.185305899999978],[-48.9887837,-23.1809538],[-48.9859242,-23.16577489999998],[-48.9811166,-23.160304399999983],[-48.9829858,-23.155779000000003],[-48.97903879999999,-23.143708600000007],[-48.9832802,-23.137365500000005],[-48.9842399,-23.1332416],[-48.983359799999995,-23.1296483],[-48.9860152,-23.122776499999997],[-48.9798821,-23.117022899999995],[-48.9736209,-23.107412400000005],[-48.9823355,-23.103294999999985],[-48.9850698,-23.095485500000006],[-48.992879,-23.086997899999982],[-49.0120943,-23.0872413],[-49.01465740000001,-23.085799],[-49.0198947,-23.088182899999982],[-49.02751299999999,-23.088319600000005],[-49.0319236,-23.093265499999983],[-49.037726100000015,-23.0961232],[-49.068442300000015,-23.0932227],[-49.0723393,-23.093963699999996],[-49.077183100000006,-23.09875809999999],[-49.0831931,-23.098499999999984],[-49.0894489,-23.10401260000001],[-49.09089720000001,-23.098092399999985],[-49.0924504,-23.0963932],[-49.1219019,-23.0967459],[-49.1227341,-23.099035900000015],[-49.12153440000001,-23.10616940000001],[-49.1221794,-23.111743],[-49.1268964,-23.11329879999999],[-49.128489300000005,-23.115734699999983],[-49.128984100000004,-23.1204714],[-49.1361084,-23.1255689],[-49.134253900000004,-23.134011799999996],[-49.137127,-23.143524399999997],[-49.1352457,-23.14675410000002],[-49.1354714,-23.149375799999984],[-49.1380091,-23.154280800000013],[-49.14314939999999,-23.15901180000001],[-49.141826,-23.171939600000005],[-49.1394787,-23.175858400000006],[-49.1431732,-23.183240900000012],[-49.1411492,-23.192420800000022],[-49.1444391,-23.20135180000001],[-49.144422500000005,-23.21179769999999],[-49.1437886,-23.216533100000003],[-49.13965,-23.226444899999986],[-49.1453292,-23.232581700000004],[-49.1500929,-23.240523199999977],[-49.151320600000005,-23.26006609999998],[-49.1584647,-23.258657500000012],[-49.1696839,-23.25974509999999],[-49.1841519,-23.257728400000005],[-49.1929865,-23.253616199999996],[-49.19966600000001,-23.2476109],[-49.2107962,-23.245512300000005],[-49.2111359,-23.240661999999997],[-49.208854,-23.2320848],[-49.211040100000005,-23.22584409999999],[-49.220877400000006,-23.220853200000022],[-49.229708300000006,-23.210884999999983],[-49.2325165,-23.20964750000001],[-49.2405663,-23.209298899999997],[-49.24306800000001,-23.20729500000001],[-49.244994600000005,-23.189543499999996],[-49.2465962,-23.18687129999999],[-49.2487121,-23.18617750000001],[-49.247049499999996,-23.17972809999999],[-49.2432303,-23.173997400000008],[-49.2457158,-23.1722959],[-49.2484996,-23.164980399999994],[-49.2460773,-23.15616959999998],[-49.2454474,-23.144749999999995],[-49.2476484,-23.142293100000007],[-49.2529867,-23.139985299999992],[-49.2598424,-23.121691699999978],[-49.278067099999994,-23.121862999999994],[-49.2837914,-23.12731820000001],[-49.2877799,-23.12907209999999],[-49.2906818,-23.12740459999999],[-49.2960383,-23.1277244],[-49.299337400000006,-23.125813600000008],[-49.3068057,-23.125795799999995],[-49.3104147,-23.124288500000006],[-49.3213386,-23.1296174],[-49.323687400000004,-23.12938060000001],[-49.3303824,-23.126033499999988],[-49.3333143,-23.120889500000004],[-49.3330212,-23.118382699999998],[-49.3296759,-23.113114599999996],[-49.329773,-23.110763499999997],[-49.3322085,-23.11023809999999],[-49.3364588,-23.1117147],[-49.33599980000001,-23.107394000000017],[-49.33869570000001,-23.106963599999997],[-49.340590000000006,-23.10468879999999],[-49.3442458,-23.103127],[-49.3465554,-23.096681400000005],[-49.3540626,-23.088116299999996],[-49.3586123,-23.084395600000004],[-49.3645251,-23.0882563],[-49.3680344,-23.088749999999983],[-49.3714794,-23.092256300000003],[-49.37221749999999,-23.08930120000001],[-49.3756571,-23.0882674],[-49.3769015,-23.083641499999988],[-49.3816297,-23.081528900000002],[-49.3800573,-23.066476199999997],[-49.3837982,-23.061264300000012],[-49.384608,-23.057136399999997],[-49.3874115,-23.05540619999999],[-49.387637,-23.053663199999978],[-49.38422270000001,-23.049755499999986],[-49.3844008,-23.0467137],[-49.3874646,-23.043954100000004],[-49.3832571,-23.039210800000017],[-49.38280019999999,-23.029779999999995],[-49.376324,-23.016577400000003],[-49.371270500000016,-22.99829709999999],[-49.37180769999999,-22.994541500000015],[-49.3684582,-22.984273300000005],[-49.36485510000001,-22.986003399999998],[-49.3610703,-22.993606599999993],[-49.357237,-22.9899107],[-49.3564929,-22.982805999999997],[-49.3528188,-22.977919199999985],[-49.3186183,-22.9699255],[-49.3140232,-22.965368599999987],[-49.3101057,-22.958714499999996],[-49.304423100000015,-22.953205499999992],[-49.2799033,-22.93881029999999],[-49.2894064,-22.933685000000004],[-49.292190000000005,-22.929469300000004],[-49.294938800000004,-22.918217099999982],[-49.302316600000005,-22.913718199999995],[-49.304827,-22.905449700000002],[-49.30878630000001,-22.897816199999998],[-49.3090505,-22.885017399999988],[-49.3135429,-22.88543680000002],[-49.3162244,-22.884304399999998],[-49.32667100000001,-22.887036399999992],[-49.33201749999999,-22.886688200000005],[-49.3381133,-22.890123699999986],[-49.3422542,-22.884154099999986],[-49.3452961,-22.889272599999988],[-49.353619,-22.88667219999998],[-49.357053,-22.888494600000005],[-49.3589574,-22.88758169999999],[-49.3590768,-22.8887764],[-49.3614684,-22.8894858],[-49.3695115,-22.883783900000008],[-49.3710487,-22.878919199999988],[-49.36949830000001,-22.874868700000007],[-49.370978,-22.874687300000012],[-49.373866099999994,-22.867557299999998],[-49.377644,-22.863846000000006],[-49.3782675,-22.859743100000003],[-49.3767054,-22.852045300000015],[-49.3750193,-22.8506568],[-49.3767887,-22.83880690000002],[-49.37531830000001,-22.837017999999986],[-49.3730974,-22.827343300000003],[-49.36827480000001,-22.8202187],[-49.37108,-22.807286900000005],[-49.3733351,-22.801237500000017],[-49.3768252,-22.796432900000003],[-49.3791321,-22.786089199999996],[-49.3758909,-22.777451900000017],[-49.3674927,-22.783003699999995],[-49.3607144,-22.784640699999997],[-49.35490020000001,-22.782840400000012],[-49.348346600000006,-22.78304989999999],[-49.3396739,-22.7791344],[-49.334689600000004,-22.775180999999993],[-49.33239710000001,-22.7690655],[-49.3292469,-22.76576549999999],[-49.32452519999999,-22.764159199999998],[-49.3185375,-22.764621099999985],[-49.3089501,-22.7626657],[-49.305389,-22.7631343],[-49.3005759,-22.765705599999986],[-49.2926192,-22.76494840000002],[-49.2881441,-22.77094079999999],[-49.2789297,-22.772211500000004],[-49.2766273,-22.7710869],[-49.2730842,-22.7632566],[-49.266267500000005,-22.760048099999995],[-49.26133550000001,-22.7534748],[-49.2549045,-22.752399699999994],[-49.2489356,-22.749430200000013],[-49.24499230000001,-22.752047200000003],[-49.24007029999999,-22.752150500000003],[-49.231386,-22.75954090000001],[-49.2279772,-22.760409600000003],[-49.2249439,-22.750866999999978],[-49.2110483,-22.743634],[-49.2039749,-22.7364089],[-49.197600300000005,-22.722091899999995],[-49.195867500000006,-22.722095900000006],[-49.190265900000014,-22.725893099999983],[-49.183805,-22.72299780000001],[-49.18195500000001,-22.729391700000008],[-49.17425430000001,-22.730068],[-49.172030500000005,-22.72362360000001],[-49.1683719,-22.7220308],[-49.16508710000001,-22.7182612],[-49.1622545,-22.705585999999997],[-49.1561162,-22.6965051],[-49.15317009999999,-22.685249600000002],[-49.14456,-22.681799100000003],[-49.135227400000005,-22.675636699999988],[-49.1332857,-22.672783800000005],[-49.1267906,-22.67345059999998],[-49.11968439999999,-22.672377399999995],[-49.1153888,-22.6740815],[-49.1114339,-22.673866600000004],[-49.108866600000006,-22.67589159999999],[-49.1045991,-22.66938199999998],[-49.1008815,-22.6675645],[-49.0953328,-22.666890799999997],[-49.09680649999999,-22.680449700000004],[-49.09455319999999,-22.685782300000003],[-49.0946257,-22.699359600000008],[-49.0921799,-22.705620199999988],[-49.0854379,-22.713736099999988],[-49.0718,-22.72503439999998],[-49.066615,-22.7309012],[-49.0618461,-22.732880799999997],[-49.0569663,-22.73690580000001],[-49.05163050000001,-22.755606899999993],[-49.0418097,-22.7611249],[-49.0382668,-22.761114199999994],[-49.037149500000005,-22.763396],[-49.0304927,-22.763226499999995],[-49.0265899,-22.7719161],[-49.0254048,-22.7836971],[-49.0232188,-22.789976700000004],[-49.0289485,-22.797618200000002],[-49.0299023,-22.8038721],[-49.0295259,-22.8184288],[-49.0327818,-22.823157400000003],[-49.033369400000005,-22.828978399999986],[-49.0308656,-22.833844000000013],[-49.028411500000004,-22.835495100000006],[-49.01376919999999,-22.840624200000008],[-49.0104277,-22.832647700000003],[-49.0032384,-22.827039300000006],[-48.9963648,-22.819189],[-48.995514500000006,-22.82403989999999],[-48.9934105,-22.826022900000005],[-48.99321960000001,-22.82806749999999],[-48.9889724,-22.834901299999977],[-48.98342829999999,-22.840510699999978],[-48.9811946,-22.839355399999995],[-48.980451900000006,-22.835668500000004],[-48.97229,-22.830217400000006],[-48.9691363,-22.8250164],[-48.9666159,-22.827497400000006],[-48.949648700000004,-22.824968199999997],[-48.94429360000001,-22.827286199999993],[-48.94174280000001,-22.82588800000001],[-48.9354654,-22.827944099999986],[-48.931147300000006,-22.82720739999999],[-48.9266142,-22.8289276],[-48.9219882,-22.82860959999999],[-48.91496560000001,-22.832315199999993],[-48.9097176,-22.83353659999998],[-48.9015088,-22.84564589999999],[-48.8953333,-22.846889399999995],[-48.893678699999995,-22.848716700000004],[-48.8886284,-22.849012599999973],[-48.8875658,-22.8502861],[-48.880772799999995,-22.850929300000004],[-48.87965380000001,-22.852016299999978],[-48.8759738,-22.8510203],[-48.87017,-22.852447600000012],[-48.8625028,-22.852094800000003],[-48.84804400000001,-22.84666480000001],[-48.8459764,-22.847512099999996],[-48.8451351,-22.84962790000001],[-48.841845600000006,-22.850326699999993],[-48.837627700000006,-22.850131000000005],[-48.8359608,-22.848194300000017],[-48.819969799999996,-22.84846430000001],[-48.8101262,-22.846643699999994],[-48.8064561,-22.844891100000012],[-48.802568,-22.845333700000012],[-48.79709950000001,-22.839794700000002],[-48.79669320000001,-22.83628529999998],[-48.79322320000001,-22.832851600000012],[-48.7891673,-22.83680259999999],[-48.7801417,-22.826723699999995],[-48.78054620000001,-22.821494900000005],[-48.7761596,-22.8166868],[-48.77640220000001,-22.814064699999985],[-48.77424800000001,-22.81147149999999],[-48.77379390000001,-22.80644790000001],[-48.7757745,-22.801038399999985],[-48.7798495,-22.797484399999984],[-48.779146600000004,-22.78446899999998],[-48.7810674,-22.778538800000003],[-48.77738160000001,-22.765988],[-48.778198700000004,-22.762010700000005],[-48.76980519999999,-22.7583083],[-48.7679285,-22.761759299999987],[-48.7643593,-22.763703600000007],[-48.7627482,-22.76654560000002],[-48.7569876,-22.769556099999992],[-48.7545949,-22.772675799999977],[-48.7508778,-22.772569299999986],[-48.750654100000006,-22.77039929999999],[-48.748817800000005,-22.768457399999992],[-48.7467006,-22.77041189999999],[-48.7440238,-22.770949800000007],[-48.73692520000001,-22.765430899999988],[-48.729429,-22.7646631],[-48.722110199999996,-22.750920899999986],[-48.72044350000001,-22.745353399999992],[-48.7162391,-22.741505599999993],[-48.70654350000001,-22.738392099999995],[-48.7075729,-22.733780499999998],[-48.698321500000006,-22.735097200000002],[-48.69141280000001,-22.737944],[-48.6936986,-22.73161329999999],[-48.6916914,-22.724503],[-48.6941989,-22.723236400000008],[-48.69486770000001,-22.72077819999999],[-48.690814200000005,-22.709636399999994],[-48.691701099999996,-22.702742500000003],[-48.68861710000001,-22.694826000000003],[-48.6915687,-22.690216899999992],[-48.691723,-22.687986599999984],[-48.6889669,-22.681339600000005],[-48.689093,-22.674897799999997],[-48.684893300000006,-22.666181899999994],[-48.68892520000001,-22.659821500000007],[-48.688915599999994,-22.647124400000013],[-48.681516,-22.633986099999973],[-48.678641,-22.631554899999998],[-48.672532,-22.630294899999996],[-48.6618937,-22.632207499999996],[-48.66063760000001,-22.630658799999996],[-48.664580799999996,-22.6228898],[-48.673759999999994,-22.611683799999998],[-48.6756869,-22.604094300000014],[-48.68205340000001,-22.592149999999986],[-48.6813982,-22.5881796],[-48.6827772,-22.5854091],[-48.6816284,-22.581580999999986],[-48.6780732,-22.578724299999987],[-48.6790262,-22.575316999999995],[-48.67743900000001,-22.57256690000001],[-48.6737919,-22.571546899999998],[-48.6719064,-22.569618399999996],[-48.666785700000005,-22.569303799999986],[-48.670291000000006,-22.5650986],[-48.6651898,-22.5643999],[-48.665447,-22.562333600000013],[-48.667927,-22.56095499999999],[-48.6711319,-22.563167500000006],[-48.67261800000001,-22.56268150000001],[-48.6711124,-22.55920860000001],[-48.67251569999999,-22.556639800000017],[-48.6706828,-22.553907],[-48.673940200000004,-22.551359099999985],[-48.6724592,-22.55051769999999],[-48.667605500000015,-22.551921500000006],[-48.6664761,-22.5490313],[-48.670538,-22.547796599999998],[-48.6706631,-22.54636329999998],[-48.6662979,-22.5449206],[-48.664767,-22.54567629999999],[-48.6641352,-22.54469550000002],[-48.665103300000006,-22.543658299999997],[-48.6625895,-22.54355269999998],[-48.6598542,-22.5454562],[-48.6598281,-22.539526800000004],[-48.65527339999999,-22.539988399999995],[-48.6572479,-22.536508999999995],[-48.6535851,-22.5354254],[-48.6541173,-22.53294870000001],[-48.6532158,-22.532407400000004],[-48.652393900000014,-22.5345505],[-48.65049340000001,-22.53432149999999],[-48.647249,-22.536127299999997],[-48.6469938,-22.53535159999998],[-48.6425406,-22.538647400000013],[-48.6376598,-22.539702100000007],[-48.6331538,-22.54360940000001],[-48.6320982,-22.54748340000001],[-48.624280600000006,-22.548724999999983],[-48.62339640000001,-22.55275369999998],[-48.6206617,-22.555257899999994],[-48.620695,-22.560979],[-48.6197078,-22.562298200000015],[-48.6207929,-22.566441999999988],[-48.6197231,-22.569079999999985],[-48.6170083,-22.57040899999999],[-48.61599799999999,-22.57496549999999],[-48.6102475,-22.577832300000008],[-48.60166319999999,-22.5775388],[-48.5942456,-22.584805100000008],[-48.59208430000002,-22.585429299999994],[-48.5860425,-22.58390950000001],[-48.58197,-22.579399700000003],[-48.5757313,-22.577923400000003],[-48.568224,-22.580652000000004],[-48.5610674,-22.58721860000001],[-48.55629090000001,-22.583330699999987],[-48.5410581,-22.5794915],[-48.53540889999999,-22.57930999999999],[-48.5326091,-22.5767587],[-48.5263198,-22.5740223],[-48.5235998,-22.570348399999975],[-48.52413560000001,-22.56598489999998],[-48.52171920000001,-22.560151999999988],[-48.51554370000001,-22.55015],[-48.513027300000005,-22.54849649999999],[-48.5078451,-22.549300500000005],[-48.5041791,-22.552613199999985],[-48.5000668,-22.5525622],[-48.494604200000005,-22.55021209999997],[-48.4903307,-22.546076299999978],[-48.4873362,-22.546811100000006],[-48.4607511,-22.5402525],[-48.4456219,-22.5394808],[-48.4148055,-22.554950000000016],[-48.40580709999999,-22.5612002],[-48.3844925,-22.580016099999995],[-48.37487920000002,-22.590647000000004],[-48.364452199999995,-22.610123899999994],[-48.3608487,-22.611915499999995],[-48.3530268,-22.612942799999995],[-48.3421232,-22.622411700000015],[-48.3340841,-22.625387600000014],[-48.330608500000004,-22.624829699999996],[-48.3258958,-22.622071100000003],[-48.311261599999995,-22.60805390000001],[-48.2979486,-22.6041414],[-48.284373699999996,-22.597617999999986],[-48.2763832,-22.595391700000004],[-48.2713385,-22.596011600000008],[-48.266382300000004,-22.59864550000001],[-48.2624607,-22.6037079],[-48.2571478,-22.614123100000008],[-48.2528376,-22.6187501],[-48.2501788,-22.61964510000001],[-48.2439094,-22.6185654],[-48.239641199999994,-22.61275759999998],[-48.2361045,-22.598771499999998],[-48.2325374,-22.595000599999995],[-48.22723760000001,-22.593963300000013],[-48.2227278,-22.59498229999998],[-48.2177904,-22.59830549999999],[-48.2153121,-22.604301699999994],[-48.214711600000015,-22.613952800000007],[-48.2104662,-22.61811379999999],[-48.1904828,-22.6252735],[-48.17996339999999,-22.625667500000006],[-48.176189799999996,-22.6268276],[-48.1702916,-22.629676900000003],[-48.1641752,-22.63573989999999],[-48.1603772,-22.6378083],[-48.15630600000001,-22.637757699999998],[-48.1476726,-22.631725599999996],[-48.1417692,-22.629686399999997],[-48.1340273,-22.6286237],[-48.1160438,-22.62941799999999],[-48.1033974,-22.626149399999996],[-48.0978788,-22.6236001],[-48.0952588,-22.6237677],[-48.0910067,-22.6283043],[-48.090343,-22.63238409999999],[-48.0956658,-22.6488089],[-48.09388490000001,-22.651012399999995],[-48.088288,-22.652262000000015],[-48.08954,-22.667004],[-48.092591,-22.67221199999999],[-48.093123,-22.676056000000006],[-48.09533400000001,-22.677936999999982],[-48.095708,-22.683859000000005],[-48.09866399999999,-22.688782999999994],[-48.093891000000006,-22.702238999999977],[-48.090616,-22.70614800000001],[-48.086357,-22.707112000000002],[-48.086453000000006,-22.71798],[-48.083882,-22.723929999999996],[-48.081473,-22.725421],[-48.075918,-22.726225999999993],[-48.073464,-22.733169],[-48.071549,-22.736563000000007],[-48.070082,-22.736921999999982],[-48.058553,-22.733906999999988],[-48.050485,-22.728992],[-48.045877,-22.724661999999995],[-48.03835599999999,-22.72516299999999],[-48.032645,-22.719722999999988],[-48.030477,-22.71930400000001],[-48.026027,-22.72362999999999],[-48.021126,-22.724561999999995],[-48.01428,-22.734649000000008],[-48.017063,-22.737793000000003],[-48.018273,-22.741369],[-48.018185,-22.744538999999996],[-48.016073,-22.748918999999994],[-48.024056,-22.748931],[-48.026068,-22.750285999999978],[-48.027860000000004,-22.754212999999986],[-48.026799999999994,-22.762480000000018],[-48.029399,-22.77841900000001],[-48.026837,-22.789147000000003],[-48.027203,-22.791853000000007],[-48.031856,-22.79703899999998],[-48.030666,-22.805924],[-48.033626,-22.817866000000006],[-48.031998,-22.825744],[-48.04752860000001,-22.831892900000003],[-48.046587200000005,-22.835790899999996],[-48.0399224,-22.846887300000002],[-48.036581700000006,-22.848515099999986],[-48.01444349999999,-22.852250199999983],[-48.0079987,-22.8613838],[-48.0030887,-22.8657628],[-48.00308470000001,-22.872194900000004],[-48.0012258,-22.876753200000003],[-48.00240120000001,-22.88039329999998],[-48.00653510000001,-22.88284150000001],[-48.01528299999999,-22.88410869999998],[-48.0119038,-22.892914500000003],[-48.0094416,-22.895995700000007],[-48.00122700000001,-22.89944489999999],[-47.9976179,-22.898606300000015],[-47.992636600000004,-22.895500299999995],[-47.98777119999999,-22.88794649999999],[-47.991128999999994,-22.879800900000014],[-47.9913144,-22.8758456],[-47.9890667,-22.870858899999995],[-47.9855367,-22.868653300000002],[-47.982246,-22.870219399999996],[-47.980985000000004,-22.877069300000002],[-47.97498050000001,-22.885207600000015],[-47.975597900000004,-22.89043319999998],[-47.97367740000001,-22.897435099999992],[-47.9702874,-22.900097599999985],[-47.967681600000006,-22.898713],[-47.9615431,-22.890348200000016],[-47.9590028,-22.88924020000002],[-47.9477791,-22.8886752],[-47.942509699999995,-22.883883300000008],[-47.9391818,-22.88289269999998],[-47.91481910000001,-22.883416999999984],[-47.90897789999999,-22.880356599999995],[-47.905984499999995,-22.8773526],[-47.900324,-22.878017000000003],[-47.89914060000001,-22.8702342],[-47.8865604,-22.86638689999999],[-47.8829575,-22.863679400000013],[-47.87626290000001,-22.8642522],[-47.86682160000001,-22.860695599999996],[-47.86290759999999,-22.8614825],[-47.859287,-22.866638900000005],[-47.857854800000005,-22.8669517],[-47.8596197,-22.871672],[-47.8588915,-22.872420200000008],[-47.86116830000001,-22.874010499999986],[-47.8613247,-22.879257200000012],[-47.8641172,-22.881376400000004],[-47.8632753,-22.885182600000007],[-47.86498139999999,-22.885678900000006],[-47.864937999999995,-22.887699999999995],[-47.8678734,-22.888947699999996],[-47.8710146,-22.8945456],[-47.86927179999999,-22.89535830000002],[-47.8687696,-22.899009299999992],[-47.8638471,-22.898686199999993],[-47.863447900000004,-22.900483100000006],[-47.86015190000001,-22.899269000000015],[-47.85608849999999,-22.9011317],[-47.84476110000001,-22.901635099999993],[-47.835292300000006,-22.896929499999978],[-47.8330982,-22.8932348],[-47.8329134,-22.887954900000004],[-47.806904900000006,-22.876903999999996],[-47.7633276,-22.90399589999999],[-47.7608253,-22.910555300000002],[-47.75757410000001,-22.914364099999982],[-47.7596811,-22.916645200000005],[-47.7602476,-22.92215100000001],[-47.75481739999999,-22.92389709999999],[-47.7504882,-22.92709429999999],[-47.745903,-22.932832500000007],[-47.7225267,-22.933234900000002],[-47.723343099999994,-22.9310056],[-47.7217339,-22.9232477],[-47.7225768,-22.9197056],[-47.7141575,-22.9138459],[-47.7143193,-22.912016999999985],[-47.7114951,-22.912073000000014],[-47.7076445,-22.916550199999996],[-47.70118790000001,-22.91866299999999],[-47.6983035,-22.92415189999999],[-47.69850710000001,-22.931197900000004],[-47.691333,-22.943386700000012],[-47.6868614,-22.94797609999998],[-47.6841726,-22.9528177],[-47.67788389999999,-22.958519000000017],[-47.6762827,-22.964510399999998],[-47.6772565,-22.9684666],[-47.674748300000005,-22.97151049999999],[-47.671711900000005,-22.97244639999999],[-47.6699929,-22.981799300000006],[-47.66575439999999,-22.984195099999997],[-47.6638127,-22.990470299999995],[-47.6682988,-22.993780500000003],[-47.6600447,-22.9975655],[-47.660273300000014,-23.000623499999996],[-47.65849020000001,-23.001776199999984],[-47.658785,-23.006792500000003],[-47.6614629,-23.008816200000012],[-47.66066440000001,-23.0138079],[-47.6628681,-23.018513699999996],[-47.660001799999996,-23.0249919],[-47.66131250000001,-23.02837719999999],[-47.66003090000001,-23.031235700000003],[-47.653992,-23.035938],[-47.652072999999994,-23.043204000000003],[-47.649537,-23.04306599999999],[-47.645315000000004,-23.040406],[-47.63896199999999,-23.043056999999997],[-47.629074,-23.04366899999997],[-47.629137,-23.047149000000005],[-47.631546,-23.049979999999994],[-47.6315,-23.054840999999993],[-47.628946,-23.057991],[-47.6290524,-23.0616455],[-47.6262806,-23.068229000000017],[-47.6264173,-23.0759739],[-47.613120800000004,-23.068829399999984],[-47.60284889999999,-23.0705493],[-47.5974853,-23.073935699999986],[-47.5943432,-23.074377999999985],[-47.5929378,-23.07638279999999],[-47.5942183,-23.079324100000004],[-47.60419939999999,-23.0873228],[-47.6035277,-23.089802400000004],[-47.60769,-23.095203600000005],[-47.6086872,-23.099263599999997],[-47.6037681,-23.098393699999992],[-47.602791,-23.099729800000016],[-47.597098700000004,-23.09954509999998],[-47.5921718,-23.10314639999999],[-47.5915314,-23.101905000000013],[-47.5895699,-23.101957000000006],[-47.5873036,-23.103258],[-47.585822400000005,-23.102211899999993],[-47.5813895,-23.1037254],[-47.57385630000001,-23.099916899999982],[-47.57277650000001,-23.098344800000003],[-47.56742779999999,-23.09867809999998],[-47.5656685,-23.096996600000008],[-47.5665659,-23.093982600000004],[-47.5632346,-23.090685699999987],[-47.5530373,-23.098626100000008],[-47.54937569999999,-23.097375100000004],[-47.54201630000001,-23.098377399999986],[-47.53827350000001,-23.101645600000005],[-47.5303594,-23.10139500000001],[-47.5292222,-23.100518800000007],[-47.528626100000004,-23.094813899999995],[-47.520004799999995,-23.09458780000001],[-47.5097134,-23.0913723],[-47.5065422,-23.093635599999985],[-47.5012506,-23.094323199999995],[-47.4927075,-23.102317],[-47.4888075,-23.107492999999984],[-47.4851697,-23.1169882],[-47.4823706,-23.119734400000002],[-47.48039250000001,-23.12499619999999],[-47.4750767,-23.1232134],[-47.46939,-23.123977000000007],[-47.4650262,-23.128061500000005],[-47.4683647,-23.116661699999995],[-47.4653002,-23.1098863],[-47.4517575,-23.10599639999999],[-47.4475045,-23.107188799999975],[-47.43394249999999,-23.1061102],[-47.4282105,-23.101092699999995],[-47.42027589999999,-23.113221799999994],[-47.4115361,-23.120051400000012],[-47.415592999999994,-23.126964799999982],[-47.41419610000001,-23.133469199999983],[-47.4200701,-23.140228099999973],[-47.4203428,-23.1451327],[-47.422911,-23.149011799999993],[-47.4233624,-23.156792099999993],[-47.4211066,-23.164496799999995],[-47.4185396,-23.1686776],[-47.4174529,-23.166896699999977],[-47.4130734,-23.16470569999999],[-47.403297800000004,-23.161619199999993],[-47.3983404,-23.161841300000003],[-47.3926909,-23.15555489999999],[-47.388109,-23.154181000000005],[-47.387648,-23.152865999999996],[-47.383828,-23.154488],[-47.381563,-23.150716000000006],[-47.378613,-23.151101999999984],[-47.37809299999999,-23.15249100000001],[-47.375766,-23.151147],[-47.376708,-23.14785],[-47.37498,-23.14882499999999],[-47.37260600000001,-23.144455000000015],[-47.36178,-23.141474999999982],[-47.35204,-23.132759000000007],[-47.349974,-23.127105000000004],[-47.349641999999996,-23.117753999999998],[-47.34208,-23.117187000000012],[-47.33927599999999,-23.111152999999998],[-47.335235,-23.111042000000005],[-47.328608,-23.114123],[-47.325678,-23.118237],[-47.324559,-23.12226400000001],[-47.320776,-23.124363000000002],[-47.300718,-23.11277299999999],[-47.30321300000001,-23.12427599999999],[-47.302576,-23.127019],[-47.30504100000001,-23.129121999999985],[-47.304294999999996,-23.131841999999995],[-47.305623999999995,-23.133952],[-47.30177299999999,-23.135998],[-47.299017000000006,-23.139519999999997],[-47.2953,-23.147992999999992],[-47.29501,-23.151867000000006],[-47.29231,-23.155982000000016],[-47.289338,-23.157813999999984],[-47.287027,-23.157654000000004],[-47.282865,-23.153764999999993],[-47.2748,-23.151603999999995],[-47.270271,-23.145582],[-47.266339,-23.145327000000005],[-47.260271,-23.146819000000004],[-47.25687400000001,-23.150521999999977],[-47.2553,-23.15645199999998],[-47.25811800000002,-23.16191600000002],[-47.257563000000005,-23.16905199999999],[-47.255787000000005,-23.170551999999994],[-47.254554,-23.16996899999999],[-47.251691,-23.172927999999985],[-47.251979,-23.17493099999998],[-47.250833,-23.175449999999998],[-47.25176,-23.176460999999993],[-47.248846000000015,-23.17728899999997],[-47.248153000000016,-23.180343999999998],[-47.245354,-23.182814999999994],[-47.238505,-23.184474],[-47.23746700000001,-23.18267699999999],[-47.234266,-23.182455999999995],[-47.23224200000001,-23.180697000000006],[-47.22838599999999,-23.181863000000007],[-47.225294000000005,-23.180792999999984],[-47.214614,-23.184400000000007],[-47.212648,-23.182455000000004],[-47.195376,-23.186159000000004],[-47.1947252,-23.189246199999992],[-47.191843200000015,-23.192349000000004],[-47.1789479,-23.196440799999987],[-47.167580300000004,-23.19767809999998],[-47.15662850000001,-23.2019471],[-47.15074059999999,-23.20117829999999],[-47.1396687,-23.204051699999987],[-47.1299684,-23.203211899999996],[-47.127689200000006,-23.20767719999999],[-47.127714600000004,-23.21439619999998],[-47.1223444,-23.220019799999985],[-47.1180764,-23.2217604],[-47.116035399999994,-23.2250587],[-47.1180133,-23.227677599999982],[-47.121111600000006,-23.22903440000001],[-47.12289960000001,-23.234280200000004],[-47.1256022,-23.235460700000004],[-47.126036,-23.2388929],[-47.1290741,-23.24385980000001],[-47.13357290000001,-23.247953000000006],[-47.13794939999999,-23.249290600000005],[-47.14173970000001,-23.253890199999987],[-47.1443244,-23.253148900000003],[-47.1462778,-23.25570729999998],[-47.1495643,-23.2549784],[-47.1568926,-23.25693139999999],[-47.1687163,-23.257744499999998],[-47.1774219,-23.256800099999996],[-47.1823823,-23.248043299999992],[-47.18365240000001,-23.247596700000003],[-47.1855492,-23.248921199999995],[-47.189364600000005,-23.2477865],[-47.19098350000001,-23.246101400000008],[-47.1905301,-23.273753899999978],[-47.1857491,-23.283060500000005],[-47.1864465,-23.285056700000002],[-47.1848671,-23.285939100000007],[-47.1807747,-23.293224700000007],[-47.17868150000002,-23.294409199999997],[-47.1745912,-23.29339120000001],[-47.1684842,-23.294010899999986],[-47.1667567,-23.30416219999998],[-47.1612867,-23.307669099999988],[-47.1617821,-23.311591099999983],[-47.165606100000005,-23.311456000000003],[-47.16661909999999,-23.312504499999992],[-47.1617844,-23.318173800000004],[-47.161464800000005,-23.32054460000001],[-47.1645874,-23.323703699999975],[-47.173755699999994,-23.3256009],[-47.1699393,-23.33483959999998],[-47.171085899999994,-23.337846400000007],[-47.1654349,-23.342767699999982],[-47.1578923,-23.343122099999995],[-47.1568204,-23.34445019999998],[-47.142073200000006,-23.349109699999993],[-47.14156590000001,-23.352828],[-47.1387871,-23.354236200000006],[-47.1367999,-23.358642899999985],[-47.1380534,-23.369075200000026],[-47.131744700000006,-23.374937499999994],[-47.1335265,-23.380035099999997],[-47.1323781,-23.382053299999992],[-47.12957279999999,-23.3820467],[-47.120774400000016,-23.37565569999997],[-47.11767210000001,-23.376639400000016],[-47.117081,-23.382029600000003],[-47.1205365,-23.38322569999998],[-47.11919830000001,-23.385896700000004],[-47.1194516,-23.391338199999993],[-47.1230216,-23.400374999999997],[-47.12162289999999,-23.403526700000004],[-47.1052398,-23.401776399999992],[-47.1009242,-23.404582400000002],[-47.0983564,-23.402244200000005],[-47.097908000000004,-23.399231800000006],[-47.0960909,-23.398391],[-47.0940497,-23.398901400000007],[-47.09288840000001,-23.40148819999999],[-47.0902757,-23.403056999999993],[-47.085862600000006,-23.403240299999993],[-47.0831697,-23.401596200000007],[-47.0828269,-23.397825700000006],[-47.0806818,-23.3945086],[-47.0814311,-23.392480599999992],[-47.08387720000001,-23.391605399999996],[-47.08353,-23.389587499999998],[-47.080912000000005,-23.3876386],[-47.081736,-23.3813248],[-47.083154,-23.380931700000005],[-47.0875307,-23.383086299999995],[-47.09073370000001,-23.386400400000003],[-47.0976546,-23.387905599999996],[-47.1011014,-23.386821500000007],[-47.1033091,-23.37451700000001],[-47.1053189,-23.3716636],[-47.1026101,-23.3694847],[-47.0946348,-23.371229099999983],[-47.096225800000006,-23.36739519999999],[-47.0923733,-23.362717700000005],[-47.0921906,-23.356179900000015],[-47.0878128,-23.353230399999998],[-47.0821401,-23.35758830000001],[-47.07604790000001,-23.357535099999996],[-47.0704385,-23.3590185],[-47.06580410000001,-23.3577848],[-47.06632020000001,-23.354519399999994],[-47.057073,-23.357247199999996],[-47.04894389999999,-23.3550116],[-47.0447843,-23.351111299999996],[-47.0424817,-23.35264009999999],[-47.0399482,-23.3580504],[-47.0387472,-23.369020200000005],[-47.035803600000015,-23.36894660000002],[-47.034088,-23.371148900000012],[-47.030601700000005,-23.37175],[-47.0295203,-23.373656899999983],[-47.0290037,-23.37636859999998],[-47.03011630000002,-23.378658399999985],[-47.033639400000006,-23.379878099999996],[-47.0368917,-23.3789998],[-47.0378604,-23.3825966],[-47.042625400000006,-23.3867469],[-47.04109620000001,-23.3931727],[-47.038279499999994,-23.394011],[-47.03858480000001,-23.395751199999985],[-47.0361237,-23.399084699999992],[-47.0373353,-23.40038890000001],[-47.036909,-23.4023312],[-47.0395887,-23.40382529999999],[-47.03723430000001,-23.407043200000007],[-47.0398348,-23.40993429999999],[-47.03826050000001,-23.410198800000007],[-47.0374115,-23.411833],[-47.03889559999999,-23.41542670000002],[-47.041209,-23.416198500000004],[-47.041244400000004,-23.42227039999999],[-47.0401678,-23.42243830000001],[-47.0405787,-23.4239954],[-47.03848350000001,-23.42337519999999],[-47.035528,-23.4272473],[-47.035145400000005,-23.431979899999995],[-47.037571,-23.435529],[-47.03293899999999,-23.438041],[-47.031566,-23.44101600000001],[-47.029318,-23.442486],[-47.02419199999999,-23.440777999999998],[-47.016764,-23.445723999999977],[-47.01554200000002,-23.444024000000002],[-47.014134000000006,-23.445816000000008],[-47.010532,-23.445723000000015],[-47.01227900000001,-23.448186],[-47.010633,-23.44974500000001],[-47.01213,-23.452722],[-47.010403999999994,-23.454798999999998],[-47.013237,-23.45453],[-47.013989,-23.457648000000006],[-47.011195,-23.460256999999988],[-47.011652,-23.464284999999997],[-47.012936,-23.467800999999998],[-47.017211,-23.472586999999997],[-47.01366199999999,-23.478064000000007],[-47.017241000000006,-23.48138899999999],[-47.01784200000001,-23.483691000000004],[-47.013295000000014,-23.485470999999993],[-47.00893,-23.494663999999997],[-47.00392,-23.499389000000008],[-47.001299,-23.505307999999996],[-46.995036000000006,-23.506993],[-46.993703000000004,-23.508333999999998],[-46.9936,-23.5109],[-46.996460000000006,-23.514908999999996],[-46.99699800000001,-23.521966],[-46.99537699999999,-23.52404800000001],[-46.99214200000001,-23.524961999999995],[-46.99264709999999,-23.5266659],[-46.99093240000001,-23.527868200000004],[-46.99162470000001,-23.5293514],[-46.99691500000001,-23.532132],[-47.00512400000001,-23.533442999999988],[-47.007931000000006,-23.535596000000012],[-47.013164,-23.536354000000006],[-47.012225,-23.550085000000006],[-47.007162,-23.551351000000007],[-47.006126,-23.554358],[-47.01539,-23.56024400000002],[-47.014394,-23.563366],[-47.018863,-23.564333],[-47.02050800000001,-23.56736099999998],[-47.024574,-23.566812999999986],[-47.026861000000004,-23.56824799999998],[-47.029898,-23.568089000000004],[-47.029336,-23.571848000000006],[-47.024707,-23.57621700000001],[-47.024499,-23.579606999999996],[-47.032050299999995,-23.583255200000025],[-47.03118099999999,-23.588954399999995],[-47.03482910000001,-23.596954499999978],[-47.0372933,-23.598912299999995],[-47.0363956,-23.601206299999994],[-47.0408521,-23.607309200000003],[-47.04122050000001,-23.610574099999987],[-47.04733410000001,-23.613999],[-47.047019900000016,-23.6164655],[-47.0493929,-23.6188388],[-47.05410720000001,-23.61718629999998],[-47.05617829999999,-23.61870330000001],[-47.0576119,-23.626203200000006],[-47.059791,-23.629031999999988],[-47.058052,-23.63566799999999],[-47.058989,-23.639732],[-47.062039,-23.64386800000001],[-47.064696,-23.645462999999992],[-47.069076,-23.646380999999984],[-47.072657,-23.645367000000014],[-47.07435499999999,-23.649839999999994],[-47.0733568,-23.65138200000001],[-47.074503,-23.65249099999999],[-47.076519,-23.653679999999994],[-47.077933,-23.65263000000002],[-47.079133,-23.653928999999984],[-47.07978399999999,-23.652994999999997],[-47.082221,-23.653532999999978],[-47.08110899999999,-23.654365999999996],[-47.083265000000004,-23.658015999999982],[-47.081783000000016,-23.658862000000003],[-47.081855999999995,-23.660595999999995],[-47.082196,-23.661591000000012],[-47.083449,-23.661370999999985],[-47.083213,-23.663590000000003],[-47.082402,-23.663184],[-47.081944,-23.664251],[-47.084756,-23.667155999999984],[-47.083404,-23.667661000000013],[-47.08393399999999,-23.668405000000007],[-47.08194000000001,-23.67100899999998],[-47.076672,-23.67330499999999],[-47.07653,-23.675031999999998],[-47.07802200000001,-23.67617499999999],[-47.075984,-23.680786999999988],[-47.06941670000001,-23.680257999999988],[-47.06216059999999,-23.682469300000005],[-47.06298300000001,-23.6897975],[-47.0594382,-23.70195940000002],[-47.0613996,-23.703862599999994],[-47.0624598,-23.708630999999993],[-47.057745100000005,-23.712662199999993],[-47.056312200000015,-23.718688500000006],[-47.0525716,-23.72039919999999],[-47.0510927,-23.727667699999994],[-47.0494875,-23.728880599999993],[-47.0498461,-23.731124700000013],[-47.04717480000001,-23.735057100000006],[-47.0416476,-23.736873400000007],[-47.03949720000001,-23.735086300000006],[-47.0354444,-23.735366599999995],[-47.03325670000001,-23.7374606],[-47.0322432,-23.743048100000003],[-47.03361670000001,-23.747407499999994],[-47.0360685,-23.748426500000004],[-47.035141100000004,-23.750600399999993],[-47.03627329999999,-23.753598699999998],[-47.0344968,-23.755928600000004],[-47.0346597,-23.75789619999999],[-47.0325975,-23.756385099999992],[-47.0286012,-23.757359400000006],[-47.0295786,-23.75990699999999],[-47.02878270000001,-23.76162040000001],[-47.0329229,-23.76433069999998],[-47.0323663,-23.765682],[-47.0335325,-23.767457399999987],[-47.0322439,-23.767695199999984],[-47.03189549999999,-23.769514300000004],[-47.02603200000001,-23.77173099999999],[-47.025242999999996,-23.774345],[-47.023152,-23.775074999999987],[-47.02359499999999,-23.779702000000004],[-47.02069800000001,-23.786132000000006],[-47.018935,-23.78747],[-47.01926800000001,-23.788646999999997],[-47.015992,-23.789880000000004],[-47.014098,-23.792210999999988],[-47.00858900000001,-23.791849999999997],[-47.005409000000014,-23.797341],[-47.00208799999999,-23.798944000000002],[-47.000501,-23.801683],[-46.998841,-23.80114200000001],[-46.996592,-23.802721],[-46.995256999999995,-23.801895999999992],[-46.993182999999995,-23.803450000000005],[-46.988924,-23.80081199999998],[-46.98603,-23.800532],[-46.984038,-23.803154],[-46.98553100000001,-23.80445399999999],[-46.98647,-23.808414000000013],[-46.991868,-23.809228000000008],[-46.994583,-23.811663],[-46.99923100000001,-23.813212000000018],[-47.00123200000001,-23.81271699999999],[-47.007245,-23.81566599999999],[-47.015122,-23.814486999999996],[-47.017397,-23.817770999999986],[-47.01579199999999,-23.820138000000004],[-47.01756400000001,-23.82132699999998],[-47.013039000000006,-23.825096000000006],[-47.014337,-23.828002],[-47.01260800000001,-23.830740999999986],[-47.01458900000001,-23.830945999999997],[-47.014787,-23.835596],[-47.01565900000001,-23.83481299999999],[-47.016844,-23.836139000000003],[-47.018653,-23.836463999999985],[-47.01992300000001,-23.835363000000005],[-47.021714,-23.836071999999987],[-47.022615,-23.840250000000005],[-47.02496,-23.841215999999996],[-47.025773,-23.844014999999988],[-47.027617,-23.843883999999996],[-47.027165,-23.845087],[-47.028693000000004,-23.846215],[-47.035697,-23.840643],[-47.03521100000001,-23.837705000000007],[-47.038526,-23.83529100000001],[-47.039008,-23.836199000000004],[-47.04240930000001,-23.8360778],[-47.040777899999995,-23.83803939999999],[-47.0445135,-23.837339300000007],[-47.0431949,-23.840671499999996],[-47.044047,-23.83973410000001],[-47.04741219999999,-23.84088509999999],[-47.05110350000001,-23.844187],[-47.0552576,-23.8439699],[-47.0567479,-23.841593000000003],[-47.057917700000004,-23.84324099999999],[-47.0595799,-23.84297769999999],[-47.066045,-23.837967400000004],[-47.0659032,-23.843489900000005],[-47.072649000000006,-23.841851999999978],[-47.0743629,-23.843362499999998],[-47.079054799999994,-23.84317419999999],[-47.089045199999994,-23.8470011],[-47.093988800000005,-23.847238599999997],[-47.0961292,-23.84585700000001],[-47.09974160000001,-23.847617199999988],[-47.101852900000004,-23.847243199999998],[-47.102970500000005,-23.848848199999996],[-47.10753869999999,-23.84829140000001],[-47.1103329,-23.84242369999999],[-47.1129961,-23.843367899999993],[-47.1149284,-23.840198499999985],[-47.1172621,-23.841148600000007],[-47.1180626,-23.849753099999994],[-47.12345740000001,-23.853105099999976],[-47.1229075,-23.856653199999986],[-47.125109900000005,-23.857936099999993],[-47.12537380000001,-23.8606325],[-47.1274727,-23.86014349999998],[-47.12982529999999,-23.86128209999999],[-47.1292576,-23.863796099999995],[-47.1309043,-23.868501],[-47.1300172,-23.869325999999987],[-47.1323181,-23.8694218],[-47.1319187,-23.872619000000004],[-47.133129600000004,-23.873324999999998],[-47.1292512,-23.8750964],[-47.126639700000005,-23.87446109999998],[-47.1272993,-23.876591999999988],[-47.1295505,-23.8788133],[-47.1311392,-23.8781812],[-47.1332161,-23.879241099999998],[-47.1347216,-23.881830099999977],[-47.133256800000005,-23.882627599999992],[-47.1324869,-23.88444799999998],[-47.1335311,-23.883461],[-47.1347453,-23.885238299999997],[-47.136858800000006,-23.885704099999984],[-47.1368574,-23.88843909999999],[-47.139679699999995,-23.889927299999986],[-47.1396345,-23.89083469999996],[-47.13663480000001,-23.889801299999995],[-47.1376684,-23.890981000000004],[-47.13530329999999,-23.891197799999993],[-47.13492540000001,-23.894357299999992],[-47.1391024,-23.899871800000003],[-47.1426901,-23.90020519999998],[-47.144263499999994,-23.901442199999998],[-47.13817240000001,-23.903133499999996],[-47.13849530000001,-23.904942199999997],[-47.142719700000015,-23.9087174],[-47.1427077,-23.91179969999999],[-47.14665800000001,-23.912996599999985],[-47.150639299999995,-23.918399900000004],[-47.1534393,-23.920729899999994],[-47.1561578,-23.921258199999983],[-47.1557662,-23.923676],[-47.1578814,-23.926091500000002],[-47.15840060000001,-23.932203999999995],[-47.160003500000016,-23.935585199999995],[-47.1612801,-23.9357514],[-47.1626824,-23.93411879999998],[-47.1708202,-23.934642299999982],[-47.1757494,-23.9318069],[-47.1789746,-23.9334535],[-47.1780355,-23.93632079999999],[-47.1794427,-23.937347099999982],[-47.1827385,-23.930317400000018],[-47.18802290000001,-23.931089699999987],[-47.19133519999999,-23.92809879999999],[-47.191811500000014,-23.932889499999995],[-47.1893376,-23.9347286],[-47.1889898,-23.939590799999987],[-47.1942751,-23.941958900000003],[-47.19841780000001,-23.938946899999994],[-47.200446799999995,-23.939151200000005],[-47.20173820000001,-23.945221599999986],[-47.2008669,-23.949086699999985],[-47.199892600000005,-23.9498454],[-47.1987087,-23.9486071],[-47.1970188,-23.953350899999982],[-47.19373,-23.9534207],[-47.195553000000004,-23.958188199999995],[-47.2032319,-23.959368499999997],[-47.2085219,-23.964860999999978],[-47.20585590000001,-23.966211099999985],[-47.2061421,-23.969442500000007],[-47.2046673,-23.9714084],[-47.200828,-23.968905599999985],[-47.199693,-23.9697047],[-47.20108999999999,-23.97337870000001],[-47.1998063,-23.972295],[-47.19779070000001,-23.972853099999988],[-47.1967638,-23.976040099999977],[-47.1939578,-23.974705],[-47.1947095,-23.976958600000003],[-47.1934076,-23.980281699999995],[-47.1946122,-23.982063699999998],[-47.1923189,-23.983871999999987],[-47.1887141,-23.991078599999998],[-47.19497009999999,-23.992258899999996],[-47.1970858,-23.996333100000005],[-47.20053630000001,-23.998366099999995],[-47.20037140000001,-24.0007994],[-47.2063747,-24.003293600000003],[-47.20939910000001,-24.001283699999995],[-47.2113411,-24.001848199999998],[-47.2134772,-24.003959699999996],[-47.2144058,-24.007100899999994],[-47.2206333,-24.01063519999997],[-47.21851960000001,-24.0121867],[-47.21955600000001,-24.013528100000002],[-47.22468270000001,-24.015081900000002],[-47.2305935,-24.012392399999996],[-47.2335105,-24.01738309999999],[-47.23849229999999,-24.016305099999993],[-47.2452513,-24.022425000000002],[-47.2470024,-24.022587200000004],[-47.2497418,-24.020603499999986],[-47.2535274,-24.024079200000003],[-47.2566478,-24.0222981],[-47.2557302,-24.014457399999994],[-47.2529308,-24.008333499999996],[-47.2572759,-24.005497799999986],[-47.261753799999994,-24.0053684],[-47.2643043,-24.006982500000007],[-47.2640762,-24.009708100000015],[-47.260671499999994,-24.011120300000012],[-47.26056419999999,-24.014034500000008],[-47.26559040000001,-24.015767699999987],[-47.269564200000005,-24.015235899999986],[-47.2711073,-24.017548299999994],[-47.2770258,-24.014862600000008],[-47.2757879,-24.013073099999993],[-47.277652,-24.01116299999999],[-47.28244370000001,-24.015035100000006],[-47.2859021,-24.0142126],[-47.28649570000001,-24.0121696],[-47.28496160000001,-24.011189700000013],[-47.284476999999995,-24.0073122],[-47.2860255,-24.006392000000016],[-47.294352800000006,-24.010754899999984],[-47.301834400000004,-24.0116367],[-47.3064325,-24.009233799999993],[-47.31036280000001,-24.008981200000022],[-47.31459470000001,-24.01241299999998],[-47.316390700000014,-24.017053000000008],[-47.31844370000001,-24.016078799999995],[-47.322626,-24.0178016],[-47.32514249999999,-24.017509799999992],[-47.3285745,-24.014573000000002],[-47.3303789,-24.015222799999997],[-47.3307764,-24.01782579999998],[-47.3329793,-24.0180982],[-47.335131000000004,-24.01515979999998],[-47.33442980000001,-24.012718899999992],[-47.3402707,-24.013136899999996],[-47.3562899,-24.02246259999998],[-47.355774000000004,-24.02955609999999],[-47.3630375,-24.0317731],[-47.3685903,-24.039171500000016],[-47.3683385,-24.042736999999995],[-47.370029,-24.0434687],[-47.3718749,-24.0416266],[-47.373013400000005,-24.04533559999998],[-47.3769459,-24.048495300000003],[-47.38598790000001,-24.0497831],[-47.3881524,-24.05205769999997],[-47.388544700000004,-24.05472519999998],[-47.415568099999994,-24.06123810000002],[-47.41666500000001,-24.062039199999987],[-47.417094,-24.0661142],[-47.4215415,-24.0686291],[-47.4232112,-24.06712559999998],[-47.4261222,-24.069141399999978],[-47.4278138,-24.068306699999997],[-47.4299001,-24.064277199999996],[-47.43784509999999,-24.05748639999999],[-47.4442138,-24.05365990000002],[-47.44817780000001,-24.053479099999997],[-47.449105900000006,-24.050486600000017],[-47.452588600000006,-24.05188709999997],[-47.45397779999999,-24.055647999999994],[-47.4579836,-24.05874439999999],[-47.4600283,-24.0578111],[-47.463067300000006,-24.060160700000008],[-47.46400810000001,-24.066027500000004],[-47.462321200000005,-24.06925219999998],[-47.46423419999999,-24.071990800000012],[-47.4650531,-24.07632699999999],[-47.4732365,-24.078324299999984],[-47.4773281,-24.0813234],[-47.479540300000004,-24.0783752],[-47.4809392,-24.0786656],[-47.480127100000004,-24.0763954],[-47.4823231,-24.074499200000005],[-47.48601089999999,-24.072730900000003],[-47.487404700000006,-24.0731792],[-47.49223829999999,-24.070221300000025],[-47.494693600000005,-24.0660183],[-47.492926000000004,-24.061873000000002],[-47.493805,-24.0587045],[-47.4959699,-24.058733999999987],[-47.4988455,-24.0529062],[-47.50290580000001,-24.049785700000008],[-47.5087775,-24.04889010000001],[-47.5122671,-24.046401500000005],[-47.5142851,-24.0471743],[-47.5212303,-24.045771499999997],[-47.530193600000004,-24.046448999999996],[-47.53189259999999,-24.043683199999993],[-47.539362,-24.04196530000002],[-47.5391996,-24.03940070000001],[-47.5410451,-24.037886099999987],[-47.549547,-24.036409599999995],[-47.55366990000001,-24.0369096],[-47.55442600000001,-24.0404197],[-47.5576426,-24.038897499999994],[-47.56277099999999,-24.039561599999995],[-47.5624865,-24.04941319999999],[-47.564132500000014,-24.05663940000001],[-47.5678384,-24.062515199999982],[-47.5668006,-24.069361200000014],[-47.570456,-24.07802189999999],[-47.57662590000001,-24.07804889999998],[-47.5790392,-24.07514510000001],[-47.58281180000001,-24.0754528],[-47.585087,-24.079840000000004],[-47.5892485,-24.08206],[-47.59066370000001,-24.087728400000003],[-47.59193080000001,-24.088416899999988],[-47.5940975,-24.085400899999996],[-47.59396310000001,-24.0807156],[-47.5960099,-24.079784899999996],[-47.595457300000014,-24.0825149],[-47.597459,-24.085567099999995],[-47.60298310000001,-24.088563799999992],[-47.6109641,-24.095923299999995],[-47.61252640000001,-24.100552199999996],[-47.61600709999999,-24.1037926],[-47.621359700000006,-24.106022799999998],[-47.6231304,-24.1119739],[-47.62845380000001,-24.11398790000002],[-47.6338617,-24.112854599999984],[-47.6337967,-24.102781599999993],[-47.636005600000004,-24.100469800000006],[-47.6329697,-24.0916304],[-47.6301537,-24.087631199999993],[-47.6286908,-24.077374499999987],[-47.6303241,-24.075703299999994],[-47.62472240000001,-24.0716704],[-47.6241349,-24.069684999999986],[-47.62031330000001,-24.068345000000004],[-47.62192660000001,-24.0641223],[-47.6154541,-24.0595621],[-47.615608900000005,-24.056187899999987],[-47.6136326,-24.052245099999993],[-47.615477,-24.0492332],[-47.613753300000006,-24.044684100000016],[-47.6195314,-24.0435087],[-47.62297439999999,-24.0413731],[-47.6252584,-24.038099599999992],[-47.6239893,-24.035372199999998],[-47.6256255,-24.034305300000007],[-47.628144500000005,-24.035003900000007],[-47.62858380000001,-24.03670439999999],[-47.6368163,-24.03812319999999],[-47.6369043,-24.043166499999995],[-47.6378877,-24.043817599999993],[-47.64091030000001,-24.039530599999985],[-47.6452899,-24.042092500000013],[-47.6492726,-24.041057500000004],[-47.6532555,-24.044720500000004],[-47.65635129999999,-24.043888799999998],[-47.66098860000001,-24.04039160000001],[-47.6734558,-24.0413167],[-47.6762058,-24.0450912],[-47.6803041,-24.04526149999999],[-47.6839574,-24.0504677],[-47.6850945,-24.056570500000007],[-47.6894985,-24.0594048],[-47.6946867,-24.066579299999997],[-47.6982225,-24.06813879999999],[-47.702477599999995,-24.073781300000004],[-47.7070589,-24.073315299999994],[-47.708977100000006,-24.071591800000007],[-47.7121442,-24.0742734],[-47.7181067,-24.076762700000003],[-47.72002940000001,-24.07923319999999],[-47.7238899,-24.0798208],[-47.725945200000005,-24.082723900000005],[-47.7256592,-24.089602199999998],[-47.7339888,-24.098127200000008],[-47.7357385,-24.10401049999999],[-47.7341024,-24.105497599999996],[-47.72383810000001,-24.10622480000002],[-47.72572069999999,-24.111113600000003],[-47.7219662,-24.1132288],[-47.72421250000001,-24.1152127],[-47.7247138,-24.118105400000008],[-47.72758949999999,-24.118276900000016],[-47.7367738,-24.1252031],[-47.7441608,-24.120832899999986],[-47.74852129999999,-24.1232705],[-47.7519396,-24.123544599999992],[-47.75835810000002,-24.130716],[-47.7657106,-24.1324916],[-47.7694032,-24.132091299999974],[-47.77273050000001,-24.13444679999999],[-47.7756963,-24.1277452],[-47.7787588,-24.129935100000008],[-47.7870027,-24.130247699999984],[-47.789436900000005,-24.1338455],[-47.7917186,-24.13494240000002],[-47.79936780000001,-24.13389670000002],[-47.801787399999995,-24.13495319999999],[-47.808616100000016,-24.130770999999992],[-47.8123533,-24.1312591],[-47.8169157,-24.133684299999995],[-47.8213801,-24.132489999999997],[-47.82810430000001,-24.13328059999998],[-47.8311688,-24.128210100000004],[-47.83002570000001,-24.123461399999993],[-47.832124900000004,-24.1213568],[-47.837913,-24.119179099999993],[-47.841138,-24.12019900000001],[-47.8460834,-24.119675300000004],[-47.85087459999999,-24.116700699999992],[-47.8518278,-24.120148400000005],[-47.8576745,-24.12296659999998],[-47.85960930000001,-24.119637199999982],[-47.8622126,-24.118220499999996],[-47.8632815,-24.113950600000003],[-47.8598578,-24.10692249999999],[-47.856645099999994,-24.103738700000005],[-47.8589214,-24.0981816],[-47.8585676,-24.094344199999988],[-47.8615192,-24.089582999999994],[-47.8677763,-24.086404500000008],[-47.8668797,-24.079827399999978],[-47.8677823,-24.0768163],[-47.8694792,-24.07615729999999],[-47.87698760000001,-24.080862099999987],[-47.8816355,-24.0810311],[-47.8881683,-24.078200800000005],[-47.8927254,-24.078062799999994],[-47.895239700000005,-24.079627],[-47.89688969999999,-24.084904800000007],[-47.9017169,-24.089632400000003],[-47.9017505,-24.093649700000014],[-47.90563190000001,-24.093217399999997],[-47.9169087,-24.100461899999992],[-47.9205831,-24.099726000000004],[-47.92273460000001,-24.101068600000012],[-47.9297746,-24.101088199999985],[-47.9382211,-24.099469299999985],[-47.93895,-24.1042959],[-47.94555630000001,-24.1090865],[-47.9465439,-24.11753210000001],[-47.9523982,-24.1202069],[-47.95361510000001,-24.117662499999998],[-47.95392640000001,-24.1107244],[-47.9562229,-24.10891599999999],[-47.958265000000004,-24.11014509999999],[-47.961526199999994,-24.1092795],[-47.9650193,-24.105491500000003],[-47.9645092,-24.10321370000001],[-47.9717012,-24.09970489999999],[-47.9706854,-24.098654900000003],[-47.9700966,-24.0916371],[-47.9738421,-24.0875268],[-47.97402770000001,-24.085083799999992],[-47.97641210000001,-24.082619999999995],[-47.9765373,-24.079825600000003],[-47.980074800000004,-24.0755827],[-47.98735000000001,-24.071890900000007],[-47.9876496,-24.074007499999997],[-47.98967960000001,-24.07515470000001],[-47.99243130000001,-24.071012],[-47.9937616,-24.07279029999998],[-47.9981028,-24.07382800000001],[-47.9983847,-24.070890299999988],[-48.0014374,-24.069779900000004],[-47.999933799999994,-24.062900800000016],[-48.002179700000006,-24.0641012],[-48.000905599999996,-24.06552669999998],[-48.0063181,-24.0670163],[-48.0074982,-24.0651561],[-48.0066094,-24.063110999999996],[-48.00912280000001,-24.063683999999984],[-48.00819120000001,-24.062324399999998],[-48.0130874,-24.060315799999998],[-48.01252240000001,-24.05871059999999],[-48.013931,-24.058852699999996],[-48.0155045,-24.056422200000004],[-48.0146602,-24.054751200000005],[-48.0187413,-24.052125999999998],[-48.0188831,-24.049075600000002],[-48.0202268,-24.050040099999993],[-48.02506660000001,-24.04730199999999],[-48.0274397,-24.049620700000013],[-48.0294501,-24.046927199999992],[-48.031311,-24.0467781],[-48.03260630000001,-24.04360879999999],[-48.0341415,-24.0438591],[-48.0334914,-24.0417307],[-48.03490740000001,-24.040349900000002],[-48.03552940000001,-24.0334877],[-48.036279300000004,-24.033187500000007],[-48.03622880000001,-24.0350432],[-48.0388151,-24.037856600000012],[-48.0402321,-24.032711899999992],[-48.0396786,-24.029407899999995],[-48.0406151,-24.030474199999997],[-48.042213000000004,-24.029005],[-48.045177200000005,-24.028542300000005],[-48.0451435,-24.026527700000003],[-48.04929370000001,-24.0242854],[-48.0488894,-24.022219599999996],[-48.0526595,-24.025157800000013],[-48.0550945,-24.024134600000014],[-48.0548355,-24.020388500000013],[-48.0574335,-24.016983099999997],[-48.0624712,-24.01498080000001],[-48.0619732,-24.014131199999994],[-48.0661869,-24.014489899999987],[-48.06569250000001,-24.016167499999995],[-48.067153100000006,-24.016687099999995],[-48.0663452,-24.017462899999998],[-48.067404,-24.018888300000004],[-48.0695333,-24.018645599999996],[-48.069848300000004,-24.016439299999995],[-48.0771926,-24.014976000000015],[-48.076918500000005,-24.012699299999984],[-48.0805586,-24.0099308],[-48.0793009,-24.0065151],[-48.080307499999996,-24.0061031],[-48.0813708,-24.007496200000002],[-48.0812564,-24.004802799999997],[-48.0835741,-24.003536099999998],[-48.08553659999999,-24.00565819999998],[-48.0851995,-24.007923999999978],[-48.090662300000005,-24.009033599999984],[-48.0940812,-24.0113429],[-48.0939771,-24.0150733],[-48.095616,-24.0157408],[-48.1000768,-24.016720699999993],[-48.103655200000006,-24.012583599999996],[-48.1032502,-24.011028700000004],[-48.1069695,-24.009849600000003],[-48.1083894,-24.011175199999986],[-48.11128190000001,-24.0091861],[-48.1132657,-24.010808599999983],[-48.1132497,-24.012214100000005],[-48.11820440000001,-24.012028399999995],[-48.1199825,-24.013119300000003],[-48.1204543,-24.016038800000004],[-48.1222836,-24.014410099999996],[-48.12513850000001,-24.0142789],[-48.12594440000001,-24.0095468],[-48.1235694,-24.005325700000014],[-48.12601179999999,-24.0002943],[-48.12153639999999,-23.996343000000003],[-48.1202694,-23.9917477],[-48.1172995,-23.989407500000002],[-48.120404400000005,-23.988051599999995],[-48.12148220000001,-23.984125999999993],[-48.127157800000006,-23.9786431],[-48.1237093,-23.974935299999977],[-48.1211507,-23.964731599999986],[-48.1219068,-23.963825700000005],[-48.1242859,-23.964682899999996],[-48.1259717,-23.96346519999999],[-48.1298179,-23.9577242],[-48.13005160000001,-23.955068200000007],[-48.1384341,-23.952837399999982],[-48.1397559,-23.951073899999997],[-48.1398851,-23.94748629999998],[-48.1475891,-23.94419900000001],[-48.1498237,-23.939313799999987],[-48.1547749,-23.938226700000005],[-48.15610869999999,-23.93477460000001],[-48.1593464,-23.9323529],[-48.1616918,-23.926475599999996],[-48.1668892,-23.922245600000018],[-48.1662059,-23.91354279999998],[-48.1678734,-23.900610099999984],[-48.172737600000005,-23.890161599999985],[-48.176397800000004,-23.8887116],[-48.1760183,-23.890509400000006],[-48.1808739,-23.895771499999984],[-48.18336010000001,-23.894179],[-48.1820783,-23.8921693],[-48.1841029,-23.8871737],[-48.1858402,-23.886324899999995],[-48.191231900000005,-23.886974999999975],[-48.1915006,-23.88516759999999],[-48.1888907,-23.88305579999999],[-48.1898417,-23.8807162],[-48.1884599,-23.876726900000005],[-48.1846935,-23.872929500000005],[-48.1834319,-23.8736504],[-48.1818381,-23.87283820000001],[-48.1843783,-23.871060600000003],[-48.182109800000006,-23.86993329999998],[-48.1844757,-23.86366839999999],[-48.1891484,-23.86185740000001],[-48.188731000000004,-23.860600099999974],[-48.1904212,-23.859784600000012],[-48.1884238,-23.856489299999986],[-48.1890765,-23.855186700000008],[-48.1904404,-23.85527120000001],[-48.190654800000004,-23.85375149999998],[-48.19451260000001,-23.85312529999998],[-48.1953339,-23.851410599999998],[-48.2012824,-23.8525659],[-48.2015532,-23.85142890000002],[-48.207212,-23.8507079],[-48.207843,-23.84931439999999],[-48.2114088,-23.85371470000002],[-48.2112949,-23.85075999999999],[-48.2178316,-23.85285000000001],[-48.2196692,-23.849089300000003],[-48.224095900000016,-23.8511037],[-48.2280537,-23.850808799999992],[-48.2305452,-23.848619899999992],[-48.232947200000005,-23.85006009999999],[-48.2315374,-23.853443800000004],[-48.2336391,-23.85166960000001],[-48.2376588,-23.852725499999995],[-48.2371512,-23.855837899999994],[-48.2403046,-23.861384800000014],[-48.245820900000005,-23.8598491],[-48.2530308,-23.86011379999999],[-48.2541864,-23.8556477],[-48.2604081,-23.852035699999995],[-48.2623114,-23.8532977],[-48.2637105,-23.8511603],[-48.2656903,-23.852381000000012],[-48.2652329,-23.856376400000006],[-48.26893910000001,-23.85681799999999],[-48.27159429999999,-23.85413410000001],[-48.2709742,-23.85182190000001],[-48.2776036,-23.846586499999987],[-48.2768178,-23.8403818],[-48.2802846,-23.838753499999996],[-48.28272230000001,-23.834968],[-48.2881518,-23.834765400000002],[-48.28692890000001,-23.833130199999992],[-48.2891414,-23.83149039999999],[-48.2934652,-23.8342497],[-48.295624400000015,-23.830980899999997],[-48.2946133,-23.8260844],[-48.296122800000006,-23.825126800000007],[-48.30381210000001,-23.831379799999986],[-48.304790700000005,-23.8305672],[-48.3070926,-23.8315896],[-48.3091409,-23.8347039],[-48.314516,-23.834708],[-48.3148395,-23.832791499999995],[-48.316649899999994,-23.832005799999987],[-48.315238,-23.83041780000001],[-48.316564,-23.829521600000003],[-48.3184951,-23.82943330000001],[-48.3219642,-23.832005600000002],[-48.322069,-23.83374359999998],[-48.31800880000001,-23.8362897],[-48.31775840000001,-23.840311099999997],[-48.315460900000005,-23.844009799999988],[-48.318589,-23.851083500000005],[-48.32167830000001,-23.848599899999996],[-48.3231913,-23.849745300000002],[-48.322167,-23.854658899999997],[-48.3248753,-23.854936499999997],[-48.33041930000001,-23.850369499999992],[-48.33394,-23.850829800000003],[-48.33848040000001,-23.854378800000013],[-48.34093699999999,-23.854660499999987],[-48.3435265,-23.8524578],[-48.3427519,-23.8504127],[-48.3384196,-23.845672700000005],[-48.33125780000002,-23.840811799999994],[-48.34435,-23.8310303],[-48.3504491,-23.830734800000002],[-48.3521867,-23.825872999999987],[-48.3545113,-23.824139900000002],[-48.36234939999999,-23.8240504],[-48.3649059,-23.8289528],[-48.36328350000001,-23.8302382],[-48.3590208,-23.830840599999995],[-48.35861880000001,-23.8320237],[-48.36122840000001,-23.8360633],[-48.36554700000001,-23.835557399999995],[-48.3700595,-23.8205649],[-48.3745301,-23.813735800000007],[-48.3718772,-23.810626300000013],[-48.3652651,-23.810296699999995],[-48.3563717,-23.807584300000006],[-48.3532343,-23.807935199999996],[-48.3525126,-23.80639430000001],[-48.358209800000004,-23.803514300000007],[-48.3661102,-23.8043861],[-48.368821800000006,-23.79709530000001],[-48.383165600000005,-23.791096900000003],[-48.38261850000001,-23.789483200000014],[-48.3845653,-23.785663299999992],[-48.375242300000004,-23.780990100000004],[-48.37959939999999,-23.777610499999987],[-48.38799439999999,-23.778977599999987],[-48.3936094,-23.781224600000005],[-48.4003209,-23.777196100000005],[-48.39926919999999,-23.77621580000001],[-48.39397410000001,-23.775780400000002],[-48.3911416,-23.771509299999984],[-48.3913941,-23.770410600000005],[-48.393982199999996,-23.76976979999998],[-48.3968279,-23.7657383],[-48.4004612,-23.76430270000001],[-48.398564500000006,-23.762220099999997],[-48.39681540000001,-23.762120799999984],[-48.39205330000001,-23.765924699999996],[-48.384787100000004,-23.7637583],[-48.3857321,-23.759662599999984],[-48.3832184,-23.758784099999996],[-48.37809460000001,-23.763503099999994],[-48.3723287,-23.76532420000001],[-48.37596090000001,-23.76027769999999],[-48.3810942,-23.756772200000007],[-48.3852435,-23.758150100000005],[-48.39295210000001,-23.756844199999993],[-48.3997132,-23.76000079999998],[-48.40115650000001,-23.75750239999999],[-48.40036169999999,-23.754885400000013],[-48.3981298,-23.7537554],[-48.3919413,-23.754164399999993],[-48.39067910000001,-23.753334899999977],[-48.391123,-23.751595999999996],[-48.400823,-23.748550000000023],[-48.4071476,-23.749814099999988],[-48.4085726,-23.7486307],[-48.40739270000002,-23.745376099999998],[-48.4031074,-23.7450668],[-48.4065092,-23.737538700000005],[-48.4062054,-23.73583040000001],[-48.396639900000004,-23.740345099999995],[-48.3949858,-23.7443262],[-48.3893405,-23.741312500000003],[-48.39414659999999,-23.7381968],[-48.3963239,-23.7346459],[-48.397332299999995,-23.7291214],[-48.3949138,-23.7252344],[-48.3966053,-23.7234613],[-48.3965405,-23.721516899999997],[-48.401181,-23.719495499999983],[-48.40761069999999,-23.719393399999998],[-48.4073341,-23.712507599999995],[-48.4037444,-23.7136949],[-48.4024271,-23.712532400000008],[-48.39920690000002,-23.7003926],[-48.394793100000015,-23.69533129999999],[-48.3947572,-23.6932124],[-48.39219159999999,-23.691396399999988],[-48.3910197,-23.68718989999999],[-48.3880885,-23.687588099999992],[-48.3864721,-23.68485140000001],[-48.3809989,-23.685107200000004],[-48.3788603,-23.683064400000013],[-48.375839000000006,-23.684442700000012],[-48.3740015,-23.683865100000006],[-48.3745153,-23.68065279999999],[-48.37190830000001,-23.679240999999998],[-48.3709269,-23.675731600000002],[-48.3664677,-23.67283429999999],[-48.3671272,-23.66440780000001],[-48.3640154,-23.6598674],[-48.3650534,-23.65502639999999],[-48.368847300000006,-23.6507657],[-48.3710338,-23.645575699999984],[-48.370589,-23.6330135],[-48.3712849,-23.630644799999995],[-48.3744675,-23.627393099999995],[-48.3731487,-23.620773200000002],[-48.3780126,-23.6154204],[-48.3777363,-23.608767000000004],[-48.3815084,-23.6042548],[-48.38177740000001,-23.59383130000001],[-48.3838471,-23.588321600000008],[-48.381907600000005,-23.580014500000004],[-48.3802477,-23.57831950000002],[-48.3745713,-23.57669110000002],[-48.371561,-23.57853899999998],[-48.3641532,-23.5787007],[-48.3661393,-23.57327570000001],[-48.362923,-23.5675241],[-48.359509,-23.5736939],[-48.35674650000001,-23.57307470000001],[-48.35672480000001,-23.5754561],[-48.3546707,-23.573814999999996],[-48.3510321,-23.577435899999987],[-48.3510191,-23.581209700000013],[-48.349078,-23.58223549999999],[-48.3477456,-23.582328499999992],[-48.3485262,-23.58099880000001],[-48.3465756,-23.579688],[-48.34506840000001,-23.581362999999993],[-48.3434749,-23.58039000000001],[-48.3433295,-23.57521919999998],[-48.3452325,-23.5750561],[-48.345366000000006,-23.572975799999995],[-48.340569499999994,-23.573492099999996],[-48.33979570000001,-23.57644],[-48.3364993,-23.576018],[-48.333636500000004,-23.577704799999996],[-48.33505519999999,-23.578703999999995],[-48.33433380000001,-23.581342399999997],[-48.3357619,-23.5841507],[-48.3344578,-23.5879783],[-48.3359001,-23.591621299999996],[-48.32886930000001,-23.59711519999999],[-48.3278693,-23.592635100000013],[-48.3244957,-23.590447099999988],[-48.3223238,-23.590744999999995],[-48.32103080000001,-23.594191300000002],[-48.321426200000005,-23.588144099999997],[-48.3185947,-23.586576800000003],[-48.31766330000001,-23.588437099999986],[-48.31600160000001,-23.588274899999988],[-48.316033800000014,-23.589458499999992],[-48.3124761,-23.588108499999986],[-48.311064800000004,-23.589773100000013],[-48.306515100000006,-23.589326300000003],[-48.30369150000001,-23.59036510000001],[-48.3000449,-23.58826560000001],[-48.3013215,-23.584621],[-48.2996919,-23.581387600000017],[-48.29348070000001,-23.57917809999999],[-48.29514180000001,-23.576546399999994],[-48.29416800000001,-23.57372659999999],[-48.297917000000005,-23.568722799999986],[-48.2963614,-23.564171099999992],[-48.29347330000001,-23.5658697],[-48.29544650000001,-23.5670289],[-48.2937013,-23.569091499999985],[-48.2867947,-23.569682799999985],[-48.282251599999995,-23.56652800000001],[-48.278053,-23.566617900000008],[-48.2784174,-23.567976600000005],[-48.28069779999999,-23.568470500000004],[-48.27960139999999,-23.569313900000004],[-48.2805934,-23.571345299999983],[-48.277815800000006,-23.57008889999998],[-48.2786497,-23.571698699999995],[-48.277603500000005,-23.5721553],[-48.2747826,-23.569527700000002],[-48.274952500000005,-23.57488439999998],[-48.2729559,-23.575753299999988],[-48.2669902,-23.5694297],[-48.266014299999995,-23.56993549999998],[-48.2648187,-23.566190600000002],[-48.26296030000001,-23.565194500000004],[-48.2611409,-23.551875899999988],[-48.2589504,-23.55090089999998],[-48.2582916,-23.5487666],[-48.25885770000001,-23.544569900000003],[-48.251656,-23.5391211],[-48.2496011,-23.531560799999998],[-48.2468042,-23.530342099999995],[-48.24376250000002,-23.531299000000008],[-48.24092219999999,-23.5287658],[-48.2378169,-23.524154999999993],[-48.2365644,-23.518796300000005],[-48.23206139999999,-23.516800900000025],[-48.22854569999999,-23.516882599999985],[-48.2199198,-23.511877800000015],[-48.2153724,-23.50612109999999],[-48.215639,-23.5011543],[-48.2143343,-23.50035919999999],[-48.19890040000001,-23.500147400000003],[-48.19474030000001,-23.499293],[-48.19314750000001,-23.49779069999999],[-48.1923445,-23.49593159999997],[-48.1943386,-23.493423300000007],[-48.1928427,-23.490207199999997],[-48.2007501,-23.48809749999998],[-48.2027495,-23.4886777]]]}},{"type":"Feature","properties":{"id":"administrativas-08","nome":"Presidente Prudente"},"geometry":{"type":"Polygon","coordinates":[[[-52.46763430000001,-22.61587820000001],[-52.4789585,-22.624114799999997],[-52.4952734,-22.6330935],[-52.502676799999996,-22.634555699999996],[-52.5066277,-22.633465000000015],[-52.5117811,-22.63031969999999],[-52.5234943,-22.61989659999999],[-52.53893850000001,-22.61574989999998],[-52.5453772,-22.6117435],[-52.553886600000006,-22.600724599999996],[-52.567128800000006,-22.58924739999999],[-52.5715463,-22.58289559999999],[-52.5757741,-22.5719736],[-52.581327800000004,-22.567380300000007],[-52.5849228,-22.565933200000018],[-52.589344399999995,-22.566096599999987],[-52.61135740000001,-22.57447159999999],[-52.6199489,-22.580307499999996],[-52.6300827,-22.5905494],[-52.6441646,-22.597539599999998],[-52.6630339,-22.611915600000007],[-52.69,-22.624356600000006],[-52.70169510000001,-22.627666700000017],[-52.72242920000001,-22.626752400000004],[-52.732422299999996,-22.6226451],[-52.7503018,-22.6123689],[-52.7753616,-22.604363799999994],[-52.7828639,-22.6020617],[-52.8154397,-22.59704319999998],[-52.8448621,-22.6092218],[-52.8583628,-22.608000999999984],[-52.90536250000001,-22.572207299999985],[-52.9247426,-22.56562399999999],[-52.972424999999994,-22.570484299999983],[-52.984858500000016,-22.5763497],[-53.011673,-22.598795],[-53.0198359,-22.601660300000002],[-53.03080700000001,-22.6084114],[-53.0385254,-22.6184136],[-53.0557979,-22.6326227],[-53.069078,-22.63790940000001],[-53.0747239,-22.64134039999999],[-53.08394299999999,-22.6550742],[-53.08778689999999,-22.658444899999996],[-53.0945825,-22.63797870000001],[-53.101356,-22.6256076],[-53.1051872,-22.6219296],[-53.11011150000001,-22.610224999999996],[-53.10786230000001,-22.595511500000008],[-53.09778900000001,-22.58247630000001],[-53.0886475,-22.565849199999995],[-53.07380650000001,-22.5488576],[-53.0580024,-22.536930000000005],[-53.03980099999999,-22.527395600000006],[-53.0143612,-22.520665799999996],[-53.0070574,-22.51304699999999],[-52.99857909999999,-22.493181299999982],[-52.98824590000001,-22.486878299999976],[-52.9796933,-22.4835477],[-52.885837,-22.452873600000004],[-52.8578427,-22.441482699999987],[-52.8547612,-22.439112399999978],[-52.8398869,-22.415311],[-52.80821040000001,-22.388284799999997],[-52.7983309,-22.378273400000005],[-52.74583500000001,-22.343312999999995],[-52.7242686,-22.3351079],[-52.69513409999999,-22.314610599999995],[-52.6568881,-22.303798799999992],[-52.650276500000004,-22.301000999999978],[-52.6400356,-22.292988200000003],[-52.6333804,-22.284986099999994],[-52.6233564,-22.2790156],[-52.6019914,-22.271951399999992],[-52.5975207,-22.268788],[-52.5869392,-22.2567505],[-52.5791872,-22.251952800000005],[-52.571019099999994,-22.248427699999997],[-52.5420795,-22.240266299999995],[-52.523233899999994,-22.2290219],[-52.51238850000001,-22.225580699999988],[-52.50343560000001,-22.22538489999998],[-52.4877143,-22.217206],[-52.484216399999994,-22.213254300000006],[-52.4799657,-22.200881799999998],[-52.4606752,-22.188743400000007],[-52.4457419,-22.176946899999987],[-52.441532,-22.171276699999986],[-52.4330278,-22.1633649],[-52.41501889999999,-22.1488259],[-52.408188300000006,-22.14163520000001],[-52.40167939999999,-22.1263572],[-52.396403799999995,-22.1188671],[-52.39190640000001,-22.114678900000015],[-52.377218,-22.106678199999998],[-52.3706651,-22.096650400000005],[-52.3551312,-22.0772314],[-52.34543479999999,-22.061975400000005],[-52.3391918,-22.047826399999984],[-52.3324175,-22.020336400000005],[-52.326437999999996,-22.00230040000001],[-52.328045,-21.999959499999996],[-52.325601400000004,-21.9960985],[-52.31901940000001,-21.9721319],[-52.3088119,-21.951919599999986],[-52.30148470000001,-21.942168600000002],[-52.2802723,-21.9228248],[-52.2783762,-21.91863220000001],[-52.2749633,-21.914941900000006],[-52.2690461,-21.914497000000004],[-52.26369710000001,-21.912299199999996],[-52.2581841,-21.905924000000002],[-52.2484061,-21.9022804],[-52.233433,-21.883753999999996],[-52.2067288,-21.86213890000002],[-52.1905614,-21.846144699999996],[-52.183602900000004,-21.826365899999995],[-52.1839844,-21.8144605],[-52.1709621,-21.7863983],[-52.1612618,-21.77077369999997],[-52.147791999999995,-21.759588800000007],[-52.1400488,-21.755730200000002],[-52.125451,-21.7518299],[-52.1220989,-21.749461900000018],[-52.118213700000005,-21.748766900000017],[-52.11201439999999,-21.749599099999987],[-52.1028652,-21.745291199999993],[-52.09959310000001,-21.7376191],[-52.09386620000001,-21.73051439999999],[-52.07649239999999,-21.7148802],[-52.0558254,-21.677158799999997],[-52.050711199999995,-21.665766600000005],[-52.04834030000001,-21.6563421],[-52.0495204,-21.6430891],[-52.0520923,-21.63659420000002],[-52.06279,-21.620597699999983],[-52.0688756,-21.598107500000005],[-52.0724265,-21.59310130000001],[-52.0841835,-21.58334350000001],[-52.0915314,-21.58069420000001],[-52.0987673,-21.574985599999984],[-52.10216410000001,-21.569813499999984],[-52.1034019,-21.564557200000014],[-52.10229339999999,-21.554840599999984],[-52.0931069,-21.5377591],[-52.0879247,-21.532899699999984],[-52.0803229,-21.52156210000001],[-52.07778940000001,-21.5152225],[-52.06645240000001,-21.504591600000023],[-52.0620417,-21.503268500000008],[-52.0218416,-21.510915000000004],[-52.0003676,-21.516626500000008],[-51.9871536,-21.511700399999995],[-51.967903299999996,-21.501762099999993],[-51.9635281,-21.49601980000001],[-51.95829570000001,-21.483535300000003],[-51.9523993,-21.473603699999988],[-51.9444044,-21.46584149999998],[-51.9361268,-21.462316500000007],[-51.9286818,-21.4558161],[-51.922407299999996,-21.4404292],[-51.9182051,-21.4121824],[-51.91245750000001,-21.395661600000004],[-51.9075357,-21.386455799999997],[-51.8999285,-21.3776053],[-51.8877786,-21.366926399999972],[-51.8687621,-21.353530199999984],[-51.865261100000005,-21.348942500000003],[-51.8610618,-21.336671],[-51.861373300000004,-21.3171125],[-51.8569297,-21.289526200000008],[-51.8558805,-21.2859111],[-51.8514416,-21.28119569999998],[-51.84937300000001,-21.276190899999996],[-51.84851450000001,-21.266638400000005],[-51.8505189,-21.263645299999986],[-51.8543614,-21.260945499999995],[-51.8552002,-21.250265400000004],[-51.860926000000006,-21.238948600000004],[-51.8636776,-21.22671109999998],[-51.873816999999995,-21.211249100000014],[-51.87957370000001,-21.199430700000008],[-51.87576030000001,-21.1810441],[-51.8789848,-21.148137700000007],[-51.8769246,-21.139471000000004],[-51.8758619,-21.1361474],[-51.865473900000005,-21.1305401],[-51.844593200000006,-21.131462899999995],[-51.82359,-21.126839800000013],[-51.8144547,-21.1213892],[-51.8080062,-21.11002310000001],[-51.78967089999999,-21.102119499999997],[-51.775644500000006,-21.073093600000004],[-51.7724764,-21.051121300000002],[-51.765992700000005,-21.05136139999999],[-51.7677318,-21.056919299999993],[-51.7645915,-21.060058300000016],[-51.7638206,-21.059204],[-51.7651226,-21.055175600000016],[-51.7611769,-21.055498],[-51.761857799999994,-21.06426749999998],[-51.7556684,-21.065919],[-51.7545917,-21.061877600000003],[-51.7521675,-21.0608184],[-51.7515615,-21.061943299999992],[-51.7537103,-21.063525699999996],[-51.7531345,-21.064195700000017],[-51.7490301,-21.06639600000001],[-51.7456899,-21.06648409999999],[-51.74777240000001,-21.068719400000006],[-51.7476826,-21.0702073],[-51.7449759,-21.0698124],[-51.7445833,-21.06759809999998],[-51.743423299999996,-21.06918209999998],[-51.7408913,-21.068814800000002],[-51.739878600000004,-21.069249800000005],[-51.7413205,-21.0712661],[-51.7387051,-21.070912100000008],[-51.7375125,-21.07433609999999],[-51.7363405,-21.07349299999999],[-51.7366931,-21.071690800000002],[-51.7342349,-21.07147309999998],[-51.7314829,-21.069508000000003],[-51.729957600000006,-21.070310600000006],[-51.728613800000005,-21.074139700000007],[-51.72582100000001,-21.068749399999973],[-51.7222232,-21.072222699999998],[-51.719457999999996,-21.069624600000004],[-51.7167911,-21.073015599999998],[-51.7184723,-21.075709600000007],[-51.7146269,-21.0769003],[-51.7142765,-21.07922449999999],[-51.71110800000001,-21.07951180000001],[-51.71364419999999,-21.080727799999988],[-51.71371210000001,-21.083298199999984],[-51.7102425,-21.08464369999997],[-51.70823360000001,-21.083203699999988],[-51.706844800000006,-21.083535699999995],[-51.7064269,-21.0863038],[-51.7084349,-21.08753510000002],[-51.706065900000006,-21.0893588],[-51.7032891,-21.087269399999986],[-51.7019579,-21.0909809],[-51.6994977,-21.088198500000004],[-51.697849,-21.095408399999982],[-51.6944604,-21.09630960000001],[-51.697598,-21.09824099999999],[-51.698694599999996,-21.100807199999995],[-51.69784529999999,-21.103563999999995],[-51.7015148,-21.106184800000012],[-51.7014535,-21.107818500000015],[-51.6907559,-21.116093999999986],[-51.6913138,-21.11944530000001],[-51.68792069999999,-21.122525600000017],[-51.6928116,-21.123044],[-51.6911906,-21.127382899999986],[-51.6948905,-21.131859],[-51.6900549,-21.1344079],[-51.691929,-21.136644600000015],[-51.690634599999996,-21.139468500000003],[-51.6906032,-21.1446882],[-51.6875221,-21.146162200000006],[-51.6855359,-21.1497979],[-51.68138780000001,-21.149162199999992],[-51.67677990000001,-21.151399],[-51.673959800000006,-21.149113599999982],[-51.6721517,-21.149173],[-51.6714247,-21.150726499999994],[-51.6743961,-21.153313700000005],[-51.6674569,-21.15686439999999],[-51.6681595,-21.158453600000016],[-51.6718892,-21.1588042],[-51.67231410000001,-21.160498900000007],[-51.66085220000001,-21.1661323],[-51.65875979999999,-21.1695527],[-51.6537841,-21.167458100000005],[-51.64188140000001,-21.165549599999988],[-51.63800090000001,-21.160047800000005],[-51.638139,-21.151695899999996],[-51.6334569,-21.1523142],[-51.629226800000005,-21.149413099999986],[-51.6275231,-21.1461636],[-51.61943410000001,-21.147713699999994],[-51.61917269999999,-21.145052600000017],[-51.61683469999999,-21.144774000000005],[-51.615516,-21.142064599999987],[-51.6136783,-21.141653700000003],[-51.601634700000005,-21.14900449999998],[-51.60431630000001,-21.14481919999998],[-51.6035467,-21.143699699999996],[-51.6008366,-21.144257399999994],[-51.59145120000001,-21.1486358],[-51.5903093,-21.151836900000006],[-51.5904848,-21.153989299999985],[-51.59595780000001,-21.15902020000001],[-51.5935507,-21.162369200000008],[-51.5951258,-21.166070499999996],[-51.5934459,-21.170995],[-51.58438780000001,-21.1777208],[-51.5757044,-21.180843200000012],[-51.57779000000001,-21.184059200000014],[-51.575849,-21.18585359999999],[-51.576182,-21.189192999999996],[-51.5738862,-21.189187799999996],[-51.5737536,-21.187283],[-51.5710849,-21.18698760000001],[-51.570461,-21.184932300000003],[-51.5685362,-21.187326800000015],[-51.5647578,-21.1852646],[-51.5629542,-21.186640799999996],[-51.56460930000001,-21.1901455],[-51.555599300000004,-21.190870299999993],[-51.55219780000001,-21.190055999999977],[-51.5430206,-21.1916777],[-51.5441592,-21.194845000000004],[-51.5413556,-21.196785300000005],[-51.5405387,-21.194086700000017],[-51.53796349999999,-21.193807900000007],[-51.53850849999999,-21.198269],[-51.5355954,-21.200783700000006],[-51.5336164,-21.199928699999987],[-51.53570150000001,-21.199321799999993],[-51.5357919,-21.1973903],[-51.5328767,-21.195416000000005],[-51.5311106,-21.1956956],[-51.5305464,-21.197485099999994],[-51.5240126,-21.199188799999995],[-51.5230098,-21.202871799999986],[-51.5186599,-21.2044642],[-51.5181052,-21.20901999999999],[-51.511946400000014,-21.210709100000003],[-51.5097389,-21.216801300000014],[-51.5078095,-21.21770290000002],[-51.5044947,-21.216929900000004],[-51.5032952,-21.22023489999999],[-51.5018367,-21.22107439999998],[-51.498144,-21.219662999999983],[-51.4948896,-21.220298900000014],[-51.4942238,-21.2236866],[-51.49637950000001,-21.2265589],[-51.49273860000001,-21.230509699999995],[-51.4895533,-21.231080100000007],[-51.48669290000001,-21.233110999999987],[-51.4798269,-21.231747399999982],[-51.478948,-21.23542979999998],[-51.4744116,-21.235729699999997],[-51.47142819999999,-21.238569699999992],[-51.469965600000016,-21.2382084],[-51.471710599999994,-21.235450200000017],[-51.4712756,-21.234342200000004],[-51.4673896,-21.237800800000002],[-51.4632933,-21.236504399999987],[-51.45941200000001,-21.2371413],[-51.454504,-21.238824899999987],[-51.4517905,-21.24135850000002],[-51.44822200000001,-21.241882199999996],[-51.446585,-21.2436743],[-51.4435633,-21.2432777],[-51.435307400000006,-21.245734299999985],[-51.43280910000001,-21.249833599999985],[-51.42919390000001,-21.251173800000004],[-51.4313018,-21.2532563],[-51.4309863,-21.254849099999998],[-51.4252046,-21.25802170000002],[-51.4226378,-21.256122999999995],[-51.4204063,-21.259508300000014],[-51.4151947,-21.262600899999992],[-51.40766720000001,-21.263963299999983],[-51.40492400000001,-21.268758999999996],[-51.40289729999999,-21.265801700000004],[-51.3994479,-21.2669321],[-51.3978695,-21.2701329],[-51.4019788,-21.271036599999984],[-51.4017045,-21.27255099999999],[-51.395384500000006,-21.272748599999993],[-51.3955311,-21.274046199999997],[-51.39802160000001,-21.2749347],[-51.397551500000006,-21.27613630000002],[-51.394041800000004,-21.275661699999997],[-51.3926952,-21.277100299999987],[-51.3925495,-21.2799062],[-51.38534829999999,-21.284356500000005],[-51.3816001,-21.28289360000001],[-51.3772065,-21.285252300000007],[-51.3747977,-21.2852186],[-51.368726800000005,-21.290213799999982],[-51.365339,-21.288840899999997],[-51.36212439999999,-21.289565600000007],[-51.362604999999995,-21.2868242],[-51.360542,-21.285849900000006],[-51.358927800000004,-21.28623179999999],[-51.3580697,-21.288347599999987],[-51.352796700000006,-21.28924239999998],[-51.349700600000006,-21.28786930000001],[-51.3488116,-21.2887324],[-51.349333,-21.291380399999987],[-51.3478448,-21.292101099999982],[-51.345922200000004,-21.2916092],[-51.3467492,-21.28799289999998],[-51.34329600000001,-21.2879086],[-51.34153950000001,-21.2920216],[-51.33789219999999,-21.293348000000005],[-51.3373491,-21.291840799999996],[-51.33911040000001,-21.2901621],[-51.3388276,-21.288361300000002],[-51.3346858,-21.29265609999999],[-51.325357,-21.2916894],[-51.326478400000006,-21.295079999999995],[-51.3241495,-21.293440300000004],[-51.3208619,-21.299136099999995],[-51.3190354,-21.2980434],[-51.3161681,-21.298557799999987],[-51.3155647,-21.2963797],[-51.314073400000005,-21.295716900000002],[-51.3125175,-21.298953999999995],[-51.3088606,-21.299889299999997],[-51.308827,-21.3030716],[-51.30487629999999,-21.3057296],[-51.30401890000001,-21.308641099999992],[-51.2970207,-21.310037899999998],[-51.2931267,-21.314363000000004],[-51.2882504,-21.313249200000016],[-51.287952,-21.317321100000008],[-51.2856486,-21.318227599999993],[-51.2863032,-21.3192723],[-51.285600500000015,-21.318342900000008],[-51.2829695,-21.31892149999998],[-51.2749927,-21.321923200000022],[-51.2709364,-21.321252899999998],[-51.2685395,-21.32740739999999],[-51.2651596,-21.331481699999987],[-51.264188499999996,-21.331424899999995],[-51.2633128,-21.328252699999986],[-51.261687900000005,-21.327578300000027],[-51.2377772,-21.326808000000003],[-51.236651,-21.328023200000004],[-51.2376703,-21.331262800000022],[-51.2327731,-21.332961300000008],[-51.231203699999995,-21.335808200000006],[-51.23207140000001,-21.3384168],[-51.2302204,-21.3393589],[-51.2301249,-21.340650899999982],[-51.2293182,-21.341395900000006],[-51.2268932,-21.340459600000006],[-51.22401459999999,-21.3457587],[-51.22156950000001,-21.347683000000004],[-51.217894400000006,-21.349214499999995],[-51.2167829,-21.351121200000012],[-51.2119647,-21.352132099999995],[-51.214348799999996,-21.353551400000025],[-51.2141811,-21.354967299999995],[-51.2110913,-21.354977899999998],[-51.2102029,-21.357197399999997],[-51.207750700000005,-21.35680899999999],[-51.2039258,-21.361028600000008],[-51.2001295,-21.360008200000003],[-51.1961181,-21.3673425],[-51.1954046,-21.3718397],[-51.18972650000001,-21.377086800000004],[-51.1834425,-21.376225399999996],[-51.1798628,-21.379618699999995],[-51.1744792,-21.381150599999987],[-51.1718146,-21.383568000000007],[-51.1656989,-21.38414829999999],[-51.16411690000001,-21.38402229999998],[-51.15745869999999,-21.378571199999993],[-51.154742000000006,-21.37862590000002],[-51.1480784,-21.374586600000008],[-51.1396351,-21.37378479999999],[-51.1330046,-21.374951599999996],[-51.129553400000006,-21.37888829999998],[-51.12243599999999,-21.3815943],[-51.1150476,-21.37717020000001],[-51.107887,-21.3757886],[-51.1055825,-21.372935100000014],[-51.10095390000001,-21.3702268],[-51.09274260000001,-21.37097089999999],[-51.0899257,-21.372276699999997],[-51.0901054,-21.3793009],[-51.08592980000001,-21.382373699999995],[-51.08598560000001,-21.384099000000024],[-51.08111790000001,-21.385138599999983],[-51.0779842,-21.389319799999985],[-51.0771061,-21.38770789999999],[-51.075614900000005,-21.387739399999976],[-51.0748162,-21.39115949999998],[-51.0679644,-21.394202099999994],[-51.0634796,-21.394522300000016],[-51.0604101,-21.3964232],[-51.05425050000001,-21.404651200000014],[-51.0462449,-21.403852600000008],[-51.0454671,-21.406389400000002],[-51.0341283,-21.4084459],[-51.0334369,-21.411339499999997],[-51.028866300000004,-21.418223500000003],[-51.02502830000001,-21.421120099999992],[-51.0258517,-21.42560769999999],[-51.00481,-21.43833620000002],[-50.99856679999999,-21.439398800000006],[-50.99054000000001,-21.4367712],[-50.9895196,-21.43503270000001],[-50.987154700000005,-21.4349122],[-50.9848993,-21.432829500000004],[-50.98149780000001,-21.431860400000012],[-50.9758709,-21.432682499999995],[-50.9604205,-21.438637800000016],[-50.9469595,-21.447855399999995],[-50.94302720000001,-21.444907499999985],[-50.9398987,-21.44552699999999],[-50.93378570000001,-21.4435394],[-50.931120700000015,-21.444069100000004],[-50.9299875,-21.442489500000008],[-50.92780449999999,-21.442873400000003],[-50.9248712,-21.441359300000006],[-50.9241326,-21.444384600000006],[-50.9218215,-21.44555129999999],[-50.91861879999999,-21.45214170000001],[-50.9160192,-21.454266899999993],[-50.91693320000002,-21.455853],[-50.9199182,-21.4554649],[-50.921049800000006,-21.457348100000004],[-50.92016910000001,-21.460678400000006],[-50.9160121,-21.4649947],[-50.9086229,-21.469709900000005],[-50.9051362,-21.470517000000008],[-50.9070156,-21.476122499999992],[-50.9065777,-21.4777501],[-50.9024354,-21.48127750000001],[-50.9044807,-21.484771999999985],[-50.8992412,-21.48737979999999],[-50.8989837,-21.490736999999996],[-50.8948566,-21.48970719999998],[-50.89409510000001,-21.486381399999985],[-50.8880699,-21.485568000000015],[-50.87863800000001,-21.489542399999973],[-50.87428640000001,-21.4888984],[-50.8705081,-21.4932131],[-50.8691458,-21.497242000000014],[-50.8661223,-21.499010799999997],[-50.8678684,-21.5044953],[-50.864875300000016,-21.5073009],[-50.864720600000005,-21.5095796],[-50.8726849,-21.514169899999988],[-50.8716513,-21.517000100000008],[-50.8723694,-21.520220500000004],[-50.8695237,-21.525092599999986],[-50.864246099999995,-21.5281902],[-50.857859,-21.5300185],[-50.8552628,-21.52966479999998],[-50.8473851,-21.53566280000002],[-50.8449444,-21.5348049],[-50.8398712,-21.536901099999994],[-50.82944130000001,-21.536603799999988],[-50.8246983,-21.537649900000023],[-50.82307960000001,-21.539191399999993],[-50.81586000000001,-21.539886500000005],[-50.8137092,-21.542382399999997],[-50.8136041,-21.54798999999998],[-50.8149242,-21.55019169999998],[-50.8171791,-21.549453199999974],[-50.8193499,-21.550700800000016],[-50.8154091,-21.554272000000005],[-50.8207405,-21.555423800000007],[-50.8221753,-21.5575645],[-50.8168134,-21.5637989],[-50.8148828,-21.56349280000001],[-50.814594,-21.559405100000014],[-50.8118546,-21.555742499999997],[-50.80916529999999,-21.5560298],[-50.8108943,-21.557834800000016],[-50.808432399999994,-21.560919699999996],[-50.8064682,-21.56016329999999],[-50.80562770000001,-21.558169699999986],[-50.806575699999996,-21.55473519999999],[-50.80347590000001,-21.55310689999998],[-50.80205719999999,-21.548146699999982],[-50.7971374,-21.541613799999993],[-50.7933811,-21.54304609999999],[-50.7991567,-21.5549425],[-50.7950089,-21.5589377],[-50.78890129999999,-21.558874099999993],[-50.786273,-21.557546599999995],[-50.787875,-21.5535668],[-50.7872048,-21.551941199999998],[-50.7893367,-21.549380099999986],[-50.7858255,-21.547863699999997],[-50.7822377,-21.54382079999999],[-50.7774612,-21.542772000000003],[-50.77656300000001,-21.545945099999983],[-50.7735203,-21.5446233],[-50.7692616,-21.548170299999995],[-50.7699707,-21.550519],[-50.7689319,-21.553513399999982],[-50.7705113,-21.55783560000002],[-50.77264950000001,-21.557894799999993],[-50.7749928,-21.561654499999996],[-50.782038,-21.56332609999999],[-50.78229279999999,-21.5674492],[-50.7798125,-21.567783999999982],[-50.777719999999995,-21.570542300000003],[-50.7763254,-21.56995820000001],[-50.7745737,-21.572998600000005],[-50.776788,-21.576016099999997],[-50.77652810000001,-21.58181009999998],[-50.77902590000001,-21.58337239999999],[-50.7767038,-21.585097300000005],[-50.7765151,-21.58705159999998],[-50.7822713,-21.588598199999993],[-50.7802858,-21.594032700000003],[-50.7821604,-21.595585100000008],[-50.7823833,-21.597501199999993],[-50.78484749999999,-21.598349599999995],[-50.789089,-21.609530600000003],[-50.793953599999995,-21.613856600000013],[-50.7932117,-21.62002569999999],[-50.7959518,-21.621249899999984],[-50.79547270000001,-21.62570149999999],[-50.79421850000001,-21.626670499999996],[-50.7976697,-21.628192999999996],[-50.7980648,-21.6318757],[-50.803172599999996,-21.635175500000003],[-50.8029691,-21.638931600000028],[-50.8076641,-21.641069500000004],[-50.80563239999999,-21.64680940000001],[-50.8085041,-21.6497486],[-50.8093724,-21.65586890000001],[-50.81430660000001,-21.656648200000003],[-50.8130796,-21.659407700000003],[-50.8158627,-21.663010800000002],[-50.8154202,-21.67171490000001],[-50.8175244,-21.673773900000004],[-50.8255611,-21.67464179999999],[-50.8283492,-21.677828699999992],[-50.8272339,-21.6788602],[-50.8275112,-21.6822366],[-50.8305935,-21.684397400000012],[-50.8263717,-21.689907899999984],[-50.82870390000001,-21.693272399999998],[-50.8308886,-21.694009500000003],[-50.8300727,-21.695645],[-50.8313131,-21.696181599999996],[-50.833482700000005,-21.701330099999996],[-50.8329647,-21.7061097],[-50.8360319,-21.711451999999987],[-50.834573600000006,-21.713509900000012],[-50.83529120000001,-21.715570499999973],[-50.834424600000006,-21.716929699999994],[-50.836344100000005,-21.721301],[-50.839353,-21.722447100000004],[-50.8417642,-21.725745299999996],[-50.839840900000006,-21.731639299999983],[-50.8438979,-21.73432369999999],[-50.8437307,-21.735725599999995],[-50.8480463,-21.73961039999999],[-50.85001350000002,-21.7448548],[-50.84901949999999,-21.748530500000005],[-50.85094110000001,-21.751795599999994],[-50.851111,-21.757622900000023],[-50.8551449,-21.76506419999999],[-50.8567673,-21.77132],[-50.856327300000004,-21.779062499999984],[-50.8541755,-21.779196799999983],[-50.8518707,-21.781420399999984],[-50.8474772,-21.789308600000012],[-50.8406691,-21.791284700000002],[-50.8331652,-21.79791669999999],[-50.82365560000001,-21.800778000000008],[-50.8236611,-21.806138400000002],[-50.8311101,-21.807070699999993],[-50.8335726,-21.810381700000004],[-50.8390815,-21.8293485],[-50.8416198,-21.83108130000001],[-50.8466178,-21.830483599999997],[-50.8535008,-21.832119899999995],[-50.858214,-21.836255299999994],[-50.8589713,-21.83840179999998],[-50.8613161,-21.837258],[-50.86852330000001,-21.836902399999996],[-50.8698873,-21.8412233],[-50.87384610000001,-21.842575200000006],[-50.8771219,-21.84870690000001],[-50.8796213,-21.850509100000004],[-50.8808581,-21.84996080000001],[-50.8829379,-21.853386599999983],[-50.8864388,-21.854085099999978],[-50.8873804,-21.856928599999993],[-50.8900354,-21.857312199999978],[-50.892761,-21.8600012],[-50.893848600000005,-21.863121500000005],[-50.89786029999999,-21.862324600000004],[-50.901833399999994,-21.868554799999995],[-50.9043202,-21.870008600000002],[-50.9047356,-21.872393399999993],[-50.90770620000001,-21.874288799999995],[-50.9079923,-21.878192399999993],[-50.91173340000001,-21.883427899999997],[-50.91222129999999,-21.888297500000007],[-50.913762,-21.890301199999996],[-50.916927799999996,-21.8900914],[-50.918003,-21.891754199999994],[-50.92202439999999,-21.892137900000023],[-50.9269448,-21.894695199999994],[-50.927422299999996,-21.8963166],[-50.931858,-21.899360999999992],[-50.9332847,-21.903625899999998],[-50.9383265,-21.903322499999984],[-50.9385019,-21.905260800000004],[-50.943492000000006,-21.908264100000004],[-50.94625310000001,-21.913915499999998],[-50.9501051,-21.914868199999976],[-50.95025540000001,-21.917123699999998],[-50.9525338,-21.9179585],[-50.9515579,-21.918604299999995],[-50.95552250000001,-21.922270599999994],[-50.95451,-21.9235934],[-50.9558132,-21.92567619999999],[-50.965858,-21.925750299999972],[-50.961173499999994,-21.928956199999995],[-50.9605443,-21.93068599999998],[-50.9615881,-21.932515799999997],[-50.9512365,-21.93804600000001],[-50.9480022,-21.941885299999996],[-50.94769,-21.946485999999993],[-50.9451769,-21.94631420000001],[-50.94093660000001,-21.948470999999987],[-50.939089,-21.95078470000001],[-50.932233499999995,-21.952053599999985],[-50.9159227,-21.951235700000012],[-50.9153165,-21.9541957],[-50.9092974,-21.9537578],[-50.9078215,-21.95783329999998],[-50.9018155,-21.9565024],[-50.897481600000006,-21.959095899999987],[-50.8895418,-21.96709059999999],[-50.8880823,-21.9652453],[-50.8851735,-21.9647851],[-50.879114200000004,-21.96693050000001],[-50.8706465,-21.964206899999997],[-50.86466190000001,-21.968986700000002],[-50.85863080000001,-21.96953570000001],[-50.85367800000001,-21.972293499999974],[-50.8454677,-21.973674499999998],[-50.8388666,-21.979514],[-50.8332873,-21.980621199999973],[-50.8323694,-21.986828400000004],[-50.827183300000016,-21.9887725],[-50.821874,-21.989220599999996],[-50.8165278,-21.992712700000006],[-50.8106464,-21.993382200000006],[-50.805708,-21.996606799999995],[-50.7930784,-21.99813150000001],[-50.7803838,-22.00247219999999],[-50.7532114,-22.004424399999998],[-50.746771100000004,-22.003238399999994],[-50.7430568,-22.007974999999995],[-50.7305772,-22.00917569999999],[-50.72684739999999,-22.011122799999992],[-50.7212302,-22.009967700000008],[-50.7179609,-22.013220699999998],[-50.7112924,-22.0140636],[-50.7099192,-22.015789100000003],[-50.7094477,-22.01984500000001],[-50.7051135,-22.021584000000004],[-50.7132035,-22.030865999999996],[-50.71324170000001,-22.037096999999996],[-50.7186034,-22.040415599999996],[-50.723468200000006,-22.04567609999999],[-50.7283538,-22.047056299999998],[-50.732360299999996,-22.0497611],[-50.7367239,-22.04662419999999],[-50.74058130000002,-22.05722410000001],[-50.75251519999999,-22.05890149999999],[-50.7534777,-22.061647500000003],[-50.7528702,-22.067197400000016],[-50.7563812,-22.07631359999998],[-50.762608300000004,-22.078637799999985],[-50.7599581,-22.08222689999998],[-50.760161,-22.084757599999985],[-50.7660795,-22.08724429999999],[-50.7733287,-22.087483000000006],[-50.77799240000001,-22.090603899999987],[-50.7778763,-22.09379669999998],[-50.7692971,-22.099634300000005],[-50.7679314,-22.102605800000003],[-50.823353499999996,-22.2386792],[-50.8263041,-22.2407412],[-50.8389179,-22.23964790000001],[-50.839658,-22.2432859],[-50.84323260000001,-22.248516099999996],[-50.8420098,-22.255918299999973],[-50.8428258,-22.261326799999985],[-50.8409257,-22.264827899999997],[-50.8411004,-22.267331],[-50.84731240000001,-22.2692728],[-50.84854510000002,-22.274589300000002],[-50.8596865,-22.282790099999993],[-50.858873900000006,-22.287883],[-50.85192429999999,-22.2996227],[-50.85560770000001,-22.308385599999983],[-50.8468114,-22.323392599999995],[-50.84665110000001,-22.330605299999995],[-50.8433146,-22.339377200000015],[-50.84352739999999,-22.34174019999999],[-50.8484789,-22.34779749999999],[-50.8497617,-22.352976],[-50.8527155,-22.35535440000001],[-50.85573440000001,-22.3493085],[-50.8582181,-22.3469788],[-50.86850619999999,-22.341400700000015],[-50.87307330000001,-22.34193909999999],[-50.8768782,-22.34447939999999],[-50.8862229,-22.3479221],[-50.8901735,-22.3462862],[-50.9002318,-22.345790500000014],[-50.905486399999994,-22.3482252],[-50.9077531,-22.35782059999998],[-50.911103,-22.362685600000006],[-50.925928500000005,-22.403580200000004],[-50.93220470000001,-22.414789299999992],[-50.9334462,-22.417852000000003],[-50.932987,-22.42093310000001],[-50.93526729999999,-22.424420599999987],[-50.9231506,-22.4412943],[-50.92230299999999,-22.444545199999986],[-50.9148907,-22.442188799999997],[-50.90235690000001,-22.435627099999977],[-50.890423000000006,-22.42679189999998],[-50.886673900000005,-22.422560599999986],[-50.881984900000006,-22.420680700000002],[-50.85573690000001,-22.427983899999987],[-50.848910000000004,-22.427038699999994],[-50.8421303,-22.424414299999988],[-50.835477,-22.419749499999988],[-50.8312443,-22.42064180000001],[-50.8297778,-22.422289099999983],[-50.828966900000005,-22.4250083],[-50.83005120000001,-22.429452400000017],[-50.8316972,-22.431712699999995],[-50.8387632,-22.4354584],[-50.843651,-22.4451744],[-50.8400301,-22.4552628],[-50.840118200000006,-22.46041620000002],[-50.8435642,-22.4631167],[-50.84336960000001,-22.467155099999992],[-50.8449925,-22.468572400000003],[-50.845516800000006,-22.4726257],[-50.8448615,-22.475550899999998],[-50.8368826,-22.478613300000017],[-50.8324366,-22.481662600000007],[-50.8313471,-22.4840922],[-50.8370943,-22.4934086],[-50.8364357,-22.502827700000005],[-50.8381177,-22.504864100000002],[-50.8483198,-22.510569999999998],[-50.8495987,-22.5194623],[-50.85794489999999,-22.5287037],[-50.8511412,-22.536321499999993],[-50.85065190000001,-22.539885000000012],[-50.8464531,-22.5458782],[-50.8418058,-22.549690399999992],[-50.84648600000001,-22.556060499999994],[-50.84890299999999,-22.566563599999988],[-50.8530727,-22.574759299999997],[-50.8510598,-22.578722399999997],[-50.84787300000001,-22.581092800000015],[-50.842397999999996,-22.582076],[-50.8393195,-22.586250699999994],[-50.840560499999995,-22.593284999999987],[-50.8440662,-22.60087609999999],[-50.8461413,-22.617965699999992],[-50.8432527,-22.622992099999994],[-50.843797600000016,-22.626168500000002],[-50.83581439999999,-22.6283484],[-50.83390010000001,-22.630440399999998],[-50.833077300000014,-22.6353195],[-50.8276533,-22.644900399999983],[-50.8290543,-22.646393900000014],[-50.828599000000004,-22.6473603],[-50.8265099,-22.647329899999995],[-50.82678609999999,-22.648973499999993],[-50.82885600000001,-22.652191799999997],[-50.83112700000001,-22.652353799999997],[-50.8329204,-22.654313499999983],[-50.8327177,-22.6587735],[-50.8343888,-22.65860620000001],[-50.8351691,-22.656240799999992],[-50.8382107,-22.65503259999999],[-50.8400404,-22.656311400000014],[-50.8384809,-22.657633900000004],[-50.8399935,-22.659324900000005],[-50.844071,-22.6573342],[-50.8463633,-22.66117220000003],[-50.849848900000005,-22.661100399999984],[-50.8521372,-22.659445199999997],[-50.8526877,-22.6555677],[-50.8548734,-22.6551753],[-50.85966330000001,-22.660625700000008],[-50.86366,-22.655244000000014],[-50.864827,-22.656705199999994],[-50.8644535,-22.6610571],[-50.8662017,-22.66141580000001],[-50.86819200000001,-22.660080799999996],[-50.86906269999999,-22.656065599999987],[-50.872545,-22.655835800000002],[-50.87538250000001,-22.652969299999995],[-50.88294510000001,-22.649335800000017],[-50.8847869,-22.649480699999987],[-50.886092999999995,-22.65106750000003],[-50.8827558,-22.653064000000008],[-50.888881,-22.656201200000016],[-50.8938218,-22.652956500000013],[-50.8931864,-22.651270000000018],[-50.8945394,-22.650045000000002],[-50.8982974,-22.649403199999984],[-50.899199,-22.647044500000014],[-50.89756680000001,-22.64484979999999],[-50.901254,-22.642759599999998],[-50.90528050000001,-22.63773049999999],[-50.9085428,-22.63935039999999],[-50.9104399,-22.63888540000001],[-50.9104596,-22.64326270000001],[-50.9144232,-22.648387999999994],[-50.9179639,-22.64792559999999],[-50.91847250000001,-22.645459099999982],[-50.9218855,-22.642995099999997],[-50.9233578,-22.64330120000001],[-50.92568670000001,-22.646907299999985],[-50.92286880000001,-22.650043099999994],[-50.92587840000001,-22.650710599999993],[-50.9265361,-22.652241500000002],[-50.9234259,-22.656391100000008],[-50.925767300000004,-22.6576141],[-50.9256423,-22.659380699999975],[-50.9280266,-22.6617403],[-50.9254326,-22.66285159999999],[-50.9250617,-22.6642933],[-50.9279067,-22.666027500000013],[-50.93147290000001,-22.666320399999986],[-50.9299413,-22.669453000000008],[-50.9326845,-22.6725338],[-50.9389595,-22.669058800000006],[-50.9423673,-22.668946999999985],[-50.9430404,-22.6730482],[-50.94906709999999,-22.677916300000017],[-50.94852999999999,-22.679976399999983],[-50.949905400000006,-22.684632199999996],[-50.94884050000001,-22.685996699999997],[-50.9460645,-22.686520300000005],[-50.9458551,-22.687755799999998],[-50.9493387,-22.68890379999999],[-50.95287820000001,-22.694871000000006],[-50.948591,-22.69896799999999],[-50.9483144,-22.70116569999999],[-50.9422367,-22.703066900000014],[-50.9422942,-22.706522199999984],[-50.9451229,-22.708598699999996],[-50.94269070000001,-22.711152999999992],[-50.9397591,-22.710377100000013],[-50.9376219,-22.71126640000002],[-50.937384200000004,-22.713939300000014],[-50.94073850000001,-22.720659100000002],[-50.9395909,-22.722178900000007],[-50.9361987,-22.72292679999998],[-50.9339785,-22.7263006],[-50.9420727,-22.736910599999995],[-50.945032700000006,-22.744840300000003],[-50.950516199999996,-22.746647],[-50.9486608,-22.751569599999982],[-50.9502113,-22.75519680000001],[-50.9517476,-22.755260399999994],[-50.95307270000001,-22.753740299999993],[-50.953474,-22.752245],[-50.9516813,-22.750396699999992],[-50.9578927,-22.750513199999983],[-50.9617476,-22.747277500000035],[-50.9611591,-22.749886099999998],[-50.9639561,-22.752212599999996],[-50.96405879999999,-22.7543516],[-50.9675441,-22.756560299999983],[-50.963059400000006,-22.757309599999985],[-50.9631733,-22.76272630000001],[-50.96018719999999,-22.762421499999984],[-50.9590809,-22.7634306],[-50.95984860000001,-22.765087100000002],[-50.96222540000001,-22.764147200000007],[-50.96375650000001,-22.7656368],[-50.96444799999999,-22.770918299999984],[-50.9669575,-22.769262700000006],[-50.9674777,-22.764367799999995],[-50.9685944,-22.767028599999993],[-50.972090200000004,-22.768733099999988],[-50.975415100000006,-22.767723399999998],[-50.9777354,-22.768459199999988],[-50.9774371,-22.76635080000002],[-50.9802536,-22.76737290000001],[-50.98035740000001,-22.769649999999984],[-50.97745840000001,-22.773912799999987],[-50.9794175,-22.774645300000003],[-50.978645199999995,-22.777694400000016],[-50.9801932,-22.778209899999993],[-50.978535,-22.779907900000005],[-50.982271000000004,-22.78143089999999],[-50.9789453,-22.781270600000003],[-50.9786781,-22.7826098],[-50.9861925,-22.78599130000001],[-50.9945854,-22.792149500000022],[-51.005548600000004,-22.793821400000006],[-51.01114210000001,-22.792297000000005],[-51.057615,-22.7660571],[-51.066585999999994,-22.764589099999977],[-51.07536149999999,-22.76593079999999],[-51.089950900000005,-22.7627075],[-51.099125799999996,-22.763176500000018],[-51.11709830000001,-22.760238899999994],[-51.127923100000004,-22.7599926],[-51.15666790000001,-22.752528500000018],[-51.16441280000001,-22.748962799999987],[-51.1825346,-22.732262800000004],[-51.1870158,-22.7298921],[-51.2054493,-22.72744879999999],[-51.228336,-22.7160172],[-51.2377614,-22.7057579],[-51.24288030000001,-22.689576199999987],[-51.255187600000006,-22.675516100000003],[-51.2651999,-22.667697399999998],[-51.2727929,-22.6662125],[-51.281427599999994,-22.666477399999994],[-51.2971917,-22.673206199999967],[-51.30649499999999,-22.674490200000005],[-51.3393163,-22.6653649],[-51.3534141,-22.663413699999992],[-51.3621986,-22.659912099999996],[-51.37364920000001,-22.6581329],[-51.37817600000001,-22.65952349999998],[-51.3861031,-22.66537379999997],[-51.40201630000001,-22.667905499999982],[-51.4099828,-22.664968299999998],[-51.4164254,-22.658701299999997],[-51.4247256,-22.653510800000006],[-51.4365604,-22.6520842],[-51.4464102,-22.6529523],[-51.4530961,-22.655750499999996],[-51.4660356,-22.6723534],[-51.4719041,-22.6771868],[-51.498901800000006,-22.690529300000012],[-51.5121899,-22.6919726],[-51.5161061,-22.690833999999995],[-51.51981000000001,-22.687926099999995],[-51.5257412,-22.686797699999975],[-51.5318383,-22.687157100000018],[-51.5434953,-22.689516499999996],[-51.55224330000001,-22.695388999999995],[-51.559569200000006,-22.697179300000016],[-51.5652493,-22.6955557],[-51.5773438,-22.689217100000015],[-51.59147780000001,-22.685198799999984],[-51.5977384,-22.678222800000004],[-51.6158422,-22.6625934],[-51.627878599999995,-22.658240599999985],[-51.6463861,-22.656341099999985],[-51.66235050000001,-22.657244100000003],[-51.6810926,-22.660738299999977],[-51.6874853,-22.662974999999996],[-51.69917089999999,-22.6693686],[-51.7058429,-22.670360399999986],[-51.71817360000001,-22.669021099999966],[-51.7226803,-22.66601479999999],[-51.72586739999999,-22.661464799999997],[-51.7330367,-22.62861439999999],[-51.7357046,-22.624292499999985],[-51.7454609,-22.624580900000023],[-51.7516244,-22.618081999999998],[-51.7716206,-22.61412689999998],[-51.78141790000001,-22.615841999999986],[-51.78756839999999,-22.619329499999996],[-51.81810030000001,-22.623294400000006],[-51.8262157,-22.62730539999999],[-51.8386908,-22.628533900000015],[-51.8470961,-22.63222599999998],[-51.8686243,-22.630445599999987],[-51.87897280000001,-22.624353],[-51.89004469999999,-22.613406100000006],[-51.8921236,-22.6096605],[-51.9094981,-22.594677900000008],[-51.9168213,-22.586105700000005],[-51.93098109999999,-22.575997399999988],[-51.93437629999999,-22.57141429999999],[-51.940512600000005,-22.5673428],[-51.960874800000006,-22.563456399999996],[-51.9911832,-22.550766699999997],[-51.9968526,-22.54605330000002],[-52.00259500000001,-22.545500100000016],[-52.01265110000001,-22.541696199999993],[-52.0253578,-22.539741299999996],[-52.05187780000001,-22.539326300000003],[-52.06004780000001,-22.53776560000001],[-52.069433000000004,-22.533318100000002],[-52.07903829999999,-22.526201699999994],[-52.08961740000001,-22.521249900000008],[-52.1058519,-22.516661900000024],[-52.1186213,-22.516835000000015],[-52.12760219999999,-22.51992300000001],[-52.1388808,-22.53126520000001],[-52.14876189999999,-22.549253500000017],[-52.15195630000001,-22.568556599999994],[-52.1568725,-22.57731409999999],[-52.1609654,-22.589450900000003],[-52.1624923,-22.601175399999974],[-52.161937400000014,-22.6108749],[-52.156854,-22.628681899999986],[-52.1557117,-22.641377800000004],[-52.156678,-22.6447189],[-52.1668496,-22.650325699999986],[-52.1971818,-22.65893029999999],[-52.205464500000005,-22.663924000000005],[-52.2135732,-22.671958399999998],[-52.2185191,-22.674785699999997],[-52.222577199999996,-22.675535400000015],[-52.2273763,-22.670883999999997],[-52.2285462,-22.664614099999994],[-52.22809910000001,-22.642516900000015],[-52.23085830000001,-22.63352019999998],[-52.2350775,-22.6256796],[-52.240132,-22.6198836],[-52.2504131,-22.615426399999997],[-52.2606524,-22.61640519999999],[-52.278694699999996,-22.6203902],[-52.3004356,-22.635444999999994],[-52.3053745,-22.636816999999994],[-52.31313639999999,-22.636512399999997],[-52.3269348,-22.633134500000004],[-52.335412500000004,-22.632825400000023],[-52.34190920000002,-22.6311169],[-52.3686111,-22.62933679999999],[-52.3804908,-22.6265448],[-52.41270060000001,-22.613447700000002],[-52.4330458,-22.607166500000012],[-52.4407098,-22.60721400000001],[-52.45154800000001,-22.60953120000002],[-52.46763430000001,-22.61587820000001]],[[-51.230028929838745,-22.221814299193603],[-51.2300082,-22.2217834],[-51.2300288,-22.221814100000014],[-51.230028929838745,-22.221814299193603]]]}},{"type":"Feature","properties":{"id":"administrativas-09","nome":"Itapeva"},"geometry":{"type":"Polygon","coordinates":[[[-49.1539457,-24.672005400000003],[-49.16252310000001,-24.671383199999994],[-49.1698477,-24.67560389999999],[-49.1748425,-24.6721351],[-49.1805445,-24.671653000000003],[-49.1856509,-24.67275030000001],[-49.1915292,-24.67801910000001],[-49.1944598,-24.683057499999986],[-49.2050114,-24.685962399999987],[-49.2063501,-24.6889499],[-49.20484540000001,-24.697504699999996],[-49.20985430000001,-24.701847199999982],[-49.2148307,-24.702228],[-49.2232588,-24.6985849],[-49.237041299999994,-24.699110099999995],[-49.2444379,-24.696758899999992],[-49.25739960000001,-24.696449999999995],[-49.2627586,-24.692538399999997],[-49.27568110000001,-24.6943759],[-49.2879819,-24.68441159999999],[-49.294162500000006,-24.675882500000004],[-49.3037627,-24.673012399999998],[-49.3053976,-24.673649800000003],[-49.305018200000006,-24.669033899999995],[-49.31201540000001,-24.663532699999983],[-49.31131659999999,-24.662131799999994],[-49.30815170000002,-24.66086130000002],[-49.3071821,-24.657982699999984],[-49.3026208,-24.658131499999982],[-49.299625299999995,-24.6549573],[-49.301294500000004,-24.6528835],[-49.301666899999994,-24.649832399999994],[-49.305511700000004,-24.648961400000005],[-49.3097351,-24.645761099999998],[-49.30700840000001,-24.644440300000003],[-49.3063758,-24.64285190000002],[-49.31067399999999,-24.640194199999996],[-49.313707900000004,-24.64206219999997],[-49.31642810000001,-24.6389985],[-49.31337740000001,-24.637990199999994],[-49.312871,-24.634327099999997],[-49.3144561,-24.6334296],[-49.3140712,-24.632066400000006],[-49.311596900000005,-24.6302905],[-49.30973770000001,-24.625093599999992],[-49.3070756,-24.621738099999984],[-49.3146246,-24.614264599999988],[-49.3122699,-24.610801700000003],[-49.3140964,-24.6082731],[-49.3119031,-24.605120600000003],[-49.31312799999999,-24.6047037],[-49.31224089999999,-24.603615],[-49.3096472,-24.6042803],[-49.3084023,-24.603485799999987],[-49.3092027,-24.6022144],[-49.3035971,-24.596948700000002],[-49.3080168,-24.592888399999996],[-49.3145465,-24.590280700000005],[-49.3165653,-24.5879751],[-49.31593329999999,-24.5867103],[-49.3123524,-24.58606970000001],[-49.312772,-24.58252720000001],[-49.310872200000006,-24.58099539999998],[-49.3125989,-24.578877199999987],[-49.3117114,-24.5746257],[-49.3137644,-24.5722851],[-49.3135482,-24.569988400000007],[-49.3176777,-24.56663950000001],[-49.3176762,-24.56405410000001],[-49.31463850000001,-24.562451000000003],[-49.31598940000001,-24.55550889999998],[-49.3097861,-24.55341299999999],[-49.309816299999994,-24.5499278],[-49.30857490000001,-24.549157800000003],[-49.3070724,-24.5499229],[-49.3055731,-24.546391900000017],[-49.3040893,-24.546977200000004],[-49.3028266,-24.550127299999996],[-49.299699600000004,-24.55065940000002],[-49.2970901,-24.549609800000006],[-49.2957282,-24.5520942],[-49.292531100000005,-24.552889999999994],[-49.2922598,-24.544301500000003],[-49.283671899999995,-24.540826],[-49.280272,-24.5372649],[-49.28034619999999,-24.534705000000002],[-49.2837925,-24.533677500000007],[-49.2836584,-24.53227440000001],[-49.2852026,-24.5300102],[-49.28642949999999,-24.53047099999999],[-49.2879631,-24.527064200000012],[-49.2868484,-24.523233499999996],[-49.2883439,-24.522837000000003],[-49.28623670000001,-24.5182592],[-49.287117,-24.514203300000002],[-49.2895682,-24.5134185],[-49.2897041,-24.51049420000001],[-49.29472620000001,-24.5064014],[-49.296462000000005,-24.501895500000007],[-49.295260799999994,-24.49990250000001],[-49.2914917,-24.499901499999996],[-49.2900096,-24.49779439999999],[-49.284284500000005,-24.49482100000002],[-49.28112800000001,-24.495123499999995],[-49.2695737,-24.49231010000001],[-49.2713419,-24.49017909999998],[-49.2702186,-24.484618599999997],[-49.2712203,-24.483332899999994],[-49.26981870000001,-24.481278600000007],[-49.26545790000001,-24.479329099999983],[-49.26385120000001,-24.4744273],[-49.2591131,-24.47279379999999],[-49.2545682,-24.473919600000002],[-49.2534283,-24.473009299999994],[-49.2537376,-24.470453599999995],[-49.24898519999999,-24.471505399999998],[-49.2469227,-24.469097999999992],[-49.249122899999996,-24.466526099999996],[-49.2489272,-24.46467399999998],[-49.2484906,-24.46339920000001],[-49.2453174,-24.46510929999998],[-49.2453364,-24.458413699999987],[-49.2512639,-24.457437499999997],[-49.253548900000006,-24.455744500000005],[-49.25167770000001,-24.4515712],[-49.2534449,-24.449552000000008],[-49.2505178,-24.445419500000003],[-49.2525191,-24.441537300000007],[-49.2532326,-24.435936600000005],[-49.25266210000001,-24.4341523],[-49.247705800000006,-24.430479599999998],[-49.2406832,-24.42201479999999],[-49.2405166,-24.419072200000002],[-49.2355492,-24.409552099999996],[-49.2378503,-24.404472799999986],[-49.241003400000004,-24.402072099999998],[-49.2430967,-24.401888699999997],[-49.2473988,-24.406299400000005],[-49.2502344,-24.413864899999993],[-49.25347719999999,-24.409443600000007],[-49.253500300000006,-24.405038500000007],[-49.247675900000004,-24.39271769999998],[-49.2394566,-24.3845021],[-49.2378191,-24.379020100000005],[-49.2316478,-24.375061400000007],[-49.2234598,-24.363485400000013],[-49.2161546,-24.355890300000006],[-49.2138715,-24.353935899999986],[-49.2084608,-24.352259899999986],[-49.2065661,-24.348383399999985],[-49.201111800000014,-24.3451066],[-49.2012106,-24.342700199999978],[-49.2046826,-24.34054979999998],[-49.2037931,-24.339593500000017],[-49.2059465,-24.338253999999974],[-49.2242872,-24.340228399999994],[-49.2312127,-24.330395199999998],[-49.23605950000001,-24.329604300000003],[-49.2395438,-24.331430099999977],[-49.2447022,-24.3321752],[-49.2457714,-24.330791700000002],[-49.2488757,-24.330512599999995],[-49.250458200000004,-24.328789800000003],[-49.2494046,-24.325457300000007],[-49.25043659999999,-24.3193643],[-49.2530468,-24.319052099999997],[-49.2555542,-24.3166604],[-49.2581573,-24.316855900000007],[-49.2611247,-24.312403],[-49.267681700000004,-24.309441599999992],[-49.2698211,-24.307175000000008],[-49.2734999,-24.3083918],[-49.274712,-24.3054811],[-49.2782,-24.306394700000013],[-49.2811169,-24.309657699999995],[-49.283808900000004,-24.308062899999996],[-49.2829055,-24.3070909],[-49.2860996,-24.304072100000003],[-49.2870008,-24.299058200000008],[-49.2891653,-24.2980722],[-49.290792999999994,-24.293726399999997],[-49.2887126,-24.29179399999998],[-49.2938727,-24.289389099999998],[-49.29675730000002,-24.290259899999988],[-49.2986741,-24.287808499999997],[-49.2990405,-24.2863704],[-49.2965734,-24.287528300000005],[-49.295206,-24.28543049999999],[-49.298146700000004,-24.2830575],[-49.2979319,-24.279825100000004],[-49.301235,-24.27630389999999],[-49.298709900000006,-24.268056500000018],[-49.3005969,-24.26610589999999],[-49.30096,-24.262935400000003],[-49.3021771,-24.262530599999984],[-49.3026241,-24.259140199999994],[-49.30836870000001,-24.260208900000006],[-49.3086736,-24.258669700000002],[-49.3061782,-24.2569174],[-49.305374099999995,-24.251431000000014],[-49.3080586,-24.2506902],[-49.3092112,-24.248334000000007],[-49.3116863,-24.246933599999995],[-49.312705900000005,-24.243396800000006],[-49.315897400000004,-24.24435149999997],[-49.3196237,-24.243806500000005],[-49.3198239,-24.2381022],[-49.3212071,-24.2387743],[-49.322678,-24.2359764],[-49.3347402,-24.231037000000008],[-49.336908,-24.22755559999998],[-49.35067720000001,-24.220800900000008],[-49.35595780000001,-24.21451229999999],[-49.3568399,-24.211543300000006],[-49.3557624,-24.2090737],[-49.3415441,-24.20312199999999],[-49.34498670000001,-24.198565000000006],[-49.34650940000001,-24.19241350000002],[-49.3434591,-24.18774330000001],[-49.3398259,-24.1747945],[-49.34034530000001,-24.15717929999998],[-49.33893199999999,-24.154381900000008],[-49.3350125,-24.15306070000001],[-49.332459400000005,-24.15012079999998],[-49.3367954,-24.144909499999983],[-49.3365663,-24.137581900000004],[-49.3384655,-24.136935199999986],[-49.3404795,-24.138886599999985],[-49.34187570000001,-24.13838859999998],[-49.3435273,-24.135081799999995],[-49.349483,-24.13245809999999],[-49.35153809999999,-24.132773599999986],[-49.3614279,-24.1281116],[-49.364933099999995,-24.1238557],[-49.364928,-24.122088],[-49.36215549999999,-24.12009510000001],[-49.3646876,-24.118415099999996],[-49.368321400000006,-24.118140399999994],[-49.3708465,-24.114383399999994],[-49.3756244,-24.117781799999992],[-49.3779931,-24.118092899999997],[-49.3831809,-24.115107999999992],[-49.38693279999999,-24.115870599999997],[-49.38910000000001,-24.119628700000003],[-49.3939486,-24.1141034],[-49.4039289,-24.109298699999986],[-49.4091526,-24.108256200000007],[-49.4050025,-24.1035759],[-49.4047046,-24.102151599999996],[-49.4078182,-24.09792760000001],[-49.404684200000005,-24.097257299999992],[-49.4048821,-24.09584939999998],[-49.4102982,-24.094668700000007],[-49.4122107,-24.09286199999998],[-49.4146847,-24.0949802],[-49.41626200000002,-24.094304100000002],[-49.415708200000005,-24.09276840000001],[-49.41926200000001,-24.090820599999994],[-49.42198780000001,-24.092171399999998],[-49.427012,-24.087278],[-49.43001069999999,-24.088536],[-49.43184380000001,-24.085601299999993],[-49.4315369,-24.081083],[-49.4290126,-24.07803739999999],[-49.4353899,-24.075094799999977],[-49.43281669999999,-24.073608200000006],[-49.42978620000001,-24.068708799999996],[-49.4348729,-24.067617900000013],[-49.4389829,-24.068747800000004],[-49.440203,-24.062956399999997],[-49.437823500000015,-24.058786299999987],[-49.4498477,-24.05642170000001],[-49.4575401,-24.049485199999996],[-49.457654000000005,-24.0451379],[-49.4626573,-24.038167400000013],[-49.46126399999999,-24.033046100000007],[-49.4634431,-24.027435800000006],[-49.4695843,-24.025750299999988],[-49.473759300000005,-24.027314899999997],[-49.4749425,-24.02414369999998],[-49.4743817,-24.020059699999983],[-49.4796049,-24.01943959999999],[-49.48156740000001,-24.024056299999987],[-49.48715370000001,-24.024599799999976],[-49.48759640000001,-24.0221082],[-49.4900451,-24.0201132],[-49.490154900000014,-24.018659600000007],[-49.4861554,-24.016632899999998],[-49.4873495,-24.0153597],[-49.4915171,-24.0154479],[-49.492068800000006,-24.0142649],[-49.4896575,-24.01263359999998],[-49.48348690000001,-24.011922000000013],[-49.48101970000001,-24.008804599999984],[-49.480571,-24.0061714],[-49.4814223,-24.0052243],[-49.4861806,-24.00657589999999],[-49.48720599999999,-24.003994099999993],[-49.486405,-24.000438700000007],[-49.4893038,-23.9990859],[-49.4922699,-23.9933786],[-49.4981248,-23.993808299999998],[-49.4936847,-23.97759579999999],[-49.500600700000014,-23.9694895],[-49.5044735,-23.96771870000001],[-49.5072424,-23.967393700000006],[-49.50923559999999,-23.9713627],[-49.5107702,-23.971956199999994],[-49.516756799999996,-23.970122499999988],[-49.5137065,-23.9643974],[-49.509114600000004,-23.963920499999997],[-49.5056359,-23.96108439999999],[-49.4996675,-23.959209799999993],[-49.5000358,-23.95797620000001],[-49.505668799999995,-23.9548441],[-49.5029134,-23.948542199999988],[-49.5039222,-23.9471733],[-49.5102468,-23.9478598],[-49.5138758,-23.9444224],[-49.519791,-23.94702599999999],[-49.5210997,-23.94610179999999],[-49.5244665,-23.935153099999997],[-49.523322,-23.9344172],[-49.514357100000005,-23.93776389999998],[-49.510372200000006,-23.937155900000004],[-49.508046,-23.93372459999999],[-49.508382,-23.932539300000002],[-49.5096007,-23.93134349999999],[-49.51458040000001,-23.931603499999987],[-49.5154003,-23.93048259999998],[-49.51160470000001,-23.925899899999997],[-49.5169049,-23.923352599999994],[-49.5235972,-23.916233600000012],[-49.5269897,-23.922429299999997],[-49.5307614,-23.922511800000013],[-49.5309017,-23.928104],[-49.532208000000004,-23.930105899999997],[-49.53693450000001,-23.927538299999995],[-49.540185699999995,-23.92732830000001],[-49.54374140000001,-23.923978900000016],[-49.5464334,-23.92311069999998],[-49.5569897,-23.922730700000006],[-49.5536259,-23.916543499999992],[-49.554464499999995,-23.9152973],[-49.5631719,-23.912342400000007],[-49.5695187,-23.899465],[-49.575205400000016,-23.89946609999999],[-49.577378100000004,-23.897438299999997],[-49.575661000000004,-23.889617899999998],[-49.5757973,-23.8829927],[-49.57360150000001,-23.877954999999996],[-49.574683400000005,-23.8770489],[-49.57801169999999,-23.8795547],[-49.5853486,-23.890429],[-49.58835260000001,-23.886188500000003],[-49.591928100000004,-23.87485619999999],[-49.5940995,-23.872551399999995],[-49.6024638,-23.868281899999996],[-49.6019616,-23.862861100000007],[-49.5992076,-23.85978200000001],[-49.599718100000004,-23.857089699999992],[-49.602214100000005,-23.855425299999986],[-49.6088232,-23.853936499999996],[-49.6107365,-23.85169489999999],[-49.608905700000015,-23.848587099999996],[-49.606491,-23.8480221],[-49.597545499999995,-23.849373000000014],[-49.59548180000001,-23.84679919999998],[-49.595995800000004,-23.845596500000003],[-49.60761990000001,-23.84062229999999],[-49.6080379,-23.839379599999997],[-49.60402700000001,-23.837498200000013],[-49.5985289,-23.836792200000012],[-49.5896015,-23.84180070000001],[-49.58667309999999,-23.842260400000004],[-49.5866628,-23.84078580000001],[-49.5926634,-23.837050199999993],[-49.594011300000005,-23.8328257],[-49.59300770000001,-23.83030199999999],[-49.587494,-23.827139500000012],[-49.57267840000001,-23.827046799999987],[-49.5682121,-23.8210578],[-49.5637078,-23.819540099999998],[-49.5608915,-23.815914499999984],[-49.560068900000005,-23.81193069999999],[-49.56310450000001,-23.801931400000015],[-49.5596818,-23.7936084],[-49.5658228,-23.780771399999995],[-49.5700232,-23.77966809999999],[-49.57054740000002,-23.77836660000001],[-49.56649,-23.777804399999976],[-49.566545100000006,-23.771928899999992],[-49.562378800000005,-23.768861599999983],[-49.5621463,-23.766751],[-49.563824000000004,-23.764197700000008],[-49.5605048,-23.76130660000001],[-49.5734628,-23.756039600000005],[-49.573066700000005,-23.7544929],[-49.5709189,-23.753609700000023],[-49.56601800000001,-23.75299729999999],[-49.5638126,-23.750081399999996],[-49.5637765,-23.747880000000006],[-49.567608299999996,-23.740135099999996],[-49.5673236,-23.736778599999994],[-49.5640497,-23.732219299999997],[-49.5614752,-23.731661699999986],[-49.55524040000001,-23.7372344],[-49.5513241,-23.738734],[-49.5487926,-23.73629249999999],[-49.54882380000001,-23.732420699999984],[-49.5546823,-23.7253597],[-49.555516100000006,-23.722130800000013],[-49.5530449,-23.711087799999987],[-49.5491992,-23.704016399999993],[-49.5510111,-23.70239599999999],[-49.5543378,-23.7026549],[-49.5557226,-23.701043399999996],[-49.5542121,-23.69676199999999],[-49.557401,-23.6935285],[-49.5563119,-23.690960799999996],[-49.5588045,-23.689743199999988],[-49.5600848,-23.6921122],[-49.5613298,-23.692078499999997],[-49.56350040000001,-23.687942500000005],[-49.5617362,-23.685696199999995],[-49.5668457,-23.685753899999987],[-49.568121,-23.6880412],[-49.5691,-23.685052299999995],[-49.5758532,-23.680405299999997],[-49.5746332,-23.67592640000001],[-49.576822,-23.67637679999999],[-49.5784827,-23.678984400000004],[-49.57987610000001,-23.678328500000003],[-49.5816913,-23.671086800000012],[-49.5831928,-23.670271300000003],[-49.58259910000001,-23.666204500000006],[-49.5802117,-23.664587900000004],[-49.5826092,-23.663151099999997],[-49.58573750000001,-23.66384189999999],[-49.5853073,-23.65887549999999],[-49.60213380000001,-23.65211610000001],[-49.60228750000001,-23.645125199999992],[-49.603381500000005,-23.6435252],[-49.6171452,-23.639585900000004],[-49.61638090000001,-23.638145999999992],[-49.6106506,-23.636182999999992],[-49.608246300000005,-23.6340732],[-49.6082423,-23.6276203],[-49.60635210000001,-23.623714700000004],[-49.6135975,-23.62312530000001],[-49.6135745,-23.619727499999996],[-49.6155748,-23.616748099999985],[-49.6136034,-23.61471819999998],[-49.614213400000004,-23.613473800000012],[-49.619932,-23.612202200000002],[-49.621171600000004,-23.607047499999986],[-49.6189093,-23.594331000000015],[-49.6161597,-23.590982],[-49.60999070000001,-23.589944000000003],[-49.602017000000004,-23.582696700000003],[-49.6011773,-23.57523170000001],[-49.60698730000001,-23.56828419999999],[-49.6079896,-23.565232399999985],[-49.6000144,-23.558391000000004],[-49.5987438,-23.554637799999988],[-49.5987658,-23.552993],[-49.601350800000006,-23.551553900000002],[-49.6043442,-23.54755579999999],[-49.6057172,-23.541664900000004],[-49.6005144,-23.537254200000003],[-49.6002062,-23.535624399999985],[-49.6114321,-23.528614599999976],[-49.624217099999996,-23.52330259999998],[-49.6282756,-23.517086399999986],[-49.6293703,-23.511827499999995],[-49.6272659,-23.508430299999993],[-49.6217511,-23.5059441],[-49.6148352,-23.51029430000001],[-49.6128168,-23.50827230000002],[-49.6135935,-23.50597369999998],[-49.6183059,-23.501721199999988],[-49.6210967,-23.492099],[-49.6160428,-23.4900306],[-49.6133996,-23.4868313],[-49.6127029,-23.482868499999988],[-49.615572799999995,-23.4734973],[-49.614880299999996,-23.472201000000005],[-49.60328940000001,-23.4784236],[-49.5998572,-23.47850089999999],[-49.5985768,-23.4771574],[-49.60257250000001,-23.470639500000004],[-49.6012211,-23.461262499999993],[-49.597904,-23.45791519999999],[-49.6022644,-23.4538694],[-49.603186,-23.45129260000001],[-49.5981579,-23.446172],[-49.595640100000004,-23.4403824],[-49.590106600000006,-23.43587099999997],[-49.579986800000015,-23.43673880000001],[-49.57791079999999,-23.437737899999988],[-49.5756191,-23.44358439999998],[-49.57295140000001,-23.443943999999995],[-49.5690191,-23.44030419999999],[-49.572374999999994,-23.436234400000004],[-49.566572,-23.4276904],[-49.567066800000006,-23.426033499999996],[-49.569145799999994,-23.425457099999985],[-49.575543,-23.43139590000001],[-49.5808046,-23.4317181],[-49.58179,-23.428954800000017],[-49.578376500000005,-23.42154559999999],[-49.579600200000016,-23.415072900000006],[-49.5810172,-23.413850499999995],[-49.58590590000001,-23.4159618],[-49.5904628,-23.4157496],[-49.5934361,-23.406706900000007],[-49.6025187,-23.408473800000003],[-49.603676,-23.40781199999999],[-49.604743,-23.402840800000003],[-49.603739700000006,-23.401479000000002],[-49.5982522,-23.399429000000005],[-49.6004178,-23.396718899999993],[-49.6078503,-23.393342800000003],[-49.6116311,-23.3944959],[-49.61529719999999,-23.3976749],[-49.6210117,-23.397419300000024],[-49.6216823,-23.394293099999985],[-49.6206069,-23.3887184],[-49.6128056,-23.387850599999993],[-49.60506349999999,-23.384415500000003],[-49.60110009999999,-23.3839676],[-49.598014,-23.384925299999995],[-49.592473500000004,-23.389574300000007],[-49.5910715,-23.387877699999983],[-49.5904025,-23.38279249999999],[-49.5959895,-23.376019600000014],[-49.595412100000004,-23.3670914],[-49.6016571,-23.362615200000008],[-49.6041569,-23.35894750000001],[-49.61180660000001,-23.354653499999987],[-49.6194045,-23.355665899999998],[-49.6209306,-23.356773199999996],[-49.6334367,-23.356421100000006],[-49.6358576,-23.354026599999976],[-49.6381781,-23.34877620000002],[-49.6379014,-23.342552099999985],[-49.636213000000005,-23.339772],[-49.634802,-23.339988099999996],[-49.6312943,-23.344178199999998],[-49.629417600000004,-23.3437573],[-49.621694500000004,-23.331889599999993],[-49.6232785,-23.318436599999995],[-49.628736499999995,-23.311185800000015],[-49.63139739999999,-23.3044157],[-49.6308803,-23.2994757],[-49.62580289999999,-23.286650099999996],[-49.627145900000016,-23.281772799999985],[-49.6241455,-23.2791174],[-49.622640800000006,-23.280574099999995],[-49.6185171,-23.280781900000015],[-49.61269889999999,-23.27794690000002],[-49.608292500000005,-23.279352300000006],[-49.605393600000006,-23.2786522],[-49.5987208,-23.2705683],[-49.594074400000004,-23.2691127],[-49.59248790000001,-23.26737779999999],[-49.5878694,-23.2661166],[-49.580265,-23.266715099999995],[-49.57640599999999,-23.265196399999997],[-49.570473,-23.264750199999998],[-49.5666888,-23.2630775],[-49.564282,-23.260027100000013],[-49.5605012,-23.2589617],[-49.5464657,-23.273413899999998],[-49.545496699999994,-23.279282200000015],[-49.5403568,-23.28060709999998],[-49.540943,-23.273322399999998],[-49.5434827,-23.270146],[-49.5440302,-23.260935499999988],[-49.54647549999999,-23.258350999999998],[-49.5467107,-23.255278800000006],[-49.5490279,-23.253632299999992],[-49.5497086,-23.245213900000003],[-49.5368395,-23.231679699999997],[-49.5344036,-23.230474499999975],[-49.53213010000002,-23.223842199999993],[-49.5287234,-23.221796599999994],[-49.524587000000004,-23.216520599999996],[-49.52219980000001,-23.205787099999988],[-49.52362670000001,-23.201454800000008],[-49.5293868,-23.197705799999998],[-49.53272400000001,-23.1979175],[-49.5343994,-23.196351199999995],[-49.5377347,-23.196324899999986],[-49.5423661,-23.193410199999995],[-49.5416395,-23.191190199999983],[-49.5429787,-23.188735700000002],[-49.5400129,-23.186763199999977],[-49.5399097,-23.1812485],[-49.5354376,-23.176327399999995],[-49.54382160000001,-23.172431199999995],[-49.5438334,-23.17063300000001],[-49.5468201,-23.16884299999999],[-49.55076389999999,-23.1598597],[-49.5498384,-23.153490900000012],[-49.5516695,-23.15321720000002],[-49.5538599,-23.156021800000005],[-49.5553642,-23.1552324],[-49.555284699999994,-23.152317900000003],[-49.55875400000001,-23.153317499999993],[-49.5620754,-23.148381899999997],[-49.5654949,-23.14647569999999],[-49.5733529,-23.138555599999986],[-49.55607700000001,-23.131614399999993],[-49.55428680000001,-23.124595099999997],[-49.55212010000001,-23.123714199999988],[-49.54784949999999,-23.12709200000001],[-49.545984000000004,-23.133849700000003],[-49.546739,-23.1369815],[-49.5452222,-23.138892300000002],[-49.53266940000001,-23.136955599999997],[-49.519781300000005,-23.142107899999985],[-49.5147522,-23.14287439999997],[-49.5023966,-23.14032650000001],[-49.4993357,-23.137156],[-49.4943479,-23.136658],[-49.49051469999999,-23.1373316],[-49.4875004,-23.14040999999999],[-49.4836046,-23.14073119999998],[-49.4838557,-23.14538579999998],[-49.4821391,-23.148822799999994],[-49.477885300000004,-23.15010659999999],[-49.4732923,-23.149131799999974],[-49.471316400000006,-23.137015999999996],[-49.455920500000005,-23.13503700000002],[-49.45417660000001,-23.129637700000007],[-49.45077609999999,-23.127590099999992],[-49.451389,-23.1225766],[-49.4475026,-23.122283599999996],[-49.444639900000006,-23.112430000000003],[-49.441973999999995,-23.1111477],[-49.4418242,-23.105441899999988],[-49.44395800000001,-23.102961699999998],[-49.44242950000001,-23.100682299999978],[-49.444452,-23.099787299999996],[-49.444467700000004,-23.09654869999999],[-49.442091800000014,-23.0829331],[-49.44591140000001,-23.068302799999994],[-49.4439262,-23.057600500000003],[-49.4416961,-23.05567049999999],[-49.430026100000006,-23.058171499999993],[-49.4239859,-23.0582531],[-49.4209336,-23.056221599999997],[-49.420830800000005,-23.053120199999995],[-49.41845359999999,-23.052371200000024],[-49.412115500000006,-23.0515455],[-49.406672799999996,-23.05657469999999],[-49.3972693,-23.0579191],[-49.3934392,-23.0574906],[-49.387637,-23.053663199999978],[-49.3870379,-23.05608369999999],[-49.384608,-23.057136399999997],[-49.3837982,-23.061264300000012],[-49.3800573,-23.066476199999997],[-49.3819394,-23.079271200000004],[-49.38130869999999,-23.082063700000017],[-49.3769015,-23.083641499999988],[-49.3756571,-23.0882674],[-49.37221749999999,-23.08930120000001],[-49.3714794,-23.092256300000003],[-49.3680344,-23.088749999999983],[-49.3645251,-23.0882563],[-49.3586123,-23.084395600000004],[-49.3540626,-23.088116299999996],[-49.3465554,-23.096681400000005],[-49.3442458,-23.103127],[-49.340590000000006,-23.10468879999999],[-49.33869570000001,-23.106963599999997],[-49.33599980000001,-23.107394000000017],[-49.3364588,-23.1117147],[-49.3322085,-23.11023809999999],[-49.329773,-23.110763499999997],[-49.3296759,-23.113114599999996],[-49.3330212,-23.118382699999998],[-49.3333143,-23.120889500000004],[-49.3303824,-23.126033499999988],[-49.323687400000004,-23.12938060000001],[-49.3213386,-23.1296174],[-49.3104147,-23.124288500000006],[-49.3068057,-23.125795799999995],[-49.299337400000006,-23.125813600000008],[-49.2960383,-23.1277244],[-49.2906818,-23.12740459999999],[-49.2877799,-23.12907209999999],[-49.2837914,-23.12731820000001],[-49.278067099999994,-23.121862999999994],[-49.2598424,-23.121691699999978],[-49.2529867,-23.139985299999992],[-49.2476484,-23.142293100000007],[-49.2454474,-23.144749999999995],[-49.2460773,-23.15616959999998],[-49.2484996,-23.164980399999994],[-49.2457158,-23.1722959],[-49.2432303,-23.173997400000008],[-49.247049499999996,-23.17972809999999],[-49.2487121,-23.18617750000001],[-49.2465962,-23.18687129999999],[-49.244994600000005,-23.189543499999996],[-49.24306800000001,-23.20729500000001],[-49.2405663,-23.209298899999997],[-49.2325165,-23.20964750000001],[-49.229708300000006,-23.210884999999983],[-49.220877400000006,-23.220853200000022],[-49.211040100000005,-23.22584409999999],[-49.208854,-23.2320848],[-49.2111359,-23.240661999999997],[-49.2107962,-23.245512300000005],[-49.19966600000001,-23.2476109],[-49.1929865,-23.253616199999996],[-49.1841519,-23.257728400000005],[-49.1696839,-23.25974509999999],[-49.1584647,-23.258657500000012],[-49.151320600000005,-23.26006609999998],[-49.1500929,-23.240523199999977],[-49.1453292,-23.232581700000004],[-49.13965,-23.226444899999986],[-49.1437886,-23.216533100000003],[-49.144422500000005,-23.21179769999999],[-49.1444391,-23.20135180000001],[-49.1411492,-23.192420800000022],[-49.1431732,-23.183240900000012],[-49.1394787,-23.175858400000006],[-49.141826,-23.171939600000005],[-49.14314939999999,-23.15901180000001],[-49.1380091,-23.154280800000013],[-49.1354714,-23.149375799999984],[-49.1352457,-23.14675410000002],[-49.137127,-23.143524399999997],[-49.134253900000004,-23.134011799999996],[-49.1361084,-23.1255689],[-49.128984100000004,-23.1204714],[-49.128489300000005,-23.115734699999983],[-49.1268964,-23.11329879999999],[-49.1221794,-23.111743],[-49.12153440000001,-23.10616940000001],[-49.1227341,-23.099035900000015],[-49.1219019,-23.0967459],[-49.0924504,-23.0963932],[-49.09089720000001,-23.098092399999985],[-49.0894489,-23.10401260000001],[-49.0831931,-23.098499999999984],[-49.077183100000006,-23.09875809999999],[-49.0723393,-23.093963699999996],[-49.06764389999999,-23.0931843],[-49.037726100000015,-23.0961232],[-49.0319236,-23.093265499999983],[-49.02826879999999,-23.088637799999997],[-49.0198947,-23.088182899999982],[-49.0135094,-23.0858133],[-49.0120943,-23.0872413],[-48.992879,-23.086997899999982],[-48.9850698,-23.095485500000006],[-48.9823355,-23.103294999999985],[-48.9736209,-23.107412400000005],[-48.9798821,-23.117022899999995],[-48.9860152,-23.122776499999997],[-48.983359799999995,-23.1296483],[-48.9842399,-23.1332416],[-48.9832802,-23.137365500000005],[-48.97903879999999,-23.143708600000007],[-48.9829858,-23.155779000000003],[-48.9811166,-23.160304399999983],[-48.9859242,-23.16577489999998],[-48.9887837,-23.1809538],[-48.9928872,-23.185305899999978],[-48.995666899999996,-23.184565500000012],[-49.00090990000001,-23.185987899999997],[-49.00146,-23.18717249999997],[-48.9987973,-23.193660500000014],[-48.99145360000001,-23.202472999999987],[-48.9909868,-23.213840499999975],[-48.9885671,-23.220750300000002],[-48.988751,-23.223674900000002],[-48.997987300000005,-23.236028699999988],[-49.00041060000001,-23.243445299999998],[-49.0126347,-23.262184899999994],[-49.0011575,-23.2788348],[-48.978062500000014,-23.291828500000005],[-48.969089600000004,-23.295430400000004],[-48.948759,-23.300811499999977],[-48.9302629,-23.299287999999994],[-48.921317900000005,-23.296400500000008],[-48.9033947,-23.286554],[-48.89639110000001,-23.284010900000002],[-48.8786405,-23.280893200000012],[-48.853967000000004,-23.2832643],[-48.8403819,-23.28204149999999],[-48.82594720000001,-23.277738200000005],[-48.8121223,-23.269815299999973],[-48.804841100000004,-23.2679816],[-48.80208970000001,-23.2688722],[-48.7986811,-23.272197299999977],[-48.7951021,-23.28747020000001],[-48.79233000000001,-23.292012700000008],[-48.78885150000001,-23.294998399999983],[-48.77111539999999,-23.303534200000005],[-48.7565927,-23.307063599999985],[-48.7409162,-23.3164105],[-48.7327732,-23.319638299999994],[-48.7198614,-23.320092],[-48.713671299999994,-23.318609200000004],[-48.7094026,-23.3190814],[-48.70744760000001,-23.323424299999996],[-48.7091017,-23.339495299999992],[-48.70418239999999,-23.3416199],[-48.6909951,-23.34303390000001],[-48.6787059,-23.3421924],[-48.672547599999994,-23.339559300000005],[-48.664184500000005,-23.333712899999977],[-48.63718930000001,-23.32682919999999],[-48.6247878,-23.32561159999999],[-48.601668300000014,-23.315684299999987],[-48.59050880000001,-23.314921000000002],[-48.585305,-23.309593],[-48.5790202,-23.296597800000004],[-48.5762164,-23.295927800000005],[-48.570759,-23.2974391],[-48.567495900000004,-23.296566700000007],[-48.556322900000005,-23.2838235],[-48.554097600000006,-23.2793638],[-48.5483374,-23.281044900000005],[-48.5370618,-23.273195699999995],[-48.5295163,-23.272878],[-48.5263732,-23.27150769999999],[-48.52078370000001,-23.2724835],[-48.5182105,-23.270169800000005],[-48.5121924,-23.271935100000007],[-48.5113265,-23.269799600000002],[-48.5078155,-23.2669643],[-48.50442449999999,-23.269772200000006],[-48.4971955,-23.264744999999994],[-48.4952561,-23.2646502],[-48.49565820000001,-23.263696699999986],[-48.4915389,-23.261133299999987],[-48.48664080000001,-23.263535299999994],[-48.47941349999999,-23.264050900000008],[-48.47070630000001,-23.266528499999993],[-48.4652557,-23.266245299999976],[-48.4594106,-23.269179199999982],[-48.45439699999999,-23.2699343],[-48.4518634,-23.272535299999998],[-48.4465398,-23.270273100000015],[-48.4428673,-23.2700113],[-48.4360667,-23.2733929],[-48.4301991,-23.267905199999998],[-48.4217548,-23.265861400000002],[-48.4185853,-23.26252980000001],[-48.41315049999999,-23.2664808],[-48.406044699999995,-23.2676308],[-48.40112280000001,-23.2750806],[-48.4028636,-23.285281599999987],[-48.4011878,-23.2875251],[-48.39287569999999,-23.29111629999997],[-48.3911906,-23.2895938],[-48.3781796,-23.290117000000002],[-48.37161890000001,-23.292891999999995],[-48.36837770000001,-23.297022],[-48.3624039,-23.29888350000001],[-48.36014579999999,-23.303005300000006],[-48.3638567,-23.30464650000001],[-48.366999,-23.3085406],[-48.3709095,-23.309028799999993],[-48.379802300000016,-23.3155384],[-48.3772081,-23.319211999999983],[-48.37691209999999,-23.321845400000004],[-48.37850190000001,-23.324655199999984],[-48.3853305,-23.329838199999998],[-48.3842766,-23.340394899999996],[-48.3870766,-23.343754500000006],[-48.384295,-23.344318399999988],[-48.37434850000001,-23.34245889999998],[-48.36801599999999,-23.3443749],[-48.36335179999999,-23.350867199999996],[-48.3589437,-23.366030299999995],[-48.35889629999999,-23.3698228],[-48.35607180000001,-23.375321499999995],[-48.3576685,-23.379604099999984],[-48.3614243,-23.3842693],[-48.3629624,-23.3931898],[-48.36790910000001,-23.39912529999999],[-48.3704955,-23.40797010000001],[-48.3641017,-23.412376900000005],[-48.3615784,-23.410904799999994],[-48.3538186,-23.411851299999984],[-48.3462458,-23.418906500000013],[-48.332877800000006,-23.423326599999992],[-48.328275700000006,-23.433481999999998],[-48.326337800000005,-23.431808199999995],[-48.325021400000004,-23.432866499999992],[-48.3257579,-23.4308513],[-48.3248078,-23.430628000000013],[-48.3222862,-23.423151199999996],[-48.3161713,-23.423141100000006],[-48.317028799999996,-23.422371300000002],[-48.315805299999994,-23.422152299999997],[-48.316628900000005,-23.420849500000013],[-48.315175999999994,-23.419177000000015],[-48.3133278,-23.4190047],[-48.3130153,-23.419875199999993],[-48.31238119999999,-23.41860770000001],[-48.3114531,-23.4189232],[-48.3116794,-23.41748350000001],[-48.3109387,-23.41817829999999],[-48.3079028,-23.416612999999984],[-48.3059207,-23.416983800000008],[-48.3057085,-23.41540309999999],[-48.3018239,-23.41568219999999],[-48.3012326,-23.418548399999978],[-48.2994623,-23.41991220000001],[-48.3008483,-23.426417300000008],[-48.295656300000005,-23.431854399999985],[-48.2954191,-23.433930800000002],[-48.29384270000001,-23.433581800000002],[-48.2927261,-23.43540479999999],[-48.29315309999999,-23.437769000000007],[-48.297054200000005,-23.439102399999996],[-48.2943403,-23.445310799999994],[-48.2902844,-23.446291399999982],[-48.288948,-23.448233199999997],[-48.285993500000004,-23.4465894],[-48.2840627,-23.447347699999987],[-48.28271230000001,-23.44609440000001],[-48.2813509,-23.445979899999998],[-48.28108799999999,-23.447056499999984],[-48.2776478,-23.446138099999995],[-48.2755007,-23.448183299999997],[-48.2753818,-23.447375399999984],[-48.2716161,-23.447801000000016],[-48.2689079,-23.450111700000008],[-48.2675277,-23.449865899999985],[-48.2667635,-23.452901899999997],[-48.2675927,-23.454110099999998],[-48.26441580000001,-23.458143799999977],[-48.2656624,-23.460456200000007],[-48.2638555,-23.463568200000005],[-48.2674312,-23.464599900000007],[-48.267395900000004,-23.466635800000006],[-48.264743300000006,-23.46839589999998],[-48.264591,-23.467096399999996],[-48.25915380000001,-23.467288499999988],[-48.25857830000001,-23.468971700000008],[-48.25740330000001,-23.468485899999997],[-48.256063000000005,-23.469775599999995],[-48.2550657,-23.4679052],[-48.2515472,-23.46882700000002],[-48.2535171,-23.47090230000001],[-48.2499981,-23.47070559999998],[-48.24889739999999,-23.471688300000007],[-48.2494776,-23.473506500000006],[-48.2470591,-23.474266200000006],[-48.24833470000001,-23.47608839999999],[-48.2454243,-23.4758374],[-48.24503390000001,-23.47818959999999],[-48.2345685,-23.471217900000003],[-48.23015750000001,-23.47152679999998],[-48.22931580000001,-23.474023300000002],[-48.22655620000001,-23.4716001],[-48.2234734,-23.474469100000007],[-48.22224649999999,-23.473670699999982],[-48.22089010000001,-23.4750954],[-48.2208364,-23.479753399999986],[-48.2170816,-23.483149000000008],[-48.2090559,-23.484244199999996],[-48.20759640000001,-23.48647379999998],[-48.203187799999995,-23.488910399999998],[-48.2007501,-23.48809749999998],[-48.1928427,-23.490207199999997],[-48.1943386,-23.493423300000007],[-48.1923221,-23.4962844],[-48.19504380000001,-23.499388799999984],[-48.2009578,-23.500286700000004],[-48.2098365,-23.499719499999987],[-48.21535599999999,-23.5008811],[-48.2153724,-23.50612109999999],[-48.2199198,-23.511877800000015],[-48.22854569999999,-23.516882599999985],[-48.23206139999999,-23.516800900000025],[-48.2365644,-23.518796300000005],[-48.2378169,-23.524154999999993],[-48.24092219999999,-23.5287658],[-48.24376250000002,-23.531299000000008],[-48.2468042,-23.530342099999995],[-48.2496011,-23.531560799999998],[-48.251656,-23.5391211],[-48.25885770000001,-23.544569900000003],[-48.2582916,-23.5487666],[-48.2589504,-23.55090089999998],[-48.2611409,-23.551875899999988],[-48.26296030000001,-23.565194500000004],[-48.2648187,-23.566190600000002],[-48.266014299999995,-23.56993549999998],[-48.2669902,-23.5694297],[-48.2729559,-23.575753299999988],[-48.274952500000005,-23.57488439999998],[-48.2747826,-23.569527700000002],[-48.277603500000005,-23.5721553],[-48.2786497,-23.571698699999995],[-48.277815800000006,-23.57008889999998],[-48.2805934,-23.571345299999983],[-48.27960139999999,-23.569313900000004],[-48.28069779999999,-23.568470500000004],[-48.2784174,-23.567976600000005],[-48.278053,-23.566617900000008],[-48.282251599999995,-23.56652800000001],[-48.2867947,-23.569682799999985],[-48.2937013,-23.569091499999985],[-48.29544650000001,-23.5670289],[-48.29347330000001,-23.5658697],[-48.29532139999999,-23.564260000000004],[-48.296873,-23.5645362],[-48.297917000000005,-23.568722799999986],[-48.29416800000001,-23.57372659999999],[-48.29514180000001,-23.576546399999994],[-48.29348070000001,-23.57917809999999],[-48.299332400000004,-23.5809272],[-48.3013215,-23.584621],[-48.3000449,-23.58826560000001],[-48.30369150000001,-23.59036510000001],[-48.306515100000006,-23.589326300000003],[-48.311064800000004,-23.589773100000013],[-48.3124761,-23.588108499999986],[-48.316033800000014,-23.589458499999992],[-48.31600160000001,-23.588274899999988],[-48.31766330000001,-23.588437099999986],[-48.3185947,-23.586576800000003],[-48.321426200000005,-23.588144099999997],[-48.32103080000001,-23.594191300000002],[-48.3223238,-23.590744999999995],[-48.3244957,-23.590447099999988],[-48.3278693,-23.592635100000013],[-48.3281035,-23.596070399999995],[-48.32921619999999,-23.5969838],[-48.3312019,-23.59438779999999],[-48.3359001,-23.591621299999996],[-48.3344578,-23.5879783],[-48.3357623,-23.583710599999993],[-48.3339173,-23.577308299999995],[-48.3364993,-23.576018],[-48.33979570000001,-23.57644],[-48.3402843,-23.57367249999998],[-48.3450449,-23.572737400000005],[-48.3455785,-23.574555599999993],[-48.3433295,-23.57521919999998],[-48.3434749,-23.58039000000001],[-48.34506840000001,-23.581362999999993],[-48.3465756,-23.579688],[-48.3485262,-23.58099880000001],[-48.3477456,-23.582328499999992],[-48.3502359,-23.581893199999993],[-48.3510321,-23.577435899999987],[-48.3546707,-23.573814999999996],[-48.35672480000001,-23.5754561],[-48.35674650000001,-23.57307470000001],[-48.359509,-23.5736939],[-48.3625608,-23.56753529999998],[-48.3645301,-23.568935599999982],[-48.3661393,-23.57327570000001],[-48.36396480000001,-23.577973100000005],[-48.364692,-23.5790532],[-48.371561,-23.57853899999998],[-48.3745713,-23.57669110000002],[-48.3802477,-23.57831950000002],[-48.381907600000005,-23.580014500000004],[-48.3838471,-23.588321600000008],[-48.38177740000001,-23.59383130000001],[-48.3815084,-23.6042548],[-48.3777363,-23.608767000000004],[-48.3780126,-23.6154204],[-48.3731487,-23.620773200000002],[-48.3744675,-23.627393099999995],[-48.3712849,-23.630644799999995],[-48.370589,-23.6330135],[-48.3710338,-23.645575699999984],[-48.368847300000006,-23.6507657],[-48.3650534,-23.65502639999999],[-48.3640154,-23.6598674],[-48.3671272,-23.66440780000001],[-48.3664677,-23.67283429999999],[-48.3709269,-23.675731600000002],[-48.37190830000001,-23.679240999999998],[-48.3745153,-23.68065279999999],[-48.3740015,-23.683865100000006],[-48.375839000000006,-23.684442700000012],[-48.3788603,-23.683064400000013],[-48.3809989,-23.685107200000004],[-48.3864721,-23.68485140000001],[-48.3880885,-23.687588099999992],[-48.3910197,-23.68718989999999],[-48.39219159999999,-23.691396399999988],[-48.3947572,-23.6932124],[-48.394793100000015,-23.69533129999999],[-48.39920690000002,-23.7003926],[-48.4024271,-23.712532400000008],[-48.4037444,-23.7136949],[-48.4073341,-23.712507599999995],[-48.40761069999999,-23.719393399999998],[-48.401181,-23.719495499999983],[-48.3965405,-23.721516899999997],[-48.3966053,-23.7234613],[-48.3949138,-23.7252344],[-48.397332299999995,-23.7291214],[-48.3963239,-23.7346459],[-48.39414659999999,-23.7381968],[-48.3893405,-23.741312500000003],[-48.3949858,-23.7443262],[-48.396639900000004,-23.740345099999995],[-48.4062054,-23.73583040000001],[-48.4065092,-23.737538700000005],[-48.4031074,-23.7450668],[-48.40739270000002,-23.745376099999998],[-48.4085726,-23.7486307],[-48.4071476,-23.749814099999988],[-48.400823,-23.748550000000023],[-48.391123,-23.751595999999996],[-48.39067910000001,-23.753334899999977],[-48.3919413,-23.754164399999993],[-48.3981298,-23.7537554],[-48.40036169999999,-23.754885400000013],[-48.40115650000001,-23.75750239999999],[-48.3997132,-23.76000079999998],[-48.39295210000001,-23.756844199999993],[-48.3852435,-23.758150100000005],[-48.3810942,-23.756772200000007],[-48.37596090000001,-23.76027769999999],[-48.3723287,-23.76532420000001],[-48.37809460000001,-23.763503099999994],[-48.3832184,-23.758784099999996],[-48.3857321,-23.759662599999984],[-48.384787100000004,-23.7637583],[-48.39205330000001,-23.765924699999996],[-48.39681540000001,-23.762120799999984],[-48.398564500000006,-23.762220099999997],[-48.4004612,-23.76430270000001],[-48.3968279,-23.7657383],[-48.393982199999996,-23.76976979999998],[-48.3913941,-23.770410600000005],[-48.3911416,-23.771509299999984],[-48.39397410000001,-23.775780400000002],[-48.39926919999999,-23.77621580000001],[-48.40023180000001,-23.7774187],[-48.3936094,-23.781224600000005],[-48.38799439999999,-23.778977599999987],[-48.37959939999999,-23.777610499999987],[-48.375242300000004,-23.780990100000004],[-48.3845653,-23.785663299999992],[-48.38261850000001,-23.789483200000014],[-48.383165600000005,-23.791096900000003],[-48.368821800000006,-23.79709530000001],[-48.3661102,-23.8043861],[-48.358209800000004,-23.803514300000007],[-48.3525126,-23.80639430000001],[-48.3532343,-23.807935199999996],[-48.3563717,-23.807584300000006],[-48.3652651,-23.810296699999995],[-48.3718772,-23.810626300000013],[-48.3745301,-23.813735800000007],[-48.3700595,-23.8205649],[-48.36554700000001,-23.835557399999995],[-48.36122840000001,-23.8360633],[-48.35861880000001,-23.8320237],[-48.3590208,-23.830840599999995],[-48.36328350000001,-23.8302382],[-48.3649059,-23.8289528],[-48.36234939999999,-23.8240504],[-48.3545113,-23.824139900000002],[-48.3521867,-23.825872999999987],[-48.3504491,-23.830734800000002],[-48.34435,-23.8310303],[-48.33125780000002,-23.840811799999994],[-48.3384196,-23.845672700000005],[-48.3427519,-23.8504127],[-48.3435265,-23.8524578],[-48.34093699999999,-23.854660499999987],[-48.33848040000001,-23.854378800000013],[-48.33394,-23.850829800000003],[-48.33041930000001,-23.850369499999992],[-48.3248753,-23.854936499999997],[-48.322167,-23.854658899999997],[-48.3231913,-23.849745300000002],[-48.32167830000001,-23.848599899999996],[-48.318589,-23.851083500000005],[-48.315460900000005,-23.844009799999988],[-48.31775840000001,-23.840311099999997],[-48.31800880000001,-23.8362897],[-48.322069,-23.83374359999998],[-48.3219642,-23.832005600000002],[-48.3184951,-23.82943330000001],[-48.316564,-23.829521600000003],[-48.315238,-23.83041780000001],[-48.316649899999994,-23.832005799999987],[-48.3148395,-23.832791499999995],[-48.314516,-23.834708],[-48.3091409,-23.8347039],[-48.3070926,-23.8315896],[-48.304790700000005,-23.8305672],[-48.30381210000001,-23.831379799999986],[-48.296122800000006,-23.825126800000007],[-48.2946133,-23.8260844],[-48.295624400000015,-23.830980899999997],[-48.2934652,-23.8342497],[-48.2891414,-23.83149039999999],[-48.28692890000001,-23.833130199999992],[-48.2881518,-23.834765400000002],[-48.28272230000001,-23.834968],[-48.2802846,-23.838753499999996],[-48.2768178,-23.8403818],[-48.2776036,-23.846586499999987],[-48.2709742,-23.85182190000001],[-48.27159429999999,-23.85413410000001],[-48.26893910000001,-23.85681799999999],[-48.2652329,-23.856376400000006],[-48.2656903,-23.852381000000012],[-48.2637105,-23.8511603],[-48.2623114,-23.8532977],[-48.2604081,-23.852035699999995],[-48.2541864,-23.8556477],[-48.2530308,-23.86011379999999],[-48.245820900000005,-23.8598491],[-48.2403046,-23.861384800000014],[-48.2371512,-23.855837899999994],[-48.2376588,-23.852725499999995],[-48.2336391,-23.85166960000001],[-48.2315374,-23.853443800000004],[-48.232947200000005,-23.85006009999999],[-48.2305452,-23.848619899999992],[-48.2280537,-23.850808799999992],[-48.224095900000016,-23.8511037],[-48.2196692,-23.849089300000003],[-48.2178316,-23.85285000000001],[-48.2112949,-23.85075999999999],[-48.2114088,-23.85371470000002],[-48.207843,-23.84931439999999],[-48.207212,-23.8507079],[-48.2015532,-23.85142890000002],[-48.2012824,-23.8525659],[-48.1953339,-23.851410599999998],[-48.19451260000001,-23.85312529999998],[-48.190654800000004,-23.85375149999998],[-48.1904404,-23.85527120000001],[-48.1890765,-23.855186700000008],[-48.1884238,-23.856489299999986],[-48.1904212,-23.859784600000012],[-48.188731000000004,-23.860600099999974],[-48.1891484,-23.86185740000001],[-48.1844757,-23.86366839999999],[-48.182109800000006,-23.86993329999998],[-48.1843783,-23.871060600000003],[-48.1818381,-23.87283820000001],[-48.1834319,-23.8736504],[-48.1846935,-23.872929500000005],[-48.1884599,-23.876726900000005],[-48.1898417,-23.8807162],[-48.1888907,-23.88305579999999],[-48.1915006,-23.88516759999999],[-48.191231900000005,-23.886974999999975],[-48.1858402,-23.886324899999995],[-48.1841029,-23.8871737],[-48.1820783,-23.8921693],[-48.18336010000001,-23.894179],[-48.1808739,-23.895771499999984],[-48.1760183,-23.890509400000006],[-48.176397800000004,-23.8887116],[-48.172737600000005,-23.890161599999985],[-48.1678734,-23.900610099999984],[-48.1662059,-23.91354279999998],[-48.1668892,-23.922245600000018],[-48.1616918,-23.926475599999996],[-48.1593464,-23.9323529],[-48.15610869999999,-23.93477460000001],[-48.1547749,-23.938226700000005],[-48.1498237,-23.939313799999987],[-48.1475891,-23.94419900000001],[-48.1398851,-23.94748629999998],[-48.1397559,-23.951073899999997],[-48.1384341,-23.952837399999982],[-48.13005160000001,-23.955068200000007],[-48.1298179,-23.9577242],[-48.1259717,-23.96346519999999],[-48.1242859,-23.964682899999996],[-48.1219068,-23.963825700000005],[-48.1211507,-23.964731599999986],[-48.1237093,-23.974935299999977],[-48.127157800000006,-23.9786431],[-48.12148220000001,-23.984125999999993],[-48.120404400000005,-23.988051599999995],[-48.1172995,-23.989407500000002],[-48.1202694,-23.9917477],[-48.12153639999999,-23.996343000000003],[-48.12601179999999,-24.0002943],[-48.1235694,-24.005325700000014],[-48.12594440000001,-24.0095468],[-48.12513850000001,-24.0142789],[-48.1222836,-24.014410099999996],[-48.1204543,-24.016038800000004],[-48.1199825,-24.013119300000003],[-48.11820440000001,-24.012028399999995],[-48.1132497,-24.012214100000005],[-48.1132657,-24.010808599999983],[-48.11128190000001,-24.0091861],[-48.1083894,-24.011175199999986],[-48.1069695,-24.009849600000003],[-48.1032502,-24.011028700000004],[-48.103655200000006,-24.012583599999996],[-48.1000768,-24.016720699999993],[-48.095616,-24.0157408],[-48.0939771,-24.0150733],[-48.0940812,-24.0113429],[-48.090662300000005,-24.009033599999984],[-48.0851995,-24.007923999999978],[-48.08553659999999,-24.00565819999998],[-48.0835741,-24.003536099999998],[-48.0812564,-24.004802799999997],[-48.0813708,-24.007496200000002],[-48.080307499999996,-24.0061031],[-48.0793009,-24.0065151],[-48.0805586,-24.0099308],[-48.076918500000005,-24.012699299999984],[-48.0771926,-24.014976000000015],[-48.069848300000004,-24.016439299999995],[-48.0695333,-24.018645599999996],[-48.067404,-24.018888300000004],[-48.0663452,-24.017462899999998],[-48.067153100000006,-24.016687099999995],[-48.06569250000001,-24.016167499999995],[-48.0661869,-24.014489899999987],[-48.0619732,-24.014131199999994],[-48.0624712,-24.01498080000001],[-48.0574335,-24.016983099999997],[-48.0548355,-24.020388500000013],[-48.0550945,-24.024134600000014],[-48.0526595,-24.025157800000013],[-48.0488894,-24.022219599999996],[-48.04929370000001,-24.0242854],[-48.0451435,-24.026527700000003],[-48.045177200000005,-24.028542300000005],[-48.042213000000004,-24.029005],[-48.0406151,-24.030474199999997],[-48.0396786,-24.029407899999995],[-48.0402321,-24.032711899999992],[-48.0388151,-24.037856600000012],[-48.03622880000001,-24.0350432],[-48.036279300000004,-24.033187500000007],[-48.03552940000001,-24.0334877],[-48.03490740000001,-24.040349900000002],[-48.0334914,-24.0417307],[-48.0341415,-24.0438591],[-48.03260630000001,-24.04360879999999],[-48.031311,-24.0467781],[-48.0294501,-24.046927199999992],[-48.0274397,-24.049620700000013],[-48.02506660000001,-24.04730199999999],[-48.0202268,-24.050040099999993],[-48.0188831,-24.049075600000002],[-48.0187413,-24.052125999999998],[-48.0146602,-24.054751200000005],[-48.0155045,-24.056422200000004],[-48.013931,-24.058852699999996],[-48.01252240000001,-24.05871059999999],[-48.0130874,-24.060315799999998],[-48.00819120000001,-24.062324399999998],[-48.00912280000001,-24.063683999999984],[-48.0066094,-24.063110999999996],[-48.0074982,-24.0651561],[-48.0063181,-24.0670163],[-48.000905599999996,-24.06552669999998],[-48.002179700000006,-24.0641012],[-47.999933799999994,-24.062900800000016],[-48.0014374,-24.069779900000004],[-47.9983847,-24.070890299999988],[-47.9981028,-24.07382800000001],[-47.9937616,-24.07279029999998],[-47.99243130000001,-24.071012],[-47.98967960000001,-24.07515470000001],[-47.9876496,-24.074007499999997],[-47.98735000000001,-24.071890900000007],[-47.980074800000004,-24.0755827],[-47.9765373,-24.079825600000003],[-47.97641210000001,-24.082619999999995],[-47.97402770000001,-24.085083799999992],[-47.9738421,-24.0875268],[-47.9700966,-24.0916371],[-47.9706854,-24.098654900000003],[-47.9717012,-24.09970489999999],[-47.9645092,-24.10321370000001],[-47.9650193,-24.105491500000003],[-47.961526199999994,-24.1092795],[-47.958265000000004,-24.11014509999999],[-47.9562229,-24.10891599999999],[-47.953412300000004,-24.111960699999994],[-47.953127800000004,-24.119831799999982],[-47.957792500000004,-24.115368800000006],[-47.96838360000001,-24.115598499999997],[-47.97558420000001,-24.113513899999994],[-47.978297700000006,-24.114372399999993],[-47.9811611,-24.113485399999988],[-47.9865664,-24.116569600000016],[-47.9895208,-24.122037700000014],[-47.9971585,-24.12573889999999],[-48.00875380000001,-24.135402900000013],[-48.012168200000005,-24.135015499999994],[-48.0115793,-24.132361200000013],[-48.01330980000001,-24.12955020000001],[-48.0174068,-24.128646899999996],[-48.0227075,-24.1309208],[-48.0241575,-24.134689],[-48.0264086,-24.133780899999987],[-48.029877000000006,-24.1358456],[-48.035850399999994,-24.135440299999992],[-48.041697100000015,-24.138161300000004],[-48.04992210000001,-24.13789519999999],[-48.0515998,-24.14256630000001],[-48.057278800000006,-24.147385400000005],[-48.0532766,-24.149930799999986],[-48.05072220000001,-24.156665899999997],[-48.0543966,-24.157750399999998],[-48.0580198,-24.15718030000001],[-48.0601391,-24.159134599999994],[-48.0569456,-24.163641899999995],[-48.0584131,-24.165106799999982],[-48.0575389,-24.172603500000005],[-48.0591658,-24.17415820000001],[-48.057514000000005,-24.176214499999983],[-48.0608699,-24.18022469999999],[-48.059718499999995,-24.18335930000001],[-48.0626842,-24.182327300000015],[-48.0667288,-24.183178699999985],[-48.0759704,-24.19053940000001],[-48.08185490000002,-24.193380499999993],[-48.0846688,-24.191162000000013],[-48.0879705,-24.1937888],[-48.09435390000001,-24.19354140000001],[-48.092674800000005,-24.19617189999999],[-48.0939916,-24.200739899999995],[-48.0986009,-24.202071199999992],[-48.11446129999999,-24.1997286],[-48.1180485,-24.1948455],[-48.1247491,-24.197423299999997],[-48.13354149999999,-24.194358899999997],[-48.1378186,-24.195226399999996],[-48.141261500000006,-24.19451889999999],[-48.143500800000005,-24.200687500000004],[-48.1384425,-24.208594699999995],[-48.1398833,-24.210991800000013],[-48.143578700000006,-24.211278199999985],[-48.1462121,-24.213153299999995],[-48.14368559999999,-24.220504300000016],[-48.1468236,-24.226116300000005],[-48.143734,-24.227714599999985],[-48.1449141,-24.23169599999999],[-48.1483642,-24.233196599999992],[-48.1491126,-24.23187749999998],[-48.148224700000014,-24.229342300000017],[-48.154347300000005,-24.229249999999983],[-48.1546109,-24.232250800000006],[-48.157076,-24.23258259999999],[-48.161686200000005,-24.23692269999999],[-48.16542479999999,-24.238240600000008],[-48.1711126,-24.245040100000008],[-48.1810439,-24.247710400000006],[-48.19196850000001,-24.254438900000004],[-48.196787500000006,-24.254816499999997],[-48.2002862,-24.261706699999998],[-48.20494419999999,-24.263289899999993],[-48.2149696,-24.26213149999999],[-48.217918499999996,-24.262461000000012],[-48.220144700000006,-24.264207199999994],[-48.22643310000001,-24.262555600000002],[-48.2294861,-24.2640235],[-48.2352195,-24.2630911],[-48.23834999999999,-24.263828299999993],[-48.2417432,-24.262942300000002],[-48.2434739,-24.259476699999993],[-48.2483461,-24.259970799999998],[-48.2528954,-24.257835900000007],[-48.2574494,-24.266875899999977],[-48.2606664,-24.270577299999996],[-48.26256930000001,-24.27111319999998],[-48.2632539,-24.273353399999994],[-48.2659862,-24.27394740000002],[-48.2675233,-24.275930800000005],[-48.2717153,-24.276398699999987],[-48.28361530000001,-24.2839889],[-48.2819033,-24.288809099999998],[-48.2776678,-24.290285299999987],[-48.274763300000004,-24.2937307],[-48.27549960000001,-24.296646799999994],[-48.28183370000001,-24.29825219999999],[-48.2878191,-24.2946306],[-48.2921282,-24.2943474],[-48.29561460000001,-24.2973071],[-48.294892000000004,-24.301261899999997],[-48.2987249,-24.3027227],[-48.2998659,-24.3067833],[-48.3054564,-24.304537399999987],[-48.317533700000006,-24.313436199999998],[-48.32266729999999,-24.314485100000013],[-48.3288288,-24.312476499999985],[-48.33013100000001,-24.307885099999982],[-48.3280156,-24.298768699999997],[-48.324258400000005,-24.2955405],[-48.324741700000004,-24.292773300000007],[-48.329999599999994,-24.29057430000001],[-48.3352855,-24.292945800000002],[-48.33976870000001,-24.2927559],[-48.3403355,-24.288567100000012],[-48.3437736,-24.286137100000012],[-48.3523254,-24.288023499999998],[-48.3536464,-24.285221499999984],[-48.3605911,-24.2825095],[-48.3662691,-24.287564599999996],[-48.3697768,-24.293307099999993],[-48.3727336,-24.29417039999999],[-48.3786071,-24.299191899999997],[-48.3831292,-24.304174200000013],[-48.380352,-24.307874099999996],[-48.3771081,-24.305446999999994],[-48.37052810000001,-24.30390909999999],[-48.3572826,-24.306234299999986],[-48.3617169,-24.310779300000004],[-48.36246380000001,-24.3147252],[-48.35783730000001,-24.319283099999993],[-48.3594129,-24.323860899999996],[-48.35532739999999,-24.324884899999994],[-48.3538823,-24.3266933],[-48.3540157,-24.3295951],[-48.35095880000001,-24.337085199999997],[-48.35313150000001,-24.341983900000013],[-48.3506743,-24.34602880000001],[-48.3550688,-24.3455682],[-48.3628456,-24.347716499999983],[-48.363254700000006,-24.3550022],[-48.3599742,-24.368334600000004],[-48.360381400000016,-24.3700686],[-48.3647442,-24.373290899999997],[-48.36554990000001,-24.376512899999994],[-48.3705256,-24.379802799999997],[-48.36869890000001,-24.391027600000008],[-48.3784479,-24.39868429999998],[-48.3772942,-24.404956500000008],[-48.3872019,-24.410269899999996],[-48.3999132,-24.426942],[-48.3983922,-24.428683200000002],[-48.3950199,-24.42888809999999],[-48.3942406,-24.432419600000003],[-48.3884833,-24.431743399999988],[-48.3870497,-24.434089699999976],[-48.383622300000006,-24.431798599999993],[-48.3808972,-24.433535499999977],[-48.377307,-24.430844900000004],[-48.37594620000001,-24.4267375],[-48.371364,-24.42248199999999],[-48.3668118,-24.422656099999994],[-48.365254900000004,-24.42092090000001],[-48.3625274,-24.42096369999999],[-48.3577631,-24.4272636],[-48.35786040000001,-24.434393699999987],[-48.350044600000004,-24.435015599999993],[-48.3471575,-24.4418635],[-48.3485585,-24.4450744],[-48.35127930000001,-24.445813699999984],[-48.35220379999999,-24.44745539999998],[-48.350364600000006,-24.453575700000016],[-48.3517343,-24.4597183],[-48.35424499999999,-24.462226200000003],[-48.3597204,-24.464708499999993],[-48.3627388,-24.469050400000008],[-48.3718129,-24.472953899999997],[-48.3766962,-24.473187199999995],[-48.3853474,-24.4809513],[-48.3903642,-24.480810399999996],[-48.394135899999995,-24.482848799999996],[-48.3939854,-24.485389199999997],[-48.39051870000001,-24.4875262],[-48.392556199999994,-24.49013229999999],[-48.3883275,-24.493830300000006],[-48.381878199999996,-24.503370200000013],[-48.38773900000001,-24.51094820000001],[-48.3911038,-24.512804300000006],[-48.3916648,-24.51619639999999],[-48.396360400000006,-24.520463200000005],[-48.3963827,-24.5228472],[-48.402897,-24.52464869999999],[-48.40316130000001,-24.523079],[-48.4073991,-24.5224589],[-48.41321320000001,-24.527155500000006],[-48.41800600000001,-24.5264701],[-48.41927310000001,-24.528565199999996],[-48.422896300000005,-24.530517600000003],[-48.4296854,-24.53145789999998],[-48.429449000000005,-24.53400969999998],[-48.431428200000006,-24.535040999999985],[-48.4309943,-24.5374352],[-48.4320829,-24.537432100000004],[-48.4307023,-24.538921199999987],[-48.4318812,-24.54020479999999],[-48.4343112,-24.540067400000005],[-48.43389650000001,-24.54368000000001],[-48.4295933,-24.545160599999985],[-48.4297273,-24.549606999999998],[-48.42869700000001,-24.551613899999992],[-48.4267466,-24.552113499999987],[-48.42665730000001,-24.554573499999996],[-48.4232137,-24.55472650000001],[-48.417381999999996,-24.558113100000003],[-48.4118239,-24.557896100000004],[-48.40640450000001,-24.560753900000005],[-48.4025666,-24.565584299999998],[-48.3986154,-24.564174399999995],[-48.394021900000006,-24.564982500000003],[-48.390826200000014,-24.570816299999986],[-48.3931528,-24.572812300000017],[-48.3985851,-24.570259799999995],[-48.4022726,-24.571295400000004],[-48.4041704,-24.573849600000006],[-48.4040754,-24.577977000000004],[-48.4129914,-24.586930400000004],[-48.4155424,-24.585429000000005],[-48.4172223,-24.585691799999992],[-48.417132200000005,-24.586874600000012],[-48.4181522,-24.585889899999998],[-48.420105099999994,-24.5869935],[-48.42175640000001,-24.582565300000002],[-48.42508720000001,-24.58372319999998],[-48.42562790000001,-24.5863009],[-48.42793960000001,-24.5845538],[-48.4307366,-24.58440309999997],[-48.4308346,-24.588053500000004],[-48.433654900000015,-24.589898899999998],[-48.432589500000006,-24.591036799999998],[-48.43861149999999,-24.59212709999999],[-48.4418766,-24.594240799999998],[-48.44131300000001,-24.595542200000004],[-48.442414600000006,-24.596596099999992],[-48.4457484,-24.597339799999986],[-48.44747259999999,-24.599287800000003],[-48.44548670000001,-24.601868899999996],[-48.4466138,-24.602280300000015],[-48.445753599999996,-24.60389660000001],[-48.447709399999994,-24.604028800000002],[-48.4463414,-24.60579829999998],[-48.447984,-24.607180799999984],[-48.44824090000001,-24.610083799999984],[-48.449873800000006,-24.6103923],[-48.4517737,-24.613843499999994],[-48.4513249,-24.61489530000002],[-48.4528918,-24.61493129999999],[-48.4539818,-24.61658780000001],[-48.4517078,-24.6248438],[-48.460034400000005,-24.6407534],[-48.46025590000001,-24.6426966],[-48.4571695,-24.646830499999993],[-48.4593405,-24.655984300000007],[-48.461929399999995,-24.660617400000003],[-48.4645035,-24.65984520000001],[-48.46942930000001,-24.663396599999995],[-48.4758403,-24.665407400000003],[-48.4818027,-24.670980200000006],[-48.48161,-24.677676700000006],[-48.48318510000001,-24.678954900000004],[-48.48567990000001,-24.67931439999999],[-48.488927700000005,-24.676679999999994],[-48.494680200000005,-24.66853680000001],[-48.50016750000001,-24.6692177],[-48.50587920000001,-24.667988600000005],[-48.5075284,-24.669316000000006],[-48.5071381,-24.673385400000004],[-48.5104818,-24.673122899999985],[-48.5137961,-24.674836800000005],[-48.5212422,-24.681979899999998],[-48.52450470000001,-24.682626799999984],[-48.5252269,-24.685689099999998],[-48.5289907,-24.687651199999994],[-48.528592800000006,-24.692040000000002],[-48.5316327,-24.697847099999983],[-48.53024750000001,-24.699579000000004],[-48.5313631,-24.702243300000017],[-48.5292843,-24.706212899999986],[-48.5314426,-24.7147873],[-48.530823,-24.716670300000004],[-48.53814460000001,-24.726201800000005],[-48.543557899999996,-24.725198399999982],[-48.5460026,-24.720594800000004],[-48.54458460000001,-24.717960100000017],[-48.5518104,-24.71661780000001],[-48.5521109,-24.709609599999993],[-48.5601134,-24.710709100000003],[-48.56169580000001,-24.70714769999999],[-48.5647293,-24.706237399999996],[-48.5691973,-24.700811599999998],[-48.5675053,-24.698102299999995],[-48.5683137,-24.695612900000004],[-48.571195900000006,-24.6939436],[-48.57088660000001,-24.692219499999993],[-48.57220280000001,-24.69063859999999],[-48.57519700000001,-24.68951339999999],[-48.57902889999999,-24.6855384],[-48.580751,-24.6715689],[-48.582034900000004,-24.670701599999983],[-48.584666899999995,-24.671786199999996],[-48.5865283,-24.678578999999978],[-48.589253,-24.68053029999999],[-48.593372200000005,-24.674293400000003],[-48.60402980000001,-24.668296800000004],[-48.607310600000005,-24.668566799999983],[-48.6114519,-24.670883700000022],[-48.6153648,-24.66840419999998],[-48.6166197,-24.668673200000004],[-48.6184471,-24.672161],[-48.6281735,-24.680510700000006],[-48.6308122,-24.6798306],[-48.6310607,-24.677300899999977],[-48.6378107,-24.67766829999999],[-48.645314500000005,-24.681525199999978],[-48.641087799999994,-24.686497000000006],[-48.641642,-24.68966750000001],[-48.643369099999994,-24.689124899999985],[-48.6581731,-24.692048000000018],[-48.6577807,-24.6943107],[-48.6608137,-24.6991355],[-48.6611681,-24.7041362],[-48.65934550000001,-24.705981799999986],[-48.6604873,-24.7067569],[-48.6644468,-24.706538200000008],[-48.6685094,-24.703370099999976],[-48.671284100000015,-24.703469199999986],[-48.6750089,-24.7017925],[-48.6771952,-24.69841109999999],[-48.6715092,-24.6986691],[-48.67705930000001,-24.692526799999992],[-48.672111799999996,-24.687308699999992],[-48.67495009999999,-24.684052999999995],[-48.671473199999994,-24.67930199999999],[-48.67689200000001,-24.675371299999984],[-48.6762236,-24.67342120000001],[-48.6787241,-24.670887999999987],[-48.684676,-24.670890999999987],[-48.68966820000001,-24.667872100000025],[-48.6925072,-24.668782299999993],[-48.69408750000001,-24.670683500000003],[-48.6934699,-24.673448899999983],[-48.6882825,-24.677464900000015],[-48.690842400000015,-24.683983799999993],[-48.6886981,-24.6907227],[-48.6898911,-24.69385219999999],[-48.6925615,-24.69335399999998],[-48.6993946,-24.685314999999985],[-48.7011426,-24.680375499999986],[-48.703812,-24.68038209999999],[-48.707423500000004,-24.683594199999998],[-48.710749700000015,-24.682687399999995],[-48.7185899,-24.683014799999995],[-48.726363,-24.6848167],[-48.7301199,-24.687011699999996],[-48.7345363,-24.684481699999996],[-48.7399762,-24.68692499999998],[-48.744749899999995,-24.693249699999996],[-48.75242,-24.695180099999998],[-48.7557462,-24.692786799999997],[-48.7553718,-24.69011610000002],[-48.75316960000001,-24.687714699999994],[-48.7530864,-24.682393399999984],[-48.757286500000006,-24.679854299999988],[-48.758872100000005,-24.680275900000012],[-48.7626293,-24.687250299999988],[-48.7690558,-24.695278599999988],[-48.7752915,-24.6952382],[-48.7786516,-24.696732200000003],[-48.7821763,-24.688058100000006],[-48.78820670000001,-24.681189399999997],[-48.794698100000005,-24.67847869999998],[-48.79559350000001,-24.67644689999998],[-48.80078100000001,-24.67486050000001],[-48.803786699999996,-24.676622599999998],[-48.8096793,-24.675816500000003],[-48.811923900000004,-24.674142599999975],[-48.8163637,-24.664108599999985],[-48.8191442,-24.663572199999987],[-48.8207877,-24.657291799999992],[-48.8228368,-24.655296299999993],[-48.8273144,-24.654453300000004],[-48.8322833,-24.6568851],[-48.8404009,-24.66497679999998],[-48.8443671,-24.664213100000016],[-48.8497629,-24.657789400000002],[-48.853308999999996,-24.656163],[-48.85500830000001,-24.655706899999984],[-48.85850489999999,-24.657699899999997],[-48.8591986,-24.65910080000001],[-48.8563388,-24.6647032],[-48.8472364,-24.671119100000006],[-48.84787610000001,-24.673878200000004],[-48.8519011,-24.6750054],[-48.8538737,-24.6751457],[-48.8595675,-24.67016910000001],[-48.8653947,-24.667326199999998],[-48.8695416,-24.6696744],[-48.8784686,-24.6681917],[-48.8849778,-24.670439700000003],[-48.8906621,-24.669313399999986],[-48.9099285,-24.670715799999996],[-48.9127864,-24.6735082],[-48.9101915,-24.677947100000004],[-48.9126736,-24.681869100000004],[-48.9152604,-24.6829124],[-48.922427,-24.675186900000007],[-48.931023599999996,-24.675651999999996],[-48.9424746,-24.67227609999998],[-48.9495988,-24.6748469],[-48.95510180000001,-24.684087699999978],[-48.9584529,-24.68528319999998],[-48.9610329,-24.684513200000016],[-48.9606193,-24.679593000000008],[-48.96328940000001,-24.6732153],[-48.968494500000006,-24.673293799999986],[-48.974926800000006,-24.671666999999992],[-48.974429900000004,-24.666833500000017],[-48.978627,-24.6649743],[-48.986348,-24.6649703],[-48.987858800000005,-24.665902199999998],[-48.98890870000001,-24.6647412],[-48.989399,-24.656642899999987],[-48.9909288,-24.6552439],[-49.00070720000001,-24.65534250000001],[-49.008037300000005,-24.660489899999998],[-49.00942700000001,-24.660369299999978],[-49.01067669999999,-24.655975499999997],[-49.0073335,-24.649220599999992],[-49.00540250000001,-24.639132600000003],[-49.00448599999999,-24.637803],[-49.000884,-24.638594000000015],[-48.99926649999999,-24.637855100000014],[-49.0007099,-24.635349600000005],[-49.0046777,-24.633238899999995],[-49.0083629,-24.634563099999983],[-49.0150367,-24.641876699999994],[-49.0183748,-24.642616500000003],[-49.0210912,-24.6419876],[-49.03220880000001,-24.63383139999998],[-49.040033599999994,-24.636846500000004],[-49.0422869,-24.640573399999994],[-49.0409828,-24.6432817],[-49.0385153,-24.64376699999998],[-49.0350678,-24.640821200000012],[-49.0328746,-24.641942199999995],[-49.03456760000001,-24.650050000000007],[-49.039508100000006,-24.653364700000004],[-49.0373997,-24.660419699999977],[-49.04550820000001,-24.66609989999999],[-49.0448383,-24.669038099999998],[-49.0462554,-24.67269869999999],[-49.0518457,-24.6806952],[-49.0612881,-24.685341400000002],[-49.0644047,-24.6860254],[-49.0690677,-24.684867799999996],[-49.0728476,-24.6751066],[-49.0746749,-24.67341649999998],[-49.0798327,-24.672608799999992],[-49.0844055,-24.672975199999996],[-49.08524430000001,-24.6799337],[-49.09708719999999,-24.6818741],[-49.1000938,-24.676325000000002],[-49.1055909,-24.674711699999985],[-49.1089408,-24.676548500000017],[-49.1088747,-24.6858485],[-49.1115946,-24.688352300000012],[-49.118347199999995,-24.68623879999999],[-49.1223742,-24.682450699999993],[-49.126173200000004,-24.684176300000008],[-49.13142989999999,-24.68093249999998],[-49.1348233,-24.675559900000003],[-49.14815120000001,-24.675276600000004],[-49.1539457,-24.672005400000003]]]}},{"type":"Feature","properties":{"id":"administrativas-10","nome":"Bauru"},"geometry":{"type":"Polygon","coordinates":[[[-49.351006999999996,-22.642557500000017],[-49.3556207,-22.636688900000006],[-49.3639471,-22.632782199999994],[-49.38178,-22.630167299999982],[-49.38691060000001,-22.627209000000015],[-49.39516,-22.6268147],[-49.39801700000001,-22.6253685],[-49.408363900000005,-22.624405499999998],[-49.4175799,-22.6218573],[-49.41992890000001,-22.62022320000002],[-49.42069560000001,-22.612748800000027],[-49.4247221,-22.607085300000023],[-49.432706100000004,-22.60437839999998],[-49.4394641,-22.604284500000006],[-49.4398048,-22.60180369999997],[-49.444351,-22.6004981],[-49.4507093,-22.590252299999996],[-49.4503063,-22.586475499999995],[-49.454407200000006,-22.583071099999998],[-49.4568624,-22.578668599999997],[-49.4562681,-22.57724440000001],[-49.45186490000001,-22.5764498],[-49.4544066,-22.567697],[-49.465578,-22.558135499999985],[-49.4705844,-22.557871699999993],[-49.472753000000004,-22.556488299999998],[-49.4778183,-22.550547600000005],[-49.4816127,-22.549232999999987],[-49.48968750000001,-22.541859600000002],[-49.490793499999995,-22.537518599999995],[-49.49739510000001,-22.527585099999992],[-49.500750700000005,-22.517136299999986],[-49.50301660000001,-22.5138467],[-49.5048193,-22.5141639],[-49.50631190000001,-22.512400899999992],[-49.5092588,-22.5180119],[-49.51081610000001,-22.5166701],[-49.5125181,-22.517346799999984],[-49.5128582,-22.51632579999998],[-49.5145774,-22.516247300000014],[-49.5158307,-22.518169199999985],[-49.51991240000001,-22.5190029],[-49.5187976,-22.522500700000002],[-49.5200961,-22.5237659],[-49.5242172,-22.522001200000016],[-49.525642,-22.522683699999984],[-49.527164,-22.528144100000002],[-49.524073,-22.531223000000004],[-49.5247201,-22.534671],[-49.52761340000001,-22.53772600000001],[-49.5301319,-22.5366948],[-49.5314385,-22.538088700000007],[-49.533735199999995,-22.54297080000001],[-49.5337934,-22.544018499999986],[-49.5328758,-22.543838500000007],[-49.5344439,-22.544871500000003],[-49.534055,-22.546696299999997],[-49.537361400000016,-22.545996800000005],[-49.5419714,-22.5470001],[-49.5441928,-22.549303500000004],[-49.544544300000005,-22.551911800000006],[-49.5408719,-22.553569499999973],[-49.538870700000004,-22.556680099999973],[-49.54094090000001,-22.56150150000001],[-49.5453672,-22.56376909999999],[-49.5464085,-22.56306449999999],[-49.545007600000005,-22.562362399999987],[-49.5474844,-22.561049999999994],[-49.54834259999999,-22.5620535],[-49.5528388,-22.5585232],[-49.5550062,-22.558946099999993],[-49.5588319,-22.565545399999998],[-49.55768369999999,-22.5689703],[-49.559846300000004,-22.571650600000005],[-49.55928,-22.574559699999984],[-49.56253160000001,-22.576082400000004],[-49.56551150000001,-22.576173400000002],[-49.56619330000001,-22.575046499999974],[-49.5677835,-22.576343899999998],[-49.5692365,-22.587243799999996],[-49.5718738,-22.58876079999999],[-49.5717429,-22.59114599999999],[-49.5737282,-22.59136099999997],[-49.5748234,-22.595868699999997],[-49.5756246,-22.5943736],[-49.578361500000014,-22.598367899999996],[-49.5782682,-22.60159889999999],[-49.58071679999999,-22.6026205],[-49.5833449,-22.601922699999992],[-49.5853909,-22.60390210000001],[-49.58332980000001,-22.607911899999998],[-49.58362900000001,-22.611648499999983],[-49.58059190000001,-22.61479339999999],[-49.5803802,-22.616504000000003],[-49.5819062,-22.618714900000004],[-49.5844485,-22.61964719999999],[-49.5847008,-22.621194599999978],[-49.5859034,-22.620685799999986],[-49.5857057,-22.6219373],[-49.5869355,-22.621480399999992],[-49.5861174,-22.622365899999988],[-49.587773500000004,-22.62271090000001],[-49.5875762,-22.6277736],[-49.5881058,-22.62706579999999],[-49.5884496,-22.6287169],[-49.5901365,-22.629233899999992],[-49.58939159999999,-22.6310901],[-49.5924182,-22.63421649999999],[-49.590314400000004,-22.636801799999997],[-49.5925305,-22.6425884],[-49.589648600000004,-22.6460869],[-49.5933944,-22.652098399999993],[-49.5957053,-22.65239699999998],[-49.5963511,-22.654271900000012],[-49.597892,-22.654267299999987],[-49.59823060000001,-22.6529636],[-49.5995267,-22.654103899999985],[-49.6010741,-22.658286099999998],[-49.5989176,-22.664852200000016],[-49.6025855,-22.665461900000004],[-49.6070651,-22.66296489999999],[-49.6137705,-22.6567437],[-49.6249953,-22.649635],[-49.6258354,-22.640553500000003],[-49.627729,-22.6364813],[-49.6259713,-22.63018930000001],[-49.62961339999999,-22.628057899999995],[-49.6301442,-22.6239856],[-49.6362292,-22.6250664],[-49.6431113,-22.620872399999993],[-49.6510636,-22.620664899999987],[-49.6572884,-22.614724900000002],[-49.6592623,-22.6087433],[-49.661562200000006,-22.607107900000013],[-49.6888333,-22.601320799999993],[-49.69269620000001,-22.60745969999999],[-49.69508390000001,-22.607618299999988],[-49.6950781,-22.60924210000001],[-49.6983018,-22.6094275],[-49.69870000000001,-22.610636800000005],[-49.7012147,-22.611459600000014],[-49.70349459999999,-22.617281],[-49.7022982,-22.6217226],[-49.7053948,-22.624794699999985],[-49.7070581,-22.618689100000015],[-49.7117162,-22.6135528],[-49.717504200000015,-22.609966899999996],[-49.7365002,-22.58837620000001],[-49.737166400000014,-22.585324100000005],[-49.73533090000001,-22.5788191],[-49.7358793,-22.576424400000008],[-49.74146700000001,-22.567417199999987],[-49.74150900000001,-22.562793900000003],[-49.743836,-22.562119999999993],[-49.746058,-22.55973169999998],[-49.7483337,-22.554358],[-49.747264699999995,-22.544698899999986],[-49.74800400000001,-22.540097499999995],[-49.7534965,-22.53528259999999],[-49.754297400000006,-22.529169599999978],[-49.757504100000006,-22.52869],[-49.7604734,-22.525218300000002],[-49.7594017,-22.5180627],[-49.7644307,-22.516514199999985],[-49.76589,-22.508520199999992],[-49.77200150000001,-22.500646300000007],[-49.76178120000001,-22.503928499999986],[-49.7556128,-22.498154100000008],[-49.756536400000016,-22.4970699],[-49.7510664,-22.49509899999999],[-49.749012300000004,-22.489944099999967],[-49.7500063,-22.488868100000012],[-49.7479853,-22.48492539999998],[-49.74995330000001,-22.478712300000005],[-49.7494999,-22.476844299999982],[-49.74687440000001,-22.475990700000004],[-49.744416799999996,-22.473476600000026],[-49.7435164,-22.4702461],[-49.7413492,-22.470011499999995],[-49.7378448,-22.466814299999996],[-49.7321285,-22.467790899999997],[-49.727005,-22.463900000000006],[-49.7215091,-22.464034100000013],[-49.7202097,-22.462162899999996],[-49.7187885,-22.452499899999978],[-49.7130302,-22.449208399999993],[-49.7102724,-22.444242400000004],[-49.7038157,-22.439348599999988],[-49.7040356,-22.443402800000005],[-49.7017976,-22.4471388],[-49.6967345,-22.448997399999985],[-49.6943674,-22.456198399999998],[-49.691616800000006,-22.458553],[-49.6881805,-22.45846869999999],[-49.6841068,-22.463428399999994],[-49.6836731,-22.466064600000003],[-49.674471999999994,-22.46872060000001],[-49.66379899999999,-22.4621198],[-49.66248000000001,-22.458473299999994],[-49.6580343,-22.45353639999998],[-49.6548277,-22.4459938],[-49.65069890000001,-22.439987399999996],[-49.6463794,-22.4366403],[-49.642229500000006,-22.439288],[-49.6360441,-22.447092300000005],[-49.637048500000006,-22.45703060000001],[-49.63598790000001,-22.4609735],[-49.62851180000001,-22.469153399999986],[-49.624151,-22.467172900000005],[-49.618956,-22.4682583],[-49.6102206,-22.4662219],[-49.60158800000001,-22.460417399999987],[-49.59616210000001,-22.45938290000001],[-49.59568190000001,-22.455453400000028],[-49.59679199999999,-22.4538176],[-49.5988856,-22.4545483],[-49.60409950000001,-22.453554800000017],[-49.6036403,-22.450498200000016],[-49.605491,-22.448400199999995],[-49.60393010000001,-22.443076999999995],[-49.60033820000001,-22.439995699999997],[-49.600585499999994,-22.438565900000018],[-49.5974276,-22.435144400000002],[-49.5885836,-22.42765080000001],[-49.58220390000001,-22.424882299999986],[-49.57610759999999,-22.4170817],[-49.575109100000006,-22.407757399999998],[-49.57123940000001,-22.40064720000002],[-49.56997080000001,-22.3836182],[-49.5609363,-22.390246700000002],[-49.5563551,-22.392032400000005],[-49.545681900000005,-22.390831499999997],[-49.5335997,-22.395160300000004],[-49.5197513,-22.393617700000007],[-49.5127924,-22.3956827],[-49.5146734,-22.390669800000012],[-49.50951609999999,-22.390296700000007],[-49.4950321,-22.382997299999992],[-49.4913359,-22.376550200000004],[-49.4909144,-22.372873900000002],[-49.4828121,-22.3648472],[-49.48286540000001,-22.356192299999996],[-49.47397149999999,-22.35180599999999],[-49.47378220000001,-22.3468477],[-49.4713629,-22.34483939999998],[-49.4704545,-22.341667600000005],[-49.466361899999995,-22.3392387],[-49.46507230000001,-22.336209399999987],[-49.461049200000005,-22.335447399999996],[-49.4591806,-22.3374586],[-49.4521636,-22.334479899999995],[-49.4502477,-22.3290066],[-49.445292200000004,-22.328586599999998],[-49.4434664,-22.327007299999995],[-49.44120160000001,-22.32811689999999],[-49.4366716,-22.322509799999988],[-49.433751900000004,-22.315978400000002],[-49.4311183,-22.31532769999999],[-49.43011280000001,-22.31177109999999],[-49.428235400000005,-22.3105353],[-49.429287900000006,-22.30535529999999],[-49.426801100000006,-22.303307700000005],[-49.42549440000001,-22.295774600000016],[-49.4228,-22.294202200000008],[-49.4240002,-22.293244899999983],[-49.43191730000001,-22.294208],[-49.4349235,-22.30019129999998],[-49.4387033,-22.30296349999998],[-49.44090490000001,-22.30309639999997],[-49.44063760000001,-22.2985081],[-49.43654850000001,-22.291457399999995],[-49.435104200000005,-22.284106999999995],[-49.436528100000004,-22.277249700000002],[-49.438729,-22.273628],[-49.4366993,-22.270607700000003],[-49.43972590000001,-22.2694743],[-49.441822200000004,-22.2655676],[-49.45166700000001,-22.258575099999998],[-49.4518881,-22.256181],[-49.458505,-22.246529900000006],[-49.458384900000006,-22.242224999999973],[-49.4589811,-22.241072899999985],[-49.46243050000001,-22.245216500000016],[-49.4656232,-22.244954799999984],[-49.469378,-22.241314500000005],[-49.478958899999995,-22.23871160000001],[-49.4806782,-22.236731899999985],[-49.4835329,-22.236200099999987],[-49.4845308,-22.234345400000006],[-49.4887086,-22.234920599999974],[-49.49173780000002,-22.231815500000014],[-49.4952087,-22.230433700000006],[-49.4934704,-22.2230176],[-49.49872750000001,-22.21625880000001],[-49.50010880000001,-22.212628599999988],[-49.5072638,-22.209890099999996],[-49.506983500000004,-22.201791600000004],[-49.5108788,-22.1988738],[-49.5098474,-22.1951285],[-49.511085300000005,-22.189726100000012],[-49.5229568,-22.18360640000003],[-49.53003790000002,-22.181593100000004],[-49.530504500000006,-22.1757258],[-49.52879720000001,-22.165457199999985],[-49.5262267,-22.155518900000004],[-49.5234845,-22.153815899999994],[-49.523759600000005,-22.15262089999999],[-49.55143089999999,-22.1500492],[-49.5533043,-22.1479798],[-49.5621421,-22.145276899999992],[-49.5600807,-22.140694599999996],[-49.555801100000004,-22.1368973],[-49.5564207,-22.129803300000003],[-49.5624397,-22.138546299999984],[-49.5693832,-22.139404400000007],[-49.5790283,-22.128603799999997],[-49.5821017,-22.126460899999998],[-49.5881058,-22.124916300000013],[-49.584994,-22.112745700000016],[-49.592392600000004,-22.112846799999996],[-49.59683810000001,-22.109299399999998],[-49.601473899999995,-22.108163100000002],[-49.610120900000005,-22.108956899999974],[-49.6117589,-22.11088159999999],[-49.6176673,-22.113580299999978],[-49.622717800000004,-22.112674499999997],[-49.62334920000001,-22.1075222],[-49.6203001,-22.1009728],[-49.62127269999999,-22.096571299999987],[-49.62525020000001,-22.0912398],[-49.6270629,-22.08587119999999],[-49.63304459999999,-22.080723500000005],[-49.6336292,-22.0759691],[-49.6371247,-22.074863500000014],[-49.6393149,-22.06995710000001],[-49.65069139999999,-22.067679999999978],[-49.6562291,-22.0772198],[-49.6617383,-22.07678790000001],[-49.6636887,-22.0688156],[-49.66576899999999,-22.0655311],[-49.664861,-22.06304449999999],[-49.666129600000005,-22.0617439],[-49.6740717,-22.0606868],[-49.6763057,-22.058978199999988],[-49.684503299999996,-22.057394500000004],[-49.686127000000006,-22.056195599999977],[-49.6879176,-22.048760599999998],[-49.69254800000001,-22.04760099999998],[-49.6955179,-22.04450120000001],[-49.69660070000001,-22.046571799999988],[-49.7023596,-22.0477228],[-49.704739,-22.046899700000004],[-49.707103,-22.039862300000003],[-49.7096756,-22.0394369],[-49.71200350000001,-22.037203500000004],[-49.72470940000001,-22.034470599999985],[-49.7281889,-22.03054300000001],[-49.73776290000001,-22.028804999999995],[-49.74068240000001,-22.026211200000006],[-49.7384698,-22.020612200000002],[-49.734869,-22.017950799999987],[-49.735634100000006,-22.016931199999995],[-49.7400998,-22.01648189999999],[-49.744246499999996,-22.013221700000003],[-49.7564898,-22.007668400000004],[-49.7531463,-22.004910599999988],[-49.7541972,-22.000618199999995],[-49.753632700000004,-21.99279689999999],[-49.7497482,-21.989892399999995],[-49.7501713,-21.9857495],[-49.7471815,-21.9792081],[-49.7374136,-21.9712096],[-49.736760800000006,-21.966865599999995],[-49.7399072,-21.9566326],[-49.74006429999999,-21.949588599999988],[-49.7389151,-21.947174000000004],[-49.73651809999999,-21.946336000000002],[-49.73417830000001,-21.940553099999995],[-49.738517200000004,-21.940046099999986],[-49.738231799999994,-21.938418199999994],[-49.7419708,-21.9382895],[-49.743737,-21.937003700000005],[-49.74766230000001,-21.93728499999998],[-49.7588036,-21.931276699999987],[-49.7630385,-21.9319285],[-49.76506,-21.9333824],[-49.7677568,-21.932108700000008],[-49.7718435,-21.9269905],[-49.768572000000006,-21.9197167],[-49.76910190000001,-21.9160781],[-49.7785544,-21.915915699999996],[-49.7834703,-21.909503299999997],[-49.7884594,-21.90791820000001],[-49.8093552,-21.89026629999999],[-49.8118806,-21.8933046],[-49.813007700000014,-21.900549699999985],[-49.8187716,-21.9076337],[-49.822729200000005,-21.910589799999983],[-49.82852340000001,-21.91880210000001],[-49.8253727,-21.921390399999993],[-49.8211108,-21.92230989999999],[-49.815762600000006,-21.926718399999995],[-49.8149481,-21.927780799999994],[-49.81624000000001,-21.9309453],[-49.8155782,-21.934471699999996],[-49.82255310000001,-21.939307400000004],[-49.82533239999999,-21.943203000000015],[-49.8273662,-21.9438505],[-49.8274898,-21.946663799999982],[-49.833646,-21.9471296],[-49.839293700000006,-21.951695599999997],[-49.8483044,-21.952891599999987],[-49.852218400000005,-21.95610889999998],[-49.8690008,-21.9602247],[-49.879579500000006,-21.9687098],[-49.88507100000001,-21.971509599999983],[-49.89139130000001,-21.9657191],[-49.8946183,-21.967631700000002],[-49.8948275,-21.9666072],[-49.897591,-21.966190000000008],[-49.8974857,-21.9649288],[-49.90025020000001,-21.965302700000006],[-49.9011829,-21.963659500000016],[-49.906334900000004,-21.963894999999994],[-49.9087736,-21.959881599999974],[-49.9120673,-21.958709999999996],[-49.9147774,-21.960565099999993],[-49.9157064,-21.958438999999977],[-49.921077,-21.956348899999995],[-49.9309853,-21.95585049999999],[-49.9329523,-21.954372300000003],[-49.939231,-21.953118899999996],[-49.94468789999999,-21.9538781],[-49.948313,-21.950893200000007],[-49.9483829,-21.948913300000005],[-49.95199730000001,-21.945101099999988],[-49.9540083,-21.945559800000012],[-49.9575677,-21.94209249999999],[-49.9596244,-21.9429101],[-49.96441409999999,-21.9414787],[-49.9681511,-21.938525099999985],[-49.96972100000001,-21.93935439999999],[-49.97071100000001,-21.93832659999998],[-49.9723931,-21.939275899999984],[-49.9722806,-21.940938],[-49.9805335,-21.942632200000002],[-49.9888348,-21.9334371],[-49.9950447,-21.93028359999999],[-49.9960809,-21.93111469999998],[-49.9993189,-21.92756639999998],[-50.003155100000015,-21.928790000000003],[-50.006410900000006,-21.925638099999993],[-50.01193260000001,-21.9244645],[-50.0159218,-21.91859460000001],[-50.0154567,-21.9167345],[-50.0180368,-21.914057799999995],[-50.0167056,-21.910129100000002],[-50.015594500000006,-21.910016799999994],[-50.01782380000001,-21.905554400000003],[-50.0197767,-21.906563400000017],[-50.0224894,-21.90178039999999],[-50.024273,-21.901797599999988],[-50.02448830000001,-21.899983499999998],[-50.0258757,-21.899358099999997],[-50.0273925,-21.900405000000006],[-50.0309475,-21.897886099999983],[-50.03150910000001,-21.895314599999985],[-50.02754500000001,-21.89079869999999],[-50.0306737,-21.887102500000008],[-50.03182590000001,-21.886693599999987],[-50.032726,-21.88798789999998],[-50.0354947,-21.887588500000014],[-50.0361218,-21.886480700000007],[-50.04135350000001,-21.8877062],[-50.0442235,-21.883575999999987],[-50.0470138,-21.884235899999993],[-50.0496351,-21.881126399999996],[-50.0492243,-21.879145999999977],[-50.05603179999999,-21.875229000000004],[-50.0603328,-21.874455699999995],[-50.0608903,-21.871582300000004],[-50.0637671,-21.871068999999984],[-50.06553980000001,-21.86580199999999],[-50.0668425,-21.865420499999985],[-50.06571260000001,-21.86464969999999],[-50.0670295,-21.864275],[-50.06725659999999,-21.861386299999996],[-50.0701976,-21.859800399999994],[-50.0709375,-21.8564653],[-50.0762084,-21.855542800000006],[-50.077522800000004,-21.85667659999999],[-50.08163660000002,-21.853621899999983],[-50.0830765,-21.854213199999993],[-50.0874173,-21.849322299999994],[-50.08862529999999,-21.85024770000002],[-50.09024370000001,-21.848741200000013],[-50.091420799999995,-21.8500083],[-50.0926377,-21.849532199999985],[-50.0932473,-21.846256700000012],[-50.0975382,-21.84577729999999],[-50.09729200000001,-21.8438046],[-50.0990235,-21.8437135],[-50.0988391,-21.841050500000005],[-50.10020730000001,-21.839334699999977],[-50.10195910000001,-21.839431400000013],[-50.1020562,-21.837675100000006],[-50.1044957,-21.8369173],[-50.1060489,-21.837763800000005],[-50.11115,-21.835136099999996],[-50.1120988,-21.8361671],[-50.11335840000001,-21.835717900000006],[-50.1145692,-21.833860399999995],[-50.1140857,-21.830739799999982],[-50.120348199999995,-21.822498899999985],[-50.1198625,-21.819720300000004],[-50.124455299999994,-21.81885700000001],[-50.1257743,-21.81979420000001],[-50.1289722,-21.8150934],[-50.129751700000014,-21.815634199999984],[-50.130473099999996,-21.814012600000005],[-50.1318853,-21.814014900000018],[-50.1309773,-21.81209849999998],[-50.1300225,-21.812486999999997],[-50.1318999,-21.809782800000008],[-50.130618999999996,-21.808886700000006],[-50.13406379999999,-21.805822600000013],[-50.1386888,-21.807219199999995],[-50.1397775,-21.805471700000002],[-50.144445600000005,-21.803755499999994],[-50.14379900000001,-21.801574700000003],[-50.147458099999994,-21.79875940000001],[-50.1446857,-21.79511349999999],[-50.1504125,-21.791141900000007],[-50.1500533,-21.789792099999985],[-50.1538249,-21.787326100000005],[-50.15328050000001,-21.785912600000007],[-50.1559403,-21.784965199999995],[-50.1584172,-21.78534590000001],[-50.158149099999996,-21.7862697],[-50.161077,-21.784965900000007],[-50.1630763,-21.7784232],[-50.1656322,-21.7783901],[-50.1659458,-21.777144500000002],[-50.16765010000001,-21.776728800000008],[-50.1671187,-21.775877700000002],[-50.1709183,-21.77462399999998],[-50.17376349999999,-21.775645199999996],[-50.17366400000002,-21.774862699999996],[-50.1766686,-21.775772200000024],[-50.1776772,-21.774524900000003],[-50.1795514,-21.77500450000001],[-50.181762500000005,-21.7725321],[-50.180877,-21.771882799999993],[-50.1817489,-21.770599099999995],[-50.1885927,-21.768010700000012],[-50.187442000000004,-21.76634890000002],[-50.1897547,-21.762797599999985],[-50.1913906,-21.76284139999998],[-50.1919585,-21.76403000000001],[-50.193385000000006,-21.763341799999992],[-50.1929295,-21.7645612],[-50.19386840000001,-21.7639933],[-50.1959224,-21.765587899999996],[-50.1985801,-21.76491070000002],[-50.2010981,-21.766727200000002],[-50.2072759,-21.7637565],[-50.20883990000001,-21.760937399999992],[-50.21037580000001,-21.761241200000022],[-50.2095452,-21.76003609999998],[-50.2124233,-21.759042800000014],[-50.2132743,-21.7605292],[-50.2176021,-21.7605957],[-50.2184111,-21.762771900000004],[-50.2197988,-21.762175300000003],[-50.22355679999999,-21.7593357],[-50.222933600000005,-21.75616880000002],[-50.2257461,-21.7530998],[-50.2252185,-21.75250949999998],[-50.22919360000001,-21.752459999999992],[-50.23051060000001,-21.750251899999984],[-50.231805400000006,-21.750605499999985],[-50.237135,-21.74535510000001],[-50.24063769999999,-21.747231800000023],[-50.2422532,-21.744862400000024],[-50.2413506,-21.74453509999998],[-50.2428231,-21.743948099999997],[-50.24232150000001,-21.742975500000007],[-50.244851800000006,-21.740307799999997],[-50.2478669,-21.739724799999998],[-50.249027,-21.740797100000005],[-50.248045,-21.741589299999983],[-50.2520537,-21.7409643],[-50.2520917,-21.739663499999974],[-50.25615320000001,-21.73897629999998],[-50.2569084,-21.73706129999999],[-50.2585196,-21.738661899999997],[-50.2601431,-21.73478079999999],[-50.2614916,-21.73420939999999],[-50.2608798,-21.732986099999998],[-50.2625793,-21.732613600000008],[-50.2612958,-21.731189899999997],[-50.2614241,-21.727514099999997],[-50.2639541,-21.7253035],[-50.26610060000001,-21.726233899999993],[-50.2672702,-21.7238856],[-50.27155170000001,-21.721770299999967],[-50.2713772,-21.7191602],[-50.27292030000001,-21.7171644],[-50.272156700000004,-21.716583600000003],[-50.2736736,-21.71513579999999],[-50.2727268,-21.712083800000016],[-50.27415830000001,-21.710948399999996],[-50.2733021,-21.709283499999987],[-50.2702513,-21.708866000000015],[-50.26943870000001,-21.706492599999983],[-50.2655365,-21.703281399999995],[-50.2649055,-21.704338399999997],[-50.2639581,-21.70299659999999],[-50.26106510000002,-21.70285219999999],[-50.2552003,-21.705698399999978],[-50.2511234,-21.704576300000003],[-50.2509806,-21.703442799999998],[-50.24827909999999,-21.702575399999994],[-50.247734,-21.700599599999997],[-50.24894900000001,-21.70007879999999],[-50.2455464,-21.69671949999999],[-50.2444168,-21.699362100000013],[-50.2438706,-21.697115699999998],[-50.2407752,-21.69705810000001],[-50.2367718,-21.69909450000001],[-50.234703,-21.697275500000007],[-50.2334229,-21.69836859999999],[-50.231733199999994,-21.6972567],[-50.231664,-21.699412400000014],[-50.2277496,-21.698633600000015],[-50.2248204,-21.700224899999995],[-50.2249906,-21.701125400000002],[-50.2235827,-21.700515599999985],[-50.2216058,-21.70177890000001],[-50.2228134,-21.699152399999996],[-50.220219500000006,-21.697371600000015],[-50.2167307,-21.697460700000008],[-50.2139622,-21.69540989999998],[-50.2136172,-21.696481699999996],[-50.2115756,-21.696570399999988],[-50.2104139,-21.694166299999978],[-50.2122176,-21.692365399999993],[-50.2093615,-21.6905628],[-50.2109003,-21.6892105],[-50.2088685,-21.688710099999987],[-50.20932210000001,-21.6877718],[-50.207621,-21.686812900000007],[-50.199891,-21.690200499999992],[-50.1973889,-21.6896875],[-50.1954236,-21.691907499999978],[-50.1898304,-21.689722300000017],[-50.18693870000001,-21.690444199999998],[-50.18588720000001,-21.692647200000003],[-50.1848954,-21.691998299999995],[-50.183018,-21.69323620000003],[-50.1761347,-21.68992060000001],[-50.17531660000001,-21.691439799999998],[-50.1731586,-21.6919913],[-50.1739112,-21.6923733],[-50.172922200000016,-21.695087599999972],[-50.1699795,-21.695113799999994],[-50.16812740000001,-21.69382670000001],[-50.1682558,-21.69622969999999],[-50.165664,-21.694895000000006],[-50.165987699999995,-21.693090100000006],[-50.16456070000001,-21.693951899999995],[-50.1654447,-21.692402499999996],[-50.1633853,-21.69123829999999],[-50.1625516,-21.685763500000004],[-50.15964390000001,-21.6854625],[-50.1598083,-21.683520999999978],[-50.1583658,-21.683298999999998],[-50.1594523,-21.6826605],[-50.1553819,-21.681055300000015],[-50.15491490000001,-21.6823716],[-50.15234970000001,-21.681489600000006],[-50.1475098,-21.682436000000006],[-50.1438759,-21.686577999999987],[-50.1390221,-21.687973799999998],[-50.13681530000001,-21.687532999999988],[-50.1350086,-21.68968059999999],[-50.1331455,-21.68846459999998],[-50.1303055,-21.69146539999998],[-50.1301149,-21.690411500000007],[-50.12867550000001,-21.690684099999988],[-50.1290283,-21.689209700000013],[-50.12717980000001,-21.690803400000014],[-50.1254744,-21.6890479],[-50.1260375,-21.689991399999997],[-50.1246698,-21.690065899999986],[-50.1238474,-21.686790299999977],[-50.1201452,-21.684983199999987],[-50.118354700000005,-21.686537699999995],[-50.1189703,-21.687939100000012],[-50.1165307,-21.691818599999998],[-50.1145425,-21.692235500000002],[-50.113385199999996,-21.690544599999978],[-50.110454600000004,-21.68992589999998],[-50.110629200000005,-21.686310400000004],[-50.108996,-21.685884199999983],[-50.1102491,-21.685106399999995],[-50.1069601,-21.683502100000005],[-50.106014,-21.681051999999998],[-50.10670580000001,-21.677432899999978],[-50.1096253,-21.673202300000018],[-50.10795670000002,-21.67106069999999],[-50.108564,-21.667414400000006],[-50.10739850000001,-21.661155200000003],[-50.1060441,-21.6599839],[-50.1049304,-21.652877500000002],[-50.1032632,-21.650547500000002],[-50.1033015,-21.6461053],[-50.1001248,-21.643493800000016],[-50.10011879999999,-21.620998599999997],[-50.0943535,-21.617699799999993],[-50.0879782,-21.6162177],[-50.079796699999996,-21.610321999999996],[-50.076414099999994,-21.60525029999998],[-50.0736655,-21.595959599999993],[-50.070828999999996,-21.59318449999998],[-50.0639851,-21.59139660000002],[-50.06110940000001,-21.58943539999998],[-50.0608534,-21.583941499999998],[-50.05859279999999,-21.584881599999996],[-50.05774149999999,-21.586997400000016],[-50.0574215,-21.590142600000014],[-50.0607405,-21.59595499999999],[-50.0583501,-21.603202199999995],[-50.0553045,-21.608632500000006],[-50.0481975,-21.609928300000018],[-50.0448072,-21.607914000000015],[-50.0424967,-21.60041679999999],[-50.0385409,-21.595341699999995],[-50.0318117,-21.592263400000004],[-50.0282063,-21.589234899999987],[-50.02189220000002,-21.5903124],[-50.01326670000001,-21.5900433],[-50.00432950000001,-21.58726469999998],[-49.9967107,-21.588782300000002],[-49.9932526,-21.590919699999997],[-49.9866446,-21.58786339999998],[-49.982758700000005,-21.580860599999998],[-49.9798771,-21.57825080000001],[-49.9746248,-21.578344099999992],[-49.96754750000001,-21.5765037],[-49.963466700000005,-21.579598200000003],[-49.9540759,-21.577034100000006],[-49.95028560000001,-21.572111100000015],[-49.9466346,-21.570100500000013],[-49.9448675,-21.566443499999984],[-49.9405275,-21.563518199999994],[-49.93727450000001,-21.5562562],[-49.9335047,-21.553848500000004],[-49.926169400000006,-21.555143699999995],[-49.9248074,-21.556462699999987],[-49.9198925,-21.555709900000007],[-49.9148909,-21.5570507],[-49.9096319,-21.5494976],[-49.90839590000001,-21.54381879999998],[-49.90877840000001,-21.538653799999985],[-49.90260860000001,-21.526568399999995],[-49.9026341,-21.522841499999995],[-49.9049096,-21.5221634],[-49.9080285,-21.52356670000001],[-49.9100424,-21.5230273],[-49.9114494,-21.51977949999998],[-49.9108995,-21.5104603],[-49.90859729999999,-21.5044517],[-49.9056439,-21.5027704],[-49.902998,-21.49453400000001],[-49.8993911,-21.491552900000013],[-49.89350519999999,-21.481938100000008],[-49.893583899999996,-21.477866299999995],[-49.8914839,-21.475894800000003],[-49.89267860000001,-21.471333899999976],[-49.8910983,-21.468525],[-49.88952,-21.468289800000008],[-49.8863166,-21.47120579999998],[-49.876059,-21.468250400000002],[-49.8722429,-21.46886109999999],[-49.87063370000001,-21.46147099999998],[-49.868592,-21.459482100000013],[-49.8698701,-21.45909839999999],[-49.8705411,-21.457032299999995],[-49.868506000000004,-21.454192800000012],[-49.8713426,-21.451753799999988],[-49.8704268,-21.4490142],[-49.8671135,-21.4484379],[-49.870107900000015,-21.446057699999997],[-49.8707993,-21.44271240000002],[-49.869181,-21.440653799999993],[-49.8647586,-21.439614899999988],[-49.86617150000001,-21.43862210000001],[-49.866301,-21.436443499999992],[-49.8611456,-21.430480099999997],[-49.862757,-21.429317200000003],[-49.8619653,-21.42832259999997],[-49.8632963,-21.42469810000001],[-49.8613518,-21.4229695],[-49.8634445,-21.418410399999985],[-49.8623347,-21.410865299999987],[-49.8611332,-21.409487099999993],[-49.86482710000001,-21.400899699999997],[-49.86698669999999,-21.3990192],[-49.8668062,-21.395722400000007],[-49.8685525,-21.3926257],[-49.8640532,-21.389951399999998],[-49.8613913,-21.38178209999999],[-49.8615499,-21.377146200000013],[-49.8577443,-21.372741499999986],[-49.8562553,-21.372746199999984],[-49.8570431,-21.371923999999996],[-49.8562007,-21.371843999999985],[-49.8557317,-21.36786599999999],[-49.8520091,-21.3690095],[-49.848126,-21.36568719999999],[-49.8464239,-21.360653000000003],[-49.8450435,-21.3598258],[-49.8452963,-21.357657899999996],[-49.8413708,-21.353299099999994],[-49.8414371,-21.352026799999997],[-49.839410300000004,-21.3508472],[-49.84026279999999,-21.349739400000004],[-49.8362623,-21.347459999999998],[-49.83298150000001,-21.337738900000012],[-49.8268862,-21.339268500000006],[-49.826072,-21.33676919999999],[-49.8273252,-21.3334048],[-49.826699,-21.331609999999987],[-49.8239765,-21.3303331],[-49.825949,-21.3256829],[-49.8228711,-21.3235445],[-49.8239847,-21.318477800000004],[-49.8166182,-21.31559709999999],[-49.81826079999999,-21.3126015],[-49.8174373,-21.30821699999998],[-49.8191445,-21.30416670000001],[-49.8180553,-21.303103899999993],[-49.82443489999999,-21.299940399999997],[-49.82316990000001,-21.29530880000001],[-49.8251015,-21.293086699999993],[-49.826217400000004,-21.293463799999984],[-49.8259071,-21.291773399999983],[-49.8291102,-21.289478500000005],[-49.8296418,-21.285695200000003],[-49.8317876,-21.284571],[-49.8290624,-21.281732899999994],[-49.8254927,-21.280277000000005],[-49.830589399999994,-21.280817000000006],[-49.8305851,-21.278983200000017],[-49.8322044,-21.278669300000015],[-49.8319166,-21.276807600000016],[-49.8331372,-21.277264499999987],[-49.8316287,-21.2749525],[-49.814346,-21.280608599999997],[-49.809567000000015,-21.284294200000005],[-49.8029796,-21.2923192],[-49.7834089,-21.297731400000007],[-49.771821100000004,-21.3061846],[-49.767712,-21.305914800000007],[-49.753804,-21.297015999999992],[-49.75030919999999,-21.296312399999998],[-49.7453639,-21.297133200000015],[-49.7430036,-21.301383799999996],[-49.7463611,-21.310895600000002],[-49.7458294,-21.31509049999999],[-49.72779270000001,-21.344924799999994],[-49.7261291,-21.34615699999998],[-49.72424959999999,-21.345618999999978],[-49.7192827,-21.338960100000005],[-49.71177260000001,-21.334973699999995],[-49.70650770000001,-21.334662099999978],[-49.700221000000006,-21.336883899999986],[-49.6978492,-21.338844000000005],[-49.696410400000005,-21.34283510000001],[-49.699811,-21.353921300000028],[-49.69994629999999,-21.35803549999999],[-49.69884299999999,-21.361036500000004],[-49.6958607,-21.363408199999988],[-49.690174000000006,-21.36458750000001],[-49.6855889,-21.363492099999988],[-49.67863780000001,-21.353010499999996],[-49.671486600000016,-21.3491992],[-49.6595232,-21.352094300000015],[-49.6391762,-21.352312000000012],[-49.628421800000005,-21.35443369999998],[-49.602068300000006,-21.374435599999988],[-49.5923113,-21.374274],[-49.587236000000004,-21.376439799999996],[-49.5806463,-21.383215900000003],[-49.569605700000004,-21.4030657],[-49.560841800000006,-21.413605099999995],[-49.5572379,-21.4165053],[-49.5523774,-21.41667399999999],[-49.5486076,-21.4187703],[-49.544556400000005,-21.431134699999994],[-49.5259124,-21.447344900000004],[-49.5041383,-21.483998599999996],[-49.4954782,-21.494168300000002],[-49.4844852,-21.5034626],[-49.462251900000005,-21.515818899999985],[-49.4492447,-21.521108100000003],[-49.4323664,-21.535327099999986],[-49.4179796,-21.54329960000001],[-49.41172140000001,-21.54443449999999],[-49.40545589999999,-21.543993],[-49.3815814,-21.535142500000003],[-49.377033900000015,-21.534898899999998],[-49.370392200000005,-21.535794599999985],[-49.3487182,-21.542635199999996],[-49.34156480000001,-21.545473199999996],[-49.335030800000006,-21.5500967],[-49.327168,-21.561982099999994],[-49.3223391,-21.583166799999987],[-49.3209208,-21.596430299999994],[-49.312129500000005,-21.61631209999999],[-49.29129429999999,-21.633114399999997],[-49.28770339999999,-21.638339000000016],[-49.28271830000001,-21.6501628],[-49.27823970000001,-21.655288099999993],[-49.2663048,-21.663921099999975],[-49.251914100000015,-21.66545179999999],[-49.2386356,-21.670803800000005],[-49.2294131,-21.67032439999999],[-49.21715910000001,-21.67327159999999],[-49.2132932,-21.671144399999992],[-49.2100702,-21.666854700000012],[-49.21047440000002,-21.659664200000005],[-49.20872060000001,-21.6562897],[-49.206264299999994,-21.654515600000007],[-49.1986811,-21.653078300000008],[-49.19361500000001,-21.649537099999996],[-49.1847799,-21.646635399999997],[-49.1762673,-21.645434299999987],[-49.1642027,-21.647369799999986],[-49.15608430000001,-21.65351780000001],[-49.1507848,-21.659776199999996],[-49.1501671,-21.67172130000002],[-49.15202850000001,-21.676289299999997],[-49.1518741,-21.680637299999997],[-49.15054010000001,-21.6845825],[-49.1438275,-21.6942366],[-49.1395856,-21.7062882],[-49.1315059,-21.7153304],[-49.124302300000004,-21.720214699999982],[-49.1157764,-21.7380304],[-49.10849470000001,-21.74812580000001],[-49.1052112,-21.750685200000014],[-49.0966716,-21.7542954],[-49.08402699999999,-21.755594800000004],[-49.0762001,-21.75771449999998],[-49.0667174,-21.763747599999988],[-49.051698900000005,-21.76872870000001],[-49.0440737,-21.774224700000012],[-49.019105700000004,-21.770807299999987],[-49.00635050000002,-21.765409099999992],[-48.9998949,-21.7648418],[-48.980140900000016,-21.758961500000012],[-48.97312279999999,-21.7586122],[-48.967486,-21.76061440000001],[-48.96300140000001,-21.76443639999999],[-48.9609848,-21.768353100000013],[-48.9602298,-21.771736100000016],[-48.9619218,-21.7849945],[-48.9704238,-21.797306099999997],[-48.982804600000016,-21.807782600000003],[-48.9884971,-21.815411000000005],[-48.9900639,-21.824946300000004],[-48.9878402,-21.83203430000001],[-48.981934700000004,-21.839424899999983],[-48.969077000000006,-21.848169099999982],[-48.91807210000001,-21.86053589999998],[-48.9079893,-21.866314099999993],[-48.903426800000005,-21.873416399999982],[-48.8973576,-21.8949009],[-48.892171,-21.906657000000006],[-48.8878061,-21.91265969999998],[-48.879157000000006,-21.920865199999987],[-48.8767998,-21.92056869999999],[-48.8715254,-21.914458000000007],[-48.867700000000006,-21.914765],[-48.865455499999996,-21.916672700000014],[-48.8618726,-21.914622400000003],[-48.85869,-21.914447599999995],[-48.85481170000001,-21.911758600000002],[-48.8479384,-21.909874799999987],[-48.8450794,-21.90561999999998],[-48.8408291,-21.903134300000026],[-48.839979,-21.89833000000001],[-48.83615579999999,-21.899415299999987],[-48.83294670000001,-21.898805200000005],[-48.8325588,-21.894857199999976],[-48.834210299999995,-21.89580490000002],[-48.835508000000004,-21.894886500000005],[-48.83473490000001,-21.89329009999999],[-48.8317629,-21.8925785],[-48.83061420000001,-21.890420199999994],[-48.8273341,-21.892982899999993],[-48.82539979999999,-21.890274099999985],[-48.82181210000001,-21.8895926],[-48.8208297,-21.892418],[-48.819493400000006,-21.89065800000001],[-48.8172212,-21.890544400000003],[-48.8146348,-21.892475699999984],[-48.8108602,-21.891952900000003],[-48.80985370000001,-21.893622199999996],[-48.807939,-21.893287399999977],[-48.8094779,-21.8910099],[-48.8089529,-21.89064229999999],[-48.806612400000006,-21.893105199999994],[-48.805868399999994,-21.8917807],[-48.8036099,-21.893289000000006],[-48.8018248,-21.892534999999995],[-48.8004077,-21.894176],[-48.7991009,-21.89235470000001],[-48.79896530000001,-21.89515340000001],[-48.7955569,-21.8943302],[-48.7942292,-21.89170510000001],[-48.7927223,-21.89291010000001],[-48.78893100000001,-21.892926499999987],[-48.788229,-21.89595580000001],[-48.7873168,-21.89460519999999],[-48.7857551,-21.89640799999998],[-48.78538240000001,-21.894015599999996],[-48.7828562,-21.895132499999992],[-48.78041890000001,-21.893888600000007],[-48.7790878,-21.895767],[-48.779058600000006,-21.89449649999998],[-48.7741278,-21.89408579999998],[-48.7738232,-21.892062000000013],[-48.77223370000001,-21.891865799999998],[-48.7729339,-21.8929207],[-48.7711424,-21.8931144],[-48.7672363,-21.891900299999996],[-48.7680744,-21.889663300000016],[-48.76620729999999,-21.889750899999992],[-48.76278899999999,-21.88756809999999],[-48.7630028,-21.886279299999998],[-48.7617114,-21.886644400000016],[-48.76218180000001,-21.885141299999997],[-48.7609187,-21.884046],[-48.7547117,-21.88380500000001],[-48.7529378,-21.8869782],[-48.7514068,-21.886694099999996],[-48.7504928,-21.88462839999998],[-48.7475658,-21.8874312],[-48.7458547,-21.8870393],[-48.7465961,-21.888517599999993],[-48.7453761,-21.889577199999987],[-48.742256100000006,-21.88671500000001],[-48.7400493,-21.889468299999994],[-48.7395316,-21.887789000000016],[-48.735930700000004,-21.888804099999998],[-48.73742909999999,-21.8903631],[-48.7328607,-21.889130399999996],[-48.7308999,-21.889471799999978],[-48.7307203,-21.890920000000015],[-48.726689,-21.890998899999985],[-48.7267132,-21.892768300000007],[-48.7245256,-21.89304549999999],[-48.72647580000001,-21.894961799999994],[-48.725447800000005,-21.8955163],[-48.72585260000001,-21.89670800000002],[-48.72407840000001,-21.896344200000005],[-48.7244348,-21.8979752],[-48.722737099999996,-21.89752469999998],[-48.7227573,-21.8998004],[-48.7200267,-21.900844700000007],[-48.7202091,-21.903959099999987],[-48.7209539,-21.903238200000004],[-48.721798500000006,-21.9045192],[-48.7206867,-21.904667599999996],[-48.7206502,-21.906121],[-48.721938,-21.90622580000001],[-48.7209289,-21.906612900000002],[-48.7210009,-21.908839999999994],[-48.71926010000001,-21.9070444],[-48.7197885,-21.90864120000002],[-48.71814040000001,-21.909797199999986],[-48.71804529999999,-21.9077209],[-48.7165464,-21.909736899999995],[-48.7154064,-21.90968840000001],[-48.71644400000001,-21.90812770000001],[-48.71161300000001,-21.910314599999996],[-48.71086300000001,-21.90869250000002],[-48.708588500000005,-21.909366100000014],[-48.70885380000001,-21.910693399999992],[-48.7067876,-21.909544900000004],[-48.705826,-21.91098879999999],[-48.70736680000001,-21.911845900000007],[-48.7052873,-21.9133143],[-48.702883099999994,-21.91045300000001],[-48.701339499999996,-21.91245029999999],[-48.69929760000001,-21.910235800000017],[-48.69883800000001,-21.9120877],[-48.69686440000002,-21.910970499999994],[-48.6977488,-21.912105899999997],[-48.696848,-21.912882099999997],[-48.694521800000004,-21.913189],[-48.6938575,-21.9117439],[-48.6884491,-21.912617200000003],[-48.68529180000001,-21.91693120000001],[-48.6839753,-21.917081199999977],[-48.683153299999994,-21.91980900000001],[-48.6849902,-21.919186400000005],[-48.6856153,-21.921735499999997],[-48.6836023,-21.922609499999982],[-48.6835132,-21.925021899999987],[-48.68011430000001,-21.925642000000007],[-48.680808899999995,-21.926988800000007],[-48.67904010000001,-21.927378299999983],[-48.67939690000001,-21.928793800000015],[-48.67767640000001,-21.930179999999982],[-48.6781376,-21.933107699999987],[-48.67581160000001,-21.932947799999997],[-48.674419900000004,-21.937460400000003],[-48.6722507,-21.938231800000004],[-48.6716911,-21.937394999999967],[-48.6703734,-21.9409262],[-48.6684803,-21.941407100000003],[-48.6721198,-21.943631199999988],[-48.67162669999999,-21.946632399999995],[-48.6694179,-21.9484978],[-48.669801,-21.9498335],[-48.66492,-21.949911299999993],[-48.6623285,-21.95326689999999],[-48.661555,-21.951928900000002],[-48.65982880000001,-21.95363569999999],[-48.6566311,-21.954178300000002],[-48.6579212,-21.955035600000002],[-48.656015200000006,-21.957214400000005],[-48.65717720000001,-21.95933],[-48.653092300000004,-21.960220799999995],[-48.6521776,-21.9628591],[-48.65043200000001,-21.962502299999993],[-48.6511803,-21.9640572],[-48.6485527,-21.963043599999995],[-48.6472422,-21.966032899999977],[-48.6458376,-21.966467300000016],[-48.6467082,-21.969300700000012],[-48.64486660000001,-21.968853200000005],[-48.64494830000001,-21.9704185],[-48.644284,-21.969419700000007],[-48.642876900000005,-21.9713046],[-48.6424244,-21.970061399999988],[-48.6384563,-21.969930799999997],[-48.6376599,-21.96825489999999],[-48.636314,-21.969472200000006],[-48.63587280000001,-21.96841639999999],[-48.6338908,-21.96929789999999],[-48.633635299999995,-21.967648800000003],[-48.6315592,-21.970112199999967],[-48.62894870000001,-21.96979369999999],[-48.626488200000004,-21.971228800000002],[-48.6246543,-21.974631399999982],[-48.619632200000005,-21.977212299999987],[-48.6201815,-21.978699399999996],[-48.61840070000001,-21.97952079999999],[-48.61797920000001,-21.9783448],[-48.61715409999999,-21.979255899999984],[-48.61498450000001,-21.97731789999998],[-48.612757,-21.978192099999976],[-48.6126935,-21.980815900000003],[-48.6114801,-21.981748500000002],[-48.6129079,-21.98219219999997],[-48.6134926,-21.984048700000006],[-48.61160829999999,-21.985909900000003],[-48.6104378,-21.984760699999995],[-48.608385500000004,-21.987067399999987],[-48.6067792,-21.986192],[-48.606931,-21.9877363],[-48.6058609,-21.987030600000008],[-48.598346,-21.988738499999997],[-48.5981889,-21.9870824],[-48.59606840000001,-21.988421699999993],[-48.5930051,-21.993023699999977],[-48.594375,-21.994101199999996],[-48.59262340000001,-21.995367],[-48.5932942,-21.9968896],[-48.59012500000001,-21.99667749999999],[-48.5893395,-21.999162300000005],[-48.5865204,-21.9995521],[-48.58740910000001,-22.000414],[-48.5834063,-22.000129300000005],[-48.577412800000005,-22.002216499999978],[-48.5690026,-22.0025936],[-48.5673446,-22.004750599999998],[-48.564001,-22.005088500000017],[-48.563934,-22.0070936],[-48.5574045,-22.01316619999999],[-48.5577897,-22.0140908],[-48.55383059999999,-22.0163731],[-48.5545575,-22.0192534],[-48.5534111,-22.01952779999999],[-48.5539176,-22.02103070000001],[-48.55271770000001,-22.020524700000003],[-48.55127819999999,-22.021947800000003],[-48.55217060000001,-22.0240504],[-48.55028759999999,-22.023821500000004],[-48.549906,-22.022753000000012],[-48.5471224,-22.0245987],[-48.5461919,-22.028411500000004],[-48.54695710000001,-22.030947400000002],[-48.54558260000001,-22.031227599999998],[-48.5458744,-22.0331186],[-48.54429320000001,-22.034539700000007],[-48.5427047,-22.0335805],[-48.5415904,-22.035510299999984],[-48.5365882,-22.035077699999995],[-48.5302752,-22.028841399999994],[-48.5216385,-22.02705520000001],[-48.5179863,-22.0247012],[-48.50704609999999,-22.0216133],[-48.5033114,-22.01942099999999],[-48.4965375,-22.01152570000001],[-48.4909572,-22.011327300000005],[-48.48456889999999,-22.01422120000002],[-48.4814822,-22.014171700000002],[-48.4873685,-22.0271133],[-48.48091130000001,-22.03220530000001],[-48.4768576,-22.041826800000013],[-48.4747832,-22.043420399999995],[-48.46670910000001,-22.045595999999986],[-48.4639229,-22.0490043],[-48.4575845,-22.048325300000005],[-48.4526123,-22.051454399999997],[-48.45012710000001,-22.058604000000006],[-48.4446904,-22.063575600000004],[-48.4462134,-22.0699355],[-48.4440713,-22.072690000000005],[-48.44486870000001,-22.07391669999998],[-48.43954740000001,-22.075433099999994],[-48.4383204,-22.074851599999995],[-48.4393577,-22.0778199],[-48.4374653,-22.0788754],[-48.4350747,-22.077061800000003],[-48.43385020000001,-22.07767729999999],[-48.4356827,-22.080368400000026],[-48.4359286,-22.084053299999997],[-48.4335011,-22.083698299999984],[-48.433119899999994,-22.087941599999997],[-48.4284693,-22.089890699999987],[-48.42441790000001,-22.089943899999998],[-48.424332,-22.092468200000006],[-48.422473,-22.094145599999987],[-48.4196837,-22.09019779999999],[-48.4150818,-22.08933109999998],[-48.4137089,-22.093653],[-48.4086971,-22.094104200000004],[-48.4086127,-22.09550349999999],[-48.4077472,-22.0949772],[-48.40780360000001,-22.09637049999998],[-48.4065212,-22.096211599999993],[-48.4052169,-22.097928400000008],[-48.406785000000006,-22.0992769],[-48.402023799999995,-22.1025534],[-48.4018443,-22.104909699999993],[-48.403423399999994,-22.106641200000002],[-48.4028341,-22.1084957],[-48.395780300000006,-22.112028400000007],[-48.39864690000001,-22.113208099999987],[-48.3982238,-22.114292599999995],[-48.394565699999994,-22.1145581],[-48.39769199999999,-22.1165756],[-48.3951179,-22.121248500000014],[-48.3962719,-22.120862299999988],[-48.39721,-22.1262636],[-48.3951148,-22.12976220000001],[-48.3967444,-22.129345500000003],[-48.397609500000016,-22.131891399999997],[-48.3957568,-22.136438599999998],[-48.3940621,-22.137126700000003],[-48.3927891,-22.135962699999993],[-48.39219260000001,-22.138817699999997],[-48.3937451,-22.14327800000001],[-48.3927451,-22.145399200000004],[-48.3953911,-22.1475066],[-48.39008980000001,-22.147943399999992],[-48.392560200000005,-22.151810600000008],[-48.38776560000001,-22.151744400000013],[-48.385987799999995,-22.1530514],[-48.385549100000006,-22.156469700000002],[-48.38755570000001,-22.156777899999998],[-48.3874387,-22.159619600000013],[-48.383556500000005,-22.15970870000001],[-48.3810025,-22.162547699999983],[-48.37592239999999,-22.1622608],[-48.3732229,-22.1645079],[-48.373045700000006,-22.166128899999983],[-48.3746583,-22.16697720000001],[-48.37168210000001,-22.168180699999983],[-48.3683268,-22.167144599999986],[-48.3681536,-22.1647043],[-48.3668279,-22.16553879999998],[-48.3621438,-22.164786199999995],[-48.36076480000001,-22.166928299999988],[-48.35547969999999,-22.166814400000007],[-48.3530112,-22.1709157],[-48.3508354,-22.171461600000015],[-48.349956,-22.170381000000006],[-48.35003970000001,-22.171655500000007],[-48.3482134,-22.17217200000001],[-48.3457144,-22.1713639],[-48.3432383,-22.173564999999993],[-48.34500950000001,-22.1781474],[-48.3427082,-22.1789858],[-48.3432303,-22.180676800000004],[-48.3384674,-22.181052000000008],[-48.3374105,-22.183834800000014],[-48.3329294,-22.1846569],[-48.33109410000001,-22.189101800000003],[-48.3291515,-22.187870000000014],[-48.3233927,-22.189137],[-48.321874400000006,-22.191221500000015],[-48.3232949,-22.19254959999999],[-48.322080299999996,-22.1941542],[-48.3155456,-22.1944887],[-48.3153065,-22.198485799999983],[-48.3128715,-22.200676],[-48.3205592,-22.214027800000014],[-48.3257149,-22.215226499999993],[-48.32655790000001,-22.217859200000003],[-48.3265488,-22.219936700000012],[-48.3245127,-22.221711699999997],[-48.3223164,-22.2269718],[-48.3209093,-22.234001399999983],[-48.3269161,-22.247553099999994],[-48.32482279999999,-22.250393300000017],[-48.326777,-22.254813099999996],[-48.3266601,-22.26121369999999],[-48.32997840000001,-22.267704],[-48.3261304,-22.267516100000005],[-48.3246495,-22.265219399999996],[-48.322555,-22.264719899999992],[-48.3208983,-22.270244299999995],[-48.3186452,-22.267117799999994],[-48.3171393,-22.266782800000016],[-48.313718699999995,-22.270183],[-48.314514300000006,-22.2764002],[-48.3129416,-22.27577119999999],[-48.312736400000006,-22.2732183],[-48.3110164,-22.271360300000016],[-48.31206550000001,-22.26751749999999],[-48.31133930000001,-22.26596059999999],[-48.3085757,-22.2653476],[-48.3019952,-22.267465599999998],[-48.3000153,-22.266707099999994],[-48.297611300000014,-22.268664799999993],[-48.2932304,-22.267114099999972],[-48.29149009999999,-22.269436900000006],[-48.2940025,-22.272120099999995],[-48.29374120000001,-22.274866299999992],[-48.299062500000005,-22.277008800000004],[-48.2967889,-22.282581300000004],[-48.29915650000001,-22.286396799999995],[-48.2958928,-22.286012700000004],[-48.2913172,-22.281578099999987],[-48.2876993,-22.280835800000016],[-48.2859821,-22.282442199999995],[-48.286203300000004,-22.283662000000014],[-48.2838887,-22.286129300000002],[-48.28456630000001,-22.288919200000002],[-48.2823812,-22.289256500000004],[-48.280546300000005,-22.291837599999976],[-48.28097160000001,-22.293884399999985],[-48.2795606,-22.294361299999995],[-48.2809934,-22.297203799999977],[-48.2768624,-22.3001929],[-48.2755689,-22.30261390000001],[-48.2761622,-22.304825000000008],[-48.2747096,-22.303227099999994],[-48.2718387,-22.30391800000001],[-48.2715146,-22.30614179999999],[-48.26849330000001,-22.30848669999998],[-48.2688513,-22.3107489],[-48.2654213,-22.3146746],[-48.2649327,-22.320954400000016],[-48.2600378,-22.324635],[-48.258370600000006,-22.3290699],[-48.25896050000001,-22.330648300000004],[-48.256423500000004,-22.333619999999986],[-48.256387999999994,-22.335737799999997],[-48.2535454,-22.336902499999983],[-48.250757699999994,-22.34029440000002],[-48.25091830000001,-22.343854399999987],[-48.2451245,-22.3483105],[-48.24181289999999,-22.35638510000001],[-48.23924850000001,-22.36701629999998],[-48.24277059999999,-22.372763999999982],[-48.2425155,-22.3772972],[-48.2403869,-22.3845587],[-48.23727469999999,-22.388218500000015],[-48.23726170000001,-22.3921781],[-48.2401262,-22.393315399999995],[-48.2475091,-22.391269099999985],[-48.24999929999999,-22.38786510000002],[-48.2539047,-22.3900145],[-48.261779399999995,-22.397941499999998],[-48.26822129999999,-22.408419100000007],[-48.267116800000004,-22.413268900000002],[-48.26950580000001,-22.416953600000003],[-48.2778305,-22.4234186],[-48.2786531,-22.4270758],[-48.2770974,-22.432261600000004],[-48.274506,-22.43424239999999],[-48.2711864,-22.4395737],[-48.268886099999996,-22.447904000000005],[-48.265257,-22.44973999999999],[-48.260980499999995,-22.454911899999995],[-48.2569177,-22.457681600000004],[-48.2545496,-22.462964100000004],[-48.2512591,-22.465036599999998],[-48.247957,-22.465320700000007],[-48.243835,-22.468260599999997],[-48.2431468,-22.472404899999997],[-48.244809,-22.4765941],[-48.2430343,-22.479432000000003],[-48.2454584,-22.480725799999977],[-48.2471693,-22.483510299999995],[-48.2554969,-22.488829800000016],[-48.257421400000005,-22.49197999999999],[-48.2618894,-22.493123900000008],[-48.2646499,-22.4922184],[-48.27063549999999,-22.492787699999997],[-48.2737373,-22.4952038],[-48.27666820000001,-22.495611699999984],[-48.2798882,-22.504572900000014],[-48.2821519,-22.507059199999986],[-48.2825785,-22.512727099999996],[-48.2842532,-22.5147849],[-48.2834612,-22.51978709999999],[-48.2894684,-22.525408499999983],[-48.2824509,-22.52536369999999],[-48.2783483,-22.5274726],[-48.271953700000005,-22.528475299999997],[-48.2648715,-22.5257873],[-48.260753,-22.5211599],[-48.2509732,-22.518489099999986],[-48.245402600000006,-22.514390199999987],[-48.24036709999999,-22.515886300000002],[-48.234850800000004,-22.5203794],[-48.2393837,-22.520285499999993],[-48.2427236,-22.52197910000001],[-48.2478869,-22.52736390000001],[-48.252735,-22.535991100000004],[-48.2606506,-22.54148609999999],[-48.25492349999999,-22.545980500000013],[-48.253009999999996,-22.55066160000001],[-48.2562287,-22.555900599999994],[-48.248555,-22.569791399999996],[-48.2476859,-22.577413300000018],[-48.2594507,-22.604047],[-48.26147989999999,-22.60543219999999],[-48.266382300000004,-22.59864550000001],[-48.2713385,-22.596011600000008],[-48.27503350000001,-22.595315899999992],[-48.281475199999996,-22.596471299999997],[-48.2979486,-22.6041414],[-48.311261599999995,-22.60805390000001],[-48.3284914,-22.62385709999999],[-48.3331268,-22.625420500000004],[-48.3383504,-22.624256199999987],[-48.3421232,-22.622411700000015],[-48.35186410000001,-22.6135509],[-48.3608487,-22.611915499999995],[-48.364452199999995,-22.610123899999994],[-48.37487920000002,-22.590647000000004],[-48.3844925,-22.580016099999995],[-48.40580709999999,-22.5612002],[-48.4148055,-22.554950000000016],[-48.4428453,-22.540432],[-48.4467346,-22.539412900000013],[-48.4607511,-22.5402525],[-48.4873362,-22.546811100000006],[-48.4903307,-22.546076299999978],[-48.494604200000005,-22.55021209999997],[-48.5000668,-22.5525622],[-48.5041791,-22.552613199999985],[-48.5078451,-22.549300500000005],[-48.513027300000005,-22.54849649999999],[-48.51554370000001,-22.55015],[-48.52171920000001,-22.560151999999988],[-48.52413560000001,-22.56598489999998],[-48.5235998,-22.570348399999975],[-48.5263198,-22.5740223],[-48.5326091,-22.5767587],[-48.53540889999999,-22.57930999999999],[-48.5410581,-22.5794915],[-48.55629090000001,-22.583330699999987],[-48.5610674,-22.58721860000001],[-48.568224,-22.580652000000004],[-48.5757313,-22.577923400000003],[-48.58197,-22.579399700000003],[-48.5860425,-22.58390950000001],[-48.59208430000002,-22.585429299999994],[-48.5942456,-22.584805100000008],[-48.60166319999999,-22.5775388],[-48.6102475,-22.577832300000008],[-48.61599799999999,-22.57496549999999],[-48.6170083,-22.57040899999999],[-48.6197231,-22.569079999999985],[-48.6207929,-22.566441999999988],[-48.6197078,-22.562298200000015],[-48.620695,-22.560979],[-48.6206617,-22.555257899999994],[-48.62339640000001,-22.55275369999998],[-48.624280600000006,-22.548724999999983],[-48.6320982,-22.54748340000001],[-48.6331538,-22.54360940000001],[-48.6376598,-22.539702100000007],[-48.6425406,-22.538647400000013],[-48.6469938,-22.53535159999998],[-48.647249,-22.536127299999997],[-48.65049340000001,-22.53432149999999],[-48.652393900000014,-22.5345505],[-48.6536244,-22.532527499999993],[-48.6535851,-22.5354254],[-48.6572479,-22.536508999999995],[-48.65527339999999,-22.539988399999995],[-48.6598281,-22.539526800000004],[-48.6598542,-22.5454562],[-48.6625895,-22.54355269999998],[-48.665103300000006,-22.543658299999997],[-48.6641352,-22.54469550000002],[-48.664767,-22.54567629999999],[-48.6662979,-22.5449206],[-48.6706631,-22.54636329999998],[-48.670538,-22.547796599999998],[-48.6664761,-22.5490313],[-48.667605500000015,-22.551921500000006],[-48.6724592,-22.55051769999999],[-48.673940200000004,-22.551359099999985],[-48.6706828,-22.553907],[-48.67251569999999,-22.556639800000017],[-48.6711124,-22.55920860000001],[-48.67261800000001,-22.56268150000001],[-48.6711319,-22.563167500000006],[-48.667927,-22.56095499999999],[-48.665447,-22.562333600000013],[-48.6651898,-22.5643999],[-48.670291000000006,-22.5650986],[-48.666785700000005,-22.569303799999986],[-48.6719064,-22.569618399999996],[-48.6737919,-22.571546899999998],[-48.67743900000001,-22.57256690000001],[-48.6790262,-22.575316999999995],[-48.6780732,-22.578724299999987],[-48.6816284,-22.581580999999986],[-48.6827772,-22.5854091],[-48.6813982,-22.5881796],[-48.68205340000001,-22.592149999999986],[-48.6756869,-22.604094300000014],[-48.673759999999994,-22.611683799999998],[-48.664580799999996,-22.6228898],[-48.66063760000001,-22.630658799999996],[-48.6618937,-22.632207499999996],[-48.672532,-22.630294899999996],[-48.678641,-22.631554899999998],[-48.681516,-22.633986099999973],[-48.688915599999994,-22.647124400000013],[-48.68892520000001,-22.659821500000007],[-48.684893300000006,-22.666181899999994],[-48.689093,-22.674897799999997],[-48.6889669,-22.681339600000005],[-48.691723,-22.687986599999984],[-48.6915687,-22.690216899999992],[-48.68861710000001,-22.694826000000003],[-48.691701099999996,-22.702742500000003],[-48.690814200000005,-22.709636399999994],[-48.69486770000001,-22.72077819999999],[-48.6941989,-22.723236400000008],[-48.6916914,-22.724503],[-48.6936986,-22.73161329999999],[-48.69141280000001,-22.737944],[-48.698321500000006,-22.735097200000002],[-48.7075729,-22.733780499999998],[-48.70654350000001,-22.738392099999995],[-48.7162391,-22.741505599999993],[-48.72044350000001,-22.745353399999992],[-48.722110199999996,-22.750920899999986],[-48.729429,-22.7646631],[-48.73692520000001,-22.765430899999988],[-48.7440238,-22.770949800000007],[-48.7467006,-22.77041189999999],[-48.748817800000005,-22.768457399999992],[-48.750654100000006,-22.77039929999999],[-48.7508778,-22.772569299999986],[-48.7545949,-22.772675799999977],[-48.7569876,-22.769556099999992],[-48.7627482,-22.76654560000002],[-48.7643593,-22.763703600000007],[-48.7679285,-22.761759299999987],[-48.76980519999999,-22.7583083],[-48.778198700000004,-22.762010700000005],[-48.77738160000001,-22.765988],[-48.7810674,-22.778538800000003],[-48.779146600000004,-22.78446899999998],[-48.7798495,-22.797484399999984],[-48.7757745,-22.801038399999985],[-48.77379390000001,-22.80644790000001],[-48.77424800000001,-22.81147149999999],[-48.77640220000001,-22.814064699999985],[-48.7761596,-22.8166868],[-48.78054620000001,-22.821494900000005],[-48.7801417,-22.826723699999995],[-48.7891673,-22.83680259999999],[-48.79322320000001,-22.832851600000012],[-48.79669320000001,-22.83628529999998],[-48.79709950000001,-22.839794700000002],[-48.802568,-22.845333700000012],[-48.8064561,-22.844891100000012],[-48.8101262,-22.846643699999994],[-48.819969799999996,-22.84846430000001],[-48.8359608,-22.848194300000017],[-48.837627700000006,-22.850131000000005],[-48.841845600000006,-22.850326699999993],[-48.8451351,-22.84962790000001],[-48.8459764,-22.847512099999996],[-48.84804400000001,-22.84666480000001],[-48.8625028,-22.852094800000003],[-48.87017,-22.852447600000012],[-48.8759738,-22.8510203],[-48.87965380000001,-22.852016299999978],[-48.880772799999995,-22.850929300000004],[-48.8875658,-22.8502861],[-48.8886284,-22.849012599999973],[-48.893678699999995,-22.848716700000004],[-48.8953333,-22.846889399999995],[-48.9015088,-22.84564589999999],[-48.9097176,-22.83353659999998],[-48.91496560000001,-22.832315199999993],[-48.9219882,-22.82860959999999],[-48.9266142,-22.8289276],[-48.931147300000006,-22.82720739999999],[-48.9354654,-22.827944099999986],[-48.94174280000001,-22.82588800000001],[-48.94429360000001,-22.827286199999993],[-48.949648700000004,-22.824968199999997],[-48.9666159,-22.827497400000006],[-48.9691363,-22.8250164],[-48.97229,-22.830217400000006],[-48.980451900000006,-22.835668500000004],[-48.9811946,-22.839355399999995],[-48.98342829999999,-22.840510699999978],[-48.9889724,-22.834901299999977],[-48.99321960000001,-22.82806749999999],[-48.9934105,-22.826022900000005],[-48.995514500000006,-22.82403989999999],[-48.9963648,-22.819189],[-49.0032384,-22.827039300000006],[-49.0104277,-22.832647700000003],[-49.01376919999999,-22.840624200000008],[-49.028411500000004,-22.835495100000006],[-49.0308656,-22.833844000000013],[-49.033369400000005,-22.828978399999986],[-49.0327818,-22.823157400000003],[-49.0295259,-22.8184288],[-49.0299023,-22.8038721],[-49.0289485,-22.797618200000002],[-49.0232188,-22.789976700000004],[-49.0254048,-22.7836971],[-49.0265899,-22.7719161],[-49.0304927,-22.763226499999995],[-49.037149500000005,-22.763396],[-49.0382668,-22.761114199999994],[-49.0418097,-22.7611249],[-49.05163050000001,-22.755606899999993],[-49.0569663,-22.73690580000001],[-49.0618461,-22.732880799999997],[-49.066615,-22.7309012],[-49.0718,-22.72503439999998],[-49.0854379,-22.713736099999988],[-49.0921799,-22.705620199999988],[-49.0946257,-22.699359600000008],[-49.09455319999999,-22.685782300000003],[-49.09680649999999,-22.680449700000004],[-49.0953328,-22.666890799999997],[-49.1008815,-22.6675645],[-49.1045991,-22.66938199999998],[-49.108866600000006,-22.67589159999999],[-49.1114339,-22.673866600000004],[-49.1153888,-22.6740815],[-49.11968439999999,-22.672377399999995],[-49.1267906,-22.67345059999998],[-49.1332857,-22.672783800000005],[-49.135227400000005,-22.675636699999988],[-49.14456,-22.681799100000003],[-49.15317009999999,-22.685249600000002],[-49.1561162,-22.6965051],[-49.1622545,-22.705585999999997],[-49.16508710000001,-22.7182612],[-49.1683719,-22.7220308],[-49.172030500000005,-22.72362360000001],[-49.17425430000001,-22.730068],[-49.18195500000001,-22.729391700000008],[-49.183805,-22.72299780000001],[-49.190265900000014,-22.725893099999983],[-49.195867500000006,-22.722095900000006],[-49.197600300000005,-22.722091899999995],[-49.2039749,-22.7364089],[-49.2110483,-22.743634],[-49.2249439,-22.750866999999978],[-49.2279772,-22.760409600000003],[-49.231386,-22.75954090000001],[-49.24007029999999,-22.752150500000003],[-49.24499230000001,-22.752047200000003],[-49.2489356,-22.749430200000013],[-49.2549045,-22.752399699999994],[-49.26133550000001,-22.7534748],[-49.266267500000005,-22.760048099999995],[-49.2730842,-22.7632566],[-49.2774725,-22.771833400000002],[-49.2877265,-22.771129400000007],[-49.2919208,-22.76539899999999],[-49.2935783,-22.764708999999993],[-49.3005759,-22.765705599999986],[-49.30781730000001,-22.762660400000005],[-49.3185375,-22.764621099999985],[-49.32452519999999,-22.764159199999998],[-49.33101870000001,-22.7671469],[-49.33526869999999,-22.775658300000007],[-49.3396739,-22.7791344],[-49.347203500000006,-22.78265449999999],[-49.35490020000001,-22.782840400000012],[-49.3588817,-22.784667700000014],[-49.366665600000005,-22.783317599999982],[-49.3791295,-22.77539849999998],[-49.3856966,-22.7629144],[-49.3853592,-22.759684599999986],[-49.383571800000006,-22.757769899999996],[-49.3822418,-22.7464644],[-49.3795448,-22.742156500000004],[-49.379801,-22.73333559999998],[-49.37548960000001,-22.727773200000005],[-49.3775293,-22.724440000000005],[-49.377072,-22.7223735],[-49.3812065,-22.719669199999984],[-49.3837352,-22.7163499],[-49.3823385,-22.713983399999993],[-49.3841081,-22.709050300000015],[-49.3839921,-22.708098300000003],[-49.3713344,-22.707329900000005],[-49.368976,-22.702123699999973],[-49.35630680000001,-22.687413800000016],[-49.3560235,-22.685740700000014],[-49.3589935,-22.6825815],[-49.353569,-22.680232600000004],[-49.345886,-22.679409100000015],[-49.335665600000006,-22.676354800000006],[-49.3396897,-22.665905800000004],[-49.3435446,-22.665364399999994],[-49.3480192,-22.662707099999995],[-49.34965079999999,-22.660245599999985],[-49.352989,-22.659627799999992],[-49.358094900000005,-22.655715000000004],[-49.35993700000001,-22.656209999999998],[-49.36163880000001,-22.6549165],[-49.3610918,-22.652458699999986],[-49.3578577,-22.653801700000002],[-49.3565981,-22.651590999999993],[-49.35843609999999,-22.650064199999996],[-49.356962900000006,-22.649873000000003],[-49.3572044,-22.6484733],[-49.35388760000001,-22.648504499999977],[-49.355752800000005,-22.645156300000007],[-49.35710370000001,-22.645126599999998],[-49.35584730000001,-22.644428900000005],[-49.35350480000001,-22.6452462],[-49.351006999999996,-22.642557500000017]]]}},{"type":"Feature","properties":{"id":"administrativas-11","nome":"São Paulo"},"geometry":{"type":"Polygon","coordinates":[[[-47.0022079,-24.056266],[-47.0066926,-24.064063700000002],[-47.01438720000001,-24.05945340000001],[-47.0165433,-24.056861500000014],[-47.019713100000004,-24.058348400000003],[-47.0212327,-24.055510099999985],[-47.02619850000001,-24.0528738],[-47.0273849,-24.050911600000006],[-47.026002700000014,-24.046671500000013],[-47.02669850000001,-24.043044800000015],[-47.029919400000004,-24.04218800000001],[-47.0343344,-24.030847000000012],[-47.0393134,-24.02834089999999],[-47.0406705,-24.024286699999998],[-47.04601459999999,-24.02577949999999],[-47.046339100000004,-24.01817469999999],[-47.0553144,-24.00990969999999],[-47.056913400000006,-24.009747299999994],[-47.061708900000006,-24.0167356],[-47.06480780000001,-24.018344099999997],[-47.06382590000001,-24.0202549],[-47.0657373,-24.023829600000006],[-47.0683855,-24.02536739999998],[-47.0743219,-24.02387079999999],[-47.0883633,-24.017376600000002],[-47.0918884,-24.0175419],[-47.0925857,-24.009812200000002],[-47.0944837,-24.0099071],[-47.09577350000001,-24.006517399999996],[-47.0994087,-24.0055221],[-47.0997601,-24.000158599999995],[-47.0984335,-23.99827000000001],[-47.1039822,-23.99699889999999],[-47.107110000000006,-23.993802699999993],[-47.114348500000006,-23.9967875],[-47.1164739,-23.996361299999982],[-47.118375500000006,-23.9978964],[-47.1233842,-23.9968189],[-47.124663899999994,-23.9979703],[-47.1225485,-24.00067659999997],[-47.1226699,-24.00822319999999],[-47.1305998,-24.0092059],[-47.139364300000004,-24.014195000000008],[-47.14244400000001,-24.011358899999987],[-47.1503955,-24.0106649],[-47.15297770000001,-24.006351600000002],[-47.15745450000001,-24.006415599999997],[-47.16195490000001,-24.003141600000006],[-47.1635863,-24.003790800000008],[-47.1692117,-24.002120899999976],[-47.1716981,-24.003606799999986],[-47.1781047,-24.003440300000005],[-47.183146,-24.000753800000005],[-47.187459000000004,-24.002570000000002],[-47.1902239,-23.99912839999999],[-47.193456700000006,-23.998036500000005],[-47.1934034,-23.99904419999999],[-47.196822,-24.001252900000015],[-47.19995320000002,-24.00059500000001],[-47.20053630000001,-23.998366099999995],[-47.1970858,-23.996333100000005],[-47.19497009999999,-23.992258899999996],[-47.192813,-23.991317200000005],[-47.19001620000001,-23.991907099999985],[-47.1887269,-23.9904448],[-47.1923189,-23.983871999999987],[-47.1946122,-23.982063699999998],[-47.1934076,-23.980281699999995],[-47.1947095,-23.976958600000003],[-47.1939578,-23.974705],[-47.1967638,-23.976040099999977],[-47.19779070000001,-23.972853099999988],[-47.1998063,-23.972295],[-47.20108999999999,-23.97337870000001],[-47.199693,-23.9697047],[-47.200828,-23.968905599999985],[-47.2046673,-23.9714084],[-47.2061421,-23.969442500000007],[-47.20585590000001,-23.966211099999985],[-47.2085219,-23.964860999999978],[-47.2032319,-23.959368499999997],[-47.195553000000004,-23.958188199999995],[-47.19373,-23.9534207],[-47.1970188,-23.953350899999982],[-47.1987087,-23.9486071],[-47.199892600000005,-23.9498454],[-47.2008669,-23.949086699999985],[-47.2015885,-23.9438985],[-47.20010680000001,-23.938735499999996],[-47.1942751,-23.941958900000003],[-47.1889898,-23.939590799999987],[-47.1893376,-23.9347286],[-47.19167110000001,-23.933557199999978],[-47.1919364,-23.928335499999985],[-47.19007830000001,-23.92845579999998],[-47.18802290000001,-23.931089699999987],[-47.1827385,-23.930317400000018],[-47.1794427,-23.937347099999982],[-47.1780355,-23.93632079999999],[-47.1789746,-23.9334535],[-47.1757494,-23.9318069],[-47.1708202,-23.934642299999982],[-47.1626824,-23.93411879999998],[-47.1608068,-23.935831000000004],[-47.15917170000001,-23.934579700000015],[-47.1578814,-23.926091500000002],[-47.1557662,-23.923676],[-47.1561578,-23.921258199999983],[-47.1534393,-23.920729899999994],[-47.150639299999995,-23.918399900000004],[-47.14665800000001,-23.912996599999985],[-47.1427077,-23.91179969999999],[-47.142719700000015,-23.9087174],[-47.13849530000001,-23.904942199999997],[-47.13817240000001,-23.903133499999996],[-47.144263499999994,-23.901442199999998],[-47.1426901,-23.90020519999998],[-47.1391024,-23.899871800000003],[-47.13492540000001,-23.894357299999992],[-47.13530329999999,-23.891197799999993],[-47.1376684,-23.890981000000004],[-47.1368593,-23.889626999999994],[-47.13980080000001,-23.890646999999994],[-47.1368574,-23.88843909999999],[-47.136858800000006,-23.885704099999984],[-47.1347453,-23.885238299999997],[-47.1335311,-23.883461],[-47.1324869,-23.88444799999998],[-47.1347216,-23.881830099999977],[-47.134219,-23.8803324],[-47.1318805,-23.878382200000008],[-47.1295505,-23.8788133],[-47.126602700000014,-23.874843099999975],[-47.1292512,-23.8750964],[-47.133129600000004,-23.873324999999998],[-47.1319187,-23.872619000000004],[-47.1323181,-23.8694218],[-47.1300172,-23.869325999999987],[-47.1309043,-23.868501],[-47.1292576,-23.863796099999995],[-47.12982529999999,-23.86128209999999],[-47.1274727,-23.86014349999998],[-47.12537380000001,-23.8606325],[-47.125109900000005,-23.857936099999993],[-47.1229075,-23.856653199999986],[-47.12345740000001,-23.853105099999976],[-47.1180626,-23.849753099999994],[-47.11808750000001,-23.8450973],[-47.1168659,-23.84328200000001],[-47.117708400000005,-23.842127100000006],[-47.1163658,-23.840407100000004],[-47.1146851,-23.84039349999999],[-47.1129961,-23.843367899999993],[-47.1103329,-23.84242369999999],[-47.10753869999999,-23.84829140000001],[-47.102970500000005,-23.848848199999996],[-47.101852900000004,-23.847243199999998],[-47.09974160000001,-23.847617199999988],[-47.0961292,-23.84585700000001],[-47.093988800000005,-23.847238599999997],[-47.089045199999994,-23.8470011],[-47.079054799999994,-23.84317419999999],[-47.0743629,-23.843362499999998],[-47.072649000000006,-23.841851999999978],[-47.0659032,-23.843489900000005],[-47.066045,-23.837967400000004],[-47.0595799,-23.84297769999999],[-47.057917700000004,-23.84324099999999],[-47.0567479,-23.841593000000003],[-47.0552576,-23.8439699],[-47.05110350000001,-23.844187],[-47.04741219999999,-23.84088509999999],[-47.044047,-23.83973410000001],[-47.0431949,-23.840671499999996],[-47.0445135,-23.837339300000007],[-47.040777899999995,-23.83803939999999],[-47.04240930000001,-23.8360778],[-47.039008,-23.836199000000004],[-47.038177999999995,-23.83531299999999],[-47.03521100000001,-23.837705000000007],[-47.035697,-23.840643],[-47.028693000000004,-23.846215],[-47.027165,-23.845087],[-47.027617,-23.843883999999996],[-47.025773,-23.844014999999988],[-47.02496,-23.841215999999996],[-47.022615,-23.840250000000005],[-47.021714,-23.836071999999987],[-47.01992300000001,-23.835363000000005],[-47.018653,-23.836463999999985],[-47.016844,-23.836139000000003],[-47.01565900000001,-23.83481299999999],[-47.014787,-23.835596],[-47.01458900000001,-23.830945999999997],[-47.01260800000001,-23.830740999999986],[-47.014337,-23.828002],[-47.013039000000006,-23.825096000000006],[-47.01756400000001,-23.82132699999998],[-47.01579199999999,-23.820138000000004],[-47.017397,-23.817770999999986],[-47.015122,-23.814486999999996],[-47.007068,-23.815637000000002],[-47.00123200000001,-23.81271699999999],[-46.998755,-23.81313499999999],[-46.994374,-23.811579000000002],[-46.991868,-23.809228000000008],[-46.98636799999999,-23.808267000000008],[-46.98553100000001,-23.80445399999999],[-46.984019999999994,-23.803045999999995],[-46.98556600000001,-23.800641999999993],[-46.988924,-23.80081199999998],[-46.993182999999995,-23.803450000000005],[-46.995256999999995,-23.801895999999992],[-46.996592,-23.802721],[-46.998841,-23.80114200000001],[-47.000501,-23.801683],[-47.00208799999999,-23.798944000000002],[-47.005409000000014,-23.797341],[-47.00858900000001,-23.791849999999997],[-47.014098,-23.792210999999988],[-47.015992,-23.789880000000004],[-47.01926800000001,-23.788646999999997],[-47.018935,-23.78747],[-47.02069800000001,-23.786132000000006],[-47.02359499999999,-23.779702000000004],[-47.023152,-23.775074999999987],[-47.025242999999996,-23.774345],[-47.02603200000001,-23.77173099999999],[-47.03189549999999,-23.769514300000004],[-47.0322439,-23.767695199999984],[-47.0335325,-23.767457399999987],[-47.0323663,-23.765682],[-47.0329229,-23.76433069999998],[-47.02878270000001,-23.76162040000001],[-47.0295786,-23.75990699999999],[-47.0286012,-23.757359400000006],[-47.0325975,-23.756385099999992],[-47.0346597,-23.75789619999999],[-47.0344968,-23.755928600000004],[-47.03627329999999,-23.753598699999998],[-47.035141100000004,-23.750600399999993],[-47.0360685,-23.748426500000004],[-47.03361670000001,-23.747407499999994],[-47.0322432,-23.743048100000003],[-47.03325670000001,-23.7374606],[-47.0354444,-23.735366599999995],[-47.03949720000001,-23.735086300000006],[-47.0416476,-23.736873400000007],[-47.04717480000001,-23.735057100000006],[-47.0498461,-23.731124700000013],[-47.0494875,-23.728880599999993],[-47.0510927,-23.727667699999994],[-47.0525716,-23.72039919999999],[-47.056312200000015,-23.718688500000006],[-47.057745100000005,-23.712662199999993],[-47.0624598,-23.708630999999993],[-47.0613996,-23.703862599999994],[-47.0594382,-23.70195940000002],[-47.06298300000001,-23.6897975],[-47.06216059999999,-23.682469300000005],[-47.06941670000001,-23.680257999999988],[-47.075984,-23.680786999999988],[-47.07802200000001,-23.67617499999999],[-47.07653,-23.675031999999998],[-47.076672,-23.67330499999999],[-47.08194000000001,-23.67100899999998],[-47.08393399999999,-23.668405000000007],[-47.083404,-23.667661000000013],[-47.084756,-23.667155999999984],[-47.081944,-23.664251],[-47.082402,-23.663184],[-47.083213,-23.663590000000003],[-47.083449,-23.661370999999985],[-47.082196,-23.661591000000012],[-47.081855999999995,-23.660595999999995],[-47.081783000000016,-23.658862000000003],[-47.083265000000004,-23.658015999999982],[-47.08110899999999,-23.654365999999996],[-47.082221,-23.653532999999978],[-47.07978399999999,-23.652994999999997],[-47.079133,-23.653928999999984],[-47.077933,-23.65263000000002],[-47.076519,-23.653679999999994],[-47.074503,-23.65249099999999],[-47.0733568,-23.65138200000001],[-47.07435499999999,-23.649839999999994],[-47.072657,-23.645367000000014],[-47.069076,-23.646380999999984],[-47.064696,-23.645462999999992],[-47.062039,-23.64386800000001],[-47.058989,-23.639732],[-47.058052,-23.63566799999999],[-47.059791,-23.629031999999988],[-47.0576119,-23.626203200000006],[-47.05617829999999,-23.61870330000001],[-47.05410720000001,-23.61718629999998],[-47.0493929,-23.6188388],[-47.047019900000016,-23.6164655],[-47.04733410000001,-23.613999],[-47.04122050000001,-23.610574099999987],[-47.0408521,-23.607309200000003],[-47.0363956,-23.601206299999994],[-47.0372933,-23.598912299999995],[-47.03482910000001,-23.596954499999978],[-47.03118099999999,-23.588954399999995],[-47.032050299999995,-23.583255200000025],[-47.024499,-23.579606999999996],[-47.024707,-23.57621700000001],[-47.029336,-23.571848000000006],[-47.029898,-23.568089000000004],[-47.026861000000004,-23.56824799999998],[-47.024574,-23.566812999999986],[-47.02050800000001,-23.56736099999998],[-47.018863,-23.564333],[-47.014394,-23.563366],[-47.01539,-23.56024400000002],[-47.006126,-23.554358],[-47.007162,-23.551351000000007],[-47.012225,-23.550085000000006],[-47.013164,-23.536354000000006],[-47.007931000000006,-23.535596000000012],[-47.00512400000001,-23.533442999999988],[-46.99691500000001,-23.532132],[-46.99162470000001,-23.5293514],[-46.99093240000001,-23.527868200000004],[-46.99264709999999,-23.5266659],[-46.99214200000001,-23.524961999999995],[-46.99537699999999,-23.52404800000001],[-46.99699800000001,-23.521966],[-46.996460000000006,-23.514908999999996],[-46.9936,-23.5109],[-46.993703000000004,-23.508333999999998],[-46.995036000000006,-23.506993],[-47.001299,-23.505307999999996],[-47.00392,-23.499389000000008],[-47.00893,-23.494663999999997],[-47.013295000000014,-23.485470999999993],[-47.01784200000001,-23.483691000000004],[-47.017241000000006,-23.48138899999999],[-47.01366199999999,-23.478064000000007],[-47.017211,-23.472586999999997],[-47.012936,-23.467800999999998],[-47.011652,-23.464284999999997],[-47.011195,-23.460256999999988],[-47.013989,-23.457648000000006],[-47.013237,-23.45453],[-47.010403999999994,-23.454798999999998],[-47.01213,-23.452722],[-47.010633,-23.44974500000001],[-47.01227900000001,-23.448186],[-47.010532,-23.445723000000015],[-47.014134000000006,-23.445816000000008],[-47.01554200000002,-23.444024000000002],[-47.016764,-23.445723999999977],[-47.02419199999999,-23.440777999999998],[-47.029318,-23.442486],[-47.031802000000006,-23.44080699999999],[-47.03293899999999,-23.438041],[-47.037571,-23.435529],[-47.035145400000005,-23.431979899999995],[-47.035528,-23.4272473],[-47.03848350000001,-23.42337519999999],[-47.04074440000001,-23.423805999999995],[-47.04147900000002,-23.417099799999995],[-47.03889559999999,-23.41542670000002],[-47.0374115,-23.411833],[-47.03826050000001,-23.410198800000007],[-47.0398348,-23.40993429999999],[-47.03723430000001,-23.407043200000007],[-47.0395887,-23.40382529999999],[-47.036909,-23.4023312],[-47.0373353,-23.40038890000001],[-47.0361237,-23.399084699999992],[-47.03858480000001,-23.395751199999985],[-47.038279499999994,-23.394011],[-47.04109620000001,-23.3931727],[-47.042625400000006,-23.3867469],[-47.0378604,-23.3825966],[-47.0370486,-23.379126299999996],[-47.033639400000006,-23.379878099999996],[-47.030501699999995,-23.3789279],[-47.02901440000001,-23.375495800000007],[-47.030601700000005,-23.37175],[-47.034088,-23.371148900000012],[-47.036179499999996,-23.368780799999985],[-47.0387472,-23.369020200000005],[-47.03962070000001,-23.359104899999977],[-47.04291469999999,-23.352261300000006],[-47.03124770000001,-23.346012799999986],[-47.02500109999999,-23.345776599999997],[-47.0212363,-23.344125699999996],[-47.0173298,-23.3453575],[-47.01535090000001,-23.340333400000006],[-47.0089393,-23.338679],[-47.0078391,-23.337448799999997],[-47.004933900000005,-23.33797919999999],[-47.00271510000001,-23.33690780000001],[-47.0005443,-23.338141700000005],[-46.9999975,-23.333245799999993],[-46.99571930000001,-23.331000299999996],[-46.9928057,-23.33375250000001],[-46.9914616,-23.3337341],[-46.991496200000014,-23.3326513],[-46.9889646,-23.3341547],[-46.987581500000005,-23.33270349999999],[-46.983667100000005,-23.333640399999982],[-46.97815289999999,-23.329632699999998],[-46.9765271,-23.328997900000008],[-46.97440730000002,-23.329986699999996],[-46.970340400000005,-23.32623549999999],[-46.96403409999999,-23.323574499999996],[-46.9592483,-23.328028199999995],[-46.958547,-23.326390700000015],[-46.9540358,-23.324844399999993],[-46.9523789,-23.32531729999999],[-46.9501721,-23.32421529999999],[-46.94866510000001,-23.32629289999999],[-46.94698650000001,-23.3247922],[-46.94533500000001,-23.325162899999995],[-46.94492189999999,-23.322819799999987],[-46.941409500000006,-23.321382499999995],[-46.9414475,-23.3202623],[-46.93897359999999,-23.323511800000002],[-46.9361078,-23.31815920000001],[-46.9335654,-23.317076999999998],[-46.9308956,-23.311669500000004],[-46.926576,-23.3108793],[-46.9224067,-23.30792659999998],[-46.9184298,-23.310721999999988],[-46.9154444,-23.308295600000015],[-46.9080837,-23.30899500000001],[-46.9019133,-23.307582899999986],[-46.9010357,-23.305244999999985],[-46.8971209,-23.304340300000003],[-46.89541950000001,-23.301796299999992],[-46.8900296,-23.299815499999987],[-46.8870433,-23.296171700000006],[-46.8855537,-23.2905306],[-46.881614,-23.289129600000013],[-46.877194,-23.290948200000006],[-46.877797300000005,-23.287572399999995],[-46.8758036,-23.283715499999992],[-46.869642,-23.28218500000001],[-46.867464000000005,-23.277938999999996],[-46.864790000000006,-23.27967999999999],[-46.862539,-23.278496],[-46.860967,-23.281785999999993],[-46.84993899999999,-23.285617],[-46.846878,-23.28451300000001],[-46.846331,-23.282236999999984],[-46.84437100000001,-23.28200599999998],[-46.838257,-23.287917999999998],[-46.834489,-23.286227],[-46.834676,-23.280627000000003],[-46.832080999999995,-23.279062],[-46.819411,-23.280861000000005],[-46.815947,-23.282621999999986],[-46.813708,-23.280924],[-46.813753000000005,-23.276684],[-46.809716,-23.274625999999987],[-46.805451000000005,-23.274672999999986],[-46.80594700000001,-23.27248],[-46.803069,-23.27039900000002],[-46.802440999999995,-23.257011000000002],[-46.792796,-23.261191999999998],[-46.791434,-23.266625000000012],[-46.78782799999999,-23.26649500000001],[-46.786424,-23.265048000000007],[-46.783686,-23.265378000000002],[-46.78399099999999,-23.260878000000005],[-46.778571,-23.256519999999995],[-46.77235300000002,-23.259727999999992],[-46.766504,-23.259306000000002],[-46.763431000000004,-23.257767999999988],[-46.760189,-23.258097999999983],[-46.760068,-23.256229999999988],[-46.757163000000006,-23.253483000000013],[-46.7525611,-23.255744099999998],[-46.751160600000006,-23.253170999999984],[-46.7445536,-23.2502751],[-46.7388663,-23.252691099999986],[-46.7315717,-23.253234800000016],[-46.72536360000001,-23.248457600000005],[-46.7229292,-23.24907009999999],[-46.7185235,-23.2532958],[-46.7095646,-23.253315500000014],[-46.7053349,-23.251630699999993],[-46.70211170000001,-23.25181230000001],[-46.69793980000001,-23.253595899999993],[-46.6971794,-23.2549749],[-46.6988037,-23.256940100000005],[-46.6957401,-23.257225],[-46.69420029999999,-23.259200999999994],[-46.6909392,-23.2570353],[-46.68656550000001,-23.258958199999995],[-46.6843128,-23.257106600000004],[-46.675774999999994,-23.261601800000005],[-46.672090000000004,-23.256025800000007],[-46.6690511,-23.25637589999998],[-46.6666941,-23.258810200000006],[-46.6524682,-23.25987939999999],[-46.642980400000006,-23.2545923],[-46.637660000000004,-23.258004999999986],[-46.634297,-23.257462999999998],[-46.629639000000005,-23.259089999999983],[-46.62640600000001,-23.256211000000004],[-46.622762,-23.256729],[-46.621961,-23.242418000000004],[-46.61760300000001,-23.240313],[-46.618323,-23.238499999999995],[-46.617,-23.233300999999994],[-46.61453,-23.23074799999999],[-46.615501,-23.227562999999986],[-46.609738,-23.225814],[-46.60526500000001,-23.228468000000007],[-46.604096000000006,-23.23516399999999],[-46.601173,-23.23424099999998],[-46.59371099999999,-23.236550000000005],[-46.589858,-23.23668099999999],[-46.588294,-23.234787000000004],[-46.58338599999999,-23.232775000000018],[-46.575295,-23.232543000000003],[-46.568253,-23.23373499999999],[-46.566764,-23.235865],[-46.56360200000001,-23.236547999999992],[-46.558956,-23.235208999999987],[-46.553512,-23.236246000000012],[-46.551501,-23.23933899999998],[-46.546229000000004,-23.241378999999995],[-46.539578,-23.239766],[-46.529002,-23.241544000000005],[-46.523799999999994,-23.238073],[-46.520164,-23.237444],[-46.51677900000001,-23.238512999999998],[-46.515380099999994,-23.237501899999984],[-46.51532400000001,-23.244159000000014],[-46.513474,-23.247481999999998],[-46.514194999999994,-23.250163000000008],[-46.503069,-23.247941999999977],[-46.502322000000014,-23.25051699999999],[-46.499896000000014,-23.252783],[-46.491828,-23.255251999999984],[-46.482865000000004,-23.265321999999983],[-46.483138000000004,-23.266948000000006],[-46.478456,-23.269392000000014],[-46.476232,-23.274901],[-46.472741,-23.276643000000025],[-46.472356,-23.280915999999998],[-46.470818,-23.282660000000003],[-46.467338000000005,-23.280717],[-46.462804,-23.280064999999993],[-46.460636,-23.278070999999997],[-46.460265,-23.275646999999996],[-46.46184000000001,-23.27243899999997],[-46.45938399999999,-23.270338],[-46.454015,-23.273105999999995],[-46.44789200000001,-23.27002399999997],[-46.446926000000005,-23.271495],[-46.43974399999999,-23.27343899999999],[-46.434303000000014,-23.27962799999999],[-46.43740900000001,-23.284552],[-46.429914,-23.289044000000008],[-46.427253,-23.29200000000002],[-46.427635,-23.294938000000002],[-46.42543400000001,-23.297357999999996],[-46.42591500000001,-23.301850000000012],[-46.42165,-23.307641999999998],[-46.418451,-23.316319000000007],[-46.41320700000001,-23.307919999999996],[-46.410499,-23.305790000000002],[-46.41199000000002,-23.301669999999998],[-46.40829999999999,-23.300293999999997],[-46.405078,-23.300967999999997],[-46.402736000000004,-23.299121000000003],[-46.40343800000001,-23.296154999999974],[-46.400639,-23.295317999999998],[-46.399970999999994,-23.288779],[-46.396249,-23.285817999999992],[-46.39033200000001,-23.287516],[-46.387420000000006,-23.286929],[-46.381483,-23.278079999999996],[-46.376292,-23.278384999999986],[-46.37170400000001,-23.275666000000008],[-46.356876,-23.272567000000002],[-46.359286000000004,-23.271124999999987],[-46.359771,-23.267790999999995],[-46.357916,-23.265623000000005],[-46.35381000000002,-23.264964],[-46.353944000000006,-23.262708999999997],[-46.350202,-23.258435000000016],[-46.348066,-23.252645000000005],[-46.337167,-23.250639],[-46.33294,-23.246858000000014],[-46.329657,-23.24634299999999],[-46.326665,-23.240792],[-46.31759700000001,-23.23370999999997],[-46.314401000000004,-23.228830000000006],[-46.311501,-23.227427000000002],[-46.305542,-23.21300499999999],[-46.305809,-23.21110599999998],[-46.308714,-23.208804999999987],[-46.30999899999999,-23.204750999999995],[-46.307672,-23.203134999999985],[-46.30901200000001,-23.199959999999983],[-46.307736000000006,-23.198041],[-46.303811,-23.197303],[-46.301641,-23.198275],[-46.298593999999994,-23.196391000000013],[-46.296933,-23.197011],[-46.286019,-23.190976],[-46.283589,-23.184243999999996],[-46.282202,-23.183443999999994],[-46.27581000000001,-23.184938],[-46.26809200000001,-23.190584],[-46.263297,-23.18817200000001],[-46.262198,-23.186387000000003],[-46.258328,-23.18569699999997],[-46.250531,-23.18901299999998],[-46.244918000000006,-23.185912000000002],[-46.238885,-23.187513999999997],[-46.23522899999998,-23.18670200000001],[-46.232566,-23.189650999999994],[-46.227738000000016,-23.18933199999999],[-46.224675000000005,-23.196238],[-46.218589000000016,-23.197433999999983],[-46.217073000000006,-23.20000599999998],[-46.21442,-23.200453000000007],[-46.20794800000001,-23.205026000000004],[-46.20793600000001,-23.206466999999996],[-46.204882000000005,-23.209673999999985],[-46.203095,-23.20786999999999],[-46.19814600000001,-23.208489000000014],[-46.19584800000001,-23.210609],[-46.196283000000015,-23.218792999999984],[-46.191157000000004,-23.221040999999996],[-46.188671,-23.224632000000007],[-46.183962,-23.224183],[-46.182101,-23.226470999999986],[-46.17891500000001,-23.227216999999975],[-46.174416,-23.231124000000015],[-46.17022899999999,-23.230154999999996],[-46.165017,-23.235145999999983],[-46.153199,-23.235705000000003],[-46.154624,-23.240607999999995],[-46.157508000000014,-23.242299999999993],[-46.158154,-23.246574],[-46.155963,-23.25072199999999],[-46.15694100000001,-23.254920000000002],[-46.15196,-23.257334],[-46.145745999999995,-23.25682700000001],[-46.150622000000006,-23.261534999999974],[-46.15066800000001,-23.264245999999975],[-46.153543000000006,-23.265825],[-46.15196300000001,-23.267518],[-46.150958,-23.274343],[-46.145215,-23.273662999999992],[-46.144245,-23.276378],[-46.139513,-23.27976499999999],[-46.139216,-23.285013999999986],[-46.136674,-23.287507],[-46.12731500000002,-23.287190999999996],[-46.12339,-23.290214999999993],[-46.119359,-23.285482000000002],[-46.113806999999994,-23.285691000000007],[-46.112747,-23.288582999999996],[-46.115173,-23.295191999999997],[-46.113814,-23.29933499999998],[-46.111152,-23.300208],[-46.110258,-23.301767],[-46.102696,-23.302993000000004],[-46.100655,-23.305557999999998],[-46.101475,-23.308597999999996],[-46.098649,-23.309239000000012],[-46.097879000000006,-23.320035000000008],[-46.099545,-23.323724],[-46.098993,-23.326004],[-46.09204429999999,-23.33069490000001],[-46.0905584,-23.33356089999998],[-46.085208,-23.336642099999978],[-46.079966299999995,-23.3415073],[-46.0768566,-23.340937600000018],[-46.0737088,-23.34215459999999],[-46.0679671,-23.348766700000006],[-46.0669931,-23.352869],[-46.06782720000001,-23.3549706],[-46.063506200000006,-23.3588264],[-46.060572900000004,-23.3577916],[-46.05969600000001,-23.360200699999986],[-46.0574589,-23.361426300000005],[-46.0559487,-23.366244200000004],[-46.0514125,-23.36864370000002],[-46.047902,-23.3761789],[-46.038360000000004,-23.387007800000003],[-46.0362051,-23.388221],[-46.03464509999999,-23.387151799999973],[-46.0295291,-23.391757199999994],[-46.026283000000014,-23.392101500000003],[-46.0222132,-23.38763119999999],[-46.01842280000001,-23.388068899999986],[-46.015694,-23.391174799999998],[-46.0136763,-23.3874964],[-46.010948,-23.387054],[-46.01053979999999,-23.384272500000005],[-46.0064598,-23.383682499999985],[-46.001424699999994,-23.386106899999994],[-45.99833269999999,-23.391375300000014],[-45.9989793,-23.3939518],[-45.99710290000001,-23.402086499999992],[-45.99462389999999,-23.405810000000002],[-45.9911867,-23.417520100000008],[-45.98394179999999,-23.42046339999999],[-45.979706300000004,-23.418413399999995],[-45.978349699999995,-23.4261517],[-45.9765369,-23.42847180000001],[-45.9697462,-23.426505599999995],[-45.9670468,-23.427366900000006],[-45.9653247,-23.429593700000012],[-45.965496800000004,-23.433032999999995],[-45.9622918,-23.43641639999999],[-45.959591499999995,-23.44253479999999],[-45.952248700000005,-23.4497456],[-45.95283559999999,-23.4565649],[-45.9574651,-23.465185700000006],[-45.9569044,-23.468607200000005],[-45.96004670000001,-23.46824869999999],[-45.96181140000001,-23.471848500000014],[-45.9683534,-23.47545219999998],[-45.96198380000001,-23.4808538],[-45.956984,-23.4888292],[-45.9557529,-23.4937993],[-45.961650799999994,-23.4963364],[-45.96124100000001,-23.498648200000016],[-45.9497086,-23.5005082],[-45.946605,-23.49597320000001],[-45.939377699999994,-23.4943655],[-45.9341708,-23.497154500000004],[-45.930361600000005,-23.497325500000006],[-45.9287969,-23.499192900000008],[-45.92547340000001,-23.499021100000004],[-45.9215181,-23.500533100000002],[-45.917451400000004,-23.505789799999988],[-45.913939,-23.505148800000004],[-45.9113357,-23.5068342],[-45.9040639,-23.505310400000006],[-45.9021244,-23.504301899999998],[-45.90105100000001,-23.500598399999994],[-45.8989794,-23.498647700000003],[-45.890139800000014,-23.496396900000004],[-45.8876884,-23.492481399999985],[-45.882723,-23.495391200000018],[-45.87759140000001,-23.489958699999992],[-45.8716057,-23.48988750000002],[-45.86962510000001,-23.4863926],[-45.865799,-23.483346500000003],[-45.86078680000001,-23.483187200000003],[-45.85800540000002,-23.481548200000013],[-45.85210239999999,-23.480796500000007],[-45.84895349999999,-23.478476500000003],[-45.8467439,-23.474128599999997],[-45.84312499999999,-23.474274299999994],[-45.8402627,-23.47211170000001],[-45.83654800000001,-23.4752911],[-45.8373322,-23.479314000000024],[-45.835352,-23.48286780000002],[-45.824138,-23.488872199999996],[-45.8183034,-23.48963540000001],[-45.8133395,-23.499670100000003],[-45.8042017,-23.49430490000001],[-45.8000718,-23.494676599999995],[-45.7964433,-23.491217999999986],[-45.789277,-23.49265370000001],[-45.78760360000001,-23.495805600000008],[-45.7897907,-23.49669730000002],[-45.7886341,-23.50186050000001],[-45.7911483,-23.506327100000004],[-45.78844290000001,-23.50915069999998],[-45.7823714,-23.5099187],[-45.77389390000001,-23.508416599999986],[-45.7720752,-23.507153],[-45.763605099999985,-23.511206],[-45.75588450000001,-23.511334899999994],[-45.7592762,-23.513021100000003],[-45.7619432,-23.518480499999995],[-45.7596921,-23.5205328],[-45.7594071,-23.522669599999997],[-45.76053650000001,-23.524009199999995],[-45.75419800000002,-23.5261875],[-45.75398060000001,-23.531965999999997],[-45.7460907,-23.539828800000002],[-45.74709080000001,-23.5546333],[-45.7430319,-23.5581294],[-45.741246999999994,-23.561361499999997],[-45.7459848,-23.564793000000012],[-45.7461274,-23.56612829999999],[-45.741536100000005,-23.5721523],[-45.73337359999999,-23.572087500000013],[-45.730937,-23.5744871],[-45.7316616,-23.576985500000024],[-45.7356465,-23.578292299999987],[-45.7403813,-23.585047399999986],[-45.73817620000001,-23.586902499999987],[-45.733932100000004,-23.586713499999984],[-45.7340867,-23.5930682],[-45.73928610000001,-23.59600809999999],[-45.740004000000006,-23.598800199999985],[-45.7437527,-23.6020893],[-45.7403546,-23.603932600000004],[-45.73343440000001,-23.603154800000006],[-45.72391680000001,-23.598177999999987],[-45.7214957,-23.599933599999993],[-45.72226340000001,-23.604695299999992],[-45.721454,-23.60633610000001],[-45.715327900000005,-23.608783],[-45.70639030000002,-23.601751600000007],[-45.7030226,-23.60420339999999],[-45.7017785,-23.6092312],[-45.7035437,-23.611174300000012],[-45.697523100000005,-23.620194500000007],[-45.6977668,-23.625032299999987],[-45.6948141,-23.630828100000013],[-45.701674100000005,-23.6354678],[-45.7074982,-23.644773200000007],[-45.7103015,-23.64529309999999],[-45.7114276,-23.642197099999983],[-45.7138286,-23.643039899999998],[-45.720982799999994,-23.650382300000004],[-45.726237600000005,-23.6530302],[-45.7277672,-23.655667199999993],[-45.7336567,-23.656421000000016],[-45.7416925,-23.6681687],[-45.7451522,-23.66827179999999],[-45.7534978,-23.671315600000007],[-45.763488,-23.671052999999997],[-45.764838900000015,-23.674216600000005],[-45.7678637,-23.675347200000008],[-45.76943240000001,-23.678531299999992],[-45.77536099999999,-23.680903999999995],[-45.777657,-23.68306099999998],[-45.784444000000015,-23.681609],[-45.786411,-23.678393999999997],[-45.79138600000002,-23.683131],[-45.796058,-23.682972000000014],[-45.794026,-23.680210999999993],[-45.798179000000005,-23.675399999999996],[-45.805366,-23.676739000000005],[-45.808868,-23.67550500000002],[-45.814109,-23.67692699999999],[-45.820599,-23.674926000000017],[-45.823292,-23.676202000000007],[-45.82569600000001,-23.67447299999999],[-45.830231,-23.674749999999996],[-45.829402,-23.672386000000007],[-45.831385,-23.671864000000006],[-45.832609000000005,-23.669918],[-45.838004,-23.66913299999998],[-45.835249000000005,-23.664861999999996],[-45.83105200000001,-23.66311899999999],[-45.831744,-23.65727000000002],[-45.833131,-23.656377],[-45.831143000000004,-23.651561999999966],[-45.832829,-23.651167000000008],[-45.833932000000004,-23.64840299999999],[-45.841985,-23.648469000000002],[-45.845081,-23.64362699999999],[-45.847297000000005,-23.64559799999999],[-45.849843,-23.64386100000001],[-45.850657,-23.64772],[-45.854684000000006,-23.64666099999999],[-45.854686,-23.64934600000001],[-45.856509,-23.650593000000008],[-45.85542800000001,-23.653333999999983],[-45.85767700000001,-23.65525699999998],[-45.859488000000006,-23.655035999999992],[-45.86274399999999,-23.652066000000005],[-45.87005,-23.655170999999985],[-45.87208600000001,-23.654761999999998],[-45.873196,-23.652618999999994],[-45.87555500000001,-23.654230000000005],[-45.883038,-23.653311999999993],[-45.887063,-23.65727199999999],[-45.890738,-23.657024000000007],[-45.89294,-23.655503999999986],[-45.899555,-23.655856000000004],[-45.900656,-23.658977000000025],[-45.90553,-23.660842999999996],[-45.90564400000001,-23.664311],[-45.91187500000001,-23.66439900000001],[-45.915062,-23.66556000000001],[-45.91751300000001,-23.669178999999982],[-45.91687600000001,-23.672233],[-45.918171,-23.67757099999999],[-45.924412000000004,-23.681334],[-45.92279800000001,-23.685367999999997],[-45.919815,-23.687127],[-45.919764,-23.688432999999996],[-45.923964000000005,-23.68965],[-45.925956,-23.69369499999999],[-45.936097,-23.701209],[-45.93741700000001,-23.700574],[-45.940118,-23.701474000000005],[-45.941784,-23.699949],[-45.95046,-23.702288],[-45.95186100000001,-23.699586],[-45.956626,-23.700566000000002],[-45.956236000000004,-23.69726599999998],[-45.954103,-23.695565999999996],[-45.955037,-23.694132999999997],[-45.96951,-23.696946],[-45.971284999999995,-23.694744000000007],[-45.976513,-23.694006000000005],[-45.987058000000005,-23.699417000000008],[-45.992233,-23.705579000000004],[-45.996866000000004,-23.70453799999999],[-46.004233,-23.708121],[-46.008499,-23.708676999999987],[-46.01665499999999,-23.714847000000017],[-46.02584900000001,-23.71560999999998],[-46.026914,-23.718008999999995],[-46.03091200000001,-23.720115],[-46.03723200000001,-23.720972],[-46.043774,-23.72002699999999],[-46.056949,-23.716063999999992],[-46.065133,-23.722336000000002],[-46.066083,-23.723615000000013],[-46.065488000000016,-23.725881999999988],[-46.06774000000001,-23.729039000000014],[-46.07742400000001,-23.732625999999975],[-46.084603,-23.733819],[-46.09560800000001,-23.73379],[-46.097727,-23.735567000000007],[-46.102395000000016,-23.736325000000008],[-46.107178,-23.73106099999999],[-46.103593000000004,-23.729175000000016],[-46.09975800000001,-23.72907700000001],[-46.096977,-23.725851000000013],[-46.09950400000002,-23.725044000000004],[-46.101615,-23.72272299999999],[-46.10020599999999,-23.719871999999995],[-46.104004,-23.71530099999999],[-46.103825,-23.711661999999997],[-46.106397,-23.711522],[-46.108546,-23.715142],[-46.111467,-23.71488199999998],[-46.113919,-23.717801],[-46.118191,-23.715765999999995],[-46.122657,-23.718726999999998],[-46.12357,-23.717138000000002],[-46.122408,-23.71487899999998],[-46.124325000000006,-23.714983999999987],[-46.12612000000001,-23.712894999999996],[-46.131817,-23.72486899999999],[-46.136225,-23.724703],[-46.137776,-23.726385],[-46.139854,-23.725856],[-46.147793,-23.728265000000007],[-46.15023500000001,-23.73252700000002],[-46.155867,-23.736212999999996],[-46.15859600000001,-23.732221000000017],[-46.16396300000002,-23.732706999999998],[-46.16584400000001,-23.734364999999993],[-46.17035,-23.732328],[-46.17415600000001,-23.735783999999978],[-46.176869,-23.735897],[-46.178418,-23.74567199999999],[-46.18640599999999,-23.744683],[-46.189881,-23.747628999999986],[-46.19027499999999,-23.750626999999987],[-46.19408700000001,-23.754227999999987],[-46.196616,-23.752796999999994],[-46.19919999999999,-23.75307300000002],[-46.201109,-23.751303],[-46.208104,-23.751280999999974],[-46.207993,-23.745532000000008],[-46.21024500000001,-23.741720999999977],[-46.21772300000001,-23.744114000000003],[-46.222641,-23.740463999999996],[-46.22521700000001,-23.740454],[-46.227005999999996,-23.736976000000002],[-46.234897000000004,-23.737213000000004],[-46.23838300000001,-23.735263999999997],[-46.240035000000006,-23.736421999999987],[-46.241995,-23.741093000000003],[-46.245235,-23.742975999999985],[-46.245869,-23.745594999999984],[-46.24787700000002,-23.746289],[-46.246703,-23.752354],[-46.24885799999999,-23.756896],[-46.255655000000004,-23.759956999999993],[-46.255331,-23.763049],[-46.257983,-23.766185999999998],[-46.26028,-23.767913],[-46.264599000000004,-23.767761000000007],[-46.27008,-23.765789000000005],[-46.273713,-23.76611],[-46.284567,-23.776733999999994],[-46.29133,-23.781208000000003],[-46.296665,-23.787747000000007],[-46.299707000000005,-23.786923999999996],[-46.304005,-23.788934999999988],[-46.316528,-23.801995999999992],[-46.32029200000001,-23.80309699999999],[-46.32032400000001,-23.785135],[-46.3234,-23.78538400000002],[-46.331781,-23.78125800000001],[-46.33872100000001,-23.781718000000012],[-46.343243,-23.78453],[-46.345174,-23.787460000000014],[-46.349169,-23.787164000000008],[-46.353628,-23.788484],[-46.354444000000015,-23.791471999999985],[-46.356404000000005,-23.790603999999984],[-46.35866000000001,-23.792151999999994],[-46.361070000000005,-23.79247299999999],[-46.362395,-23.79119899999998],[-46.367435,-23.792488999999986],[-46.372349,-23.789695000000005],[-46.377069999999996,-23.793588],[-46.37711800000001,-23.795029000000014],[-46.373327,-23.79545999999999],[-46.377598000000006,-23.804134000000005],[-46.38230999999999,-23.807518999999985],[-46.38339700000001,-23.80964399999998],[-46.38939200000001,-23.809905999999998],[-46.394332,-23.814359999999997],[-46.396052,-23.811778000000004],[-46.405708,-23.812308000000012],[-46.411862,-23.81679999999999],[-46.414608,-23.818005999999997],[-46.415141,-23.81701899999998],[-46.419727,-23.819496999999995],[-46.42659400000001,-23.825273000000013],[-46.431725,-23.826001000000012],[-46.43377600000001,-23.82548399999999],[-46.434169999999995,-23.824054999999998],[-46.43781000000001,-23.826306999999986],[-46.437404,-23.82930199999999],[-46.439265000000006,-23.828347999999977],[-46.440081,-23.829591999999998],[-46.44114100000001,-23.828715],[-46.444562,-23.829165000000007],[-46.443937999999996,-23.830702000000006],[-46.441525,-23.829841999999992],[-46.438817,-23.831427],[-46.44099299999999,-23.833317000000008],[-46.439392,-23.833215999999982],[-46.443859,-23.84110499999999],[-46.442601,-23.841703999999996],[-46.439297999999994,-23.83959100000001],[-46.437898,-23.842582999999973],[-46.44354800000001,-23.850172999999998],[-46.451351,-23.851443000000003],[-46.45455200000001,-23.85390899999999],[-46.4597,-23.863177],[-46.45848500000001,-23.866031000000003],[-46.459898,-23.866088],[-46.465827999999995,-23.861013],[-46.46812200000001,-23.86471799999999],[-46.466418,-23.865839],[-46.469376,-23.872927999999998],[-46.47283,-23.874578],[-46.475255000000004,-23.878810999999985],[-46.478068,-23.879185999999997],[-46.482613,-23.885703999999993],[-46.484443999999996,-23.885674999999992],[-46.483542,-23.884078999999996],[-46.485251,-23.883454],[-46.48787649999999,-23.884701900000003],[-46.492618000000014,-23.890392000000006],[-46.493259,-23.896207],[-46.498092000000014,-23.901935000000016],[-46.500859999999996,-23.902378999999996],[-46.503783000000006,-23.90477999999999],[-46.509062,-23.904148],[-46.512483,-23.904377999999998],[-46.51500699999999,-23.905874999999998],[-46.519947,-23.90534200000001],[-46.52241899999999,-23.907747999999998],[-46.521640999999995,-23.909107000000006],[-46.522692,-23.911176],[-46.520878,-23.91096099999999],[-46.52128400000001,-23.912255],[-46.524359999999994,-23.913357],[-46.526049,-23.915760000000006],[-46.53226200000001,-23.91757599999998],[-46.53474500000001,-23.920207],[-46.53405400000001,-23.921263],[-46.535346000000004,-23.923256000000006],[-46.540724000000004,-23.923629999999992],[-46.54426900000001,-23.92668599999999],[-46.543752,-23.928366999999994],[-46.545684,-23.930149000000004],[-46.548273,-23.929731],[-46.548384,-23.933242999999997],[-46.552213,-23.936981999999997],[-46.552174,-23.940402999999986],[-46.556372999999994,-23.94146100000001],[-46.558727999999995,-23.946285000000003],[-46.56040800000001,-23.947325999999993],[-46.560971,-23.946497999999988],[-46.563484,-23.948587999999976],[-46.56465500000001,-23.953118000000003],[-46.567555999999996,-23.953908000000006],[-46.56764400000001,-23.951050999999985],[-46.56615800000001,-23.949689999999986],[-46.569671,-23.94678899999998],[-46.571346000000005,-23.952489000000014],[-46.57531199999999,-23.953938999999984],[-46.57719300000001,-23.956872999999973],[-46.580286,-23.95577],[-46.585299,-23.960838000000003],[-46.592237,-23.962946999999996],[-46.59493,-23.965225999999994],[-46.597297,-23.96344399999999],[-46.600287,-23.963556999999998],[-46.606972,-23.965613000000005],[-46.60937200000001,-23.967638],[-46.6119465,-23.96776280000001],[-46.61253940000001,-23.969931600000013],[-46.6158197,-23.967288199999988],[-46.61798280000001,-23.967776799999996],[-46.620545,-23.970807000000004],[-46.629636,-23.97318500000002],[-46.635757000000005,-23.977461999999996],[-46.633279,-23.983758999999996],[-46.633264000000004,-23.987839000000015],[-46.629209,-23.990858000000014],[-46.633723,-23.992732000000004],[-46.634929,-23.994747999999998],[-46.637901,-23.994343000000015],[-46.64036900000001,-23.997833],[-46.642444999999995,-23.997759000000002],[-46.649907999999996,-24.001600999999994],[-46.65315300000001,-23.996522999999996],[-46.65970599999999,-23.991599],[-46.661937,-23.988101999999998],[-46.675374000000005,-23.98942499999999],[-46.680297,-23.987013000000005],[-46.682907,-23.982588],[-46.685133,-23.98239699999999],[-46.687808000000004,-23.984771000000006],[-46.692632,-23.98461100000001],[-46.698918,-23.99013699999999],[-46.703266000000006,-23.99162699999998],[-46.70788400000001,-23.99088799999999],[-46.71448199999999,-23.996115000000003],[-46.719534,-23.995031999999988],[-46.720858,-23.993001999999986],[-46.7311,-23.995495],[-46.737696,-23.991826000000007],[-46.74331900000001,-23.991892000000004],[-46.744655,-23.993789999999994],[-46.749548999999995,-23.994427999999992],[-46.750896000000004,-23.996513000000004],[-46.75220900000001,-23.995788999999995],[-46.755048,-23.996783],[-46.763033,-24.00620200000001],[-46.7669,-24.00535000000001],[-46.769164,-24.008263999999997],[-46.77119900000002,-24.008186000000006],[-46.774736999999995,-24.002989000000003],[-46.76808400000001,-23.998663999999998],[-46.76643700000001,-23.991658000000008],[-46.764606000000015,-23.988610999999995],[-46.762323,-23.988020000000013],[-46.758204,-23.980584000000004],[-46.759055,-23.978650999999996],[-46.757007,-23.97816999999998],[-46.755007,-23.975588000000005],[-46.75488800000001,-23.97280099999999],[-46.75820100000001,-23.972543],[-46.762884,-23.968057],[-46.76368800000001,-23.966039000000002],[-46.762572,-23.964413],[-46.764893,-23.961727],[-46.771333,-23.961340999999994],[-46.77511299999998,-23.956784999999996],[-46.774172,-23.950344000000005],[-46.781103,-23.948724000000006],[-46.783534,-23.946912000000005],[-46.783596,-23.944606999999994],[-46.786161,-23.94187000000002],[-46.78959600000001,-23.940765999999982],[-46.793259,-23.943086999999995],[-46.800124,-23.937999999999985],[-46.806898000000004,-23.93815300000001],[-46.807224500000004,-23.9398712],[-46.8135525,-23.9398464],[-46.8155621,-23.940728400000005],[-46.8172348,-23.943545399999987],[-46.8201995,-23.942236299999998],[-46.8223059,-23.94445639999998],[-46.8299233,-23.947305199999988],[-46.828624000000005,-23.950488899999996],[-46.8260045,-23.951427],[-46.82303860000001,-23.955159200000004],[-46.8262628,-23.958263000000013],[-46.8272278,-23.957042400000013],[-46.8347854,-23.956270500000002],[-46.8386498,-23.958603500000006],[-46.839589,-23.9620097],[-46.84517199999999,-23.9626817],[-46.8485597,-23.96506610000001],[-46.851257499999996,-23.970028499999994],[-46.8553134,-23.9734973],[-46.856619300000006,-23.97263979999998],[-46.857810300000004,-23.973890399999995],[-46.862291,-23.974188399999992],[-46.8676163,-23.980148799999995],[-46.87361600000001,-23.978618899999997],[-46.8825104,-23.98396140000001],[-46.8830399,-23.98956819999998],[-46.8751178,-24.001809500000004],[-46.8739001,-24.00194089999999],[-46.872571,-23.999126600000004],[-46.87103499999999,-23.9985732],[-46.8691756,-24.000715699999997],[-46.8707086,-24.00252989999998],[-46.8696727,-24.0086355],[-46.8684858,-24.0096306],[-46.8734001,-24.0140272],[-46.8733135,-24.016106099999995],[-46.869374199999996,-24.0165086],[-46.8676694,-24.019174600000007],[-46.8718671,-24.023879500000007],[-46.874726,-24.022711199999993],[-46.875957200000016,-24.024151300000003],[-46.8826189,-24.0232906],[-46.885313200000006,-24.0243842],[-46.8854556,-24.028587199999983],[-46.8902833,-24.0311706],[-46.89300810000001,-24.034244299999983],[-46.893341,-24.03605689999999],[-46.8882322,-24.036737299999984],[-46.8893107,-24.038592500000004],[-46.890594,-24.038544000000005],[-46.89404230000001,-24.041709499999993],[-46.897926,-24.041577800000002],[-46.9003413,-24.0461444],[-46.9084243,-24.04501689999998],[-46.909792,-24.041888399999987],[-46.911315900000005,-24.041528300000003],[-46.9165957,-24.04374830000001],[-46.9205886,-24.041526400000002],[-46.9282027,-24.045011200000005],[-46.9302883,-24.044514100000004],[-46.9326489,-24.042204299999995],[-46.93417650000001,-24.03569009999999],[-46.9362067,-24.033386699999998],[-46.9418975,-24.03636659999998],[-46.93970770000001,-24.038763500000005],[-46.9405357,-24.040033000000005],[-46.945842000000006,-24.0405744],[-46.9461481,-24.043605699999997],[-46.9504804,-24.042472],[-46.9530395,-24.04518519999999],[-46.9540381,-24.04383139999998],[-46.9608235,-24.045947300000012],[-46.963097000000005,-24.045773699999977],[-46.9650133,-24.043279500000004],[-46.966650500000014,-24.043779200000003],[-46.9681839,-24.046174999999987],[-46.9649593,-24.048437800000002],[-46.9671221,-24.050791399999994],[-46.96734610000001,-24.053190299999997],[-46.9635911,-24.056306500000012],[-46.9646748,-24.058394300000007],[-46.968478499999996,-24.059297499999992],[-46.9706763,-24.0616087],[-46.9734025,-24.06110169999998],[-46.97860560000001,-24.064250700000002],[-46.9803736,-24.063513900000018],[-46.98362649999999,-24.0581438],[-46.99136300000001,-24.05852769999997],[-46.9965667,-24.052102499999997],[-46.99865940000001,-24.052539899999996],[-47.0022079,-24.056266]]]}},{"type":"Feature","properties":{"id":"administrativas-12","nome":"Araçatuba"},"geometry":{"type":"Polygon","coordinates":[[[-50.87428640000001,-21.4888984],[-50.87863800000001,-21.489542399999973],[-50.8880699,-21.485568000000015],[-50.89409510000001,-21.486381399999985],[-50.8948566,-21.48970719999998],[-50.8989837,-21.490736999999996],[-50.8992412,-21.48737979999999],[-50.9044807,-21.484771999999985],[-50.9024354,-21.48127750000001],[-50.9065777,-21.4777501],[-50.9070156,-21.476122499999992],[-50.9051362,-21.470517000000008],[-50.9086229,-21.469709900000005],[-50.9160121,-21.4649947],[-50.92016910000001,-21.460678400000006],[-50.921049800000006,-21.457348100000004],[-50.9199182,-21.4554649],[-50.91693320000002,-21.455853],[-50.9160192,-21.454266899999993],[-50.91861879999999,-21.45214170000001],[-50.9218215,-21.44555129999999],[-50.9241326,-21.444384600000006],[-50.9248712,-21.441359300000006],[-50.92780449999999,-21.442873400000003],[-50.9299875,-21.442489500000008],[-50.931120700000015,-21.444069100000004],[-50.93378570000001,-21.4435394],[-50.9398987,-21.44552699999999],[-50.94302720000001,-21.444907499999985],[-50.9469595,-21.447855399999995],[-50.9604205,-21.438637800000016],[-50.9758709,-21.432682499999995],[-50.98149780000001,-21.431860400000012],[-50.9848993,-21.432829500000004],[-50.987154700000005,-21.4349122],[-50.9895196,-21.43503270000001],[-50.99054000000001,-21.4367712],[-50.99856679999999,-21.439398800000006],[-51.00481,-21.43833620000002],[-51.0258517,-21.42560769999999],[-51.02502830000001,-21.421120099999992],[-51.028866300000004,-21.418223500000003],[-51.0334369,-21.411339499999997],[-51.0341283,-21.4084459],[-51.0454671,-21.406389400000002],[-51.0462449,-21.403852600000008],[-51.05425050000001,-21.404651200000014],[-51.0604101,-21.3964232],[-51.0634796,-21.394522300000016],[-51.0679644,-21.394202099999994],[-51.0748162,-21.39115949999998],[-51.075614900000005,-21.387739399999976],[-51.0771061,-21.38770789999999],[-51.0779842,-21.389319799999985],[-51.08111790000001,-21.385138599999983],[-51.08598560000001,-21.384099000000024],[-51.08592980000001,-21.382373699999995],[-51.0901054,-21.3793009],[-51.0899257,-21.372276699999997],[-51.09274260000001,-21.37097089999999],[-51.10095390000001,-21.3702268],[-51.1055825,-21.372935100000014],[-51.107887,-21.3757886],[-51.1150476,-21.37717020000001],[-51.1201369,-21.379549099999988],[-51.121640600000006,-21.3814787],[-51.129553400000006,-21.37888829999998],[-51.1330046,-21.374951599999996],[-51.1396351,-21.37378479999999],[-51.1480784,-21.374586600000008],[-51.154742000000006,-21.37862590000002],[-51.15745869999999,-21.378571199999993],[-51.16411690000001,-21.38402229999998],[-51.1718146,-21.383568000000007],[-51.1744792,-21.381150599999987],[-51.1798628,-21.379618699999995],[-51.1834425,-21.376225399999996],[-51.18972650000001,-21.377086800000004],[-51.1937462,-21.3742922],[-51.2001295,-21.360008200000003],[-51.2039258,-21.361028600000008],[-51.207750700000005,-21.35680899999999],[-51.2102029,-21.357197399999997],[-51.2110913,-21.354977899999998],[-51.2141811,-21.354967299999995],[-51.214348799999996,-21.353551400000025],[-51.2119647,-21.352132099999995],[-51.2167829,-21.351121200000012],[-51.217894400000006,-21.349214499999995],[-51.22156950000001,-21.347683000000004],[-51.22401459999999,-21.3457587],[-51.2268932,-21.340459600000006],[-51.2293182,-21.341395900000006],[-51.2301249,-21.340650899999982],[-51.2302204,-21.3393589],[-51.23207140000001,-21.3384168],[-51.231203699999995,-21.335808200000006],[-51.2327731,-21.332961300000008],[-51.2376703,-21.331262800000022],[-51.236651,-21.328023200000004],[-51.2377772,-21.326808000000003],[-51.261687900000005,-21.327578300000027],[-51.2633128,-21.328252699999986],[-51.264188499999996,-21.331424899999995],[-51.2651596,-21.331481699999987],[-51.2685395,-21.32740739999999],[-51.2709364,-21.321252899999998],[-51.2749927,-21.321923200000022],[-51.2829695,-21.31892149999998],[-51.285600500000015,-21.318342900000008],[-51.2863032,-21.3192723],[-51.2856486,-21.318227599999993],[-51.287952,-21.317321100000008],[-51.2882504,-21.313249200000016],[-51.2931267,-21.314363000000004],[-51.2970207,-21.310037899999998],[-51.30401890000001,-21.308641099999992],[-51.30487629999999,-21.3057296],[-51.308827,-21.3030716],[-51.3088606,-21.299889299999997],[-51.3125175,-21.298953999999995],[-51.314073400000005,-21.295716900000002],[-51.3155647,-21.2963797],[-51.3161681,-21.298557799999987],[-51.3190354,-21.2980434],[-51.3208619,-21.299136099999995],[-51.3241495,-21.293440300000004],[-51.326478400000006,-21.295079999999995],[-51.325357,-21.2916894],[-51.3346858,-21.29265609999999],[-51.3388276,-21.288361300000002],[-51.33911040000001,-21.2901621],[-51.3373491,-21.291840799999996],[-51.33789219999999,-21.293348000000005],[-51.34153950000001,-21.2920216],[-51.34329600000001,-21.2879086],[-51.3467492,-21.28799289999998],[-51.345922200000004,-21.2916092],[-51.3478448,-21.292101099999982],[-51.349333,-21.291380399999987],[-51.3488116,-21.2887324],[-51.349700600000006,-21.28786930000001],[-51.352796700000006,-21.28924239999998],[-51.3580697,-21.288347599999987],[-51.358927800000004,-21.28623179999999],[-51.360542,-21.285849900000006],[-51.362604999999995,-21.2868242],[-51.36212439999999,-21.289565600000007],[-51.365339,-21.288840899999997],[-51.368726800000005,-21.290213799999982],[-51.3747977,-21.2852186],[-51.3772065,-21.285252300000007],[-51.3816001,-21.28289360000001],[-51.38534829999999,-21.284356500000005],[-51.3925495,-21.2799062],[-51.3926952,-21.277100299999987],[-51.394041800000004,-21.275661699999997],[-51.397551500000006,-21.27613630000002],[-51.39802160000001,-21.2749347],[-51.3955311,-21.274046199999997],[-51.395384500000006,-21.272748599999993],[-51.4017045,-21.27255099999999],[-51.4019788,-21.271036599999984],[-51.3978695,-21.2701329],[-51.3994479,-21.2669321],[-51.40289729999999,-21.265801700000004],[-51.40492400000001,-21.268758999999996],[-51.40766720000001,-21.263963299999983],[-51.4151947,-21.262600899999992],[-51.4204063,-21.259508300000014],[-51.4226378,-21.256122999999995],[-51.4252046,-21.25802170000002],[-51.4309863,-21.254849099999998],[-51.4313018,-21.2532563],[-51.42919390000001,-21.251173800000004],[-51.43280910000001,-21.249833599999985],[-51.435307400000006,-21.245734299999985],[-51.4435633,-21.2432777],[-51.446585,-21.2436743],[-51.44822200000001,-21.241882199999996],[-51.4517905,-21.24135850000002],[-51.454504,-21.238824899999987],[-51.45941200000001,-21.2371413],[-51.4632933,-21.236504399999987],[-51.4673896,-21.237800800000002],[-51.4712756,-21.234342200000004],[-51.471710599999994,-21.235450200000017],[-51.469965600000016,-21.2382084],[-51.47142819999999,-21.238569699999992],[-51.4744116,-21.235729699999997],[-51.478948,-21.23542979999998],[-51.4798269,-21.231747399999982],[-51.48669290000001,-21.233110999999987],[-51.4895533,-21.231080100000007],[-51.49273860000001,-21.230509699999995],[-51.49637950000001,-21.2265589],[-51.4942238,-21.2236866],[-51.4948896,-21.220298900000014],[-51.498144,-21.219662999999983],[-51.5018367,-21.22107439999998],[-51.5032952,-21.22023489999999],[-51.5044947,-21.216929900000004],[-51.5078095,-21.21770290000002],[-51.5097389,-21.216801300000014],[-51.511946400000014,-21.210709100000003],[-51.5181052,-21.20901999999999],[-51.5186599,-21.2044642],[-51.5230098,-21.202871799999986],[-51.5240126,-21.199188799999995],[-51.5305464,-21.197485099999994],[-51.5311106,-21.1956956],[-51.5328767,-21.195416000000005],[-51.5357919,-21.1973903],[-51.53570150000001,-21.199321799999993],[-51.5336164,-21.199928699999987],[-51.5355954,-21.200783700000006],[-51.53850849999999,-21.198269],[-51.53796349999999,-21.193807900000007],[-51.5405387,-21.194086700000017],[-51.5413556,-21.196785300000005],[-51.5441592,-21.194845000000004],[-51.5430206,-21.1916777],[-51.55219780000001,-21.190055999999977],[-51.555599300000004,-21.190870299999993],[-51.56460930000001,-21.1901455],[-51.5629542,-21.186640799999996],[-51.5647578,-21.1852646],[-51.5685362,-21.187326800000015],[-51.570461,-21.184932300000003],[-51.5710849,-21.18698760000001],[-51.5737536,-21.187283],[-51.5738862,-21.189187799999996],[-51.576182,-21.189192999999996],[-51.575849,-21.18585359999999],[-51.57779000000001,-21.184059200000014],[-51.5757044,-21.180843200000012],[-51.58438780000001,-21.1777208],[-51.5934459,-21.170995],[-51.5951258,-21.166070499999996],[-51.5935507,-21.162369200000008],[-51.59595780000001,-21.15902020000001],[-51.5904848,-21.153989299999985],[-51.5903093,-21.151836900000006],[-51.59145120000001,-21.1486358],[-51.6008366,-21.144257399999994],[-51.6035467,-21.143699699999996],[-51.60431630000001,-21.14481919999998],[-51.601634700000005,-21.14900449999998],[-51.6136783,-21.141653700000003],[-51.615516,-21.142064599999987],[-51.61683469999999,-21.144774000000005],[-51.61917269999999,-21.145052600000017],[-51.61943410000001,-21.147713699999994],[-51.6275231,-21.1461636],[-51.629226800000005,-21.149413099999986],[-51.6334569,-21.1523142],[-51.638139,-21.151695899999996],[-51.63800090000001,-21.160047800000005],[-51.64188140000001,-21.165549599999988],[-51.6537841,-21.167458100000005],[-51.65875979999999,-21.1695527],[-51.66085220000001,-21.1661323],[-51.67231410000001,-21.160498900000007],[-51.6718892,-21.1588042],[-51.6681595,-21.158453600000016],[-51.6674569,-21.15686439999999],[-51.6743961,-21.153313700000005],[-51.6714247,-21.150726499999994],[-51.6721517,-21.149173],[-51.673959800000006,-21.149113599999982],[-51.67677990000001,-21.151399],[-51.68138780000001,-21.149162199999992],[-51.6855359,-21.1497979],[-51.6875221,-21.146162200000006],[-51.6906032,-21.1446882],[-51.690634599999996,-21.139468500000003],[-51.691929,-21.136644600000015],[-51.6900549,-21.1344079],[-51.6948905,-21.131859],[-51.6911906,-21.127382899999986],[-51.6928116,-21.123044],[-51.68792069999999,-21.122525600000017],[-51.6913138,-21.11944530000001],[-51.6907559,-21.116093999999986],[-51.7014535,-21.107818500000015],[-51.7015148,-21.106184800000012],[-51.69784529999999,-21.103563999999995],[-51.698694599999996,-21.100807199999995],[-51.697598,-21.09824099999999],[-51.6944604,-21.09630960000001],[-51.697849,-21.095408399999982],[-51.6994977,-21.088198500000004],[-51.7019579,-21.0909809],[-51.7032891,-21.087269399999986],[-51.706065900000006,-21.0893588],[-51.7084349,-21.08753510000002],[-51.7064269,-21.0863038],[-51.706844800000006,-21.083535699999995],[-51.70823360000001,-21.083203699999988],[-51.7102425,-21.08464369999997],[-51.71371210000001,-21.083298199999984],[-51.71364419999999,-21.080727799999988],[-51.71110800000001,-21.07951180000001],[-51.7142765,-21.07922449999999],[-51.7146269,-21.0769003],[-51.7184723,-21.075709600000007],[-51.7167911,-21.073015599999998],[-51.719457999999996,-21.069624600000004],[-51.7222232,-21.072222699999998],[-51.72582100000001,-21.068749399999973],[-51.728613800000005,-21.074139700000007],[-51.729957600000006,-21.070310600000006],[-51.7314829,-21.069508000000003],[-51.7342349,-21.07147309999998],[-51.7366931,-21.071690800000002],[-51.7363405,-21.07349299999999],[-51.7375125,-21.07433609999999],[-51.7387051,-21.070912100000008],[-51.7413205,-21.0712661],[-51.739878600000004,-21.069249800000005],[-51.7408913,-21.068814800000002],[-51.743423299999996,-21.06918209999998],[-51.7445833,-21.06759809999998],[-51.7449759,-21.0698124],[-51.7476826,-21.0702073],[-51.74777240000001,-21.068719400000006],[-51.7456899,-21.06648409999999],[-51.7490301,-21.06639600000001],[-51.7531345,-21.064195700000017],[-51.7537103,-21.063525699999996],[-51.7515615,-21.061943299999992],[-51.7521675,-21.0608184],[-51.7545917,-21.061877600000003],[-51.7556684,-21.065919],[-51.761857799999994,-21.06426749999998],[-51.7611769,-21.055498],[-51.7651226,-21.055175600000016],[-51.7638206,-21.059204],[-51.7645915,-21.060058300000016],[-51.7677318,-21.056919299999993],[-51.765992700000005,-21.05136139999999],[-51.7724764,-21.051121300000002],[-51.7712582,-21.042660600000012],[-51.7596476,-21.022196799999996],[-51.75239680000001,-21.01326299999999],[-51.746876400000005,-21.009071199999994],[-51.7379211,-20.995250700000003],[-51.72223040000001,-20.976768000000003],[-51.7136957,-20.971458],[-51.70568300000001,-20.970356399999993],[-51.696435900000004,-20.970479800000003],[-51.685621899999994,-20.973019199999996],[-51.67872640000001,-20.972944399999992],[-51.659646300000006,-20.968503499999986],[-51.644275700000016,-20.955524199999974],[-51.632838199999995,-20.951722899999982],[-51.6281707,-20.949029599999992],[-51.623587300000004,-20.944432899999985],[-51.62093170000001,-20.93936559999999],[-51.618998500000004,-20.9325906],[-51.6176192,-20.91061409999999],[-51.613677,-20.8963192],[-51.6134777,-20.89007839999998],[-51.6150883,-20.886085999999995],[-51.6266795,-20.8724955],[-51.62970150000001,-20.861452899999993],[-51.6329772,-20.82155819999998],[-51.6261492,-20.79626569999999],[-51.6278648,-20.789024899999998],[-51.6274829,-20.784696899999997],[-51.6223984,-20.776871999999997],[-51.6245322,-20.771797099999997],[-51.6326685,-20.7611254],[-51.6348992,-20.754848399999997],[-51.6315036,-20.736835299999996],[-51.62428750000001,-20.712518700000007],[-51.6114674,-20.685623300000003],[-51.603296,-20.661695500000008],[-51.5941482,-20.643847700000002],[-51.5883103,-20.6356507],[-51.5707683,-20.62007659999999],[-51.5330051,-20.596993899999998],[-51.500222300000004,-20.568216299999985],[-51.4928561,-20.546506299999987],[-51.4661474,-20.508246699999983],[-51.46378270000001,-20.5014527],[-51.45661170000001,-20.4956598],[-51.449229100000004,-20.482815399999996],[-51.4443681,-20.478917100000025],[-51.40927959999999,-20.4595706],[-51.3989579,-20.445761100000002],[-51.37511550000001,-20.39652700000001],[-51.361224400000005,-20.3845403],[-51.350868600000005,-20.36317940000001],[-51.3427054,-20.3546601],[-51.321445000000004,-20.339619199999994],[-51.2956845,-20.32848209999998],[-51.2399055,-20.316935900000008],[-51.1976121,-20.31227080000002],[-51.178059700000006,-20.30928560000001],[-51.1607664,-20.305224099999975],[-51.1324143,-20.295531500000006],[-51.117583,-20.28694460000002],[-51.1093896,-20.2800922],[-51.104648,-20.28639199999998],[-51.094401999999995,-20.28540699999998],[-51.092991,-20.289901000000004],[-51.0882695,-20.2940748],[-51.088242,-20.296038000000006],[-51.085996,-20.29843999999998],[-51.085541,-20.301976999999997],[-51.0826315,-20.306639400000005],[-51.08335999999999,-20.310851999999983],[-51.08062000000001,-20.318061999999983],[-51.0806093,-20.324216499999988],[-51.078922,-20.328211000000003],[-51.06762100000001,-20.339693999999998],[-51.063919999999996,-20.341768999999992],[-51.062086,-20.34697799999999],[-51.056806,-20.352341000000017],[-51.0548649,-20.358119800000008],[-51.0496304,-20.363460499999988],[-51.0438015,-20.366680699999996],[-51.035855700000006,-20.37313859999998],[-51.032484,-20.377376],[-51.02066,-20.385857199999986],[-51.0173523,-20.393317199999995],[-51.0159608,-20.404005200000004],[-51.01355650000001,-20.407796600000008],[-51.0095895,-20.407794299999985],[-51.003318000000014,-20.413141000000014],[-50.998580999999994,-20.414427999999983],[-50.998639000000004,-20.419071000000017],[-50.994238,-20.424660999999997],[-50.994209,-20.429417],[-50.990837000000006,-20.431723],[-50.99055589999999,-20.43493670000001],[-50.986342400000005,-20.4403112],[-50.9867137,-20.442503],[-50.9848383,-20.4457767],[-50.9861034,-20.4517709],[-50.9802193,-20.45857080000001],[-50.9808946,-20.4676083],[-50.9790159,-20.472542900000015],[-50.9816789,-20.477696100000003],[-50.98257140000001,-20.483180500000014],[-50.9801275,-20.491751500000007],[-50.9824193,-20.496187299999995],[-50.978446,-20.49902369999999],[-50.9769396,-20.503085000000016],[-50.9689375,-20.511102400000023],[-50.9675816,-20.5205447],[-50.9644382,-20.522727500000006],[-50.968177100000005,-20.52769670000001],[-50.9662849,-20.549228000000006],[-50.964695299999995,-20.54948490000001],[-50.9603133,-20.557117299999998],[-50.9576659,-20.55797940000002],[-50.953733100000015,-20.557092099999995],[-50.9468025,-20.5510706],[-50.9406641,-20.55165690000002],[-50.936487299999996,-20.5548187],[-50.931571100000006,-20.554758300000003],[-50.9276463,-20.552840299999986],[-50.926714,-20.5473397],[-50.9244468,-20.545293800000003],[-50.9224947,-20.546021199999977],[-50.92149589999999,-20.54980959999998],[-50.9170563,-20.550418000000025],[-50.9154372,-20.548372299999997],[-50.9153217,-20.54349790000001],[-50.913000399999994,-20.5408666],[-50.9025091,-20.538910400000017],[-50.893468,-20.544218299999997],[-50.8935168,-20.546408],[-50.8965057,-20.549432599999985],[-50.8947622,-20.5534515],[-50.897411500000004,-20.55544329999999],[-50.89641400000001,-20.557528600000005],[-50.8918153,-20.559063099999992],[-50.88722260000001,-20.55884010000001],[-50.8843115,-20.5563679],[-50.8843034,-20.549247199999982],[-50.87848019999999,-20.549853499999987],[-50.8818879,-20.543026799999996],[-50.877460500000005,-20.53851429999999],[-50.86827170000001,-20.54534570000001],[-50.860375700000006,-20.54486860000002],[-50.8548142,-20.54287179999999],[-50.8489762,-20.54846929999999],[-50.8471061,-20.547030799999998],[-50.8468043,-20.54106580000001],[-50.844460999999995,-20.535830400000002],[-50.8412619,-20.533345200000017],[-50.8320727,-20.532213700000007],[-50.82360340000001,-20.532674699999998],[-50.819048900000006,-20.533078999999987],[-50.8178804,-20.534840599999992],[-50.8132414,-20.531079399999996],[-50.807715200000004,-20.535303599999988],[-50.8064082,-20.54133169999999],[-50.81034819999999,-20.542438999999998],[-50.8078346,-20.5467675],[-50.8038828,-20.545116800000013],[-50.79955950000001,-20.5414564],[-50.7967567,-20.5442865],[-50.7905759,-20.545860899999987],[-50.7880177,-20.541861200000003],[-50.77914210000001,-20.545436200000005],[-50.7743219,-20.545635199999996],[-50.7693504,-20.5441677],[-50.76837019999999,-20.5481464],[-50.7702804,-20.5523327],[-50.7648312,-20.552983500000003],[-50.760417,-20.551613],[-50.7559481,-20.548419099999993],[-50.755805,-20.541681400000005],[-50.75435430000002,-20.539041100000006],[-50.747763,-20.5426296],[-50.73853,-20.5447874],[-50.7388636,-20.54091830000001],[-50.7372526,-20.53609940000001],[-50.7352461,-20.534000000000006],[-50.7293518,-20.533137199999995],[-50.73044920000001,-20.53112979999999],[-50.72499299999999,-20.526853400000004],[-50.720447,-20.526650800000017],[-50.717429200000005,-20.528186200000007],[-50.7127564,-20.5275023],[-50.7098839,-20.532343999999988],[-50.705700199999995,-20.534448299999994],[-50.70224279999999,-20.532173199999992],[-50.6994194,-20.532018100000005],[-50.69582830000001,-20.52887099999999],[-50.6934306,-20.531301299999985],[-50.6918448,-20.538511800000016],[-50.68795070000001,-20.535281399999988],[-50.6910092,-20.533566199999996],[-50.6884712,-20.533306899999992],[-50.6900647,-20.5272904],[-50.6891151,-20.5235468],[-50.68309120000001,-20.524512699999985],[-50.6836871,-20.527139],[-50.68217980000001,-20.529425099999994],[-50.679306999999994,-20.530096100000012],[-50.68001279999999,-20.52821140000001],[-50.6788256,-20.527608099999995],[-50.67321110000001,-20.5310314],[-50.665377,-20.53165520000001],[-50.6613902,-20.52738709999997],[-50.6625732,-20.52258049999999],[-50.6614156,-20.519467500000005],[-50.6579913,-20.51710899999997],[-50.64976620000001,-20.51459800000002],[-50.6499307,-20.512404299999996],[-50.64746149999999,-20.51101670000001],[-50.648092600000005,-20.507065699999988],[-50.64625699999999,-20.507618],[-50.64461670000001,-20.50654019999999],[-50.6407711,-20.507200999999977],[-50.639371000000004,-20.5091216],[-50.6371876,-20.508343200000002],[-50.6361248,-20.510842200000003],[-50.63687230000001,-20.5135496],[-50.634077000000005,-20.5151893],[-50.6342875,-20.5138748],[-50.6318285,-20.51495160000001],[-50.6293191,-20.5104379],[-50.6279703,-20.510374900000006],[-50.627355300000005,-20.507924099999983],[-50.6249217,-20.508061599999994],[-50.620681600000005,-20.512723699999974],[-50.6167125,-20.514345199999994],[-50.6171053,-20.515530300000005],[-50.613270600000014,-20.51925],[-50.6096136,-20.52011179999999],[-50.60424050000001,-20.5184182],[-50.6027568,-20.519058199999993],[-50.6045899,-20.521365100000004],[-50.6007306,-20.522408899999974],[-50.600646600000005,-20.5242853],[-50.59736339999999,-20.522189100000002],[-50.59172829999999,-20.52277539999998],[-50.5893509,-20.518025400000003],[-50.5860686,-20.51513010000001],[-50.5861163,-20.517615699999975],[-50.5833514,-20.5156572],[-50.583350700000004,-20.5187933],[-50.5802812,-20.517572400000002],[-50.5733435,-20.5178406],[-50.5738836,-20.5189531],[-50.5706321,-20.519032799999984],[-50.57141229999999,-20.520284799999985],[-50.569826400000004,-20.52133349999999],[-50.5684558,-20.520321300000003],[-50.5656909,-20.521191700000017],[-50.556816299999994,-20.528406300000015],[-50.5542862,-20.528516800000016],[-50.5529574,-20.5264665],[-50.5548665,-20.52375929999999],[-50.55149360000001,-20.522851499999994],[-50.551475399999994,-20.52109699999999],[-50.5489663,-20.51937260000001],[-50.54742020000001,-20.5198783],[-50.5491822,-20.50925579999998],[-50.54768620000001,-20.50608660000001],[-50.5447684,-20.5036227],[-50.536950999999995,-20.505042099999997],[-50.532409900000005,-20.508334199999993],[-50.5276672,-20.508957300000006],[-50.5214044,-20.5068714],[-50.518893500000004,-20.500921200000015],[-50.51360430000001,-20.502704799999986],[-50.510292299999996,-20.5023739],[-50.507102399999994,-20.500288699999988],[-50.5053155,-20.4968191],[-50.5009047,-20.4998616],[-50.496916,-20.496091300000003],[-50.4951233,-20.49764219999999],[-50.492445000000004,-20.496750799999976],[-50.4939056,-20.498502200000008],[-50.4919389,-20.4996661],[-50.48788329999999,-20.4972528],[-50.4868526,-20.494592500000007],[-50.48431000000001,-20.49279029999998],[-50.4829948,-20.492832099999983],[-50.4804842,-20.495968000000005],[-50.476182599999994,-20.4941294],[-50.4731364,-20.4944455],[-50.4669037,-20.48908629999999],[-50.466358299999996,-20.489777299999993],[-50.461949800000006,-20.48754509999998],[-50.45392120000002,-20.486226099999993],[-50.44853340000001,-20.4862201],[-50.4496098,-20.483491299999987],[-50.448415399999995,-20.48231790000001],[-50.4403594,-20.48332650000001],[-50.43734200000001,-20.480151399999997],[-50.4392507,-20.478878399999985],[-50.434482700000004,-20.48022260000001],[-50.4315837,-20.479599099999984],[-50.4303475,-20.476129999999998],[-50.42773890000001,-20.474608199999995],[-50.4269713,-20.47660139999999],[-50.4214284,-20.477739199999988],[-50.4193464,-20.476473699999996],[-50.41507680000001,-20.4772782],[-50.4134473,-20.47945109999999],[-50.40979740000001,-20.480469499999995],[-50.4066723,-20.47763350000001],[-50.4018113,-20.476885800000005],[-50.39992870000001,-20.478275500000002],[-50.3986816,-20.477788699999998],[-50.3982404,-20.479541599999976],[-50.3969131,-20.479734399999998],[-50.3944995,-20.478022800000005],[-50.3942198,-20.472195599999996],[-50.3851335,-20.476790999999984],[-50.38364820000002,-20.475755],[-50.384248,-20.47319860000002],[-50.3822614,-20.4753407],[-50.3762237,-20.474039900000015],[-50.37300900000001,-20.4748544],[-50.3729155,-20.4711405],[-50.3707331,-20.470370499999998],[-50.36382700000001,-20.475301399999985],[-50.36193120000001,-20.4754482],[-50.362593200000006,-20.4766861],[-50.3611769,-20.477777400000015],[-50.3599456,-20.4772684],[-50.3571154,-20.4713953],[-50.3513837,-20.473055300000002],[-50.3456311,-20.477203999999993],[-50.344352400000005,-20.475697100000016],[-50.3423856,-20.4766912],[-50.341850400000006,-20.474861600000004],[-50.3353482,-20.473462600000012],[-50.33564770000001,-20.472352600000026],[-50.330954100000014,-20.46892080000001],[-50.3262043,-20.476614599999976],[-50.3211426,-20.47399980000001],[-50.31778020000001,-20.474715599999996],[-50.31283820000001,-20.471489099999992],[-50.3125542,-20.4690756],[-50.310765300000014,-20.470150399999994],[-50.30869,-20.46936000000002],[-50.3086754,-20.47088779999999],[-50.30516310000001,-20.4719561],[-50.3034151,-20.4677088],[-50.3023456,-20.467507199999996],[-50.3022912,-20.469246699999992],[-50.3003568,-20.46989689999998],[-50.29904630000001,-20.468100600000007],[-50.3006093,-20.46551189999999],[-50.2991639,-20.464394899999988],[-50.29821869999999,-20.46074339999999],[-50.2964889,-20.460772999999993],[-50.295838200000006,-20.462298099999998],[-50.2969099,-20.463713300000006],[-50.2937933,-20.46677090000001],[-50.2946343,-20.4677392],[-50.2907242,-20.471290800000002],[-50.28586960000001,-20.46933359999999],[-50.2831729,-20.473774299999967],[-50.2824608,-20.476775700000005],[-50.283514100000005,-20.478804999999983],[-50.2789034,-20.486074000000002],[-50.2804139,-20.490291499999994],[-50.2782032,-20.5005105],[-50.2796437,-20.50502240000002],[-50.2775979,-20.5086841],[-50.272996899999995,-20.513036900000003],[-50.2712741,-20.520965600000018],[-50.2721769,-20.52292840000001],[-50.2777149,-20.526358499999983],[-50.28148469999999,-20.535564700000013],[-50.2811372,-20.541561499999997],[-50.283725800000006,-20.54866459999999],[-50.2837254,-20.5539501],[-50.2799504,-20.5584792],[-50.2769589,-20.56829979999999],[-50.2736511,-20.5690548],[-50.2753174,-20.57584960000001],[-50.2858821,-20.58602589999998],[-50.2796517,-20.594905000000008],[-50.2847847,-20.602312499999993],[-50.2932589,-20.609188300000003],[-50.29682830000001,-20.619549900000003],[-50.3017496,-20.628506499999997],[-50.3027363,-20.633821199999996],[-50.3004029,-20.6416812],[-50.2979999,-20.6424622],[-50.29513450000001,-20.63962770000001],[-50.2908165,-20.6396668],[-50.2856375,-20.6444435],[-50.2844518,-20.649545699999997],[-50.287906000000014,-20.655598],[-50.2878199,-20.659100600000023],[-50.290024900000006,-20.664228699999992],[-50.289167,-20.670099099999987],[-50.2849503,-20.676033499999992],[-50.2844942,-20.68226139999999],[-50.2882192,-20.690145799999996],[-50.2877755,-20.6940113],[-50.2900792,-20.69951680000001],[-50.2896798,-20.702431900000004],[-50.2959601,-20.704888999999984],[-50.2972397,-20.707272],[-50.2958624,-20.711705500000008],[-50.2943054,-20.734472499999985],[-50.2888135,-20.734923300000002],[-50.285435500000006,-20.733915399999994],[-50.27566639999999,-20.734982400000003],[-50.2728913,-20.733671600000005],[-50.2679157,-20.749625600000005],[-50.2654228,-20.7521832],[-50.2601997,-20.743012300000004],[-50.2505033,-20.736737100000003],[-50.2465717,-20.73800959999998],[-50.2385604,-20.745403399999997],[-50.2356768,-20.753671800000003],[-50.2337907,-20.7525755],[-50.23142789999999,-20.74614659999999],[-50.226699,-20.73909139999999],[-50.2222753,-20.7455439],[-50.219891,-20.7469506],[-50.21856890000001,-20.7547244],[-50.21598699999999,-20.7550356],[-50.213618600000004,-20.753484],[-50.211195,-20.749105900000004],[-50.2090721,-20.749538],[-50.20447130000001,-20.747196799999998],[-50.2008753,-20.746963299999997],[-50.1977119,-20.748831299999996],[-50.1924812,-20.749439799999998],[-50.188012300000004,-20.745715200000006],[-50.1774637,-20.744525600000003],[-50.170895,-20.7480749],[-50.1657281,-20.7541448],[-50.16601930000001,-20.761213400000024],[-50.1691501,-20.767442699999986],[-50.1687523,-20.771899099999967],[-50.160899700000016,-20.774230899999996],[-50.1567055,-20.777376999999998],[-50.149291000000005,-20.7794213],[-50.145536,-20.781906100000004],[-50.1373797,-20.7727731],[-50.1335948,-20.771040699999986],[-50.1259612,-20.773049300000004],[-50.12260139999999,-20.7723884],[-50.1165439,-20.764681400000004],[-50.1140653,-20.763454200000012],[-50.1150875,-20.76682699999998],[-50.1112593,-20.773170300000004],[-50.1101802,-20.778688400000004],[-50.113829,-20.780439499999986],[-50.1161484,-20.78523230000002],[-50.115412000000006,-20.7878026],[-50.1165913,-20.790146500000013],[-50.1155415,-20.7926096],[-50.117104100000006,-20.795890899999996],[-50.1204062,-20.798335899999994],[-50.12363369999999,-20.804377800000008],[-50.1252801,-20.804581699999993],[-50.1267598,-20.80702519999998],[-50.1229695,-20.813841999999987],[-50.1248012,-20.815560499999982],[-50.124512300000006,-20.818400500000003],[-50.127110900000005,-20.81876569999998],[-50.1255785,-20.81999259999999],[-50.1249589,-20.822911799999986],[-50.1203014,-20.8252609],[-50.1218161,-20.834925900000005],[-50.12289510000001,-20.836133200000017],[-50.1259998,-20.83456459999998],[-50.130771400000015,-20.840377999999987],[-50.1334337,-20.83985060000001],[-50.1347567,-20.842357099999973],[-50.1406511,-20.8450036],[-50.143636000000015,-20.845179399999996],[-50.1453022,-20.850289699999998],[-50.1466614,-20.849200100000004],[-50.147637599999996,-20.84983350000001],[-50.1487025,-20.854049099999997],[-50.15201950000001,-20.850483900000004],[-50.15191930000001,-20.851726],[-50.1537029,-20.8525974],[-50.1522628,-20.854256800000016],[-50.1537631,-20.85537009999999],[-50.15301770000001,-20.85815759999999],[-50.1551246,-20.859796999999983],[-50.1539242,-20.863080300000025],[-50.1590092,-20.866043800000018],[-50.158686,-20.870202399999965],[-50.1633381,-20.8707578],[-50.1638597,-20.87488290000002],[-50.16135820000001,-20.8738748],[-50.15830230000001,-20.875669399999996],[-50.1495158,-20.873202899999967],[-50.14253000000001,-20.8784426],[-50.13900890000001,-20.878732499999973],[-50.13284839999999,-20.8823135],[-50.12791570000001,-20.880158799999975],[-50.12349530000001,-20.880039999999994],[-50.116417,-20.882543200000004],[-50.1143337,-20.8766118],[-50.11205429999999,-20.87631929999999],[-50.1118906,-20.8799885],[-50.1054456,-20.8862989],[-50.102329000000005,-20.88720799999999],[-50.0962565,-20.886009200000004],[-50.0926816,-20.886765200000013],[-50.07868199999999,-20.9041741],[-50.0711837,-20.910426299999987],[-50.072638,-20.913779700000003],[-50.0655885,-20.9203936],[-50.064046000000005,-20.927722999999997],[-50.06176,-20.9309279],[-50.0613249,-20.933420100000003],[-50.06292400000001,-20.935682100000008],[-50.0621449,-20.939256],[-50.0603418,-20.939973100000007],[-50.05887860000001,-20.938811599999998],[-50.05681620000001,-20.93987320000001],[-50.0555285,-20.935761999999993],[-50.05235580000001,-20.93184630000001],[-50.0506798,-20.931474],[-50.051036700000004,-20.934398899999994],[-50.04663500000001,-20.94032980000001],[-50.0366844,-20.943818500000017],[-50.0357928,-20.93980829999999],[-50.0319042,-20.933258199999994],[-50.02397340000002,-20.940417399999994],[-50.022374000000006,-20.943581699999978],[-50.0272786,-20.95989370000002],[-50.02698790000001,-20.9620101],[-50.0293085,-20.965956200000008],[-50.0299028,-20.96970800000001],[-50.03273620000001,-20.973290099999986],[-50.03292170000001,-20.978390099999995],[-50.03944560000001,-20.981057100000008],[-50.0438293,-20.991310699999993],[-50.0465397,-20.991702599999996],[-50.0550375,-20.99733319999999],[-50.0560681,-21.00050729999998],[-50.0670115,-21.010061],[-50.06809510000001,-21.013648299999993],[-50.0744694,-21.017471999999987],[-50.078044199999994,-21.024558100000004],[-50.0813147,-21.027139799999997],[-50.0779351,-21.0323573],[-50.0837876,-21.034683799999986],[-50.0823185,-21.0369843],[-50.083562699999995,-21.0390867],[-50.0899903,-21.03974739999999],[-50.091715400000005,-21.047460800000007],[-50.0966709,-21.050810399999996],[-50.0976364,-21.05710889999998],[-50.10214250000001,-21.061284799999992],[-50.10747719999999,-21.063000099999996],[-50.1061252,-21.067088800000015],[-50.1095139,-21.073086499999985],[-50.109234,-21.0874118],[-50.1101091,-21.0908075],[-50.1128443,-21.094086299999997],[-50.111530900000005,-21.095868599999985],[-50.1041039,-21.0997234],[-50.1034398,-21.101743099999968],[-50.109661100000004,-21.103441],[-50.113112,-21.10774959999999],[-50.1153572,-21.111594199999978],[-50.1143188,-21.115783000000008],[-50.1156101,-21.117406600000006],[-50.1196796,-21.11564770000001],[-50.1223692,-21.116927300000004],[-50.1329919,-21.129445599999986],[-50.1414378,-21.1336034],[-50.1473087,-21.139119799999996],[-50.1513161,-21.139886100000012],[-50.14677449999999,-21.1433491],[-50.1463565,-21.14748099999998],[-50.1483,-21.155583300000007],[-50.1393973,-21.169855299999988],[-50.1337846,-21.191469000000012],[-50.122532,-21.19957799999999],[-50.11396640000001,-21.20884789999998],[-50.09098,-21.220334400000006],[-50.0859539,-21.2197655],[-50.0706251,-21.213296300000007],[-50.060595600000006,-21.215023999999985],[-50.05367650000001,-21.21293070000001],[-50.0277253,-21.21072759999999],[-50.0146545,-21.216723000000005],[-50.00021790000001,-21.226655500000017],[-49.9891808,-21.226556300000016],[-49.9779859,-21.229746900000016],[-49.9620609,-21.22771219999999],[-49.9526572,-21.22923],[-49.94382920000001,-21.232232299999986],[-49.9366518,-21.232700099999985],[-49.9330434,-21.231354799999984],[-49.9282596,-21.2267755],[-49.9211211,-21.225940000000026],[-49.9190632,-21.227329999999984],[-49.91509310000001,-21.237565100000012],[-49.91274030000001,-21.23957259999998],[-49.884669200000005,-21.248168400000004],[-49.8740323,-21.25760229999999],[-49.868912099999996,-21.2607268],[-49.8636667,-21.261837],[-49.8557555,-21.260496499999995],[-49.84765780000001,-21.271842099999994],[-49.8316287,-21.2749525],[-49.8331372,-21.277264499999987],[-49.8319166,-21.276807600000016],[-49.8322044,-21.278669300000015],[-49.8305851,-21.278983200000017],[-49.830589399999994,-21.280817000000006],[-49.8254927,-21.280277000000005],[-49.8290624,-21.281732899999994],[-49.8317876,-21.284571],[-49.8296418,-21.285695200000003],[-49.8291102,-21.289478500000005],[-49.8259071,-21.291773399999983],[-49.826217400000004,-21.293463799999984],[-49.8251015,-21.293086699999993],[-49.82316990000001,-21.29530880000001],[-49.82443489999999,-21.299940399999997],[-49.8180553,-21.303103899999993],[-49.8191445,-21.30416670000001],[-49.8174373,-21.30821699999998],[-49.81826079999999,-21.3126015],[-49.8166182,-21.31559709999999],[-49.8239847,-21.318477800000004],[-49.8228711,-21.3235445],[-49.825949,-21.3256829],[-49.8239765,-21.3303331],[-49.826699,-21.331609999999987],[-49.8273252,-21.3334048],[-49.826072,-21.33676919999999],[-49.8268862,-21.339268500000006],[-49.83298150000001,-21.337738900000012],[-49.8362623,-21.347459999999998],[-49.84026279999999,-21.349739400000004],[-49.839410300000004,-21.3508472],[-49.8414371,-21.352026799999997],[-49.8413708,-21.353299099999994],[-49.8452963,-21.357657899999996],[-49.8450435,-21.3598258],[-49.8464239,-21.360653000000003],[-49.848126,-21.36568719999999],[-49.8520091,-21.3690095],[-49.8557317,-21.36786599999999],[-49.8562007,-21.371843999999985],[-49.8570431,-21.371923999999996],[-49.8562553,-21.372746199999984],[-49.8577443,-21.372741499999986],[-49.8615499,-21.377146200000013],[-49.8613913,-21.38178209999999],[-49.8640532,-21.389951399999998],[-49.8685525,-21.3926257],[-49.8668062,-21.395722400000007],[-49.86698669999999,-21.3990192],[-49.86482710000001,-21.400899699999997],[-49.8611332,-21.409487099999993],[-49.8623347,-21.410865299999987],[-49.8634445,-21.418410399999985],[-49.8613518,-21.4229695],[-49.8632963,-21.42469810000001],[-49.8619653,-21.42832259999997],[-49.862757,-21.429317200000003],[-49.8611456,-21.430480099999997],[-49.866301,-21.436443499999992],[-49.86617150000001,-21.43862210000001],[-49.8647586,-21.439614899999988],[-49.869181,-21.440653799999993],[-49.8707993,-21.44271240000002],[-49.870107900000015,-21.446057699999997],[-49.8671135,-21.4484379],[-49.8704268,-21.4490142],[-49.8713426,-21.451753799999988],[-49.868506000000004,-21.454192800000012],[-49.8705411,-21.457032299999995],[-49.8698701,-21.45909839999999],[-49.868592,-21.459482100000013],[-49.87063370000001,-21.46147099999998],[-49.8722429,-21.46886109999999],[-49.876059,-21.468250400000002],[-49.8863166,-21.47120579999998],[-49.88952,-21.468289800000008],[-49.8910983,-21.468525],[-49.89267860000001,-21.471333899999976],[-49.8914839,-21.475894800000003],[-49.893583899999996,-21.477866299999995],[-49.89350519999999,-21.481938100000008],[-49.8993911,-21.491552900000013],[-49.902998,-21.49453400000001],[-49.9056439,-21.5027704],[-49.90859729999999,-21.5044517],[-49.9108995,-21.5104603],[-49.9114494,-21.51977949999998],[-49.9100424,-21.5230273],[-49.9080285,-21.52356670000001],[-49.9049096,-21.5221634],[-49.9024051,-21.523809400000008],[-49.902980400000004,-21.528629199999994],[-49.9082967,-21.537102299999994],[-49.9085772,-21.544791399999987],[-49.911858800000005,-21.5532156],[-49.9157824,-21.557460099999993],[-49.9183389,-21.555940500000005],[-49.9248074,-21.556462699999987],[-49.926169400000006,-21.555143699999995],[-49.9335047,-21.553848500000004],[-49.93727450000001,-21.5562562],[-49.9405275,-21.563518199999994],[-49.9448675,-21.566443499999984],[-49.9466346,-21.570100500000013],[-49.95028560000001,-21.572111100000015],[-49.9540759,-21.577034100000006],[-49.963466700000005,-21.579598200000003],[-49.96754750000001,-21.5765037],[-49.9746248,-21.578344099999992],[-49.9798771,-21.57825080000001],[-49.982758700000005,-21.580860599999998],[-49.9866446,-21.58786339999998],[-49.9932526,-21.590919699999997],[-49.9967107,-21.588782300000002],[-50.00432950000001,-21.58726469999998],[-50.01326670000001,-21.5900433],[-50.02189220000002,-21.5903124],[-50.0282063,-21.589234899999987],[-50.0318117,-21.592263400000004],[-50.0385409,-21.595341699999995],[-50.0424967,-21.60041679999999],[-50.0448072,-21.607914000000015],[-50.0481975,-21.609928300000018],[-50.0553045,-21.608632500000006],[-50.0583501,-21.603202199999995],[-50.0607405,-21.59595499999999],[-50.0574215,-21.590142600000014],[-50.05774149999999,-21.586997400000016],[-50.05859279999999,-21.584881599999996],[-50.0608534,-21.583941499999998],[-50.06110940000001,-21.58943539999998],[-50.0639851,-21.59139660000002],[-50.070828999999996,-21.59318449999998],[-50.0736655,-21.595959599999993],[-50.076414099999994,-21.60525029999998],[-50.079796699999996,-21.610321999999996],[-50.0879782,-21.6162177],[-50.0943535,-21.617699799999993],[-50.10011879999999,-21.620998599999997],[-50.1001248,-21.643493800000016],[-50.1033015,-21.6461053],[-50.1032632,-21.650547500000002],[-50.1049304,-21.652877500000002],[-50.1060441,-21.6599839],[-50.10739850000001,-21.661155200000003],[-50.108564,-21.667414400000006],[-50.10795670000002,-21.67106069999999],[-50.1096253,-21.673202300000018],[-50.10670580000001,-21.677432899999978],[-50.106014,-21.681051999999998],[-50.1069601,-21.683502100000005],[-50.1102491,-21.685106399999995],[-50.108996,-21.685884199999983],[-50.110629200000005,-21.686310400000004],[-50.110454600000004,-21.68992589999998],[-50.1121196,-21.689833700000005],[-50.114838000000006,-21.6923024],[-50.1177944,-21.69018080000001],[-50.1189703,-21.687939100000012],[-50.118354700000005,-21.686537699999995],[-50.1201452,-21.684983199999987],[-50.1238474,-21.686790299999977],[-50.1246698,-21.690065899999986],[-50.1260375,-21.689991399999997],[-50.1254744,-21.6890479],[-50.12717980000001,-21.690803400000014],[-50.1290283,-21.689209700000013],[-50.12867550000001,-21.690684099999988],[-50.1301149,-21.690411500000007],[-50.1303055,-21.69146539999998],[-50.1331455,-21.68846459999998],[-50.1350086,-21.68968059999999],[-50.13681530000001,-21.687532999999988],[-50.1390221,-21.687973799999998],[-50.1438759,-21.686577999999987],[-50.1475098,-21.682436000000006],[-50.15234970000001,-21.681489600000006],[-50.15491490000001,-21.6823716],[-50.1553819,-21.681055300000015],[-50.1594523,-21.6826605],[-50.1583658,-21.683298999999998],[-50.1598083,-21.683520999999978],[-50.15964390000001,-21.6854625],[-50.1625516,-21.685763500000004],[-50.1633853,-21.69123829999999],[-50.1654447,-21.692402499999996],[-50.16456070000001,-21.693951899999995],[-50.165987699999995,-21.693090100000006],[-50.165664,-21.694895000000006],[-50.1682558,-21.69622969999999],[-50.16812740000001,-21.69382670000001],[-50.1699795,-21.695113799999994],[-50.172922200000016,-21.695087599999972],[-50.1739112,-21.6923733],[-50.1731586,-21.6919913],[-50.17531660000001,-21.691439799999998],[-50.1761347,-21.68992060000001],[-50.183018,-21.69323620000003],[-50.1848954,-21.691998299999995],[-50.18588720000001,-21.692647200000003],[-50.18693870000001,-21.690444199999998],[-50.1898304,-21.689722300000017],[-50.1954236,-21.691907499999978],[-50.1973889,-21.6896875],[-50.199891,-21.690200499999992],[-50.207621,-21.686812900000007],[-50.20932210000001,-21.6877718],[-50.2088685,-21.688710099999987],[-50.2109003,-21.6892105],[-50.2093615,-21.6905628],[-50.2122176,-21.692365399999993],[-50.2104139,-21.694166299999978],[-50.2115756,-21.696570399999988],[-50.2136172,-21.696481699999996],[-50.2139622,-21.69540989999998],[-50.2167307,-21.697460700000008],[-50.220219500000006,-21.697371600000015],[-50.2228134,-21.699152399999996],[-50.2216058,-21.70177890000001],[-50.2235827,-21.700515599999985],[-50.2249906,-21.701125400000002],[-50.2248204,-21.700224899999995],[-50.2277496,-21.698633600000015],[-50.231664,-21.699412400000014],[-50.231733199999994,-21.6972567],[-50.2334229,-21.69836859999999],[-50.234703,-21.697275500000007],[-50.2367718,-21.69909450000001],[-50.2407752,-21.69705810000001],[-50.2438706,-21.697115699999998],[-50.2444168,-21.699362100000013],[-50.2458962,-21.696749200000006],[-50.2458898,-21.697991300000012],[-50.24894900000001,-21.70007879999999],[-50.247734,-21.700599599999997],[-50.24827909999999,-21.702575399999994],[-50.2509806,-21.703442799999998],[-50.2511234,-21.704576300000003],[-50.2552003,-21.705698399999978],[-50.26106510000002,-21.70285219999999],[-50.2639581,-21.70299659999999],[-50.2649055,-21.704338399999997],[-50.2655365,-21.703281399999995],[-50.2716355,-21.709783999999992],[-50.2740251,-21.7089759],[-50.2743608,-21.707552100000004],[-50.2805545,-21.707703399999996],[-50.2842746,-21.70965570000002],[-50.2852948,-21.70918570000001],[-50.2919493,-21.715541599999995],[-50.2954368,-21.7144915],[-50.2944414,-21.717323199999996],[-50.2998028,-21.714203099999988],[-50.301296699999995,-21.715824699999988],[-50.3014788,-21.71374239999998],[-50.3040533,-21.713504699999998],[-50.304596800000006,-21.711094999999993],[-50.3051306,-21.71314559999999],[-50.30604799999999,-21.711846600000005],[-50.3078341,-21.712892000000007],[-50.307508000000006,-21.714030799999996],[-50.30935989999999,-21.714418599999995],[-50.312599200000015,-21.7109018],[-50.31501879999999,-21.710312499999983],[-50.315676,-21.708612199999983],[-50.31771580000001,-21.707304999999995],[-50.32123380000001,-21.707633699999985],[-50.3212553,-21.7063986],[-50.32334269999999,-21.70925300000001],[-50.32648480000001,-21.70871500000001],[-50.3259117,-21.7074993],[-50.32677220000001,-21.707451699999982],[-50.3297275,-21.711103499999993],[-50.3303387,-21.709154500000004],[-50.33231820000001,-21.714110700000006],[-50.335143,-21.717257599999993],[-50.33569050000001,-21.71555679999999],[-50.3392321,-21.714226099999994],[-50.342073199999994,-21.715545699999982],[-50.3424253,-21.712522399999994],[-50.34370940000001,-21.71352029999998],[-50.34426669999999,-21.7121093],[-50.3434256,-21.710559000000003],[-50.3487717,-21.70966649999998],[-50.3505843,-21.711866299999986],[-50.351276500000004,-21.71099919999997],[-50.3522742,-21.71176330000002],[-50.3523595,-21.713671299999998],[-50.3535815,-21.713266700000005],[-50.3530166,-21.7154207],[-50.35451040000001,-21.715455799999994],[-50.3544424,-21.716676100000015],[-50.355448,-21.715671400000012],[-50.3561324,-21.718319900000004],[-50.3540882,-21.7189259],[-50.3558661,-21.720160700000005],[-50.3579268,-21.7193648],[-50.3605119,-21.72327430000001],[-50.3606304,-21.725784799999992],[-50.3629554,-21.724931700000006],[-50.362177700000004,-21.7221294],[-50.3646981,-21.721744400000006],[-50.36537020000001,-21.720117],[-50.368383200000004,-21.719770399999994],[-50.3719255,-21.723608099999993],[-50.37957879999999,-21.7183436],[-50.39115140000001,-21.7193221],[-50.3908354,-21.718195299999987],[-50.39484600000001,-21.716835899999985],[-50.3947875,-21.71586360000001],[-50.3965019,-21.715519],[-50.3969488,-21.7171505],[-50.399877000000004,-21.71648139999998],[-50.4006149,-21.71396249999999],[-50.40420919999999,-21.712652000000006],[-50.4099906,-21.706942800000004],[-50.40999620000001,-21.703631799999993],[-50.4114447,-21.707094199999993],[-50.412374500000006,-21.705423700000026],[-50.4143162,-21.704926199999996],[-50.4134165,-21.706896499999996],[-50.4143143,-21.707308999999988],[-50.4169142,-21.7045919],[-50.4214229,-21.70565289999999],[-50.4206468,-21.70412989999999],[-50.422432300000004,-21.70356599999999],[-50.4210519,-21.70258909999999],[-50.422575200000004,-21.701081399999993],[-50.4243736,-21.701211900000015],[-50.4230339,-21.699803899999992],[-50.4255371,-21.697722200000005],[-50.4248629,-21.696155699999995],[-50.426612100000014,-21.694868000000003],[-50.4330339,-21.69461969999999],[-50.4335451,-21.695893199999993],[-50.43209540000001,-21.696619199999983],[-50.4339603,-21.697736499999994],[-50.4370923,-21.696796999999997],[-50.43762970000001,-21.695373499999977],[-50.4420543,-21.695231099999997],[-50.446085100000005,-21.69304109999999],[-50.4509969,-21.692933199999995],[-50.4517622,-21.69116689999999],[-50.450649900000016,-21.690406999999993],[-50.4536343,-21.688322499999998],[-50.454983,-21.6894453],[-50.4572668,-21.687296600000003],[-50.459265099999996,-21.688311799999994],[-50.4613171,-21.687492500000012],[-50.46177860000001,-21.6886476],[-50.4644573,-21.688467500000012],[-50.461453500000005,-21.68996559999998],[-50.46473550000001,-21.692554199999993],[-50.4624193,-21.69398950000001],[-50.4642559,-21.6964174],[-50.4628418,-21.700228199999987],[-50.46411690000001,-21.706488900000004],[-50.4665664,-21.7040117],[-50.4694221,-21.705891999999974],[-50.4697877,-21.70429979999997],[-50.4749272,-21.701904099999982],[-50.4808709,-21.7020398],[-50.4813482,-21.7041635],[-50.483058,-21.702835999999998],[-50.4843214,-21.7038486],[-50.48482740000001,-21.702329899999995],[-50.486751,-21.704678400000002],[-50.490010700000006,-21.7051819],[-50.49126660000002,-21.708372499999978],[-50.4896869,-21.708280000000006],[-50.4899009,-21.709713199999992],[-50.4919484,-21.710216499999984],[-50.4918041,-21.7112101],[-50.492822800000006,-21.710687],[-50.4959667,-21.71528669999999],[-50.4993941,-21.7142003],[-50.50320249999999,-21.715796199999993],[-50.5061143,-21.7132375],[-50.5065764,-21.7090835],[-50.5100149,-21.707668399999996],[-50.5094204,-21.7054008],[-50.51078050000001,-21.703329000000007],[-50.51506440000001,-21.706301799999995],[-50.5162834,-21.710307199999995],[-50.5182682,-21.707224799999995],[-50.520713,-21.705857799999993],[-50.5222825,-21.709027199999987],[-50.52336950000001,-21.706727899999997],[-50.5259903,-21.706552699999996],[-50.5263557,-21.70483609999999],[-50.5279039,-21.704986699999992],[-50.5318026,-21.70145279999998],[-50.533404900000015,-21.701757000000015],[-50.53776849999999,-21.699517899999982],[-50.53931700000001,-21.700209399999988],[-50.5441132,-21.698987299999995],[-50.5438324,-21.701223199999994],[-50.5451075,-21.70165039999998],[-50.5484912,-21.69956940000002],[-50.5498664,-21.702504099999995],[-50.5511225,-21.7010019],[-50.550094,-21.6997346],[-50.55180849999999,-21.699488900000006],[-50.5519538,-21.697751500000006],[-50.5544686,-21.698905800000002],[-50.55428799999999,-21.69661749999998],[-50.5530765,-21.696365799999977],[-50.5538726,-21.69437249999998],[-50.555204,-21.693762099999997],[-50.55639380000001,-21.695282700000003],[-50.559518800000006,-21.691960899999984],[-50.5607661,-21.693265299999997],[-50.5612036,-21.690839800000006],[-50.563084,-21.692313899999995],[-50.5651482,-21.689856099999997],[-50.56696000000001,-21.69072330000001],[-50.5670327,-21.69256539999998],[-50.5690361,-21.692154000000002],[-50.5690953,-21.6906631],[-50.5710321,-21.6915891],[-50.57296130000002,-21.687135399999992],[-50.57913400000001,-21.686347199999997],[-50.5774437,-21.684040500000005],[-50.5833307,-21.6819137],[-50.58548010000001,-21.679602100000007],[-50.5888653,-21.680698],[-50.5872983,-21.678195900000002],[-50.5900636,-21.673744099999997],[-50.5952678,-21.672295099999996],[-50.596756,-21.67336619999999],[-50.5981688,-21.6723387],[-50.5986246,-21.668721699999985],[-50.6031655,-21.66666400000001],[-50.6021521,-21.665550600000003],[-50.6005867,-21.6661024],[-50.5977191,-21.662484600000006],[-50.6003902,-21.661569800000006],[-50.6010462,-21.65822399999999],[-50.6066578,-21.659114499999987],[-50.6084736,-21.658461],[-50.6091192,-21.656803300000007],[-50.6106795,-21.65810439999998],[-50.61407260000001,-21.656778399999986],[-50.6158991,-21.659450500000002],[-50.62057090000001,-21.6609669],[-50.6213242,-21.65938890000001],[-50.619928300000005,-21.655527300000006],[-50.6208553,-21.65386289999999],[-50.61890660000001,-21.651577999999994],[-50.6215992,-21.650458500000006],[-50.6203287,-21.645953099999996],[-50.6231041,-21.6429918],[-50.627606400000005,-21.64294729999998],[-50.63040170000001,-21.649733900000005],[-50.6300415,-21.65465619999999],[-50.632453700000006,-21.6565751],[-50.63493700000001,-21.65578239999998],[-50.64042740000001,-21.649568099999993],[-50.64353779999999,-21.651021000000004],[-50.6466327,-21.6506802],[-50.6497457,-21.638619199999997],[-50.654628200000005,-21.6340372],[-50.65380310000001,-21.630419900000003],[-50.652017900000004,-21.62931749999999],[-50.65195159999999,-21.627655099999995],[-50.6534006,-21.6265218],[-50.6521523,-21.6235328],[-50.656190300000006,-21.62269],[-50.660802100000005,-21.618506100000012],[-50.66119080000001,-21.614831000000002],[-50.6675145,-21.610748799999993],[-50.67037379999999,-21.604935599999983],[-50.6774756,-21.6010093],[-50.680855599999994,-21.602270899999997],[-50.682805,-21.5980323],[-50.6867153,-21.597809699999996],[-50.6922436,-21.5931685],[-50.697098,-21.5925819],[-50.69856,-21.590217699999997],[-50.7008524,-21.590071900000012],[-50.7078743,-21.585503799999998],[-50.7083499,-21.5836505],[-50.7061664,-21.5790322],[-50.7082688,-21.5769891],[-50.7145582,-21.577749900000004],[-50.72608739999999,-21.5769943],[-50.7300266,-21.572664099999983],[-50.7342919,-21.571950199999996],[-50.7391461,-21.57443840000001],[-50.742447600000006,-21.5779551],[-50.746326800000006,-21.578102099999985],[-50.7484424,-21.576519600000008],[-50.7490566,-21.57410050000001],[-50.744288499999996,-21.5665907],[-50.7449405,-21.564857],[-50.7465921,-21.566356000000006],[-50.7491651,-21.565496199999995],[-50.7544465,-21.5711294],[-50.7576404,-21.570382799999997],[-50.7613771,-21.56310059999999],[-50.7675004,-21.563597599999994],[-50.7691691,-21.568596099999997],[-50.7709948,-21.569484899999992],[-50.771558799999994,-21.56846789999999],[-50.7697555,-21.56602369999999],[-50.7738947,-21.5641417],[-50.7752993,-21.564754000000008],[-50.7731376,-21.566817200000003],[-50.7735681,-21.567578499999982],[-50.78229279999999,-21.5674492],[-50.7817072,-21.562931299999995],[-50.7749928,-21.561654499999996],[-50.77264950000001,-21.557894799999993],[-50.77026110000001,-21.55734690000002],[-50.7705446,-21.555797700000003],[-50.7689319,-21.553513399999982],[-50.7699707,-21.550519],[-50.7692616,-21.548170299999995],[-50.7735203,-21.5446233],[-50.7760305,-21.546244899999984],[-50.7774612,-21.542772000000003],[-50.7827995,-21.544103199999984],[-50.7858255,-21.547863699999997],[-50.7893367,-21.549380099999986],[-50.7872048,-21.551941199999998],[-50.787875,-21.5535668],[-50.7858506,-21.557014200000005],[-50.78890129999999,-21.558874099999993],[-50.79421180000001,-21.559059199999986],[-50.7991567,-21.5549425],[-50.7933811,-21.54304609999999],[-50.7974785,-21.541726900000004],[-50.802457700000005,-21.5488797],[-50.80347590000001,-21.55310689999998],[-50.806575699999996,-21.55473519999999],[-50.80562770000001,-21.558169699999986],[-50.8064682,-21.56016329999999],[-50.8075794,-21.56104829999999],[-50.8092427,-21.5600819],[-50.8108943,-21.557834800000016],[-50.80916529999999,-21.5560298],[-50.81066280000001,-21.555359199999987],[-50.814594,-21.559405100000014],[-50.8148828,-21.56349280000001],[-50.817594899999996,-21.5633483],[-50.8221753,-21.5575645],[-50.8207405,-21.555423800000007],[-50.8154091,-21.554272000000005],[-50.8193499,-21.550700800000016],[-50.8171791,-21.549453199999974],[-50.8149242,-21.55019169999998],[-50.8136041,-21.54798999999998],[-50.8137092,-21.542382399999997],[-50.81586000000001,-21.539886500000005],[-50.82307960000001,-21.539191399999993],[-50.8246983,-21.537649900000023],[-50.82944130000001,-21.536603799999988],[-50.8398712,-21.536901099999994],[-50.8449444,-21.5348049],[-50.8473851,-21.53566280000002],[-50.8552628,-21.52966479999998],[-50.857859,-21.5300185],[-50.864246099999995,-21.5281902],[-50.8704882,-21.5238862],[-50.8726317,-21.51908999999999],[-50.8716513,-21.517000100000008],[-50.8726849,-21.514169899999988],[-50.8661107,-21.5110715],[-50.86451850000001,-21.5080804],[-50.8678684,-21.5044953],[-50.8661223,-21.499010799999997],[-50.8691458,-21.497242000000014],[-50.8705081,-21.4932131],[-50.87428640000001,-21.4888984]]]}},{"type":"Feature","properties":{"id":"administrativas-13","nome":"São José do Rio Preto"},"geometry":{"type":"Polygon","coordinates":[[[-50.8143275,-20.531440900000003],[-50.8178804,-20.534840599999992],[-50.819048900000006,-20.533078999999987],[-50.8320727,-20.532213700000007],[-50.8412619,-20.533345200000017],[-50.844460999999995,-20.535830400000002],[-50.8468043,-20.54106580000001],[-50.8471061,-20.547030799999998],[-50.8489762,-20.54846929999999],[-50.8548142,-20.54287179999999],[-50.860375700000006,-20.54486860000002],[-50.86827170000001,-20.54534570000001],[-50.877460500000005,-20.53851429999999],[-50.8818879,-20.543026799999996],[-50.87848019999999,-20.549853499999987],[-50.8843034,-20.549247199999982],[-50.8843115,-20.5563679],[-50.88722260000001,-20.55884010000001],[-50.8918153,-20.559063099999992],[-50.89641400000001,-20.557528600000005],[-50.897411500000004,-20.55544329999999],[-50.8947622,-20.5534515],[-50.8965057,-20.549432599999985],[-50.8935168,-20.546408],[-50.893468,-20.544218299999997],[-50.9025091,-20.538910400000017],[-50.913000399999994,-20.5408666],[-50.9153217,-20.54349790000001],[-50.9154372,-20.548372299999997],[-50.9170563,-20.550418000000025],[-50.92149589999999,-20.54980959999998],[-50.9224947,-20.546021199999977],[-50.9244468,-20.545293800000003],[-50.926714,-20.5473397],[-50.9276463,-20.552840299999986],[-50.931571100000006,-20.554758300000003],[-50.936487299999996,-20.5548187],[-50.9406641,-20.55165690000002],[-50.9468025,-20.5510706],[-50.953733100000015,-20.557092099999995],[-50.9576659,-20.55797940000002],[-50.9603133,-20.557117299999998],[-50.964695299999995,-20.54948490000001],[-50.9662849,-20.549228000000006],[-50.968177100000005,-20.52769670000001],[-50.96459100000001,-20.522273600000016],[-50.9675816,-20.5205447],[-50.9691781,-20.51066709999998],[-50.9769396,-20.503085000000016],[-50.978446,-20.49902369999999],[-50.982527400000016,-20.49571099999999],[-50.9801275,-20.491751500000007],[-50.98257140000001,-20.483180500000014],[-50.9816789,-20.477696100000003],[-50.9790159,-20.472542900000015],[-50.9808946,-20.4676083],[-50.9802193,-20.45857080000001],[-50.9861034,-20.4517709],[-50.9848383,-20.4457767],[-50.9867137,-20.442503],[-50.986342400000005,-20.4403112],[-50.99055589999999,-20.43493670000001],[-50.990837000000006,-20.431723],[-50.994209,-20.429417],[-50.994238,-20.424660999999997],[-50.998639000000004,-20.419071000000017],[-50.998580999999994,-20.414427999999983],[-51.003318000000014,-20.413141000000014],[-51.0095895,-20.407794299999985],[-51.01355650000001,-20.407796600000008],[-51.0159608,-20.404005200000004],[-51.0173523,-20.393317199999995],[-51.02066,-20.385857199999986],[-51.032484,-20.377376],[-51.035855700000006,-20.37313859999998],[-51.0438015,-20.366680699999996],[-51.0496304,-20.363460499999988],[-51.0548649,-20.358119800000008],[-51.056806,-20.352341000000017],[-51.062086,-20.34697799999999],[-51.063919999999996,-20.341768999999992],[-51.06762100000001,-20.339693999999998],[-51.078922,-20.328211000000003],[-51.0806093,-20.324216499999988],[-51.08062000000001,-20.318061999999983],[-51.08335999999999,-20.310851999999983],[-51.0826315,-20.306639400000005],[-51.085541,-20.301976999999997],[-51.085996,-20.29843999999998],[-51.088242,-20.296038000000006],[-51.0882695,-20.2940748],[-51.092991,-20.289901000000004],[-51.094401999999995,-20.28540699999998],[-51.104648,-20.28639199999998],[-51.1093896,-20.2800922],[-51.0691631,-20.250049500000017],[-51.0589327,-20.235160699999998],[-51.053858999999996,-20.22022270000002],[-51.048812,-20.1985769],[-51.037746500000004,-20.174658800000014],[-51.0215848,-20.133348899999984],[-51.007441500000006,-20.105599600000005],[-51.0011911,-20.09633480000001],[-51.000475,-20.085384400000006],[-50.9965342,-20.077314600000005],[-50.980839499999995,-20.057856400000016],[-50.96912940000001,-20.036445200000024],[-50.961895299999995,-20.031933300000016],[-50.9531779,-20.033877000000015],[-50.9470541,-20.031252300000013],[-50.9336598,-20.014929200000005],[-50.9247157,-20.011354599999994],[-50.9119029,-20.003078999999985],[-50.9108526,-19.997449299999996],[-50.9081347,-19.99425739999999],[-50.897199400000005,-19.990155199999997],[-50.8761761,-19.99082500000002],[-50.872873600000005,-19.9895966],[-50.8630526,-19.982228599999992],[-50.8546914,-19.9719871],[-50.851583,-19.969766599999996],[-50.8365524,-19.9660007],[-50.8173362,-19.958333200000013],[-50.7902435,-19.939585100000002],[-50.78360150000001,-19.937229499999983],[-50.7354129,-19.93018900000001],[-50.70899850000001,-19.9202217],[-50.6805462,-19.91481199999999],[-50.66132410000001,-19.909002],[-50.6521026,-19.901451300000005],[-50.6474082,-19.895317099999982],[-50.6397935,-19.880493499999986],[-50.6319448,-19.870916600000005],[-50.621810100000005,-19.864391299999994],[-50.6097686,-19.859736299999987],[-50.605545199999995,-19.856088299999996],[-50.5992127,-19.8447331],[-50.586361,-19.82680539999998],[-50.5779488,-19.816374399999987],[-50.572745300000015,-19.81376959999999],[-50.5692111,-19.8127872],[-50.55762270000002,-19.813127400000006],[-50.5448736,-19.81014480000002],[-50.5267803,-19.799897200000014],[-50.5172129,-19.7964081],[-50.498970299999996,-19.795784300000005],[-50.486199199999994,-19.78565070000003],[-50.47818770000001,-19.781457800000002],[-50.4693236,-19.779888799999984],[-50.45449300000001,-19.786042399999996],[-50.44012479999999,-19.794096200000002],[-50.4268837,-19.7964572],[-50.4171328,-19.801136499999995],[-50.39475010000001,-19.820673200000005],[-50.389089100000014,-19.8292185],[-50.378965900000004,-19.837784999999972],[-50.37291940000001,-19.845365700000002],[-50.36788320000001,-19.8465026],[-50.364365899999996,-19.850791799999985],[-50.3570726,-19.85458190000001],[-50.35275889999999,-19.864602400000003],[-50.34566120000001,-19.867563400000005],[-50.3366308,-19.869792699999987],[-50.3290708,-19.869334299999988],[-50.3064103,-19.874085999999977],[-50.2960461,-19.8692347],[-50.285631,-19.867817900000002],[-50.24515589999999,-19.87675769999999],[-50.2375824,-19.8755719],[-50.2156518,-19.8666484],[-50.2072349,-19.8663751],[-50.19598390000001,-19.86724230000001],[-50.1762984,-19.872582200000007],[-50.17365770000001,-19.874806200000002],[-50.1624139,-19.878314299999996],[-50.1502607,-19.87745819999998],[-50.130412,-19.873671799999993],[-50.1099856,-19.873865300000006],[-50.0972433,-19.875479],[-50.0876689,-19.8802791],[-50.079521500000006,-19.885982],[-50.060511999999996,-19.902012500000005],[-50.0472392,-19.915389599999994],[-50.018763400000005,-19.925396799999994],[-50.0121875,-19.92671930000001],[-50.00305289999999,-19.926446999999996],[-49.969882500000004,-19.920048400000006],[-49.9621547,-19.920224099999995],[-49.9460521,-19.923910999999997],[-49.905217900000004,-19.937451299999992],[-49.8883369,-19.945304899999986],[-49.860157900000004,-19.944380400000014],[-49.8555733,-19.946825000000004],[-49.8352745,-19.933314999999997],[-49.8225163,-19.931121300000004],[-49.80046250000001,-19.931175999999983],[-49.782456200000006,-19.924463100000004],[-49.749402200000006,-19.924696199999982],[-49.733956899999995,-19.926171300000004],[-49.7121496,-19.931261499999994],[-49.6892886,-19.93058990000001],[-49.68596869999999,-19.93155779999999],[-49.67762570000001,-19.929576300000004],[-49.6759759,-19.93282709999998],[-49.6572171,-19.931452599999993],[-49.6344053,-19.931932099999997],[-49.62540150000002,-19.92857300000002],[-49.6110265,-19.91878490000002],[-49.59722669999999,-19.913736400000005],[-49.579928300000006,-19.909441200000003],[-49.5592035,-19.91120729999998],[-49.55148520000001,-19.905840999999977],[-49.5398775,-19.9074445],[-49.5140049,-19.914311500000004],[-49.5034528,-19.91992939999999],[-49.499925200000014,-19.92596209999998],[-49.4951174,-19.946137499999995],[-49.492786200000005,-19.950421199999994],[-49.4799718,-19.961179500000004],[-49.463212799999994,-19.971540500000007],[-49.458242,-19.97593100000001],[-49.44451960000001,-19.9805118],[-49.43453920000001,-19.9823852],[-49.3964836,-19.98385040000002],[-49.3724417,-19.9866963],[-49.3564865,-19.9867173],[-49.3366022,-19.982084600000015],[-49.332779900000006,-19.98010699999999],[-49.3289855,-19.974943399999994],[-49.31162200000001,-19.964818200000007],[-49.29753780000001,-19.960545400000004],[-49.2905893,-19.960522999999984],[-49.2809835,-19.9627912],[-49.2651731,-19.962037999999996],[-49.2563106,-19.965190399999994],[-49.249647,-19.969554199999983],[-49.24643150000001,-19.975161299999996],[-49.24833879999999,-19.999636999999996],[-49.25822840000001,-20.006101400000006],[-49.2625334,-20.006926199999995],[-49.2746302,-20.00362380000001],[-49.2839236,-20.004771700000003],[-49.2920758,-20.0107901],[-49.296311,-20.015573800000006],[-49.2982158,-20.03343460000001],[-49.3072553,-20.0603193],[-49.3084553,-20.07755790000001],[-49.308538,-20.103892900000012],[-49.3002876,-20.143343499999986],[-49.2992464,-20.1670761],[-49.2857298,-20.191825000000005],[-49.283475300000006,-20.2000246],[-49.2738535,-20.213727800000015],[-49.2642762,-20.231263000000002],[-49.25908209999999,-20.248092],[-49.2602167,-20.2522506],[-49.259156,-20.26020420000001],[-49.2492177,-20.274820800000004],[-49.24862100000001,-20.2773038],[-49.2397014,-20.287249800000005],[-49.235807199999996,-20.29453510000001],[-49.22866820000001,-20.303357399999992],[-49.225294,-20.30534309999998],[-49.2170901,-20.3042503],[-49.2029996,-20.304671200000005],[-49.19556060000001,-20.308800799999997],[-49.1918788,-20.307614399999995],[-49.18898,-20.311181599999994],[-49.1835625,-20.314659799999987],[-49.1712797,-20.311745799999997],[-49.170317700000005,-20.306453999999995],[-49.1590287,-20.2979797],[-49.13401180000001,-20.28446810000001],[-49.1224111,-20.273545],[-49.120718700000005,-20.270528200000005],[-49.1113375,-20.275437100000005],[-49.0936309,-20.28955559999999],[-49.09454439999999,-20.2977582],[-49.0910075,-20.306812799999992],[-49.090038800000016,-20.31427719999998],[-49.09131659999999,-20.323097099999988],[-49.0912399,-20.3294921],[-49.08980940000001,-20.332855900000002],[-49.090346000000004,-20.3381512],[-49.0860538,-20.346406],[-49.083359600000016,-20.348155299999995],[-49.0820131,-20.35118730000001],[-49.0765821,-20.353995500000007],[-49.0755167,-20.35604439999998],[-49.0781749,-20.3696103],[-49.075810000000004,-20.374335700000003],[-49.07745280000001,-20.377070600000014],[-49.0775318,-20.383384299999992],[-49.080988600000005,-20.387723999999984],[-49.079814600000006,-20.393720500000004],[-49.0851962,-20.399266299999997],[-49.081414,-20.4084565],[-49.0862854,-20.412911699999995],[-49.0889594,-20.418981300000002],[-49.093249,-20.418803699999998],[-49.0960148,-20.415745799999986],[-49.099605700000005,-20.4160735],[-49.1059808,-20.423131299999994],[-49.1110522,-20.424845199999975],[-49.115311899999995,-20.4328533],[-49.1167678,-20.439224600000006],[-49.1206371,-20.445653599999996],[-49.123819499999996,-20.457858000000012],[-49.1329289,-20.463972900000005],[-49.1372494,-20.4650087],[-49.1435951,-20.468688700000012],[-49.144512700000014,-20.46662349999998],[-49.1396211,-20.457729699999998],[-49.14128530000001,-20.4553349],[-49.14280269999999,-20.455013200000007],[-49.1443995,-20.458652800000003],[-49.1527508,-20.464019599999986],[-49.165104,-20.459455799999997],[-49.173369,-20.468393],[-49.17427250000001,-20.4719367],[-49.1763233,-20.474364400000002],[-49.1810907,-20.475693500000002],[-49.1858479,-20.474587200000002],[-49.1947981,-20.469126399999997],[-49.20505399999999,-20.466825100000012],[-49.2081068,-20.466553099999995],[-49.21468240000001,-20.468661599999997],[-49.2196068,-20.4718949],[-49.21751830000001,-20.472926900000015],[-49.21656440000001,-20.4752132],[-49.21176,-20.47765560000001],[-49.2127864,-20.4786837],[-49.2117962,-20.480499999999992],[-49.2138808,-20.482204299999992],[-49.2122329,-20.48821459999999],[-49.213408400000006,-20.490718399999995],[-49.2110142,-20.493523000000003],[-49.2111655,-20.502645299999998],[-49.206574,-20.505745199999982],[-49.2047013,-20.50485179999999],[-49.2030921,-20.50629619999998],[-49.199471100000004,-20.505723800000013],[-49.1973667,-20.508063300000003],[-49.1929885,-20.508291700000004],[-49.1888804,-20.511458099999984],[-49.1982181,-20.5216918],[-49.202517,-20.529472599999995],[-49.202467600000006,-20.531324600000012],[-49.19939010000001,-20.533953900000004],[-49.2001451,-20.535709900000008],[-49.1941623,-20.536887000000014],[-49.1939592,-20.538854799999996],[-49.19094350000001,-20.538562399999986],[-49.1905336,-20.54043669999998],[-49.1887657,-20.54002689999999],[-49.1847023,-20.542841399999997],[-49.1829042,-20.542639900000005],[-49.1757051,-20.545916900000012],[-49.16821820000001,-20.551812800000015],[-49.16626320000001,-20.554890399999984],[-49.168397399999996,-20.560600800000003],[-49.159546200000015,-20.572182700000006],[-49.1615671,-20.5740435],[-49.156411600000006,-20.574249599999998],[-49.1553747,-20.5769585],[-49.1542071,-20.575563299999978],[-49.150301,-20.576115100000006],[-49.1465889,-20.582105600000002],[-49.13611420000001,-20.582827999999996],[-49.13357349999999,-20.587102099999985],[-49.1370012,-20.5936325],[-49.1249784,-20.594849500000006],[-49.1219159,-20.596609999999995],[-49.119180400000005,-20.6010259],[-49.118871600000006,-20.604417599999994],[-49.1230051,-20.608072200000013],[-49.12411670000001,-20.61127519999999],[-49.1245369,-20.615929],[-49.1225586,-20.6207603],[-49.1243166,-20.62316669999999],[-49.1232688,-20.623859699999993],[-49.1186204,-20.6229529],[-49.1160095,-20.624456500000008],[-49.1191164,-20.626505099999992],[-49.1206914,-20.6303552],[-49.1237932,-20.631577500000006],[-49.1232528,-20.632927800000004],[-49.1249544,-20.6380795],[-49.1098825,-20.64723959999998],[-49.1065712,-20.6516453],[-49.1219886,-20.657195999999995],[-49.1300193,-20.658241700000026],[-49.1283378,-20.660160899999983],[-49.12833599999999,-20.662717499999996],[-49.122609100000005,-20.664625099999977],[-49.1214414,-20.666824199999997],[-49.12735159999999,-20.67009040000001],[-49.1278989,-20.67123779999999],[-49.12642360000002,-20.670595600000006],[-49.1265276,-20.672286099999983],[-49.12968649999999,-20.674668499999996],[-49.122377600000014,-20.680628900000013],[-49.12357680000001,-20.681744299999977],[-49.1210766,-20.683584500000006],[-49.1242462,-20.692128899999993],[-49.1229841,-20.69555910000001],[-49.1240438,-20.69725539999999],[-49.122196300000006,-20.698179099999997],[-49.121952,-20.70289289999998],[-49.124903200000006,-20.705774700000003],[-49.12709730000002,-20.71056],[-49.12664349999999,-20.712101499999978],[-49.1236096,-20.71344409999999],[-49.1263287,-20.71556749999999],[-49.1255008,-20.7169347],[-49.1263143,-20.7212419],[-49.1248854,-20.7207437],[-49.1263923,-20.726741300000008],[-49.1249757,-20.7269215],[-49.1257882,-20.729063199999977],[-49.1217861,-20.7303306],[-49.121381,-20.734479300000004],[-49.11833370000001,-20.739841000000002],[-49.11472770000001,-20.73724199999999],[-49.11179250000001,-20.737261499999992],[-49.1084355,-20.739103000000014],[-49.110625399999996,-20.742451000000013],[-49.10928620000001,-20.7431112],[-49.1074932,-20.74127679999998],[-49.104558600000004,-20.742526700000013],[-49.1040164,-20.7437903],[-49.105654200000004,-20.74471509999999],[-49.10442220000001,-20.745863699999987],[-49.1022605,-20.744827699999995],[-49.1019209,-20.746243900000007],[-49.09935130000001,-20.747577899999985],[-49.098537,-20.7521206],[-49.0954638,-20.756488300000004],[-49.094839,-20.763153099999975],[-49.0965066,-20.764348999999996],[-49.0954672,-20.767047799999997],[-49.0987655,-20.769546600000005],[-49.0979871,-20.771333199999997],[-49.10145390000002,-20.773466599999992],[-49.1052536,-20.779661899999983],[-49.1027,-20.781851999999997],[-49.09491299999999,-20.78479459999999],[-49.09136650000001,-20.78926840000001],[-49.09012870000001,-20.794724],[-49.0916385,-20.796617199999993],[-49.09386910000001,-20.806393400000015],[-49.0930758,-20.8112961],[-49.0856897,-20.81249029999999],[-49.0840772,-20.813844],[-49.077777700000006,-20.811413800000008],[-49.07438880000001,-20.811272700000004],[-49.0684158,-20.81351189999999],[-49.068073,-20.812648199999984],[-49.064054500000005,-20.812215800000004],[-49.06399510000001,-20.8134751],[-49.0627818,-20.8133115],[-49.06199240000001,-20.8148822],[-49.06042850000001,-20.8147139],[-49.05853729999999,-20.817206800000008],[-49.0548663,-20.8187513],[-49.0543309,-20.82257380000001],[-49.0466757,-20.825585099999994],[-49.0459203,-20.829864199999975],[-49.04088000000001,-20.833375600000004],[-49.041663,-20.83549500000001],[-49.0343749,-20.83745879999998],[-49.02823570000001,-20.843260899999983],[-49.02315200000001,-20.85047840000002],[-49.0161368,-20.854424399999996],[-49.01262300000001,-20.85381440000002],[-49.0129176,-20.855111799999992],[-49.008272,-20.85523800000001],[-49.007971399999995,-20.853978300000005],[-49.0044776,-20.85355149999998],[-49.0027957,-20.850081999999986],[-49.00043070000001,-20.848346900000006],[-48.9944601,-20.848022700000016],[-48.99099189999999,-20.849148200000027],[-48.9889266,-20.848002700000013],[-48.9840723,-20.8484825],[-48.9703482,-20.857697099999996],[-48.970755600000004,-20.858597],[-48.96884740000001,-20.859168800000003],[-48.9655019,-20.86288119999998],[-48.960176,-20.86413889999999],[-48.9560833,-20.868247999999976],[-48.9525976,-20.866280399999997],[-48.9506089,-20.867097300000005],[-48.9500642,-20.86955339999999],[-48.9473372,-20.870824000000006],[-48.94788109999999,-20.877975399999986],[-48.942487699999994,-20.8834568],[-48.934254800000005,-20.883459800000008],[-48.93194330000001,-20.881715599999982],[-48.9296197,-20.8817892],[-48.9282201,-20.88008989999998],[-48.9292064,-20.879498500000008],[-48.925561300000005,-20.87615419999998],[-48.923576999999995,-20.878916899999982],[-48.92178700000001,-20.878649599999992],[-48.920913899999995,-20.880533900000003],[-48.9172776,-20.87970220000001],[-48.9172775,-20.881614],[-48.9144066,-20.881065199999995],[-48.9132234,-20.8832437],[-48.912248,-20.8830283],[-48.9122646,-20.881142199999985],[-48.9085699,-20.88223749999999],[-48.9037932,-20.887005400000003],[-48.90625239999999,-20.8871919],[-48.90500010000002,-20.889504299999984],[-48.9071702,-20.892636900000007],[-48.91099380000001,-20.89371129999999],[-48.9091991,-20.89445950000001],[-48.9096832,-20.896383000000007],[-48.908604700000005,-20.896482499999998],[-48.9069944,-20.9009617],[-48.908219700000004,-20.90448229999998],[-48.9068073,-20.9088755],[-48.9084901,-20.911667699999995],[-48.9069658,-20.912716599999975],[-48.9087167,-20.913552999999986],[-48.9083819,-20.9182736],[-48.9060604,-20.919942599999985],[-48.9043686,-20.924709299999996],[-48.90148080000001,-20.926876499999985],[-48.902010800000006,-20.92852049999999],[-48.8985225,-20.93041220000001],[-48.9006829,-20.93386620000001],[-48.89930670000001,-20.9355605],[-48.9004487,-20.935892599999985],[-48.894584800000004,-20.938928200000007],[-48.89165680000001,-20.948003799999977],[-48.88895019999999,-20.947738300000008],[-48.8887361,-20.949112500000016],[-48.886127500000015,-20.946901199999985],[-48.88387910000001,-20.948320699999982],[-48.8828285,-20.947195199999978],[-48.8817066,-20.94793520000001],[-48.88233550000001,-20.94952449999998],[-48.88104380000001,-20.949798399999978],[-48.88512299999999,-20.953146900000004],[-48.8856026,-20.959737699999998],[-48.87898670000001,-20.96032599999999],[-48.8777098,-20.96154479999999],[-48.8776707,-20.9633105],[-48.8785965,-20.963499400000018],[-48.8775954,-20.964923699999986],[-48.87893460000001,-20.96771400000001],[-48.87796720000001,-20.970432500000022],[-48.874617900000004,-20.9720152],[-48.870952100000004,-20.971961100000005],[-48.8675348,-20.97521829999999],[-48.8659305,-20.97475229999998],[-48.8643476,-20.979670099999993],[-48.8609847,-20.9780743],[-48.8613997,-20.9851079],[-48.8593858,-20.986566499999995],[-48.85942090000001,-20.9894437],[-48.8573453,-20.9918261],[-48.85724990000001,-20.9967075],[-48.8559319,-20.99667049999998],[-48.8562579,-20.99863699999999],[-48.8595231,-21.001521499999996],[-48.8595706,-21.006077599999994],[-48.858280900000004,-21.00860520000001],[-48.8553043,-21.008856800000004],[-48.8513497,-21.011800999999995],[-48.8498654,-21.014773799999983],[-48.847287000000016,-21.014217799999994],[-48.8442935,-21.015515100000016],[-48.8372025,-21.006920999999995],[-48.8285221,-21.003379699999982],[-48.8236807,-21.003265500000012],[-48.8158104,-20.9994376],[-48.8146518,-20.994101499999978],[-48.80471920000001,-20.987162699999992],[-48.8045224,-20.982071000000015],[-48.80055800000001,-20.9702836],[-48.79450920000001,-20.9603273],[-48.7925512,-20.949658],[-48.7905719,-20.945569299999985],[-48.7908687,-20.9413661],[-48.79571330000001,-20.9346135],[-48.7940852,-20.9351853],[-48.79276900000001,-20.933499300000012],[-48.7923775,-20.934638199999974],[-48.790877699999996,-20.934560999999995],[-48.7892356,-20.933011],[-48.787082100000006,-20.934504099999984],[-48.785643500000006,-20.934020900000004],[-48.783112300000006,-20.936358699999982],[-48.7833425,-20.937485799999976],[-48.7822746,-20.937022],[-48.777196,-20.939142500000003],[-48.77774740000002,-20.940573800000017],[-48.7757489,-20.9410045],[-48.77567760000001,-20.94280579999999],[-48.7746778,-20.942730299999983],[-48.7750539,-20.945468200000022],[-48.770373,-20.946901799999978],[-48.768531800000005,-20.950132899999996],[-48.7658825,-20.950239200000013],[-48.76228389999999,-20.945270599999983],[-48.7603131,-20.94495729999999],[-48.759814,-20.946964299999994],[-48.7585245,-20.94659259999999],[-48.7592362,-20.948498900000004],[-48.7528266,-20.953226699999988],[-48.7440241,-20.955631900000004],[-48.7433108,-20.9581397],[-48.7469496,-20.961779799999977],[-48.7453295,-20.96621900000001],[-48.743416800000006,-20.966933500000003],[-48.7402108,-20.9631043],[-48.7373301,-20.9631815],[-48.7364289,-20.965456099999997],[-48.7375103,-20.968045200000006],[-48.736899,-20.97090059999999],[-48.73477720000001,-20.974110900000014],[-48.7290824,-20.97745380000001],[-48.7279591,-20.98114620000002],[-48.726385499999985,-20.98072080000001],[-48.7255456,-20.9782361],[-48.72087200000001,-20.974480699999997],[-48.71814100000001,-20.977835899999995],[-48.7165538,-20.976914899999993],[-48.70847990000001,-20.980997000000006],[-48.7073272,-20.984320900000004],[-48.709879,-20.9859456],[-48.7104167,-20.987775499999994],[-48.70833650000001,-20.989891799999995],[-48.7088371,-20.991063299999997],[-48.7063204,-20.992915500000002],[-48.7029038,-20.99334549999999],[-48.701394100000016,-20.992376599999982],[-48.6981121,-20.993543999999993],[-48.6977366,-20.99474339999999],[-48.7002689,-20.996558099999994],[-48.70142640000001,-21.000300099999986],[-48.6998714,-21.001530399999996],[-48.700952699999995,-21.0041452],[-48.698701099999994,-21.0058742],[-48.69455919999999,-21.006345000000007],[-48.69192449999999,-21.00935300000001],[-48.691996599999996,-21.012152400000012],[-48.6987896,-21.0249746],[-48.7019683,-21.0337627],[-48.7157831,-21.0473825],[-48.7165757,-21.0604313],[-48.72413400000001,-21.068822199999993],[-48.725425800000004,-21.073816200000007],[-48.7351424,-21.0756195],[-48.736266,-21.077538599999986],[-48.740127199999996,-21.078325800000005],[-48.744652900000006,-21.08338019999999],[-48.7473642,-21.0845817],[-48.7497805,-21.084368500000018],[-48.7571663,-21.08805979999999],[-48.7610929,-21.088146500000004],[-48.77051060000001,-21.09098319999999],[-48.7769036,-21.09924539999998],[-48.7748035,-21.104486000000005],[-48.7778465,-21.106051600000004],[-48.7765614,-21.1094148],[-48.7720274,-21.108041999999983],[-48.7703336,-21.108558999999975],[-48.7646338,-21.119582700000013],[-48.7607575,-21.1193309],[-48.758105,-21.120400799999995],[-48.7589389,-21.1246412],[-48.7581837,-21.130903499999995],[-48.760008,-21.133716699999994],[-48.7590758,-21.135488700000018],[-48.7582138,-21.134611299999996],[-48.75555370000001,-21.136296599999994],[-48.75446209999999,-21.135077099999993],[-48.7505207,-21.139998500000008],[-48.749230600000004,-21.139920300000004],[-48.748013799999995,-21.142056899999996],[-48.7491029,-21.145582300000008],[-48.7480005,-21.145017600000013],[-48.7459251,-21.148033700000006],[-48.7423571,-21.14871279999998],[-48.7397747,-21.1472593],[-48.7375149,-21.149367599999994],[-48.7363056,-21.148760000000017],[-48.7304607,-21.164500599999997],[-48.7290264,-21.164522799999993],[-48.728134700000005,-21.166771999999987],[-48.7287769,-21.169029099999996],[-48.7268855,-21.172916500000003],[-48.72881490000002,-21.178119199999998],[-48.7273093,-21.179775899999996],[-48.725581600000005,-21.179860800000007],[-48.72661060000001,-21.183037399999996],[-48.7243671,-21.189809499999985],[-48.72223690000001,-21.1906841],[-48.7197654,-21.194066799999998],[-48.7164117,-21.19474770000002],[-48.7129845,-21.198869799999997],[-48.7125916,-21.2012616],[-48.710613,-21.200894000000005],[-48.7087095,-21.202388199999973],[-48.7066715,-21.20474600000001],[-48.7056166,-21.211047099999988],[-48.7033213,-21.2134311],[-48.70055849999999,-21.213220399999994],[-48.69964550000002,-21.216480600000004],[-48.69525420000001,-21.221389099999993],[-48.69875310000001,-21.22808210000001],[-48.7127848,-21.232140599999983],[-48.719181,-21.239026800000016],[-48.7233049,-21.2417548],[-48.73191760000001,-21.241865400000002],[-48.7355693,-21.246982700000004],[-48.7413832,-21.245616699999978],[-48.74383720000001,-21.250662],[-48.7420239,-21.2552426],[-48.7341871,-21.260980200000002],[-48.73630180000001,-21.26608799999998],[-48.7340397,-21.27135609999999],[-48.73520250000001,-21.271550200000004],[-48.734834299999996,-21.274493400000022],[-48.73337120000001,-21.276193899999996],[-48.735854200000006,-21.2844203],[-48.7324697,-21.295172199999996],[-48.73216510000001,-21.301508400000003],[-48.7338483,-21.308943799999987],[-48.730918200000005,-21.31604439999998],[-48.7316662,-21.318461500000005],[-48.7352108,-21.322180800000005],[-48.73435630000001,-21.333547900000003],[-48.737774,-21.339328100000007],[-48.73802499999999,-21.343741599999998],[-48.747062500000006,-21.35814570000001],[-48.7483789,-21.367975899999994],[-48.74774210000001,-21.371851299999992],[-48.7490026,-21.375151699999982],[-48.74512510000001,-21.392425000000003],[-48.752385,-21.40628409999999],[-48.754256000000005,-21.415453300000003],[-48.753992000000004,-21.42037460000002],[-48.7559564,-21.42162710000001],[-48.7568576,-21.424006099999986],[-48.759010499999995,-21.423068499999975],[-48.761165000000005,-21.42424490000001],[-48.7620943,-21.423384299999995],[-48.765081,-21.4254987],[-48.767187500000006,-21.4248062],[-48.767378,-21.426092399999998],[-48.7688806,-21.426391300000013],[-48.76978790000001,-21.4253076],[-48.7720381,-21.427076600000014],[-48.774872500000015,-21.42737999999998],[-48.7808479,-21.42303480000001],[-48.7821211,-21.4208882],[-48.787863,-21.419351100000004],[-48.78708240000001,-21.418505700000008],[-48.78836239999999,-21.417656700000002],[-48.790931400000005,-21.418008199999974],[-48.7906549,-21.416122299999987],[-48.7934498,-21.413373499999985],[-48.7925815,-21.411168499999995],[-48.79421320000001,-21.408781599999998],[-48.7992908,-21.40981929999998],[-48.7993375,-21.4106806],[-48.801604200000014,-21.410247400000006],[-48.8010923,-21.411920700000003],[-48.8046092,-21.41307849999999],[-48.814159000000004,-21.41163359999998],[-48.8154415,-21.409341900000005],[-48.8190665,-21.407418700000008],[-48.8238967,-21.407977100000004],[-48.8251124,-21.40456489999999],[-48.8321238,-21.396872699999992],[-48.831661499999996,-21.395614100000003],[-48.83606730000001,-21.3927607],[-48.8381216,-21.393170399999995],[-48.8381764,-21.395534],[-48.841448400000004,-21.394299899999993],[-48.8420205,-21.392737999999987],[-48.8451411,-21.393500000000007],[-48.8475457,-21.392646200000023],[-48.84918819999999,-21.39043989999999],[-48.85274119999999,-21.392849299999984],[-48.8537644,-21.391736099999974],[-48.8614553,-21.3931985],[-48.8638606,-21.39182579999998],[-48.8667562,-21.391824099999994],[-48.8729608,-21.394295100000004],[-48.8766187,-21.393407899999993],[-48.8796397,-21.389511499999987],[-48.8824975,-21.388019000000014],[-48.887100999999994,-21.3877339],[-48.890155799999995,-21.38573750000001],[-48.8924083,-21.383416800000003],[-48.8938071,-21.378927799999996],[-48.8963128,-21.376951500000004],[-48.8987952,-21.371175100000002],[-48.9027133,-21.371053300000003],[-48.9105963,-21.377112799999978],[-48.9224913,-21.38229000000001],[-48.92807320000001,-21.387465399999993],[-48.931779500000005,-21.388573099999974],[-48.9483302,-21.3991662],[-48.9459791,-21.4067163],[-48.94574,-21.412615900000002],[-48.9492886,-21.425989000000005],[-48.95550130000001,-21.423789099999997],[-48.9644135,-21.4255045],[-48.9700415,-21.425148],[-48.979189,-21.416089500000005],[-48.981095300000014,-21.41605009999999],[-48.98488100000001,-21.425580800000002],[-48.9865484,-21.438273400000007],[-48.9823962,-21.45142259999998],[-48.9829612,-21.455380499999993],[-48.98609770000001,-21.45649739999999],[-48.9899637,-21.455647300000013],[-48.9932583,-21.456263499999988],[-49.0037836,-21.4660383],[-49.0086645,-21.47324280000001],[-49.0163274,-21.478402599999992],[-49.019610400000005,-21.482431500000004],[-49.03084770000001,-21.482812599999995],[-49.0384967,-21.484807199999995],[-49.0406789,-21.486219999999978],[-49.04095960000001,-21.491572899999987],[-49.05080499999999,-21.489541999999986],[-49.0561669,-21.4877566],[-49.07247859999999,-21.4768467],[-49.0821645,-21.4645337],[-49.0871378,-21.46628359999999],[-49.0958366,-21.4825548],[-49.1061287,-21.49042889999999],[-49.1106748,-21.4968677],[-49.11414090000002,-21.498717099999983],[-49.1167117,-21.512405],[-49.1184533,-21.51547239999999],[-49.12126599999999,-21.51669110000001],[-49.12649590000001,-21.5168353],[-49.1304742,-21.51565490000002],[-49.133082300000005,-21.516380099999996],[-49.13928299999999,-21.5256706],[-49.149307400000005,-21.52893579999997],[-49.1544912,-21.541223999999985],[-49.1528487,-21.547452100000005],[-49.1547551,-21.554394700000003],[-49.157022600000005,-21.556902399999988],[-49.1636944,-21.560699600000003],[-49.165666099999996,-21.570488700000002],[-49.1765163,-21.57720970000001],[-49.1782122,-21.5827869],[-49.1779183,-21.587305800000003],[-49.1801263,-21.591135799999993],[-49.1874622,-21.595947000000002],[-49.2014754,-21.59749540000001],[-49.2043119,-21.599109200000004],[-49.20644789999999,-21.6021613],[-49.2122184,-21.60481509999999],[-49.2184286,-21.604305799999988],[-49.2253313,-21.610853500000005],[-49.2309799,-21.6208524],[-49.2366957,-21.62247239999998],[-49.23999330000001,-21.621102699999984],[-49.2410986,-21.6224333],[-49.241217000000006,-21.624154599999983],[-49.2355096,-21.634688399999995],[-49.2274006,-21.659535900000005],[-49.2160629,-21.670462800000006],[-49.2144241,-21.671642699999992],[-49.2132932,-21.671144399999992],[-49.216201000000005,-21.672981900000003],[-49.218249,-21.67328489999999],[-49.2294131,-21.67032439999999],[-49.2386356,-21.670803800000005],[-49.2535647,-21.665051099999985],[-49.2654256,-21.664352899999997],[-49.27823970000001,-21.655288099999993],[-49.28271830000001,-21.6501628],[-49.2889049,-21.636251400000003],[-49.2944429,-21.6298636],[-49.312129500000005,-21.61631209999999],[-49.3209208,-21.596430299999994],[-49.3223391,-21.583166799999987],[-49.327168,-21.561982099999994],[-49.335030800000006,-21.5500967],[-49.34156480000001,-21.545473199999996],[-49.3487182,-21.542635199999996],[-49.370392200000005,-21.535794599999985],[-49.377033900000015,-21.534898899999998],[-49.3815814,-21.535142500000003],[-49.40545589999999,-21.543993],[-49.41172140000001,-21.54443449999999],[-49.4179796,-21.54329960000001],[-49.4323664,-21.535327099999986],[-49.4492447,-21.521108100000003],[-49.462251900000005,-21.515818899999985],[-49.4844852,-21.5034626],[-49.4954782,-21.494168300000002],[-49.5041383,-21.483998599999996],[-49.5259124,-21.447344900000004],[-49.544556400000005,-21.431134699999994],[-49.5486076,-21.4187703],[-49.5523774,-21.41667399999999],[-49.5572379,-21.4165053],[-49.560841800000006,-21.413605099999995],[-49.569605700000004,-21.4030657],[-49.5806463,-21.383215900000003],[-49.587236000000004,-21.376439799999996],[-49.5923113,-21.374274],[-49.602068300000006,-21.374435599999988],[-49.628421800000005,-21.35443369999998],[-49.6391762,-21.352312000000012],[-49.6595232,-21.352094300000015],[-49.671486600000016,-21.3491992],[-49.67863780000001,-21.353010499999996],[-49.6855889,-21.363492099999988],[-49.690174000000006,-21.36458750000001],[-49.6958607,-21.363408199999988],[-49.69884299999999,-21.361036500000004],[-49.69994629999999,-21.35803549999999],[-49.699811,-21.353921300000028],[-49.696410400000005,-21.34283510000001],[-49.6978492,-21.338844000000005],[-49.700221000000006,-21.336883899999986],[-49.70650770000001,-21.334662099999978],[-49.71177260000001,-21.334973699999995],[-49.7192827,-21.338960100000005],[-49.72424959999999,-21.345618999999978],[-49.7261291,-21.34615699999998],[-49.72779270000001,-21.344924799999994],[-49.7458294,-21.31509049999999],[-49.7463611,-21.310895600000002],[-49.7430036,-21.301383799999996],[-49.7453639,-21.297133200000015],[-49.75030919999999,-21.296312399999998],[-49.753804,-21.297015999999992],[-49.767712,-21.305914800000007],[-49.771821100000004,-21.3061846],[-49.7834089,-21.297731400000007],[-49.8029796,-21.2923192],[-49.809567000000015,-21.284294200000005],[-49.81674809999999,-21.279372499999983],[-49.825144300000005,-21.276410999999992],[-49.84765780000001,-21.271842099999994],[-49.8557555,-21.260496499999995],[-49.8636667,-21.261837],[-49.868912099999996,-21.2607268],[-49.8740323,-21.25760229999999],[-49.884669200000005,-21.248168400000004],[-49.91274030000001,-21.23957259999998],[-49.91509310000001,-21.237565100000012],[-49.9190632,-21.227329999999984],[-49.9211211,-21.225940000000026],[-49.9282596,-21.2267755],[-49.9330434,-21.231354799999984],[-49.9366518,-21.232700099999985],[-49.94382920000001,-21.232232299999986],[-49.9526572,-21.22923],[-49.9620609,-21.22771219999999],[-49.9779859,-21.229746900000016],[-49.9891808,-21.226556300000016],[-50.00021790000001,-21.226655500000017],[-50.0146545,-21.216723000000005],[-50.0277253,-21.21072759999999],[-50.05367650000001,-21.21293070000001],[-50.060595600000006,-21.215023999999985],[-50.0706251,-21.213296300000007],[-50.0859539,-21.2197655],[-50.09098,-21.220334400000006],[-50.11396640000001,-21.20884789999998],[-50.122532,-21.19957799999999],[-50.132862,-21.192754399999988],[-50.1349319,-21.188696399999998],[-50.1393973,-21.169855299999988],[-50.1483,-21.155583300000007],[-50.1463565,-21.14748099999998],[-50.14677449999999,-21.1433491],[-50.1513161,-21.139886100000012],[-50.1473087,-21.139119799999996],[-50.1414378,-21.1336034],[-50.1329919,-21.129445599999986],[-50.1223692,-21.116927300000004],[-50.1196796,-21.11564770000001],[-50.1156101,-21.117406600000006],[-50.1143188,-21.115783000000008],[-50.1153572,-21.111594199999978],[-50.113112,-21.10774959999999],[-50.109661100000004,-21.103441],[-50.1034398,-21.101743099999968],[-50.1041039,-21.0997234],[-50.111530900000005,-21.095868599999985],[-50.1128443,-21.094086299999997],[-50.1101091,-21.0908075],[-50.109234,-21.0874118],[-50.1095139,-21.073086499999985],[-50.1061252,-21.067088800000015],[-50.10747719999999,-21.063000099999996],[-50.10214250000001,-21.061284799999992],[-50.0976364,-21.05710889999998],[-50.0966709,-21.050810399999996],[-50.091715400000005,-21.047460800000007],[-50.0899903,-21.03974739999999],[-50.083562699999995,-21.0390867],[-50.0823185,-21.0369843],[-50.0837876,-21.034683799999986],[-50.0779351,-21.0323573],[-50.0813147,-21.027139799999997],[-50.078044199999994,-21.024558100000004],[-50.0744694,-21.017471999999987],[-50.06809510000001,-21.013648299999993],[-50.0670115,-21.010061],[-50.0560681,-21.00050729999998],[-50.0550375,-20.99733319999999],[-50.0465397,-20.991702599999996],[-50.0438293,-20.991310699999993],[-50.03944560000001,-20.981057100000008],[-50.03292170000001,-20.978390099999995],[-50.03273620000001,-20.973290099999986],[-50.0299028,-20.96970800000001],[-50.0293085,-20.965956200000008],[-50.02698790000001,-20.9620101],[-50.0272786,-20.95989370000002],[-50.022374000000006,-20.943581699999978],[-50.02397340000002,-20.940417399999994],[-50.0319042,-20.933258199999994],[-50.0357928,-20.93980829999999],[-50.0366844,-20.943818500000017],[-50.04663500000001,-20.94032980000001],[-50.051036700000004,-20.934398899999994],[-50.0506798,-20.931474],[-50.05235580000001,-20.93184630000001],[-50.0555285,-20.935761999999993],[-50.05681620000001,-20.93987320000001],[-50.05887860000001,-20.938811599999998],[-50.0603418,-20.939973100000007],[-50.0621449,-20.939256],[-50.06292400000001,-20.935682100000008],[-50.0613249,-20.933420100000003],[-50.06176,-20.9309279],[-50.064046000000005,-20.927722999999997],[-50.0655885,-20.9203936],[-50.072638,-20.913779700000003],[-50.0711837,-20.910426299999987],[-50.07868199999999,-20.9041741],[-50.0926816,-20.886765200000013],[-50.0962565,-20.886009200000004],[-50.102329000000005,-20.88720799999999],[-50.1054456,-20.8862989],[-50.1118906,-20.8799885],[-50.11205429999999,-20.87631929999999],[-50.1143337,-20.8766118],[-50.116417,-20.882543200000004],[-50.12349530000001,-20.880039999999994],[-50.12791570000001,-20.880158799999975],[-50.13284839999999,-20.8823135],[-50.13900890000001,-20.878732499999973],[-50.14253000000001,-20.8784426],[-50.1495158,-20.873202899999967],[-50.15830230000001,-20.875669399999996],[-50.16135820000001,-20.8738748],[-50.1638597,-20.87488290000002],[-50.1633381,-20.8707578],[-50.158686,-20.870202399999965],[-50.1590092,-20.866043800000018],[-50.1539242,-20.863080300000025],[-50.1551246,-20.859796999999983],[-50.15301770000001,-20.85815759999999],[-50.1537631,-20.85537009999999],[-50.1522628,-20.854256800000016],[-50.1537029,-20.8525974],[-50.15191930000001,-20.851726],[-50.15201950000001,-20.850483900000004],[-50.1487025,-20.854049099999997],[-50.147637599999996,-20.84983350000001],[-50.1466614,-20.849200100000004],[-50.1453022,-20.850289699999998],[-50.143636000000015,-20.845179399999996],[-50.1406511,-20.8450036],[-50.1347567,-20.842357099999973],[-50.1334337,-20.83985060000001],[-50.130771400000015,-20.840377999999987],[-50.1259998,-20.83456459999998],[-50.12289510000001,-20.836133200000017],[-50.1218161,-20.834925900000005],[-50.1203014,-20.8252609],[-50.1249589,-20.822911799999986],[-50.1255785,-20.81999259999999],[-50.127110900000005,-20.81876569999998],[-50.124512300000006,-20.818400500000003],[-50.1248012,-20.815560499999982],[-50.1229695,-20.813841999999987],[-50.1267598,-20.80702519999998],[-50.1252801,-20.804581699999993],[-50.12363369999999,-20.804377800000008],[-50.1204062,-20.798335899999994],[-50.117104100000006,-20.795890899999996],[-50.1155415,-20.7926096],[-50.1165913,-20.790146500000013],[-50.115412000000006,-20.7878026],[-50.1161484,-20.78523230000002],[-50.113829,-20.780439499999986],[-50.1101802,-20.778688400000004],[-50.1112593,-20.773170300000004],[-50.1150875,-20.76682699999998],[-50.1140653,-20.763454200000012],[-50.1165439,-20.764681400000004],[-50.12260139999999,-20.7723884],[-50.1259612,-20.773049300000004],[-50.1335948,-20.771040699999986],[-50.1373797,-20.7727731],[-50.145536,-20.781906100000004],[-50.149291000000005,-20.7794213],[-50.1567055,-20.777376999999998],[-50.160899700000016,-20.774230899999996],[-50.1687523,-20.771899099999967],[-50.1691501,-20.767442699999986],[-50.16601930000001,-20.761213400000024],[-50.1657281,-20.7541448],[-50.170895,-20.7480749],[-50.1774637,-20.744525600000003],[-50.188012300000004,-20.745715200000006],[-50.1924812,-20.749439799999998],[-50.1977119,-20.748831299999996],[-50.2008753,-20.746963299999997],[-50.20447130000001,-20.747196799999998],[-50.2090721,-20.749538],[-50.211195,-20.749105900000004],[-50.213618600000004,-20.753484],[-50.21598699999999,-20.7550356],[-50.21856890000001,-20.7547244],[-50.219891,-20.7469506],[-50.2222753,-20.7455439],[-50.226699,-20.73909139999999],[-50.23142789999999,-20.74614659999999],[-50.2337907,-20.7525755],[-50.2356768,-20.753671800000003],[-50.2385604,-20.745403399999997],[-50.2465717,-20.73800959999998],[-50.2505033,-20.736737100000003],[-50.2601997,-20.743012300000004],[-50.2654228,-20.7521832],[-50.2679157,-20.749625600000005],[-50.2728913,-20.733671600000005],[-50.27566639999999,-20.734982400000003],[-50.285435500000006,-20.733915399999994],[-50.2888135,-20.734923300000002],[-50.2943054,-20.734472499999985],[-50.2958624,-20.711705500000008],[-50.2972397,-20.707272],[-50.2959601,-20.704888999999984],[-50.2896798,-20.702431900000004],[-50.2900792,-20.69951680000001],[-50.2877755,-20.6940113],[-50.2882192,-20.690145799999996],[-50.2844942,-20.68226139999999],[-50.2849503,-20.676033499999992],[-50.289167,-20.670099099999987],[-50.290024900000006,-20.664228699999992],[-50.2878199,-20.659100600000023],[-50.287906000000014,-20.655598],[-50.2844518,-20.649545699999997],[-50.2856375,-20.6444435],[-50.2908165,-20.6396668],[-50.29513450000001,-20.63962770000001],[-50.2979999,-20.6424622],[-50.3004029,-20.6416812],[-50.3027363,-20.633821199999996],[-50.3017496,-20.628506499999997],[-50.29682830000001,-20.619549900000003],[-50.2932589,-20.609188300000003],[-50.2847847,-20.602312499999993],[-50.2796517,-20.594905000000008],[-50.2858821,-20.58602589999998],[-50.2753174,-20.57584960000001],[-50.2736511,-20.5690548],[-50.2769589,-20.56829979999999],[-50.2799504,-20.5584792],[-50.2837254,-20.5539501],[-50.283725800000006,-20.54866459999999],[-50.2811372,-20.541561499999997],[-50.28148469999999,-20.535564700000013],[-50.2777149,-20.526358499999983],[-50.2721769,-20.52292840000001],[-50.2712741,-20.520965600000018],[-50.272996899999995,-20.513036900000003],[-50.2775979,-20.5086841],[-50.2796437,-20.50502240000002],[-50.2782032,-20.5005105],[-50.2804139,-20.490291499999994],[-50.2789034,-20.486074000000002],[-50.283514100000005,-20.478804999999983],[-50.2824608,-20.476775700000005],[-50.2831729,-20.473774299999967],[-50.28586960000001,-20.46933359999999],[-50.2907242,-20.471290800000002],[-50.2946343,-20.4677392],[-50.2937933,-20.46677090000001],[-50.2969099,-20.463713300000006],[-50.295838200000006,-20.462298099999998],[-50.2964889,-20.460772999999993],[-50.29821869999999,-20.46074339999999],[-50.2991639,-20.464394899999988],[-50.3006093,-20.46551189999999],[-50.29904630000001,-20.468100600000007],[-50.3003568,-20.46989689999998],[-50.3022912,-20.469246699999992],[-50.3023456,-20.467507199999996],[-50.3034151,-20.4677088],[-50.30516310000001,-20.4719561],[-50.3086754,-20.47088779999999],[-50.30869,-20.46936000000002],[-50.310765300000014,-20.470150399999994],[-50.3125542,-20.4690756],[-50.31283820000001,-20.471489099999992],[-50.31778020000001,-20.474715599999996],[-50.3211426,-20.47399980000001],[-50.3262043,-20.476614599999976],[-50.330954100000014,-20.46892080000001],[-50.33564770000001,-20.472352600000026],[-50.3353482,-20.473462600000012],[-50.341850400000006,-20.474861600000004],[-50.3423856,-20.4766912],[-50.344352400000005,-20.475697100000016],[-50.3456311,-20.477203999999993],[-50.3513837,-20.473055300000002],[-50.3571154,-20.4713953],[-50.3599456,-20.4772684],[-50.3611769,-20.477777400000015],[-50.362593200000006,-20.4766861],[-50.36193120000001,-20.4754482],[-50.36382700000001,-20.475301399999985],[-50.3707331,-20.470370499999998],[-50.3729155,-20.4711405],[-50.37300900000001,-20.4748544],[-50.3762237,-20.474039900000015],[-50.3822614,-20.4753407],[-50.384248,-20.47319860000002],[-50.38364820000002,-20.475755],[-50.3851335,-20.476790999999984],[-50.3942198,-20.472195599999996],[-50.3944995,-20.478022800000005],[-50.3969131,-20.479734399999998],[-50.3982404,-20.479541599999976],[-50.3986816,-20.477788699999998],[-50.39992870000001,-20.478275500000002],[-50.4018113,-20.476885800000005],[-50.4066723,-20.47763350000001],[-50.40979740000001,-20.480469499999995],[-50.4134473,-20.47945109999999],[-50.41507680000001,-20.4772782],[-50.4193464,-20.476473699999996],[-50.4214284,-20.477739199999988],[-50.4269713,-20.47660139999999],[-50.42773890000001,-20.474608199999995],[-50.4303475,-20.476129999999998],[-50.4315837,-20.479599099999984],[-50.434482700000004,-20.48022260000001],[-50.4392507,-20.478878399999985],[-50.43734200000001,-20.480151399999997],[-50.4403594,-20.48332650000001],[-50.448415399999995,-20.48231790000001],[-50.4496098,-20.483491299999987],[-50.44853340000001,-20.4862201],[-50.45392120000002,-20.486226099999993],[-50.461949800000006,-20.48754509999998],[-50.466358299999996,-20.489777299999993],[-50.4669037,-20.48908629999999],[-50.4731364,-20.4944455],[-50.476182599999994,-20.4941294],[-50.4804842,-20.495968000000005],[-50.4829948,-20.492832099999983],[-50.48431000000001,-20.49279029999998],[-50.4868526,-20.494592500000007],[-50.48788329999999,-20.4972528],[-50.4919389,-20.4996661],[-50.4939056,-20.498502200000008],[-50.492445000000004,-20.496750799999976],[-50.4951233,-20.49764219999999],[-50.496916,-20.496091300000003],[-50.5009047,-20.4998616],[-50.5053155,-20.4968191],[-50.507102399999994,-20.500288699999988],[-50.510292299999996,-20.5023739],[-50.51360430000001,-20.502704799999986],[-50.518893500000004,-20.500921200000015],[-50.5214044,-20.5068714],[-50.5276672,-20.508957300000006],[-50.532409900000005,-20.508334199999993],[-50.536950999999995,-20.505042099999997],[-50.5447684,-20.5036227],[-50.54768620000001,-20.50608660000001],[-50.5491822,-20.50925579999998],[-50.54742020000001,-20.5198783],[-50.5489663,-20.51937260000001],[-50.551475399999994,-20.52109699999999],[-50.55149360000001,-20.522851499999994],[-50.5548665,-20.52375929999999],[-50.5529574,-20.5264665],[-50.5542862,-20.528516800000016],[-50.556816299999994,-20.528406300000015],[-50.5656909,-20.521191700000017],[-50.5684558,-20.520321300000003],[-50.569826400000004,-20.52133349999999],[-50.57141229999999,-20.520284799999985],[-50.5706321,-20.519032799999984],[-50.5738836,-20.5189531],[-50.5733435,-20.5178406],[-50.5802812,-20.517572400000002],[-50.583350700000004,-20.5187933],[-50.5833514,-20.5156572],[-50.5861163,-20.517615699999975],[-50.5860686,-20.51513010000001],[-50.5893509,-20.518025400000003],[-50.59172829999999,-20.52277539999998],[-50.59736339999999,-20.522189100000002],[-50.600646600000005,-20.5242853],[-50.6007306,-20.522408899999974],[-50.6045899,-20.521365100000004],[-50.6027568,-20.519058199999993],[-50.60424050000001,-20.5184182],[-50.6096136,-20.52011179999999],[-50.613270600000014,-20.51925],[-50.6171053,-20.515530300000005],[-50.6167125,-20.514345199999994],[-50.620681600000005,-20.512723699999974],[-50.6249217,-20.508061599999994],[-50.627355300000005,-20.507924099999983],[-50.6279703,-20.510374900000006],[-50.6293191,-20.5104379],[-50.6318285,-20.51495160000001],[-50.6342875,-20.5138748],[-50.634077000000005,-20.5151893],[-50.63687230000001,-20.5135496],[-50.6361248,-20.510842200000003],[-50.6371876,-20.508343200000002],[-50.639371000000004,-20.5091216],[-50.6407711,-20.507200999999977],[-50.64461670000001,-20.50654019999999],[-50.64625699999999,-20.507618],[-50.648092600000005,-20.507065699999988],[-50.64746149999999,-20.51101670000001],[-50.6499307,-20.512404299999996],[-50.64976620000001,-20.51459800000002],[-50.6579913,-20.51710899999997],[-50.6614156,-20.519467500000005],[-50.6625732,-20.52258049999999],[-50.6613902,-20.52738709999997],[-50.665377,-20.53165520000001],[-50.67321110000001,-20.5310314],[-50.6788256,-20.527608099999995],[-50.68001279999999,-20.52821140000001],[-50.679306999999994,-20.530096100000012],[-50.68217980000001,-20.529425099999994],[-50.6836871,-20.527139],[-50.68309120000001,-20.524512699999985],[-50.6891151,-20.5235468],[-50.6900647,-20.5272904],[-50.6884712,-20.533306899999992],[-50.6910092,-20.533566199999996],[-50.68795070000001,-20.535281399999988],[-50.6918448,-20.538511800000016],[-50.6934306,-20.531301299999985],[-50.69582830000001,-20.52887099999999],[-50.6994194,-20.532018100000005],[-50.70224279999999,-20.532173199999992],[-50.705700199999995,-20.534448299999994],[-50.7098839,-20.532343999999988],[-50.7127564,-20.5275023],[-50.717429200000005,-20.528186200000007],[-50.720447,-20.526650800000017],[-50.72499299999999,-20.526853400000004],[-50.73044920000001,-20.53112979999999],[-50.7293518,-20.533137199999995],[-50.7352461,-20.534000000000006],[-50.7372526,-20.53609940000001],[-50.7388636,-20.54091830000001],[-50.73853,-20.5447874],[-50.747763,-20.5426296],[-50.75435430000002,-20.539041100000006],[-50.755805,-20.541681400000005],[-50.7559481,-20.548419099999993],[-50.760417,-20.551613],[-50.7648312,-20.552983500000003],[-50.7702804,-20.5523327],[-50.76837019999999,-20.5481464],[-50.7693504,-20.5441677],[-50.7743219,-20.545635199999996],[-50.77914210000001,-20.545436200000005],[-50.7880177,-20.541861200000003],[-50.7905759,-20.545860899999987],[-50.7967567,-20.5442865],[-50.79955950000001,-20.5414564],[-50.8038828,-20.545116800000013],[-50.8078346,-20.5467675],[-50.81034819999999,-20.542438999999998],[-50.8064082,-20.54133169999999],[-50.807715200000004,-20.535303599999988],[-50.81212320000001,-20.5311518],[-50.8143275,-20.531440900000003]]]}},{"type":"Feature","properties":{"id":"administrativas-14","nome":"Barretos"},"geometry":{"type":"Polygon","coordinates":[[[-48.6233316,-21.196736399999992],[-48.627698,-21.196678499999994],[-48.633759,-21.200516400000016],[-48.6389431,-21.20723789999999],[-48.6449528,-21.20747469999998],[-48.65248020000001,-21.21115949999999],[-48.66121780000001,-21.206253899999986],[-48.667052,-21.2056111],[-48.673218000000006,-21.20696729999999],[-48.6786102,-21.212508699999994],[-48.68306040000001,-21.2087078],[-48.6860106,-21.210390300000004],[-48.6946737,-21.212156299999986],[-48.7005769,-21.210824799999994],[-48.7069546,-21.206772900000004],[-48.7066715,-21.20474600000001],[-48.7102988,-21.201073599999997],[-48.7125916,-21.2012616],[-48.7129845,-21.198869799999997],[-48.7164117,-21.19474770000002],[-48.7197654,-21.194066799999998],[-48.72223690000001,-21.1906841],[-48.7243671,-21.189809499999985],[-48.72661060000001,-21.183037399999996],[-48.725581600000005,-21.179860800000007],[-48.7273093,-21.179775899999996],[-48.72881490000002,-21.178119199999998],[-48.7268855,-21.172916500000003],[-48.7287769,-21.169029099999996],[-48.728134700000005,-21.166771999999987],[-48.7290264,-21.164522799999993],[-48.7304607,-21.164500599999997],[-48.7363056,-21.148760000000017],[-48.7375149,-21.149367599999994],[-48.7397747,-21.1472593],[-48.7423571,-21.14871279999998],[-48.74573120000001,-21.14808429999999],[-48.7480005,-21.145017600000013],[-48.7491029,-21.145582300000008],[-48.748013799999995,-21.142056899999996],[-48.749230600000004,-21.139920300000004],[-48.7505207,-21.139998500000008],[-48.75446209999999,-21.135077099999993],[-48.75633260000001,-21.1363063],[-48.7567489,-21.135046000000013],[-48.7590758,-21.135488700000018],[-48.7600014,-21.134176600000004],[-48.7581837,-21.130903499999995],[-48.7589389,-21.1246412],[-48.758105,-21.120400799999995],[-48.7607575,-21.1193309],[-48.7646338,-21.119582700000013],[-48.7703336,-21.108558999999975],[-48.7720274,-21.108041999999983],[-48.77642560000001,-21.10946920000002],[-48.7774745,-21.10798240000001],[-48.7778465,-21.106051600000004],[-48.7748035,-21.104486000000005],[-48.7769036,-21.09924539999998],[-48.77051060000001,-21.09098319999999],[-48.7610929,-21.088146500000004],[-48.7571663,-21.08805979999999],[-48.7497805,-21.084368500000018],[-48.7473642,-21.0845817],[-48.744652900000006,-21.08338019999999],[-48.740127199999996,-21.078325800000005],[-48.736266,-21.077538599999986],[-48.7351424,-21.0756195],[-48.725425800000004,-21.073816200000007],[-48.72413400000001,-21.068822199999993],[-48.7165757,-21.0604313],[-48.7153732,-21.046669300000012],[-48.7019683,-21.0337627],[-48.6987896,-21.0249746],[-48.691996599999996,-21.012152400000012],[-48.69192449999999,-21.00935300000001],[-48.69455919999999,-21.006345000000007],[-48.698701099999994,-21.0058742],[-48.700952699999995,-21.0041452],[-48.6998714,-21.001530399999996],[-48.70142640000001,-21.000300099999986],[-48.7002689,-20.996558099999994],[-48.6977366,-20.99474339999999],[-48.6981121,-20.993543999999993],[-48.701394100000016,-20.992376599999982],[-48.7029038,-20.99334549999999],[-48.7063204,-20.992915500000002],[-48.7088371,-20.991063299999997],[-48.70833650000001,-20.989891799999995],[-48.7104167,-20.987775499999994],[-48.709879,-20.9859456],[-48.7073272,-20.984320900000004],[-48.70847990000001,-20.980997000000006],[-48.7165538,-20.976914899999993],[-48.71814100000001,-20.977835899999995],[-48.72087200000001,-20.974480699999997],[-48.7255456,-20.9782361],[-48.726385499999985,-20.98072080000001],[-48.7279591,-20.98114620000002],[-48.7290824,-20.97745380000001],[-48.73477720000001,-20.974110900000014],[-48.736899,-20.97090059999999],[-48.7375103,-20.968045200000006],[-48.7364289,-20.965456099999997],[-48.7373301,-20.9631815],[-48.7402108,-20.9631043],[-48.743416800000006,-20.966933500000003],[-48.7453295,-20.96621900000001],[-48.7469496,-20.961779799999977],[-48.7433108,-20.9581397],[-48.7440241,-20.955631900000004],[-48.7528266,-20.953226699999988],[-48.7592362,-20.948498900000004],[-48.7585245,-20.94659259999999],[-48.759814,-20.946964299999994],[-48.7603131,-20.94495729999999],[-48.76228389999999,-20.945270599999983],[-48.7658825,-20.950239200000013],[-48.768531800000005,-20.950132899999996],[-48.770373,-20.946901799999978],[-48.7750539,-20.945468200000022],[-48.7746778,-20.942730299999983],[-48.77567760000001,-20.94280579999999],[-48.7757489,-20.9410045],[-48.77774740000002,-20.940573800000017],[-48.777196,-20.939142500000003],[-48.7822746,-20.937022],[-48.7833425,-20.937485799999976],[-48.783112300000006,-20.936358699999982],[-48.7858755,-20.933875699999998],[-48.787082100000006,-20.934504099999984],[-48.7892356,-20.933011],[-48.7923775,-20.934638199999974],[-48.79276900000001,-20.933499300000012],[-48.7940852,-20.9351853],[-48.7956447,-20.934454699999986],[-48.7955904,-20.935550700000018],[-48.791242700000005,-20.940595900000005],[-48.7905719,-20.945569299999985],[-48.7925512,-20.949658],[-48.79450920000001,-20.9603273],[-48.80055800000001,-20.9702836],[-48.8045224,-20.982071000000015],[-48.80471920000001,-20.987162699999992],[-48.8146518,-20.994101499999978],[-48.8158104,-20.9994376],[-48.8236807,-21.003265500000012],[-48.8285221,-21.003379699999982],[-48.8372025,-21.006920999999995],[-48.8442935,-21.015515100000016],[-48.847287000000016,-21.014217799999994],[-48.8498654,-21.014773799999983],[-48.8513497,-21.011800999999995],[-48.8553043,-21.008856800000004],[-48.858280900000004,-21.00860520000001],[-48.8595706,-21.006077599999994],[-48.8595231,-21.001521499999996],[-48.8562579,-20.99863699999999],[-48.8559319,-20.99667049999998],[-48.85724990000001,-20.9967075],[-48.8573453,-20.9918261],[-48.85942090000001,-20.9894437],[-48.8593858,-20.986566499999995],[-48.8613997,-20.9851079],[-48.8609847,-20.9780743],[-48.8643476,-20.979670099999993],[-48.8659305,-20.97475229999998],[-48.8675348,-20.97521829999999],[-48.870952100000004,-20.971961100000005],[-48.874617900000004,-20.9720152],[-48.87796720000001,-20.970432500000022],[-48.87893460000001,-20.96771400000001],[-48.8775954,-20.964923699999986],[-48.8785965,-20.963499400000018],[-48.8776707,-20.9633105],[-48.8777098,-20.96154479999999],[-48.87898670000001,-20.96032599999999],[-48.8856026,-20.959737699999998],[-48.88512299999999,-20.953146900000004],[-48.88104380000001,-20.949798399999978],[-48.88233550000001,-20.94952449999998],[-48.8817066,-20.94793520000001],[-48.8828285,-20.947195199999978],[-48.88387910000001,-20.948320699999982],[-48.886127500000015,-20.946901199999985],[-48.8887361,-20.949112500000016],[-48.88895019999999,-20.947738300000008],[-48.89165680000001,-20.948003799999977],[-48.894584800000004,-20.938928200000007],[-48.9004487,-20.935892599999985],[-48.89930670000001,-20.9355605],[-48.9006829,-20.93386620000001],[-48.8985225,-20.93041220000001],[-48.902010800000006,-20.92852049999999],[-48.90148080000001,-20.926876499999985],[-48.9043686,-20.924709299999996],[-48.9060604,-20.919942599999985],[-48.9083819,-20.9182736],[-48.9087167,-20.913552999999986],[-48.9069658,-20.912716599999975],[-48.9084901,-20.911667699999995],[-48.9068073,-20.9088755],[-48.908219700000004,-20.90448229999998],[-48.9069944,-20.9009617],[-48.908604700000005,-20.896482499999998],[-48.9096832,-20.896383000000007],[-48.9091991,-20.89445950000001],[-48.91099380000001,-20.89371129999999],[-48.9071702,-20.892636900000007],[-48.90500010000002,-20.889504299999984],[-48.90625239999999,-20.8871919],[-48.9037932,-20.887005400000003],[-48.9085699,-20.88223749999999],[-48.9122646,-20.881142199999985],[-48.912248,-20.8830283],[-48.9132234,-20.8832437],[-48.9144066,-20.881065199999995],[-48.9172775,-20.881614],[-48.9172776,-20.87970220000001],[-48.920913899999995,-20.880533900000003],[-48.92178700000001,-20.878649599999992],[-48.923576999999995,-20.878916899999982],[-48.925561300000005,-20.87615419999998],[-48.9292064,-20.879498500000008],[-48.9282201,-20.88008989999998],[-48.9296197,-20.8817892],[-48.93194330000001,-20.881715599999982],[-48.934254800000005,-20.883459800000008],[-48.942487699999994,-20.8834568],[-48.94788109999999,-20.877975399999986],[-48.9473372,-20.870824000000006],[-48.9500642,-20.86955339999999],[-48.9506089,-20.867097300000005],[-48.9525976,-20.866280399999997],[-48.9560833,-20.868247999999976],[-48.960176,-20.86413889999999],[-48.9655019,-20.86288119999998],[-48.96884740000001,-20.859168800000003],[-48.970755600000004,-20.858597],[-48.9703482,-20.857697099999996],[-48.9840723,-20.8484825],[-48.9889266,-20.848002700000013],[-48.99099189999999,-20.849148200000027],[-48.9944601,-20.848022700000016],[-49.00043070000001,-20.848346900000006],[-49.0027957,-20.850081999999986],[-49.0044776,-20.85355149999998],[-49.007971399999995,-20.853978300000005],[-49.008272,-20.85523800000001],[-49.0129176,-20.855111799999992],[-49.01262300000001,-20.85381440000002],[-49.0161368,-20.854424399999996],[-49.02315200000001,-20.85047840000002],[-49.02823570000001,-20.843260899999983],[-49.0343749,-20.83745879999998],[-49.041663,-20.83549500000001],[-49.04088000000001,-20.833375600000004],[-49.0459203,-20.829864199999975],[-49.0466757,-20.825585099999994],[-49.0543309,-20.82257380000001],[-49.0548663,-20.8187513],[-49.05853729999999,-20.817206800000008],[-49.06042850000001,-20.8147139],[-49.06199240000001,-20.8148822],[-49.0627818,-20.8133115],[-49.06399510000001,-20.8134751],[-49.064054500000005,-20.812215800000004],[-49.068073,-20.812648199999984],[-49.0684158,-20.81351189999999],[-49.07438880000001,-20.811272700000004],[-49.077777700000006,-20.811413800000008],[-49.0840772,-20.813844],[-49.0856897,-20.81249029999999],[-49.0930758,-20.8112961],[-49.09386910000001,-20.806393400000015],[-49.0916385,-20.796617199999993],[-49.09012870000001,-20.794724],[-49.09136650000001,-20.78926840000001],[-49.09491299999999,-20.78479459999999],[-49.1027,-20.781851999999997],[-49.1052536,-20.779661899999983],[-49.10145390000002,-20.773466599999992],[-49.0979871,-20.771333199999997],[-49.0987655,-20.769546600000005],[-49.0954672,-20.767047799999997],[-49.0965066,-20.764348999999996],[-49.094839,-20.763153099999975],[-49.0954638,-20.756488300000004],[-49.098537,-20.7521206],[-49.09935130000001,-20.747577899999985],[-49.1019209,-20.746243900000007],[-49.1022605,-20.744827699999995],[-49.10442220000001,-20.745863699999987],[-49.105654200000004,-20.74471509999999],[-49.1040164,-20.7437903],[-49.104558600000004,-20.742526700000013],[-49.1074932,-20.74127679999998],[-49.10928620000001,-20.7431112],[-49.110625399999996,-20.742451000000013],[-49.1084355,-20.739103000000014],[-49.11179250000001,-20.737261499999992],[-49.11472770000001,-20.73724199999999],[-49.11833370000001,-20.739841000000002],[-49.121381,-20.734479300000004],[-49.1217861,-20.7303306],[-49.1257882,-20.729063199999977],[-49.1249757,-20.7269215],[-49.1263923,-20.726741300000008],[-49.1248854,-20.7207437],[-49.1263143,-20.7212419],[-49.1255008,-20.7169347],[-49.1263287,-20.71556749999999],[-49.1236096,-20.71344409999999],[-49.12664349999999,-20.712101499999978],[-49.12709730000002,-20.71056],[-49.124903200000006,-20.705774700000003],[-49.121952,-20.70289289999998],[-49.122196300000006,-20.698179099999997],[-49.1240438,-20.69725539999999],[-49.1229841,-20.69555910000001],[-49.1242462,-20.692128899999993],[-49.1210766,-20.683584500000006],[-49.12357680000001,-20.681744299999977],[-49.122377600000014,-20.680628900000013],[-49.12968649999999,-20.674668499999996],[-49.1265276,-20.672286099999983],[-49.12642360000002,-20.670595600000006],[-49.1278989,-20.67123779999999],[-49.12735159999999,-20.67009040000001],[-49.1214414,-20.666824199999997],[-49.122609100000005,-20.664625099999977],[-49.12833599999999,-20.662717499999996],[-49.1283378,-20.660160899999983],[-49.1300193,-20.658241700000026],[-49.1219886,-20.657195999999995],[-49.1065712,-20.6516453],[-49.1098825,-20.64723959999998],[-49.1249544,-20.6380795],[-49.1232528,-20.632927800000004],[-49.1237932,-20.631577500000006],[-49.1206914,-20.6303552],[-49.1191164,-20.626505099999992],[-49.1160095,-20.624456500000008],[-49.1186204,-20.6229529],[-49.1232688,-20.623859699999993],[-49.1243166,-20.62316669999999],[-49.1225586,-20.6207603],[-49.1245369,-20.615929],[-49.12411670000001,-20.61127519999999],[-49.1230051,-20.608072200000013],[-49.118871600000006,-20.604417599999994],[-49.119180400000005,-20.6010259],[-49.1219159,-20.596609999999995],[-49.1249784,-20.594849500000006],[-49.1370012,-20.5936325],[-49.13357349999999,-20.587102099999985],[-49.13611420000001,-20.582827999999996],[-49.1465889,-20.582105600000002],[-49.150301,-20.576115100000006],[-49.1542071,-20.575563299999978],[-49.1553747,-20.5769585],[-49.156411600000006,-20.574249599999998],[-49.1615671,-20.5740435],[-49.159546200000015,-20.572182700000006],[-49.168397399999996,-20.560600800000003],[-49.16626320000001,-20.554890399999984],[-49.16821820000001,-20.551812800000015],[-49.1757051,-20.545916900000012],[-49.1829042,-20.542639900000005],[-49.1847023,-20.542841399999997],[-49.1887657,-20.54002689999999],[-49.1905336,-20.54043669999998],[-49.19094350000001,-20.538562399999986],[-49.1939592,-20.538854799999996],[-49.1941623,-20.536887000000014],[-49.2001451,-20.535709900000008],[-49.19939010000001,-20.533953900000004],[-49.202467600000006,-20.531324600000012],[-49.202517,-20.529472599999995],[-49.1982181,-20.5216918],[-49.1888804,-20.511458099999984],[-49.1929885,-20.508291700000004],[-49.1973667,-20.508063300000003],[-49.199471100000004,-20.505723800000013],[-49.2030921,-20.50629619999998],[-49.2047013,-20.50485179999999],[-49.206574,-20.505745199999982],[-49.2111655,-20.502645299999998],[-49.2110142,-20.493523000000003],[-49.213408400000006,-20.490718399999995],[-49.2122329,-20.48821459999999],[-49.2138808,-20.482204299999992],[-49.2117962,-20.480499999999992],[-49.2127864,-20.4786837],[-49.21176,-20.47765560000001],[-49.21656440000001,-20.4752132],[-49.21751830000001,-20.472926900000015],[-49.2196068,-20.4718949],[-49.21468240000001,-20.468661599999997],[-49.2081068,-20.466553099999995],[-49.20505399999999,-20.466825100000012],[-49.1947981,-20.469126399999997],[-49.1858479,-20.474587200000002],[-49.1810907,-20.475693500000002],[-49.1763233,-20.474364400000002],[-49.17427250000001,-20.4719367],[-49.173369,-20.468393],[-49.165104,-20.459455799999997],[-49.1527508,-20.464019599999986],[-49.1443995,-20.458652800000003],[-49.142213,-20.45495180000002],[-49.1396211,-20.457729699999998],[-49.14338570000002,-20.463804100000004],[-49.1441646,-20.468328900000003],[-49.1329289,-20.463972900000005],[-49.12285850000001,-20.456684399999986],[-49.1206371,-20.445653599999996],[-49.1167678,-20.439224600000006],[-49.115311899999995,-20.4328533],[-49.1110522,-20.424845199999975],[-49.1059808,-20.423131299999994],[-49.099605700000005,-20.4160735],[-49.0960148,-20.415745799999986],[-49.093249,-20.418803699999998],[-49.0889594,-20.418981300000002],[-49.0862854,-20.412911699999995],[-49.081414,-20.4084565],[-49.0851962,-20.399266299999997],[-49.079814600000006,-20.393720500000004],[-49.080988600000005,-20.387723999999984],[-49.0775318,-20.383384299999992],[-49.07745280000001,-20.377070600000014],[-49.075810000000004,-20.374335700000003],[-49.0781749,-20.3696103],[-49.0755167,-20.35604439999998],[-49.0765821,-20.353995500000007],[-49.0820131,-20.35118730000001],[-49.083359600000016,-20.348155299999995],[-49.0860538,-20.346406],[-49.090346000000004,-20.3381512],[-49.08980940000001,-20.332855900000002],[-49.0912399,-20.3294921],[-49.09131659999999,-20.323097099999988],[-49.090038800000016,-20.31427719999998],[-49.0910075,-20.306812799999992],[-49.09454439999999,-20.2977582],[-49.0936309,-20.28955559999999],[-49.1113375,-20.275437100000005],[-49.120718700000005,-20.270528200000005],[-49.1122377,-20.250692600000004],[-49.1088698,-20.2473743],[-49.1021151,-20.236474499999993],[-49.0893002,-20.212174600000008],[-49.085781100000005,-20.200645099999996],[-49.076829100000005,-20.17994130000001],[-49.0718032,-20.16149720000001],[-49.0674798,-20.15474349999998],[-49.06309250000001,-20.151847599999996],[-49.0329473,-20.15005590000002],[-49.0244734,-20.151149600000004],[-49.0004263,-20.16074809999999],[-48.9922507,-20.165384500000002],[-48.9840956,-20.173721699999998],[-48.97202320000001,-20.2077903],[-48.9617858,-20.263301200000008],[-48.962422600000004,-20.269607499999996],[-48.96578300000001,-20.27929180000001],[-48.964189,-20.28338539999998],[-48.965878800000006,-20.303401399999995],[-48.9647007,-20.314684799999984],[-48.9650002,-20.328871899999996],[-48.968059700000005,-20.346076900000007],[-48.96566680000001,-20.362899299999988],[-48.970139700000004,-20.38187150000002],[-48.9703528,-20.38979049999998],[-48.963030300000014,-20.403121499999994],[-48.9517984,-20.410667100000005],[-48.9230117,-20.424784699999986],[-48.9133069,-20.4307596],[-48.9041722,-20.438723499999988],[-48.8982024,-20.44187309999998],[-48.8921333,-20.440719499999986],[-48.8816976,-20.433198000000004],[-48.8786069,-20.429669200000014],[-48.8715859,-20.41710270000001],[-48.8672304,-20.4024613],[-48.8692832,-20.3792756],[-48.872128,-20.370010599999997],[-48.8784296,-20.356137800000006],[-48.8800304,-20.348349099999997],[-48.87959290000001,-20.3377191],[-48.87545080000001,-20.31843500000001],[-48.8756657,-20.314998599999996],[-48.8772017,-20.310864099999996],[-48.885962500000005,-20.3010191],[-48.88876040000001,-20.29484719999998],[-48.8859252,-20.285352299999982],[-48.88654580000001,-20.271162600000007],[-48.8851116,-20.266456099999996],[-48.8781586,-20.2554312],[-48.872227300000006,-20.241869499999996],[-48.869389600000005,-20.23856739999999],[-48.859259800000004,-20.2323061],[-48.856758600000006,-20.226884],[-48.85336410000001,-20.21304949999999],[-48.8536414,-20.20922420000002],[-48.85724810000001,-20.202903399999997],[-48.8578879,-20.19934350000001],[-48.8566201,-20.1928111],[-48.8570159,-20.184796500000008],[-48.8553925,-20.180143999999988],[-48.8527791,-20.177507599999977],[-48.84307290000001,-20.17286139999999],[-48.8391382,-20.168653700000007],[-48.8257432,-20.161957500000007],[-48.7811373,-20.163852499999997],[-48.7701125,-20.16183179999998],[-48.75372329999999,-20.153368300000025],[-48.74536530000002,-20.152642699999998],[-48.7386614,-20.150167099999997],[-48.7313411,-20.149381800000025],[-48.70710770000001,-20.16021719999999],[-48.6883637,-20.163689900000012],[-48.67428040000001,-20.161353599999988],[-48.6657523,-20.166200999999997],[-48.64692569999999,-20.167000700000017],[-48.637711800000005,-20.16534739999998],[-48.626797700000004,-20.16008960000001],[-48.6006412,-20.13971049999999],[-48.5932474,-20.1358117],[-48.5782332,-20.13124899999999],[-48.5546289,-20.13029899999998],[-48.546221200000005,-20.13267750000001],[-48.5268392,-20.133709000000014],[-48.5092316,-20.1387963],[-48.5002501,-20.139028500000006],[-48.4911161,-20.13812319999998],[-48.4841129,-20.13530370000001],[-48.4762218,-20.134764899999993],[-48.4652499,-20.128738099999996],[-48.4565594,-20.12879],[-48.45161590000001,-20.12587369999999],[-48.4485925,-20.12877969999998],[-48.44199120000001,-20.131739700000004],[-48.435770600000005,-20.13843760000001],[-48.430981,-20.148449999999983],[-48.424598,-20.153655200000006],[-48.4209929,-20.1520115],[-48.4170868,-20.141498399999996],[-48.413115000000005,-20.143034399999998],[-48.410268,-20.149843],[-48.407743200000006,-20.150088900000004],[-48.40415339999999,-20.14740769999999],[-48.40059570000001,-20.142386499999997],[-48.3986868,-20.135820899999995],[-48.395164300000005,-20.13408120000002],[-48.38994340000001,-20.134020200000005],[-48.3900659,-20.137362100000004],[-48.3932864,-20.141175700000005],[-48.394715000000005,-20.149178700000004],[-48.39840809999999,-20.15375430000001],[-48.39755290000001,-20.1581821],[-48.39502890000001,-20.161418599999994],[-48.391806300000006,-20.15979],[-48.387722100000005,-20.151547899999997],[-48.3840696,-20.15115829999998],[-48.37947720000001,-20.152634999999993],[-48.3757354,-20.149002600000003],[-48.37241480000001,-20.14965919999998],[-48.3629551,-20.14804570000002],[-48.3605633,-20.1543447],[-48.36404160000001,-20.159574499999998],[-48.3752757,-20.160599300000005],[-48.376444,-20.165269499999997],[-48.3738222,-20.16902530000001],[-48.36856030000001,-20.170390300000008],[-48.3660161,-20.169966300000013],[-48.3629752,-20.167016400000026],[-48.3601773,-20.167579600000018],[-48.3551111,-20.178765999999978],[-48.3495459,-20.18514409999999],[-48.3446017,-20.18646259999998],[-48.33511480000001,-20.185043499999992],[-48.3336988,-20.182620400000005],[-48.3336189,-20.1770078],[-48.324668700000004,-20.171947399999983],[-48.32418739999999,-20.161603700000004],[-48.3252923,-20.158321300000022],[-48.32193650000001,-20.158219799999987],[-48.31859969999999,-20.1596784],[-48.3159705,-20.15614640000002],[-48.3100484,-20.154398199999996],[-48.3086568,-20.156793],[-48.310947600000006,-20.163096600000014],[-48.311372600000006,-20.1704138],[-48.3142142,-20.174555700000006],[-48.3123044,-20.182371799999988],[-48.31665170000001,-20.187678099999985],[-48.31479889999999,-20.19613320000001],[-48.30976189999999,-20.197273900000013],[-48.3073756,-20.20062639999999],[-48.3026708,-20.202653200000004],[-48.2939849,-20.204106500000023],[-48.2918315,-20.2022273],[-48.2855863,-20.2034073],[-48.2814541,-20.2064922],[-48.276683,-20.207232799999986],[-48.274413,-20.210050399999975],[-48.272682,-20.21776880000001],[-48.26985869999999,-20.216584700000002],[-48.26884770000001,-20.21194379999999],[-48.265486300000006,-20.206934899999986],[-48.2653251,-20.199021100000007],[-48.2612184,-20.1946602],[-48.2563426,-20.196145599999998],[-48.24962490000001,-20.1958558],[-48.246876900000004,-20.1985169],[-48.2425917,-20.19680339999999],[-48.2403785,-20.198899800000014],[-48.234984499999996,-20.200561],[-48.22939749999999,-20.19853390000002],[-48.22783209999999,-20.200608],[-48.22879710000001,-20.208298500000016],[-48.2279842,-20.2141494],[-48.2295006,-20.215786200000004],[-48.239845200000005,-20.220272499999997],[-48.2443493,-20.226290799999997],[-48.24213749999999,-20.2288019],[-48.22631239999999,-20.228116],[-48.2224178,-20.223882699999997],[-48.2187113,-20.2226158],[-48.217156700000004,-20.220123699999995],[-48.21336050000001,-20.218126799999972],[-48.2046322,-20.217914],[-48.2031712,-20.2215163],[-48.2010879,-20.222692100000007],[-48.195393900000006,-20.221368399999978],[-48.1862786,-20.22236100000001],[-48.182325100000014,-20.2243846],[-48.179475800000006,-20.222808699999995],[-48.177192899999994,-20.223121100000007],[-48.1742584,-20.2271089],[-48.1666715,-20.229900900000004],[-48.1615033,-20.23041359999998],[-48.1594508,-20.233618699999997],[-48.155895400000006,-20.235707000000005],[-48.1557559,-20.24202989999999],[-48.1582057,-20.249175599999987],[-48.1535261,-20.256372699999996],[-48.14940860000001,-20.2582099],[-48.145985500000016,-20.2614187],[-48.1507575,-20.268288100000003],[-48.1546977,-20.2693151],[-48.158385900000006,-20.27246410000001],[-48.1573689,-20.274089400000005],[-48.1521823,-20.27581460000002],[-48.1494663,-20.279540799999992],[-48.1490717,-20.282492199999986],[-48.15163540000001,-20.2860206],[-48.1497374,-20.2914492],[-48.1529722,-20.291253500000003],[-48.1596812,-20.296567000000003],[-48.1636693,-20.303654200000018],[-48.1644795,-20.3092189],[-48.1666323,-20.3103889],[-48.1671995,-20.312352000000008],[-48.17636160000001,-20.321824100000004],[-48.1798295,-20.33195039999999],[-48.1899021,-20.341920300000027],[-48.18631630000001,-20.3497579],[-48.1788338,-20.390023600000013],[-48.2008911,-20.43800340000001],[-48.2017851,-20.442735199999973],[-48.2046924,-20.447352900000002],[-48.2095257,-20.451248099999997],[-48.2116563,-20.45515710000002],[-48.211282,-20.456617599999994],[-48.21385920000001,-20.4578826],[-48.2150662,-20.45544279999999],[-48.2191188,-20.454957],[-48.2189779,-20.454062499999985],[-48.2215333,-20.453251800000004],[-48.2216558,-20.45013989999998],[-48.2280766,-20.44994089999999],[-48.228954,-20.451043400000003],[-48.22718789999999,-20.45303019999999],[-48.2293013,-20.455850699999985],[-48.2309916,-20.457218500000018],[-48.23618839999999,-20.456806100000005],[-48.2367845,-20.459763599999995],[-48.238825300000016,-20.461015999999997],[-48.24719540000001,-20.46071240000001],[-48.2522742,-20.4621268],[-48.2532841,-20.463408999999984],[-48.2567492,-20.462993899999987],[-48.25896699999999,-20.46408550000001],[-48.259027800000005,-20.465514599999985],[-48.2614976,-20.465634500000007],[-48.263775,-20.4676251],[-48.2677676,-20.467133499999996],[-48.2698423,-20.468954499999988],[-48.2714136,-20.4681198],[-48.278717,-20.468859599999995],[-48.2807376,-20.47066970000001],[-48.278783,-20.47448850000002],[-48.28021330000001,-20.475459599999997],[-48.2832632,-20.474426599999994],[-48.282555200000004,-20.4781747],[-48.2808107,-20.478404599999987],[-48.28198629999999,-20.4798307],[-48.28137180000001,-20.481084699999993],[-48.284065299999995,-20.481001100000007],[-48.2852536,-20.48309259999998],[-48.28852560000001,-20.483804500000005],[-48.2848731,-20.4855637],[-48.281603999999994,-20.492353099999995],[-48.284071700000005,-20.4926715],[-48.28306679999999,-20.493487999999992],[-48.2841834,-20.493975500000015],[-48.2836022,-20.498486299999996],[-48.28733869999999,-20.501006900000007],[-48.289876,-20.506526999999974],[-48.29461190000001,-20.5110464],[-48.2932207,-20.514278199999982],[-48.2982209,-20.515022299999988],[-48.3010102,-20.512993499999993],[-48.3077582,-20.51715369999999],[-48.312114400000006,-20.5174706],[-48.31568039999999,-20.51910059999999],[-48.318734,-20.518659399999994],[-48.3196075,-20.5203041],[-48.3169143,-20.52101089999999],[-48.3172019,-20.5241015],[-48.3226193,-20.526051900000002],[-48.3263375,-20.532444499999993],[-48.33080640000001,-20.53052929999999],[-48.3325955,-20.5324557],[-48.334023999999985,-20.529004299999993],[-48.336078,-20.52950209999999],[-48.3382597,-20.527266599999997],[-48.3419274,-20.527943800000013],[-48.341346,-20.524015600000006],[-48.342105,-20.52224489999999],[-48.34416039999999,-20.52191839999999],[-48.3459284,-20.52220889999998],[-48.345684,-20.524754099999996],[-48.3472121,-20.52582779999998],[-48.35248740000001,-20.523675299999997],[-48.35576499999999,-20.527760200000003],[-48.3632196,-20.528045800000005],[-48.363792700000005,-20.52696549999999],[-48.3666204,-20.52687699999999],[-48.372198100000006,-20.53015229999999],[-48.3698847,-20.5314662],[-48.3685224,-20.535489899999998],[-48.37129060000001,-20.537941800000002],[-48.371608699999996,-20.5421612],[-48.3699247,-20.544200899999996],[-48.3713931,-20.5462554],[-48.372907000000005,-20.544509799999993],[-48.3765878,-20.543382300000015],[-48.376386499999995,-20.541989],[-48.3789275,-20.54151219999998],[-48.3805812,-20.538277999999995],[-48.38365490000001,-20.537161400000002],[-48.3829358,-20.5441409],[-48.37867219999999,-20.549048399999993],[-48.3703013,-20.55108430000001],[-48.3670788,-20.5551135],[-48.359517399999994,-20.559568799999997],[-48.35291860000001,-20.560261799999992],[-48.3505957,-20.561763000000006],[-48.34374009999999,-20.5771917],[-48.339729600000005,-20.58227249999999],[-48.336605700000014,-20.583358600000015],[-48.327208,-20.582137699999986],[-48.323129500000015,-20.5849949],[-48.3203473,-20.589048],[-48.3210751,-20.605809],[-48.32238600000001,-20.6091734],[-48.3265691,-20.612903499999998],[-48.3416119,-20.620324099999998],[-48.3471268,-20.626086099999974],[-48.348477200000005,-20.630087100000004],[-48.3504044,-20.6462524],[-48.34486100000001,-20.653148600000005],[-48.3363265,-20.6607252],[-48.3335928,-20.66536759999999],[-48.3361335,-20.677041600000013],[-48.340561900000004,-20.684009599999975],[-48.339307600000005,-20.693971199999986],[-48.332240500000005,-20.703842200000004],[-48.32575620000001,-20.71921770000001],[-48.3205066,-20.725222100000003],[-48.3160793,-20.72559839999999],[-48.31357020000001,-20.723822300000013],[-48.2958102,-20.720279900000016],[-48.2900942,-20.7233001],[-48.2829223,-20.738032899999997],[-48.279529200000006,-20.741057399999985],[-48.274281,-20.7434372],[-48.2712584,-20.74358979999999],[-48.26238779999999,-20.737942999999984],[-48.25669400000001,-20.74132610000001],[-48.2535528,-20.750719199999992],[-48.24879230000001,-20.758101899999982],[-48.2468369,-20.768200100000012],[-48.243492700000004,-20.7765701],[-48.2450822,-20.78139759999999],[-48.25122160000001,-20.790724699999995],[-48.2573389,-20.796244799999997],[-48.2561938,-20.8045795],[-48.25236,-20.809096499999992],[-48.2358298,-20.814395399999984],[-48.2334372,-20.8166368],[-48.232475599999994,-20.820020200000005],[-48.2342086,-20.830247699999994],[-48.24368810000001,-20.8421528],[-48.2431512,-20.848084299999993],[-48.2404098,-20.851390199999983],[-48.2336723,-20.855751500000004],[-48.2280997,-20.857501800000016],[-48.20942209999999,-20.8737145],[-48.2076778,-20.87538689999999],[-48.209309100000006,-20.87917950000001],[-48.2185235,-20.89210659999999],[-48.224341700000004,-20.897478900000017],[-48.2295106,-20.90027839999998],[-48.25791100000001,-20.931031399999988],[-48.2611209,-20.93161579999999],[-48.2680205,-20.938314800000008],[-48.2735301,-20.939599499999986],[-48.274909199999996,-20.943699399999996],[-48.284925,-20.952926199999997],[-48.30205150000001,-20.95310910000001],[-48.31509880000001,-20.951864499999992],[-48.3228283,-20.954435399999998],[-48.3388395,-20.955009700000005],[-48.3672194,-20.949083599999973],[-48.3696964,-20.951656999999983],[-48.3716491,-20.9580794],[-48.3735714,-20.9598228],[-48.37327249999999,-20.963533400000003],[-48.3784509,-20.968795600000004],[-48.3790148,-20.976515100000007],[-48.38264590000001,-20.983251],[-48.380873099999995,-21.003128800000002],[-48.3769797,-21.007955],[-48.3924294,-21.00789399999999],[-48.4012669,-21.0055739],[-48.4020971,-21.010496099999987],[-48.405992,-21.017167600000015],[-48.4109271,-21.01976],[-48.416567500000006,-21.0260979],[-48.42566260000001,-21.03038939999999],[-48.4282981,-21.033926999999984],[-48.441690600000015,-21.044777100000008],[-48.4474764,-21.04710400000002],[-48.4521587,-21.051645],[-48.45611120000002,-21.052822100000004],[-48.46003600000001,-21.063746699999985],[-48.460699700000006,-21.070297299999986],[-48.45900090000001,-21.076990699999996],[-48.4581486,-21.078342800000005],[-48.4529642,-21.070272500000005],[-48.4490039,-21.071878],[-48.4451479,-21.074636],[-48.444628200000004,-21.081268600000005],[-48.4414106,-21.086237999999984],[-48.436054200000015,-21.091871900000005],[-48.430651600000004,-21.095458299999983],[-48.4236682,-21.094879599999995],[-48.41409589999999,-21.0900272],[-48.4088586,-21.089632100000024],[-48.40276850000001,-21.090634399999992],[-48.3992729,-21.094833200000004],[-48.393728,-21.096620700000013],[-48.3863881,-21.097888199999993],[-48.3794546,-21.097317399999994],[-48.3643395,-21.0881603],[-48.3592638,-21.08357630000002],[-48.353593000000004,-21.081670500000005],[-48.34949929999999,-21.0922385],[-48.34860259999999,-21.0977982],[-48.3445274,-21.102704299999996],[-48.344744,-21.10531860000001],[-48.3464539,-21.105891000000014],[-48.36047169999999,-21.1037336],[-48.37057630000001,-21.107123400000006],[-48.374674000000006,-21.110316099999974],[-48.3716984,-21.114784000000007],[-48.3636418,-21.119455399999993],[-48.358545000000014,-21.118785199999976],[-48.35487020000001,-21.119908800000005],[-48.347259900000005,-21.128729099999983],[-48.3496788,-21.131943099999994],[-48.35812260000001,-21.136414499999994],[-48.361955900000005,-21.139833600000014],[-48.385978200000004,-21.16856830000001],[-48.402530500000005,-21.173001899999992],[-48.4169799,-21.17071470000001],[-48.4204292,-21.172226700000003],[-48.4245066,-21.179512999999982],[-48.423656099999995,-21.183653999999994],[-48.427356,-21.1958835],[-48.4353576,-21.20082989999999],[-48.4385342,-21.2001286],[-48.44312469999999,-21.209029200000014],[-48.453420099999995,-21.2122034],[-48.45906,-21.202316199999988],[-48.4559697,-21.195976099999996],[-48.455954600000005,-21.188189199999997],[-48.4535453,-21.183558900000012],[-48.4569726,-21.1835386],[-48.463321,-21.18097640000001],[-48.4770971,-21.179319999999993],[-48.4827886,-21.18209649999997],[-48.4977461,-21.184147400000022],[-48.5091415,-21.1833357],[-48.5132838,-21.185630799999974],[-48.51477270000001,-21.190155299999997],[-48.520529,-21.1876634],[-48.528058,-21.1890622],[-48.5358175,-21.185831500000006],[-48.5389183,-21.178165800000006],[-48.5387917,-21.16917470000001],[-48.546784400000014,-21.16813179999998],[-48.55435090000002,-21.165389800000003],[-48.55865070000001,-21.166337800000008],[-48.561178,-21.164757100000006],[-48.56544590000001,-21.164971200000007],[-48.5678057,-21.162959200000017],[-48.5714883,-21.162160599999996],[-48.5811682,-21.1656834],[-48.5839776,-21.184181200000005],[-48.580921,-21.203556400000004],[-48.5848421,-21.2131266],[-48.5911082,-21.214502400000015],[-48.5951052,-21.212329000000018],[-48.6002709,-21.21158890000001],[-48.60823240000001,-21.201926499999992],[-48.6108043,-21.200630900000004],[-48.61776040000001,-21.199877900000015],[-48.6233316,-21.196736399999992]]]}},{"type":"Feature","properties":{"id":"administrativas-15","nome":"Registro"},"geometry":{"type":"MultiPolygon","coordinates":[[[[-48.03781180000001,-25.356427200000017],[-48.0363837,-25.355925700000007],[-48.03541470000001,-25.35681819999999],[-48.0374973,-25.3579998],[-48.03781180000001,-25.356427200000017]]],[[[-47.95274650000001,-25.2738123],[-47.95591360000001,-25.2744269],[-47.9576122,-25.272837199999994],[-47.9528336,-25.272735799999985],[-47.95274650000001,-25.2738123]]],[[[-47.9094816,-25.1670916],[-47.9147558,-25.1667392],[-47.9114211,-25.162852100000006],[-47.91001370000001,-25.163276999999983],[-47.9089945,-25.165718599999984],[-47.9094816,-25.1670916]]],[[[-47.86193780000001,-25.131334800000005],[-47.859560800000004,-25.1317621],[-47.8606713,-25.13355770000001],[-47.8617782,-25.1330381],[-47.86193780000001,-25.131334800000005]]],[[[-47.9087187,-25.063435000000005],[-47.9059292,-25.063317499999997],[-47.9023781,-25.06567059999997],[-47.9028361,-25.08521249999999],[-47.9047344,-25.095424600000005],[-47.904076,-25.099987799999997],[-47.90158240000001,-25.103590100000005],[-47.89572080000001,-25.104226],[-47.8947358,-25.107447099999984],[-47.9008655,-25.11076],[-47.90422900000001,-25.116015100000002],[-47.9083367,-25.118533900000003],[-47.91600350000001,-25.138396000000007],[-47.91496630000001,-25.140637299999995],[-47.9162571,-25.143693400000007],[-47.9187975,-25.144728],[-47.9193192,-25.15298939999999],[-47.91699880000001,-25.156502600000003],[-47.91246979999999,-25.155797899999985],[-47.913872500000004,-25.15915410000001],[-47.9264866,-25.161689999999993],[-47.9308563,-25.16426739999998],[-47.9317802,-25.16619989999999],[-47.93634560000001,-25.16736220000001],[-47.945992,-25.174320599999987],[-47.9715725,-25.196458999999987],[-47.9727182,-25.198242],[-47.9721889,-25.199718],[-47.9788851,-25.202545800000017],[-47.9836755,-25.20625759999999],[-48.0468761,-25.258530099999998],[-48.0703953,-25.28119439999999],[-48.0994745,-25.312321299999997],[-48.100385200000005,-25.30728540000001],[-48.0984588,-25.2996767],[-48.083109199999996,-25.281997200000003],[-48.057484300000006,-25.263275000000004],[-48.0511582,-25.2523355],[-48.030701500000006,-25.238767799999987],[-48.02469429999999,-25.232763999999996],[-48.02393810000001,-25.229143300000008],[-48.0276361,-25.2282406],[-48.0299432,-25.226201800000002],[-48.0269112,-25.221993500000007],[-48.0275502,-25.2205088],[-48.0322503,-25.218467799999974],[-48.0402996,-25.218744499999996],[-48.0441624,-25.220966],[-48.0455229,-25.226340900000004],[-48.047161900000006,-25.226749399999996],[-48.0574466,-25.21833430000002],[-48.0583904,-25.222222799999997],[-48.05720409999999,-25.226036500000006],[-48.0593311,-25.227560199999992],[-48.0595252,-25.22945890000001],[-48.056995500000006,-25.233082000000017],[-48.0586958,-25.2381422],[-48.06210610000001,-25.240085199999978],[-48.07510610000001,-25.240633],[-48.0814112,-25.2441829],[-48.0836675,-25.2433725],[-48.08391780000001,-25.240624999999977],[-48.085593900000006,-25.240316699999987],[-48.0897202,-25.241845999999985],[-48.09241140000001,-25.2400361],[-48.0985821,-25.24125339999999],[-48.1003557,-25.243790900000004],[-48.10628520000001,-25.243929999999995],[-48.1087208,-25.245687100000005],[-48.11071770000001,-25.24975380000002],[-48.114883600000006,-25.250701999999986],[-48.1159781,-25.2489434],[-48.1222477,-25.245542000000015],[-48.1244668,-25.242606200000008],[-48.1331291,-25.239821799999984],[-48.15123820000001,-25.22812740000001],[-48.16272029999999,-25.209836600000017],[-48.1657234,-25.209013599999984],[-48.1714596,-25.2104806],[-48.175196099999994,-25.209377600000003],[-48.18252030000001,-25.204998799999995],[-48.1913613,-25.196241300000004],[-48.19316530000001,-25.193393099999994],[-48.1933632,-25.189865599999994],[-48.1849666,-25.18638519999999],[-48.1783946,-25.182058699999985],[-48.178716800000004,-25.17961000000001],[-48.1759989,-25.1779381],[-48.1724439,-25.17165409999998],[-48.166638600000006,-25.166008599999994],[-48.1687175,-25.1565427],[-48.16219749999999,-25.154201200000006],[-48.158502,-25.149906899999994],[-48.1568858,-25.1446525],[-48.1637749,-25.145696400000002],[-48.1713342,-25.1422586],[-48.177133000000005,-25.13573770000001],[-48.181641500000005,-25.133835699999988],[-48.18169219999999,-25.1292202],[-48.1869986,-25.1253266],[-48.189388300000005,-25.117636199999996],[-48.1945868,-25.1135108],[-48.19482760000001,-25.106491699999985],[-48.204500499999995,-25.0996635],[-48.2052512,-25.09825829999998],[-48.2039953,-25.093549499999998],[-48.2074179,-25.088775400000006],[-48.21219669999999,-25.085446599999997],[-48.21289109999999,-25.0833672],[-48.2101413,-25.08024610000001],[-48.2160543,-25.0766716],[-48.213283,-25.073143899999994],[-48.21516620000001,-25.0678759],[-48.212099,-25.059185099999997],[-48.215122500000014,-25.050463500000017],[-48.2155624,-25.042552500000003],[-48.21525490000001,-25.040804],[-48.21027810000001,-25.036378399999993],[-48.2086452,-25.031944800000005],[-48.2094673,-25.027184199999983],[-48.214943,-25.0296741],[-48.2253064,-25.02250769999999],[-48.228386500000006,-25.023006499999987],[-48.231554300000006,-25.0207869],[-48.2311142,-25.019431],[-48.23300000000001,-25.017892299999993],[-48.231950100000006,-25.015358300000003],[-48.2233564,-25.0091243],[-48.226976900000004,-25.00677190000001],[-48.22894380000001,-25.00857649999999],[-48.2334705,-25.006941099999988],[-48.22947090000001,-25.001350800000022],[-48.2338649,-25.0007018],[-48.236307,-24.998178599999978],[-48.2353924,-24.995583300000014],[-48.236470100000005,-24.994143399999995],[-48.23969280000001,-24.991417599999995],[-48.24577560000001,-24.98939179999999],[-48.24852250000001,-24.98534050000001],[-48.250281099999995,-24.97741780000002],[-48.2523019,-24.978064800000006],[-48.2520551,-24.97974279999999],[-48.2592802,-24.986650499999993],[-48.25774070000001,-24.988923699999983],[-48.2588134,-24.990051899999994],[-48.25480389999999,-24.996497900000016],[-48.2599154,-24.9976564],[-48.2633319,-24.9928045],[-48.266855100000015,-24.99653819999999],[-48.26958580000001,-24.9975348],[-48.2681738,-25.001222100000007],[-48.27756550000001,-25.015996099999988],[-48.27537430000001,-25.027711699999976],[-48.27791710000001,-25.032974400000004],[-48.284627699999994,-25.039192299999986],[-48.2875243,-25.039969199999994],[-48.2896935,-25.037701800000004],[-48.28966630000001,-25.02991699999999],[-48.29130140000001,-25.0286829],[-48.292818,-25.024424300000003],[-48.297309600000006,-25.023453700000008],[-48.299196699999996,-25.0256374],[-48.2964718,-25.029673500000015],[-48.2977772,-25.03360179999999],[-48.29922159999999,-25.035410900000002],[-48.3026645,-25.034500399999988],[-48.3074617,-25.0354827],[-48.307248,-25.044124100000012],[-48.3086152,-25.046704899999995],[-48.311553700000005,-25.048147999999994],[-48.3143286,-25.0469751],[-48.3177739,-25.0565481],[-48.33038470000001,-25.0697052],[-48.3336709,-25.0705736],[-48.3356695,-25.0675255],[-48.33576020000001,-25.063410599999983],[-48.3337105,-25.057569700000002],[-48.324349399999996,-25.0543888],[-48.32642119999999,-25.05073079999999],[-48.3231697,-25.042319499999998],[-48.324141,-25.0367483],[-48.3324701,-25.036138199999996],[-48.3370563,-25.039704200000013],[-48.339080100000004,-25.0360302],[-48.342614600000005,-25.0376483],[-48.346971599999996,-25.035240799999997],[-48.3495863,-25.03681570000001],[-48.3512278,-25.036489400000004],[-48.352061499999984,-25.032372900000013],[-48.350311999999995,-25.02866200000001],[-48.35474840000001,-25.0199622],[-48.3580472,-25.01672299999999],[-48.3651115,-25.013902299999987],[-48.37336019999999,-25.004684999999988],[-48.377616100000004,-25.0030896],[-48.378637800000014,-24.997028299999997],[-48.3811673,-24.995554000000002],[-48.38467,-24.99531229999999],[-48.3909457,-24.991216700000006],[-48.39472090000001,-24.99106150000001],[-48.3954994,-24.988569899999998],[-48.4111527,-24.9802317],[-48.413604600000006,-24.982549800000005],[-48.4136963,-24.986037999999994],[-48.4170349,-24.989367700000003],[-48.4227004,-24.990967199999996],[-48.42878170000001,-24.9900828],[-48.43142950000001,-24.9913992],[-48.43445470000001,-24.99129869999999],[-48.4415019,-24.995758799999994],[-48.44481029999999,-24.9963445],[-48.4491838,-25.000856199999998],[-48.4595854,-25.005362100000013],[-48.46283030000001,-25.005675199999995],[-48.46670009999999,-25.009489000000002],[-48.4740493,-25.01255239999999],[-48.4753666,-25.01514650000001],[-48.475418600000005,-25.02043709999997],[-48.48088240000001,-25.0369881],[-48.48553259999999,-25.042137100000012],[-48.485951600000014,-25.0453775],[-48.482835900000005,-25.051862199999984],[-48.483291900000005,-25.053192300000006],[-48.491430400000006,-25.053404200000003],[-48.4939418,-25.056678800000004],[-48.498406,-25.05910630000001],[-48.506397500000006,-25.067636],[-48.5125128,-25.0838144],[-48.5139987,-25.0857071],[-48.51972789999999,-25.0847543],[-48.5212823,-25.085935700000004],[-48.5225452,-25.08900289999999],[-48.5218993,-25.091959300000006],[-48.5270576,-25.096112999999992],[-48.5285838,-25.100789299999995],[-48.5412841,-25.097480700000013],[-48.5560079,-25.086552599999987],[-48.5565085,-25.0831837],[-48.5598759,-25.077961000000016],[-48.5601132,-25.075180199999988],[-48.5585076,-25.072915699999985],[-48.55924110000001,-25.070327299999978],[-48.55777129999999,-25.0686191],[-48.55905580000001,-25.067030599999985],[-48.5579385,-25.06397249999999],[-48.5589032,-25.061542299999996],[-48.56167219999999,-25.0603647],[-48.5619569,-25.05892800000001],[-48.5653143,-25.0583019],[-48.5670354,-25.0552682],[-48.5690178,-25.054308899999985],[-48.5690701,-25.051062299999998],[-48.573475300000005,-25.0509131],[-48.57963280000001,-25.053127399999983],[-48.5826617,-25.0516461],[-48.583029,-25.050004000000005],[-48.581392400000006,-25.049301899999996],[-48.58065770000002,-25.046822300000002],[-48.5823817,-25.04226900000001],[-48.5838052,-25.041584399999998],[-48.5815386,-25.034857199999998],[-48.58569510000001,-25.030306799999998],[-48.589583700000006,-25.0296891],[-48.5880042,-25.027737700000003],[-48.5906867,-25.026523699999977],[-48.58831680000001,-25.023931699999995],[-48.58886950000001,-25.019705700000003],[-48.5992472,-25.019271999999987],[-48.59941940000001,-25.017764499999984],[-48.5972112,-25.01541639999999],[-48.6008313,-25.010505700000003],[-48.600027700000005,-25.006110499999984],[-48.5952033,-24.996134200000004],[-48.591550000000005,-24.996671699999997],[-48.589232700000004,-24.99480990000001],[-48.5904155,-24.9889127],[-48.5884602,-24.986439299999986],[-48.58013429999999,-24.986941100000013],[-48.576287300000004,-24.9844367],[-48.5747282,-24.9800855],[-48.5710618,-24.977945899999995],[-48.5673709,-24.97226690000002],[-48.568641,-24.962800100000013],[-48.567946000000006,-24.96001719999999],[-48.572671099999994,-24.954929399999997],[-48.5704626,-24.95160600000001],[-48.5643226,-24.951466499999995],[-48.56298150000001,-24.9503259],[-48.5640324,-24.948785300000008],[-48.5689359,-24.946896100000004],[-48.56967480000001,-24.943481600000005],[-48.5628676,-24.939429299999993],[-48.5668393,-24.935393499999996],[-48.567371000000016,-24.93143519999999],[-48.57017930000001,-24.931541699999993],[-48.569363100000004,-24.92828950000001],[-48.5715891,-24.924731499999993],[-48.5712626,-24.9200089],[-48.5676632,-24.91994119999999],[-48.5652241,-24.917729199999997],[-48.5671711,-24.914342499999997],[-48.56714360000001,-24.90387119999999],[-48.5728345,-24.9028814],[-48.5720602,-24.895013100000014],[-48.56728410000001,-24.89394779999999],[-48.5637247,-24.894926699999992],[-48.5609235,-24.900695599999995],[-48.5593072,-24.90118319999999],[-48.5560909,-24.892803100000005],[-48.55943490000001,-24.889241399999978],[-48.558343900000004,-24.88458590000002],[-48.5548636,-24.88172130000001],[-48.54900520000001,-24.882328099999995],[-48.5447856,-24.87896379999998],[-48.545424100000005,-24.877014000000003],[-48.5470542,-24.879827700000003],[-48.5493901,-24.879163800000008],[-48.5468405,-24.873770300000004],[-48.549730100000005,-24.86749630000001],[-48.5637007,-24.864534799999987],[-48.565173900000005,-24.865039200000016],[-48.56667610000001,-24.863957699999993],[-48.5646683,-24.85983520000001],[-48.56447140000001,-24.856173599999998],[-48.5678141,-24.8474996],[-48.5639496,-24.836944100000025],[-48.5644721,-24.834280699999983],[-48.5613345,-24.82653289999999],[-48.5557543,-24.823793099999996],[-48.559199,-24.82109080000001],[-48.5572572,-24.81299119999999],[-48.5553936,-24.8101144],[-48.555754,-24.806203799999974],[-48.5488908,-24.7972137],[-48.53650720000001,-24.789547499999994],[-48.5344205,-24.786651499999998],[-48.5308073,-24.786446200000018],[-48.5273041,-24.783223099999997],[-48.5167241,-24.780182100000015],[-48.51581409999999,-24.77682749999998],[-48.5178093,-24.774398099999996],[-48.5167008,-24.7685602],[-48.51208540000001,-24.76396339999999],[-48.50729200000001,-24.76479110000002],[-48.5084933,-24.757226899999985],[-48.507698500000004,-24.7523722],[-48.5018968,-24.745975699999995],[-48.5039737,-24.7401382],[-48.5031997,-24.7390928],[-48.4993063,-24.738967599999988],[-48.5003077,-24.737348099999984],[-48.5020887,-24.737388000000006],[-48.503805899999996,-24.734946700000012],[-48.50503400000001,-24.73493759999999],[-48.5094728,-24.740149999999996],[-48.5115024,-24.740566099999995],[-48.522474700000004,-24.736067900000002],[-48.5294452,-24.739289999999993],[-48.5317828,-24.73676659999999],[-48.529174700000006,-24.73158979999999],[-48.53814460000001,-24.726201800000005],[-48.530823,-24.716670300000004],[-48.5314426,-24.7147873],[-48.5292843,-24.706212899999986],[-48.5313631,-24.702243300000017],[-48.53024750000001,-24.699579000000004],[-48.5316327,-24.697847099999983],[-48.528592800000006,-24.692040000000002],[-48.5289907,-24.687651199999994],[-48.527618600000004,-24.686172899999985],[-48.5255231,-24.68599330000001],[-48.52450470000001,-24.682626799999984],[-48.5212422,-24.681979899999998],[-48.5154756,-24.675884400000008],[-48.5104818,-24.673122899999985],[-48.5071381,-24.673385400000004],[-48.5075284,-24.669316000000006],[-48.50587920000001,-24.667988600000005],[-48.50016750000001,-24.6692177],[-48.494680200000005,-24.66853680000001],[-48.486299800000005,-24.678979800000004],[-48.48209080000001,-24.6784324],[-48.481324,-24.670176099999974],[-48.4749472,-24.66496700000001],[-48.46942930000001,-24.663396599999995],[-48.4645035,-24.65984520000001],[-48.462132600000004,-24.660761699999995],[-48.4593405,-24.655984300000007],[-48.45711880000001,-24.646077099999992],[-48.46025590000001,-24.6426966],[-48.460034400000005,-24.6407534],[-48.4522239,-24.62734049999997],[-48.4517027,-24.62444580000001],[-48.4539818,-24.61658780000001],[-48.4528918,-24.61493129999999],[-48.4513249,-24.61489530000002],[-48.4517737,-24.613843499999994],[-48.449873800000006,-24.6103923],[-48.44824090000001,-24.610083799999984],[-48.447984,-24.607180799999984],[-48.4463414,-24.60579829999998],[-48.447709399999994,-24.604028800000002],[-48.445753599999996,-24.60389660000001],[-48.4466138,-24.602280300000015],[-48.44548670000001,-24.601868899999996],[-48.44747259999999,-24.599287800000003],[-48.4441579,-24.596392999999985],[-48.442414600000006,-24.596596099999992],[-48.44131300000001,-24.595542200000004],[-48.442105600000005,-24.5945372],[-48.4402602,-24.592964499999994],[-48.432589500000006,-24.591036799999998],[-48.433654900000015,-24.589898899999998],[-48.4308346,-24.588053500000004],[-48.4307366,-24.58440309999997],[-48.42793960000001,-24.5845538],[-48.42562790000001,-24.5863009],[-48.42508720000001,-24.58372319999998],[-48.42175640000001,-24.582565300000002],[-48.420105099999994,-24.5869935],[-48.4181522,-24.585889899999998],[-48.417132200000005,-24.586874600000012],[-48.4172223,-24.585691799999992],[-48.4155424,-24.585429000000005],[-48.4129914,-24.586930400000004],[-48.4040754,-24.577977000000004],[-48.4041704,-24.573849600000006],[-48.4022726,-24.571295400000004],[-48.3985851,-24.570259799999995],[-48.39355509999999,-24.572786699999998],[-48.391383999999995,-24.5717324],[-48.39084530000002,-24.570278799999997],[-48.394021900000006,-24.564982500000003],[-48.3986154,-24.564174399999995],[-48.4025666,-24.565584299999998],[-48.40640450000001,-24.560753900000005],[-48.4118239,-24.557896100000004],[-48.417381999999996,-24.558113100000003],[-48.4232137,-24.55472650000001],[-48.42665730000001,-24.554573499999996],[-48.4267466,-24.552113499999987],[-48.42869700000001,-24.551613899999992],[-48.4297273,-24.549606999999998],[-48.4295933,-24.545160599999985],[-48.43389650000001,-24.54368000000001],[-48.4343112,-24.540067400000005],[-48.4318812,-24.54020479999999],[-48.4307023,-24.538921199999987],[-48.4320829,-24.537432100000004],[-48.4309943,-24.5374352],[-48.431428200000006,-24.535040999999985],[-48.429449000000005,-24.53400969999998],[-48.4296854,-24.53145789999998],[-48.422896300000005,-24.530517600000003],[-48.41927310000001,-24.528565199999996],[-48.41800600000001,-24.5264701],[-48.41321320000001,-24.527155500000006],[-48.4073991,-24.5224589],[-48.40316130000001,-24.523079],[-48.402897,-24.52464869999999],[-48.3963827,-24.5228472],[-48.396360400000006,-24.520463200000005],[-48.3916648,-24.51619639999999],[-48.3911038,-24.512804300000006],[-48.38773900000001,-24.51094820000001],[-48.381878199999996,-24.503370200000013],[-48.3883275,-24.493830300000006],[-48.392556199999994,-24.49013229999999],[-48.39051870000001,-24.4875262],[-48.3939854,-24.485389199999997],[-48.394135899999995,-24.482848799999996],[-48.3903642,-24.480810399999996],[-48.3853474,-24.4809513],[-48.3766962,-24.473187199999995],[-48.3718129,-24.472953899999997],[-48.3627388,-24.469050400000008],[-48.3597204,-24.464708499999993],[-48.35424499999999,-24.462226200000003],[-48.3515238,-24.459194800000002],[-48.3502723,-24.45281269999999],[-48.35220379999999,-24.44745539999998],[-48.35127930000001,-24.445813699999984],[-48.3485585,-24.4450744],[-48.34723680000001,-24.440839699999984],[-48.350044600000004,-24.435015599999993],[-48.35786040000001,-24.434393699999987],[-48.3577631,-24.4272636],[-48.362129100000004,-24.421154100000006],[-48.365254900000004,-24.42092090000001],[-48.3668118,-24.422656099999994],[-48.371364,-24.42248199999999],[-48.37594620000001,-24.4267375],[-48.377307,-24.430844900000004],[-48.3808972,-24.433535499999977],[-48.383622300000006,-24.431798599999993],[-48.3870497,-24.434089699999976],[-48.3884833,-24.431743399999988],[-48.3942406,-24.432419600000003],[-48.3950199,-24.42888809999999],[-48.3983922,-24.428683200000002],[-48.3999132,-24.426942],[-48.3872019,-24.410269899999996],[-48.3772942,-24.404956500000008],[-48.3784479,-24.39868429999998],[-48.36869890000001,-24.391027600000008],[-48.3705256,-24.379802799999997],[-48.36554990000001,-24.376512899999994],[-48.3647442,-24.373290899999997],[-48.360381400000016,-24.3700686],[-48.3599742,-24.368334600000004],[-48.363254700000006,-24.3550022],[-48.3628456,-24.347716499999983],[-48.3550688,-24.3455682],[-48.3506743,-24.34602880000001],[-48.35313150000001,-24.341983900000013],[-48.35095880000001,-24.337085199999997],[-48.3540157,-24.3295951],[-48.3538823,-24.3266933],[-48.35532739999999,-24.324884899999994],[-48.3594129,-24.323860899999996],[-48.35783730000001,-24.319283099999993],[-48.36246380000001,-24.3147252],[-48.3617169,-24.310779300000004],[-48.3572826,-24.306234299999986],[-48.37052810000001,-24.30390909999999],[-48.3771081,-24.305446999999994],[-48.380352,-24.307874099999996],[-48.3831292,-24.304174200000013],[-48.3786071,-24.299191899999997],[-48.3727336,-24.29417039999999],[-48.3697768,-24.293307099999993],[-48.3662691,-24.287564599999996],[-48.3605911,-24.2825095],[-48.3536464,-24.285221499999984],[-48.3523254,-24.288023499999998],[-48.3437736,-24.286137100000012],[-48.3403355,-24.288567100000012],[-48.33976870000001,-24.2927559],[-48.3352855,-24.292945800000002],[-48.329999599999994,-24.29057430000001],[-48.324741700000004,-24.292773300000007],[-48.324258400000005,-24.2955405],[-48.3280156,-24.298768699999997],[-48.33013100000001,-24.307885099999982],[-48.3288288,-24.312476499999985],[-48.32266729999999,-24.314485100000013],[-48.317533700000006,-24.313436199999998],[-48.3054564,-24.304537399999987],[-48.2998659,-24.3067833],[-48.2987249,-24.3027227],[-48.294892000000004,-24.301261899999997],[-48.29561460000001,-24.2973071],[-48.2921282,-24.2943474],[-48.2878191,-24.2946306],[-48.28183370000001,-24.29825219999999],[-48.27549960000001,-24.296646799999994],[-48.274763300000004,-24.2937307],[-48.2776678,-24.290285299999987],[-48.2819033,-24.288809099999998],[-48.28361530000001,-24.2839889],[-48.2717153,-24.276398699999987],[-48.2675233,-24.275930800000005],[-48.2659862,-24.27394740000002],[-48.2632539,-24.273353399999994],[-48.26256930000001,-24.27111319999998],[-48.2606664,-24.270577299999996],[-48.2574494,-24.266875899999977],[-48.2528954,-24.257835900000007],[-48.2483461,-24.259970799999998],[-48.2434739,-24.259476699999993],[-48.2417432,-24.262942300000002],[-48.23834999999999,-24.263828299999993],[-48.2352195,-24.2630911],[-48.2294861,-24.2640235],[-48.22643310000001,-24.262555600000002],[-48.220144700000006,-24.264207199999994],[-48.217918499999996,-24.262461000000012],[-48.2149696,-24.26213149999999],[-48.20494419999999,-24.263289899999993],[-48.2002862,-24.261706699999998],[-48.196787500000006,-24.254816499999997],[-48.19196850000001,-24.254438900000004],[-48.1810439,-24.247710400000006],[-48.1711126,-24.245040100000008],[-48.16542479999999,-24.238240600000008],[-48.161686200000005,-24.23692269999999],[-48.157076,-24.23258259999999],[-48.1546109,-24.232250800000006],[-48.154347300000005,-24.229249999999983],[-48.148224700000014,-24.229342300000017],[-48.1491126,-24.23187749999998],[-48.1483642,-24.233196599999992],[-48.1449141,-24.23169599999999],[-48.143734,-24.227714599999985],[-48.1468236,-24.226116300000005],[-48.14368559999999,-24.220504300000016],[-48.1462121,-24.213153299999995],[-48.143578700000006,-24.211278199999985],[-48.1398833,-24.210991800000013],[-48.1384425,-24.208594699999995],[-48.143500800000005,-24.200687500000004],[-48.141261500000006,-24.19451889999999],[-48.1378186,-24.195226399999996],[-48.13354149999999,-24.194358899999997],[-48.1247491,-24.197423299999997],[-48.1180485,-24.1948455],[-48.11446129999999,-24.1997286],[-48.0986009,-24.202071199999992],[-48.0939916,-24.200739899999995],[-48.092674800000005,-24.19617189999999],[-48.09435390000001,-24.19354140000001],[-48.0879705,-24.1937888],[-48.0846688,-24.191162000000013],[-48.08185490000002,-24.193380499999993],[-48.0759704,-24.19053940000001],[-48.0667288,-24.183178699999985],[-48.0626842,-24.182327300000015],[-48.059718499999995,-24.18335930000001],[-48.0608699,-24.18022469999999],[-48.057514000000005,-24.176214499999983],[-48.0591658,-24.17415820000001],[-48.0575389,-24.172603500000005],[-48.0584131,-24.165106799999982],[-48.0569456,-24.163641899999995],[-48.0601391,-24.159134599999994],[-48.0580198,-24.15718030000001],[-48.0543966,-24.157750399999998],[-48.05072220000001,-24.156665899999997],[-48.0532766,-24.149930799999986],[-48.057278800000006,-24.147385400000005],[-48.0515998,-24.14256630000001],[-48.04992210000001,-24.13789519999999],[-48.041697100000015,-24.138161300000004],[-48.035850399999994,-24.135440299999992],[-48.029877000000006,-24.1358456],[-48.0264086,-24.133780899999987],[-48.0241575,-24.134689],[-48.0227075,-24.1309208],[-48.0174068,-24.128646899999996],[-48.01330980000001,-24.12955020000001],[-48.0115793,-24.132361200000013],[-48.012168200000005,-24.135015499999994],[-48.00875380000001,-24.135402900000013],[-47.9971585,-24.12573889999999],[-47.9895208,-24.122037700000014],[-47.9865664,-24.116569600000016],[-47.980779,-24.1133823],[-47.978297700000006,-24.114372399999993],[-47.97558420000001,-24.113513899999994],[-47.96838360000001,-24.115598499999997],[-47.957792500000004,-24.115368800000006],[-47.953127800000004,-24.119831799999982],[-47.95050839999999,-24.120108999999996],[-47.9465439,-24.11753210000001],[-47.94555630000001,-24.1090865],[-47.93895,-24.1042959],[-47.9382211,-24.099469299999985],[-47.9297746,-24.101088199999985],[-47.92273460000001,-24.101068600000012],[-47.9205831,-24.099726000000004],[-47.917393,-24.1005449],[-47.90563190000001,-24.093217399999997],[-47.9019456,-24.09381129999999],[-47.9017169,-24.089632400000003],[-47.89688969999999,-24.084904800000007],[-47.895239700000005,-24.079627],[-47.892288,-24.077987799999985],[-47.8881683,-24.078200800000005],[-47.8816355,-24.0810311],[-47.87698760000001,-24.080862099999987],[-47.87132210000001,-24.07660499999997],[-47.8677823,-24.0768163],[-47.8666354,-24.08292240000001],[-47.8677763,-24.086404500000008],[-47.8615192,-24.089582999999994],[-47.8585676,-24.094344199999988],[-47.8589214,-24.0981816],[-47.856698599999994,-24.1021471],[-47.856892,-24.10438],[-47.8598578,-24.10692249999999],[-47.8632815,-24.113950600000003],[-47.8622126,-24.118220499999996],[-47.85960930000001,-24.119637199999982],[-47.8584954,-24.12260279999999],[-47.8565208,-24.122938400000002],[-47.8518278,-24.120148400000005],[-47.8515206,-24.117109699999993],[-47.8499478,-24.116726499999995],[-47.84696400000001,-24.119442599999978],[-47.841138,-24.12019900000001],[-47.837913,-24.119179099999993],[-47.8314739,-24.121790199999992],[-47.8297662,-24.1249871],[-47.8311688,-24.128210100000004],[-47.827461700000015,-24.133538099999985],[-47.8213801,-24.132489999999997],[-47.8169157,-24.133684299999995],[-47.8123533,-24.1312591],[-47.808616100000016,-24.130770999999992],[-47.801787399999995,-24.13495319999999],[-47.79936780000001,-24.13389670000002],[-47.79251690000001,-24.1350926],[-47.789436900000005,-24.1338455],[-47.7870027,-24.130247699999984],[-47.7787588,-24.129935100000008],[-47.7756963,-24.1277452],[-47.77273050000001,-24.13444679999999],[-47.7694032,-24.132091299999974],[-47.7657106,-24.1324916],[-47.75835810000002,-24.130716],[-47.7507098,-24.12279490000001],[-47.74852129999999,-24.1232705],[-47.743846,-24.120847000000005],[-47.7367738,-24.1252031],[-47.72758949999999,-24.118276900000016],[-47.7247138,-24.118105400000008],[-47.72421250000001,-24.1152127],[-47.7219662,-24.1132288],[-47.72585539999999,-24.110594799999994],[-47.7235017,-24.106519499999997],[-47.7341024,-24.105497599999996],[-47.7357805,-24.102989700000016],[-47.7339888,-24.098127200000008],[-47.7256592,-24.089602199999998],[-47.7251312,-24.080928099999994],[-47.72002940000001,-24.07923319999999],[-47.7181067,-24.076762700000003],[-47.7121442,-24.0742734],[-47.708977100000006,-24.071591800000007],[-47.7070589,-24.073315299999994],[-47.702477599999995,-24.073781300000004],[-47.6982225,-24.06813879999999],[-47.6946867,-24.066579299999997],[-47.6894985,-24.0594048],[-47.6850945,-24.056570500000007],[-47.6839574,-24.0504677],[-47.6803041,-24.04526149999999],[-47.6762058,-24.0450912],[-47.67283590000002,-24.041153600000012],[-47.66098860000001,-24.04039160000001],[-47.65635129999999,-24.043888799999998],[-47.6532555,-24.044720500000004],[-47.6492726,-24.041057500000004],[-47.6452899,-24.042092500000013],[-47.64091030000001,-24.039530599999985],[-47.6378877,-24.043817599999993],[-47.6369043,-24.043166499999995],[-47.6368163,-24.03812319999999],[-47.62858380000001,-24.03670439999999],[-47.628144500000005,-24.035003900000007],[-47.6256255,-24.034305300000007],[-47.6239893,-24.035372199999998],[-47.6252584,-24.038099599999992],[-47.62297439999999,-24.0413731],[-47.6195314,-24.0435087],[-47.613753300000006,-24.044684100000016],[-47.615477,-24.0492332],[-47.6136326,-24.052245099999993],[-47.615608900000005,-24.056187899999987],[-47.6154541,-24.0595621],[-47.62192660000001,-24.0641223],[-47.62031330000001,-24.068345000000004],[-47.6241349,-24.069684999999986],[-47.62472240000001,-24.0716704],[-47.6303241,-24.075703299999994],[-47.6286908,-24.077374499999987],[-47.6301537,-24.087631199999993],[-47.6329697,-24.0916304],[-47.63602950000001,-24.09968850000002],[-47.6337967,-24.102781599999993],[-47.6338617,-24.112854599999984],[-47.62845380000001,-24.11398790000002],[-47.6231304,-24.1119739],[-47.621359700000006,-24.106022799999998],[-47.61600709999999,-24.1037926],[-47.61252640000001,-24.100552199999996],[-47.6109641,-24.095923299999995],[-47.60298310000001,-24.088563799999992],[-47.597459,-24.085567099999995],[-47.595457300000014,-24.0825149],[-47.5960099,-24.079784899999996],[-47.59396310000001,-24.0807156],[-47.5940975,-24.085400899999996],[-47.59193080000001,-24.088416899999988],[-47.59066370000001,-24.087728400000003],[-47.5892485,-24.08206],[-47.585087,-24.079840000000004],[-47.58281180000001,-24.0754528],[-47.5790392,-24.07514510000001],[-47.57662590000001,-24.07804889999998],[-47.570456,-24.07802189999999],[-47.5668006,-24.069361200000014],[-47.5678384,-24.062515199999982],[-47.564132500000014,-24.05663940000001],[-47.5624865,-24.04941319999999],[-47.56277099999999,-24.039561599999995],[-47.5576426,-24.038897499999994],[-47.55442600000001,-24.0404197],[-47.55366990000001,-24.0369096],[-47.549547,-24.036409599999995],[-47.5410451,-24.037886099999987],[-47.5391996,-24.03940070000001],[-47.539362,-24.04196530000002],[-47.53189259999999,-24.043683199999993],[-47.530193600000004,-24.046448999999996],[-47.5212303,-24.045771499999997],[-47.5142851,-24.0471743],[-47.5122671,-24.046401500000005],[-47.5087775,-24.04889010000001],[-47.50290580000001,-24.049785700000008],[-47.4988455,-24.0529062],[-47.4959699,-24.058733999999987],[-47.493805,-24.0587045],[-47.492926000000004,-24.061873000000002],[-47.494693600000005,-24.0660183],[-47.49223829999999,-24.070221300000025],[-47.487404700000006,-24.0731792],[-47.48601089999999,-24.072730900000003],[-47.4823231,-24.074499200000005],[-47.480127100000004,-24.0763954],[-47.4809392,-24.0786656],[-47.479540300000004,-24.0783752],[-47.4773281,-24.0813234],[-47.4732365,-24.078324299999984],[-47.4650531,-24.07632699999999],[-47.46423419999999,-24.071990800000012],[-47.462321200000005,-24.06925219999998],[-47.46400810000001,-24.066027500000004],[-47.463067300000006,-24.060160700000008],[-47.4600283,-24.0578111],[-47.4579836,-24.05874439999999],[-47.45397779999999,-24.055647999999994],[-47.452588600000006,-24.05188709999997],[-47.449105900000006,-24.050486600000017],[-47.44817780000001,-24.053479099999997],[-47.4442138,-24.05365990000002],[-47.43784509999999,-24.05748639999999],[-47.4299001,-24.064277199999996],[-47.4278138,-24.068306699999997],[-47.4261222,-24.069141399999978],[-47.4232112,-24.06712559999998],[-47.4215415,-24.0686291],[-47.417094,-24.0661142],[-47.41666500000001,-24.062039199999987],[-47.415568099999994,-24.06123810000002],[-47.388544700000004,-24.05472519999998],[-47.3881524,-24.05205769999997],[-47.38598790000001,-24.0497831],[-47.3769459,-24.048495300000003],[-47.373013400000005,-24.04533559999998],[-47.3718749,-24.0416266],[-47.370029,-24.0434687],[-47.3683385,-24.042736999999995],[-47.3685903,-24.039171500000016],[-47.3630375,-24.0317731],[-47.355774000000004,-24.02955609999999],[-47.3562899,-24.02246259999998],[-47.3402707,-24.013136899999996],[-47.33442980000001,-24.012718899999992],[-47.335131000000004,-24.01515979999998],[-47.3329793,-24.0180982],[-47.3307764,-24.01782579999998],[-47.3303789,-24.015222799999997],[-47.3285745,-24.014573000000002],[-47.32514249999999,-24.017509799999992],[-47.322626,-24.0178016],[-47.31844370000001,-24.016078799999995],[-47.316390700000014,-24.017053000000008],[-47.31459470000001,-24.01241299999998],[-47.31036280000001,-24.008981200000022],[-47.3064325,-24.009233799999993],[-47.301834400000004,-24.0116367],[-47.294352800000006,-24.010754899999984],[-47.2860255,-24.006392000000016],[-47.284476999999995,-24.0073122],[-47.28496160000001,-24.011189700000013],[-47.28649570000001,-24.0121696],[-47.2859021,-24.0142126],[-47.28244370000001,-24.015035100000006],[-47.277652,-24.01116299999999],[-47.2757879,-24.013073099999993],[-47.2770258,-24.014862600000008],[-47.2711073,-24.017548299999994],[-47.269564200000005,-24.015235899999986],[-47.26559040000001,-24.015767699999987],[-47.26056419999999,-24.014034500000008],[-47.260671499999994,-24.011120300000012],[-47.2640762,-24.009708100000015],[-47.2643043,-24.006982500000007],[-47.261753799999994,-24.0053684],[-47.2572759,-24.005497799999986],[-47.2529308,-24.008333499999996],[-47.255188,-24.012540999999985],[-47.2568766,-24.020880100000003],[-47.25613210000001,-24.022918899999997],[-47.2535274,-24.024079200000003],[-47.25033750000001,-24.020635900000006],[-47.2470024,-24.022587200000004],[-47.2440182,-24.02180749999998],[-47.23849229999999,-24.016305099999993],[-47.2335105,-24.01738309999999],[-47.2305935,-24.012392399999996],[-47.2261935,-24.01472059999999],[-47.2215891,-24.01455489999997],[-47.2184337,-24.012528900000017],[-47.2206333,-24.01063519999997],[-47.2144058,-24.007100899999994],[-47.2134772,-24.003959699999996],[-47.2107126,-24.001434099999994],[-47.2063747,-24.003293600000003],[-47.19995320000002,-24.00059500000001],[-47.196822,-24.001252900000015],[-47.1934034,-23.99904419999999],[-47.193456700000006,-23.998036500000005],[-47.1902239,-23.99912839999999],[-47.187459000000004,-24.002570000000002],[-47.183146,-24.000753800000005],[-47.1781047,-24.003440300000005],[-47.1716981,-24.003606799999986],[-47.1692117,-24.002120899999976],[-47.1635863,-24.003790800000008],[-47.16195490000001,-24.003141600000006],[-47.15745450000001,-24.006415599999997],[-47.15297770000001,-24.006351600000002],[-47.1503955,-24.0106649],[-47.14244400000001,-24.011358899999987],[-47.1397772,-24.014111900000003],[-47.13780280000001,-24.014061700000013],[-47.1305998,-24.0092059],[-47.12241650000001,-24.0079388],[-47.1225485,-24.00067659999997],[-47.124603,-23.9975992],[-47.121844100000004,-23.996529100000007],[-47.118375500000006,-23.9978964],[-47.1164739,-23.996361299999982],[-47.114348500000006,-23.9967875],[-47.107110000000006,-23.993802699999993],[-47.1039822,-23.99699889999999],[-47.0984335,-23.99827000000001],[-47.0997601,-24.000158599999995],[-47.0994087,-24.0055221],[-47.09577350000001,-24.006517399999996],[-47.0944837,-24.0099071],[-47.0925857,-24.009812200000002],[-47.0918884,-24.0175419],[-47.0883633,-24.017376600000002],[-47.0743219,-24.02387079999999],[-47.0676253,-24.0251751],[-47.064398700000005,-24.022702000000002],[-47.06382590000001,-24.0202549],[-47.06480780000001,-24.018344099999997],[-47.061708900000006,-24.0167356],[-47.05745879999999,-24.010237199999995],[-47.0560121,-24.0096186],[-47.0539473,-24.01084529999998],[-47.046339100000004,-24.01817469999999],[-47.0461676,-24.02562559999999],[-47.0406705,-24.024286699999998],[-47.0393134,-24.02834089999999],[-47.0343344,-24.030847000000012],[-47.029919400000004,-24.04218800000001],[-47.02669850000001,-24.043044800000015],[-47.026002700000014,-24.046671500000013],[-47.0271991,-24.051632700000003],[-47.0212327,-24.055510099999985],[-47.019713100000004,-24.058348400000003],[-47.0165433,-24.056861500000014],[-47.01438720000001,-24.05945340000001],[-47.0066926,-24.064063700000002],[-47.00285010000002,-24.057092000000004],[-46.9977762,-24.052056000000007],[-46.99583100000001,-24.05277779999998],[-46.9938795,-24.056557299999987],[-46.99136300000001,-24.05852769999997],[-46.98362649999999,-24.0581438],[-46.9783267,-24.0659295],[-46.983023,-24.07350099999999],[-46.983223,-24.076402000000012],[-46.980899,-24.080640999999982],[-46.97819700000001,-24.081170999999994],[-46.978674,-24.086383999999995],[-46.9698,-24.091553999999988],[-46.96843,-24.10771699999999],[-46.97193499999999,-24.110307000000017],[-46.972442,-24.113893],[-46.975395,-24.115263999999975],[-46.974726000000004,-24.117235],[-46.978373000000005,-24.122425000000003],[-46.98338600000001,-24.123314999999998],[-46.98604000000002,-24.125113999999996],[-46.987775000000006,-24.122690999999985],[-46.991943,-24.122041000000007],[-47.00332099999999,-24.127739000000002],[-47.005417,-24.127745],[-47.01028500000001,-24.13189],[-47.009942,-24.137552000000003],[-47.013115,-24.141195],[-47.018404,-24.141905999999988],[-47.031119999999994,-24.148311000000007],[-47.033756000000004,-24.14717],[-47.032041,-24.151718999999993],[-47.03278900000001,-24.154298],[-47.031041,-24.157624999999992],[-47.040858,-24.170454000000003],[-47.04220200000001,-24.173116999999984],[-47.041989,-24.177096999999993],[-47.049244999999985,-24.181616],[-47.05438800000001,-24.181699000000002],[-47.057791,-24.185034999999992],[-47.064635,-24.186968999999998],[-47.06573100000001,-24.190125],[-47.06504600000001,-24.192313999999985],[-47.07075900000001,-24.195226000000005],[-47.067225000000015,-24.197479999999995],[-47.06853500000001,-24.198661999999985],[-47.068067,-24.200820999999994],[-47.064879,-24.20291600000001],[-47.05943000000001,-24.211136],[-47.055182,-24.21134500000001],[-47.04866899999999,-24.216624],[-47.04290300000001,-24.216710000000013],[-47.04036700000001,-24.218477999999998],[-47.039449,-24.222052999999978],[-47.03552000000001,-24.222299999999972],[-47.03283200000001,-24.219011000000016],[-47.029059,-24.21998799999999],[-47.030469,-24.223420000000004],[-47.029967,-24.229440999999998],[-47.031276,-24.231722999999985],[-47.038629,-24.233732],[-47.043439,-24.239240000000002],[-47.043894,-24.242884999999987],[-47.046278,-24.245272999999997],[-47.044411000000004,-24.249100999999992],[-47.049532,-24.249747999999997],[-47.048489,-24.252218999999993],[-47.050009,-24.25247200000002],[-47.054841,-24.257855],[-47.057083000000006,-24.264030999999996],[-47.05553200000001,-24.267568000000008],[-47.05184,-24.27068599999998],[-47.052028,-24.27306299999999],[-47.04902100000001,-24.276624000000012],[-47.04029100000001,-24.27363399999998],[-47.033435,-24.279165999999996],[-47.027992,-24.278023],[-47.02697700000002,-24.27989999999999],[-47.02359200000001,-24.280397],[-47.021137,-24.282749999999997],[-47.023728,-24.288332999999994],[-47.026705,-24.301591999999996],[-47.03118400000001,-24.310959999999998],[-47.033634,-24.319476999999996],[-47.038893,-24.326479],[-47.039421,-24.328806999999994],[-47.04499100000001,-24.334389000000005],[-47.051695,-24.335756999999994],[-47.056179,-24.33875799999999],[-47.062858000000006,-24.33793999999999],[-47.064426999999995,-24.343804999999996],[-47.074852,-24.34313299999999],[-47.086255,-24.34795900000001],[-47.09039400000001,-24.352404],[-47.095877,-24.353938999999993],[-47.102453,-24.354046000000004],[-47.107723,-24.350808999999984],[-47.10957599999999,-24.35116299999999],[-47.120765999999996,-24.364766],[-47.11416899999999,-24.37169799999999],[-47.11638800000001,-24.376426],[-47.116244,-24.378960999999983],[-47.110997999999995,-24.382550999999996],[-47.112942000000004,-24.38626499999997],[-47.110991000000006,-24.388069000000005],[-47.10695199999999,-24.388405000000006],[-47.10064599999999,-24.391469000000008],[-47.107951,-24.397723999999993],[-47.11232,-24.399696999999996],[-47.11370300000001,-24.410363999999998],[-47.116552,-24.412775],[-47.117723,-24.417633],[-47.116003,-24.417866999999998],[-47.114403,-24.420040000000007],[-47.111814,-24.426002999999994],[-47.108006,-24.42693699999997],[-47.108070000000005,-24.429820000000014],[-47.101991000000005,-24.433283999999986],[-47.09288300000001,-24.435505999999993],[-47.08725900000001,-24.43254099999999],[-47.08633900000001,-24.430516],[-47.08196100000001,-24.433305],[-47.08102900000001,-24.43768900000001],[-47.07839800000001,-24.44112699999999],[-47.0778999,-24.448204499999996],[-47.1347414,-24.48525899999999],[-47.175809400000006,-24.51627939999999],[-47.187671400000006,-24.527323399999997],[-47.1885053,-24.529758000000005],[-47.18616550000001,-24.532602399999988],[-47.1890166,-24.5360659],[-47.193723,-24.535724199999976],[-47.19690180000001,-24.538424900000027],[-47.200555,-24.5395954],[-47.2207474,-24.553733300000008],[-47.2278608,-24.56049100000001],[-47.2254332,-24.56318160000002],[-47.22424370000001,-24.5668936],[-47.2270261,-24.571252000000033],[-47.2344304,-24.572343999999998],[-47.2362944,-24.571343699999996],[-47.241992,-24.5749799],[-47.24500940000001,-24.57397020000001],[-47.2809077,-24.593781700000005],[-47.37527479999999,-24.650078000000004],[-47.389948,-24.6600807],[-47.40522320000001,-24.67287090000001],[-47.4132933,-24.674499499999996],[-47.4203007,-24.67826589999999],[-47.4209823,-24.682280999999985],[-47.42480930000001,-24.685141300000012],[-47.51036980000001,-24.728957800000007],[-47.5435416,-24.747580899999978],[-47.5756032,-24.76718269999999],[-47.6230426,-24.7991402],[-47.731516,-24.880628699999995],[-47.789753499999996,-24.927931699999984],[-47.821874799999996,-24.9559175],[-47.854412100000005,-24.989521100000008],[-47.87325230000001,-25.013723300000002],[-47.8830422,-25.031035799999987],[-47.886905500000005,-25.05126690000001],[-47.90952159999999,-25.052946100000018],[-47.9087187,-25.063435000000005]]],[[[-47.8531452,-25.115826499999997],[-47.85032050000001,-25.117276499999985],[-47.84947590000001,-25.120890499999994],[-47.8506552,-25.121456799999994],[-47.8524906,-25.12033270000001],[-47.8562386,-25.1250072],[-47.85846050000001,-25.1244879],[-47.8614558,-25.12756169999998],[-47.8648272,-25.128419599999997],[-47.866146,-25.123190599999994],[-47.8652939,-25.121947799999994],[-47.86188440000001,-25.1200706],[-47.85977559999999,-25.1203925],[-47.8583376,-25.117463300000015],[-47.8551636,-25.1163011],[-47.85374,-25.1169699],[-47.8531452,-25.115826499999997]]]]}},{"type":"Feature","properties":{"id":"administrativas-16","nome":"Central"},"geometry":{"type":"Polygon","coordinates":[[[-48.4446904,-22.063575600000004],[-48.45012710000001,-22.058604000000006],[-48.4526123,-22.051454399999997],[-48.4551113,-22.049299400000006],[-48.4575845,-22.048325300000005],[-48.463433600000016,-22.049198399999984],[-48.46670910000001,-22.045595999999986],[-48.4747832,-22.043420399999995],[-48.4768576,-22.041826800000013],[-48.48091130000001,-22.03220530000001],[-48.4873685,-22.0271133],[-48.4814822,-22.014171700000002],[-48.48456889999999,-22.01422120000002],[-48.4909572,-22.011327300000005],[-48.4949676,-22.01104749999998],[-48.4977398,-22.0121852],[-48.5033114,-22.01942099999999],[-48.50704609999999,-22.0216133],[-48.5179863,-22.0247012],[-48.5216385,-22.02705520000001],[-48.5302752,-22.028841399999994],[-48.5365882,-22.035077699999995],[-48.5415904,-22.035510299999984],[-48.5427047,-22.0335805],[-48.54429320000001,-22.034539700000007],[-48.5458744,-22.0331186],[-48.54558260000001,-22.031227599999998],[-48.54695710000001,-22.030947400000002],[-48.5461919,-22.028411500000004],[-48.5471224,-22.0245987],[-48.549906,-22.022753000000012],[-48.55028759999999,-22.023821500000004],[-48.55217060000001,-22.0240504],[-48.55127819999999,-22.021947800000003],[-48.55271770000001,-22.020524700000003],[-48.5539176,-22.02103070000001],[-48.5534111,-22.01952779999999],[-48.5545575,-22.0192534],[-48.55383059999999,-22.0163731],[-48.5577897,-22.0140908],[-48.5574045,-22.01316619999999],[-48.563934,-22.0070936],[-48.564001,-22.005088500000017],[-48.5673446,-22.004750599999998],[-48.5690026,-22.0025936],[-48.577412800000005,-22.002216499999978],[-48.5834063,-22.000129300000005],[-48.58740910000001,-22.000414],[-48.5865204,-21.9995521],[-48.5893395,-21.999162300000005],[-48.59012500000001,-21.99667749999999],[-48.5932942,-21.9968896],[-48.59262340000001,-21.995367],[-48.594375,-21.994101199999996],[-48.5930051,-21.993023699999977],[-48.59606840000001,-21.988421699999993],[-48.5981889,-21.9870824],[-48.598346,-21.988738499999997],[-48.6058609,-21.987030600000008],[-48.606931,-21.9877363],[-48.6067792,-21.986192],[-48.608385500000004,-21.987067399999987],[-48.6104378,-21.984760699999995],[-48.61160829999999,-21.985909900000003],[-48.6134926,-21.984048700000006],[-48.6129079,-21.98219219999997],[-48.6114801,-21.981748500000002],[-48.6126935,-21.980815900000003],[-48.612757,-21.978192099999976],[-48.61498450000001,-21.97731789999998],[-48.61715409999999,-21.979255899999984],[-48.61797920000001,-21.9783448],[-48.61840070000001,-21.97952079999999],[-48.6201815,-21.978699399999996],[-48.619632200000005,-21.977212299999987],[-48.6246543,-21.974631399999982],[-48.626488200000004,-21.971228800000002],[-48.62894870000001,-21.96979369999999],[-48.6315592,-21.970112199999967],[-48.633635299999995,-21.967648800000003],[-48.6338908,-21.96929789999999],[-48.63587280000001,-21.96841639999999],[-48.636314,-21.969472200000006],[-48.6376599,-21.96825489999999],[-48.6384563,-21.969930799999997],[-48.6424244,-21.970061399999988],[-48.642876900000005,-21.9713046],[-48.644284,-21.969419700000007],[-48.64494830000001,-21.9704185],[-48.64486660000001,-21.968853200000005],[-48.6467082,-21.969300700000012],[-48.6458376,-21.966467300000016],[-48.6472422,-21.966032899999977],[-48.6485527,-21.963043599999995],[-48.6511803,-21.9640572],[-48.65043200000001,-21.962502299999993],[-48.6521776,-21.9628591],[-48.653092300000004,-21.960220799999995],[-48.65717720000001,-21.95933],[-48.656015200000006,-21.957214400000005],[-48.6579212,-21.955035600000002],[-48.6566311,-21.954178300000002],[-48.65982880000001,-21.95363569999999],[-48.661555,-21.951928900000002],[-48.6623285,-21.95326689999999],[-48.66492,-21.949911299999993],[-48.669801,-21.9498335],[-48.6694179,-21.9484978],[-48.67162669999999,-21.946632399999995],[-48.6721198,-21.943631199999988],[-48.6684803,-21.941407100000003],[-48.6703734,-21.9409262],[-48.6716911,-21.937394999999967],[-48.6722507,-21.938231800000004],[-48.674419900000004,-21.937460400000003],[-48.67581160000001,-21.932947799999997],[-48.6781376,-21.933107699999987],[-48.67767640000001,-21.930179999999982],[-48.67939690000001,-21.928793800000015],[-48.67904010000001,-21.927378299999983],[-48.680808899999995,-21.926988800000007],[-48.68011430000001,-21.925642000000007],[-48.6835132,-21.925021899999987],[-48.6836023,-21.922609499999982],[-48.6856153,-21.921735499999997],[-48.6849902,-21.919186400000005],[-48.683153299999994,-21.91980900000001],[-48.6839753,-21.917081199999977],[-48.68529180000001,-21.91693120000001],[-48.6884491,-21.912617200000003],[-48.6938575,-21.9117439],[-48.694521800000004,-21.913189],[-48.696848,-21.912882099999997],[-48.6977488,-21.912105899999997],[-48.69686440000002,-21.910970499999994],[-48.69883800000001,-21.9120877],[-48.69929760000001,-21.910235800000017],[-48.701339499999996,-21.91245029999999],[-48.702883099999994,-21.91045300000001],[-48.7052873,-21.9133143],[-48.70736680000001,-21.911845900000007],[-48.705826,-21.91098879999999],[-48.7067876,-21.909544900000004],[-48.70885380000001,-21.910693399999992],[-48.708588500000005,-21.909366100000014],[-48.71086300000001,-21.90869250000002],[-48.71161300000001,-21.910314599999996],[-48.71644400000001,-21.90812770000001],[-48.7154064,-21.90968840000001],[-48.7165464,-21.909736899999995],[-48.71804529999999,-21.9077209],[-48.71814040000001,-21.909797199999986],[-48.7197885,-21.90864120000002],[-48.71926010000001,-21.9070444],[-48.7210009,-21.908839999999994],[-48.7209289,-21.906612900000002],[-48.721938,-21.90622580000001],[-48.7206502,-21.906121],[-48.7206867,-21.904667599999996],[-48.721798500000006,-21.9045192],[-48.7209539,-21.903238200000004],[-48.7202091,-21.903959099999987],[-48.7200267,-21.900844700000007],[-48.7227573,-21.8998004],[-48.722737099999996,-21.89752469999998],[-48.7244348,-21.8979752],[-48.72407840000001,-21.896344200000005],[-48.72585260000001,-21.89670800000002],[-48.725447800000005,-21.8955163],[-48.72647580000001,-21.894961799999994],[-48.7245256,-21.89304549999999],[-48.7267132,-21.892768300000007],[-48.726689,-21.890998899999985],[-48.7307203,-21.890920000000015],[-48.73115450000002,-21.889358799999997],[-48.73742909999999,-21.8903631],[-48.735930700000004,-21.888804099999998],[-48.7395316,-21.887789000000016],[-48.7400493,-21.889468299999994],[-48.742256100000006,-21.88671500000001],[-48.7453761,-21.889577199999987],[-48.7465961,-21.888517599999993],[-48.7458547,-21.8870393],[-48.7475658,-21.8874312],[-48.7492451,-21.885061800000017],[-48.7504928,-21.88462839999998],[-48.7514068,-21.886694099999996],[-48.7529378,-21.8869782],[-48.7547117,-21.88380500000001],[-48.7605517,-21.883966799999996],[-48.76218180000001,-21.885141299999997],[-48.7617114,-21.886644400000016],[-48.7630028,-21.886279299999998],[-48.76278899999999,-21.88756809999999],[-48.76620729999999,-21.889750899999992],[-48.7680744,-21.889663300000016],[-48.7672363,-21.891900299999996],[-48.7711424,-21.8931144],[-48.7729339,-21.8929207],[-48.77223370000001,-21.891865799999998],[-48.7738232,-21.892062000000013],[-48.7741278,-21.89408579999998],[-48.779058600000006,-21.89449649999998],[-48.7790878,-21.895767],[-48.78041890000001,-21.893888600000007],[-48.7828562,-21.895132499999992],[-48.78538240000001,-21.894015599999996],[-48.7857551,-21.89640799999998],[-48.7873168,-21.89460519999999],[-48.788229,-21.89595580000001],[-48.78893100000001,-21.892926499999987],[-48.7927223,-21.89291010000001],[-48.7942292,-21.89170510000001],[-48.7955569,-21.8943302],[-48.79896530000001,-21.89515340000001],[-48.7991009,-21.89235470000001],[-48.8004077,-21.894176],[-48.8018248,-21.892534999999995],[-48.8036099,-21.893289000000006],[-48.805868399999994,-21.8917807],[-48.806612400000006,-21.893105199999994],[-48.8089529,-21.89064229999999],[-48.807939,-21.893287399999977],[-48.80985370000001,-21.893622199999996],[-48.8108602,-21.891952900000003],[-48.8146348,-21.892475699999984],[-48.8172212,-21.890544400000003],[-48.819493400000006,-21.89065800000001],[-48.8208297,-21.892418],[-48.82181210000001,-21.8895926],[-48.82539979999999,-21.890274099999985],[-48.8273341,-21.892982899999993],[-48.83061420000001,-21.890420199999994],[-48.8317629,-21.8925785],[-48.83473490000001,-21.89329009999999],[-48.835508000000004,-21.894886500000005],[-48.834210299999995,-21.89580490000002],[-48.8325588,-21.894857199999976],[-48.83294670000001,-21.898805200000005],[-48.83615579999999,-21.899415299999987],[-48.839979,-21.89833000000001],[-48.8408291,-21.903134300000026],[-48.8450794,-21.90561999999998],[-48.8479384,-21.909874799999987],[-48.85481170000001,-21.911758600000002],[-48.85869,-21.914447599999995],[-48.8618726,-21.914622400000003],[-48.865455499999996,-21.916672700000014],[-48.867700000000006,-21.914765],[-48.8715254,-21.914458000000007],[-48.8767998,-21.92056869999999],[-48.879157000000006,-21.920865199999987],[-48.8878061,-21.91265969999998],[-48.892171,-21.906657000000006],[-48.8973576,-21.8949009],[-48.903426800000005,-21.873416399999982],[-48.9079893,-21.866314099999993],[-48.91807210000001,-21.86053589999998],[-48.969077000000006,-21.848169099999982],[-48.981934700000004,-21.839424899999983],[-48.9878402,-21.83203430000001],[-48.9900639,-21.824946300000004],[-48.9884971,-21.815411000000005],[-48.982804600000016,-21.807782600000003],[-48.9704238,-21.797306099999997],[-48.9619218,-21.7849945],[-48.9602298,-21.771736100000016],[-48.9619128,-21.766158599999972],[-48.96487390000001,-21.762534499999983],[-48.97312279999999,-21.7586122],[-48.980140900000016,-21.758961500000012],[-48.9998949,-21.7648418],[-49.00635050000002,-21.765409099999992],[-49.019105700000004,-21.770807299999987],[-49.0440737,-21.774224700000012],[-49.051698900000005,-21.76872870000001],[-49.0667174,-21.763747599999988],[-49.0762001,-21.75771449999998],[-49.08402699999999,-21.755594800000004],[-49.0966716,-21.7542954],[-49.1052112,-21.750685200000014],[-49.10849470000001,-21.74812580000001],[-49.1157764,-21.7380304],[-49.124302300000004,-21.720214699999982],[-49.1315059,-21.7153304],[-49.1395856,-21.7062882],[-49.1438275,-21.6942366],[-49.1511203,-21.6832834],[-49.152145700000005,-21.67715019999999],[-49.150331200000004,-21.673228599999998],[-49.1502552,-21.6616497],[-49.15608430000001,-21.65351780000001],[-49.1642027,-21.647369799999986],[-49.16940389999999,-21.6461119],[-49.1762673,-21.645434299999987],[-49.188341400000006,-21.6473355],[-49.1986811,-21.653078300000008],[-49.2079592,-21.655550800000007],[-49.2106579,-21.66060459999999],[-49.2100702,-21.666854700000012],[-49.2144241,-21.671642699999992],[-49.2274006,-21.659535900000005],[-49.2355096,-21.634688399999995],[-49.241217000000006,-21.624154599999983],[-49.23999330000001,-21.621102699999984],[-49.2366957,-21.62247239999998],[-49.2309799,-21.6208524],[-49.2253313,-21.610853500000005],[-49.2189594,-21.6045904],[-49.2122184,-21.60481509999999],[-49.20644789999999,-21.6021613],[-49.2043119,-21.599109200000004],[-49.2014754,-21.59749540000001],[-49.1874622,-21.595947000000002],[-49.1801263,-21.591135799999993],[-49.1779183,-21.587305800000003],[-49.1782122,-21.5827869],[-49.1765163,-21.57720970000001],[-49.165666099999996,-21.570488700000002],[-49.1636944,-21.560699600000003],[-49.157022600000005,-21.556902399999988],[-49.1547551,-21.554394700000003],[-49.1528487,-21.547452100000005],[-49.1544912,-21.541223999999985],[-49.149307400000005,-21.52893579999997],[-49.13928299999999,-21.5256706],[-49.133082300000005,-21.516380099999996],[-49.1304742,-21.51565490000002],[-49.12649590000001,-21.5168353],[-49.12126599999999,-21.51669110000001],[-49.1184533,-21.51547239999999],[-49.1167117,-21.512405],[-49.11414090000002,-21.498717099999983],[-49.1106748,-21.4968677],[-49.1061287,-21.49042889999999],[-49.0958366,-21.4825548],[-49.0871378,-21.46628359999999],[-49.0821645,-21.4645337],[-49.07247859999999,-21.4768467],[-49.0561669,-21.4877566],[-49.05080499999999,-21.489541999999986],[-49.04095960000001,-21.491572899999987],[-49.0406789,-21.486219999999978],[-49.0384967,-21.484807199999995],[-49.03084770000001,-21.482812599999995],[-49.019610400000005,-21.482431500000004],[-49.0163274,-21.478402599999992],[-49.0086645,-21.47324280000001],[-49.0037836,-21.4660383],[-48.9932583,-21.456263499999988],[-48.9899637,-21.455647300000013],[-48.98609770000001,-21.45649739999999],[-48.9829612,-21.455380499999993],[-48.9823962,-21.45142259999998],[-48.9865484,-21.438273400000007],[-48.98488100000001,-21.425580800000002],[-48.981095300000014,-21.41605009999999],[-48.979189,-21.416089500000005],[-48.9700415,-21.425148],[-48.9644135,-21.4255045],[-48.95550130000001,-21.423789099999997],[-48.9492886,-21.425989000000005],[-48.94574,-21.412615900000002],[-48.9459791,-21.4067163],[-48.9483302,-21.3991662],[-48.931779500000005,-21.388573099999974],[-48.92807320000001,-21.387465399999993],[-48.9224913,-21.38229000000001],[-48.9105963,-21.377112799999978],[-48.9027133,-21.371053300000003],[-48.8987952,-21.371175100000002],[-48.8963128,-21.376951500000004],[-48.8938071,-21.378927799999996],[-48.8924083,-21.383416800000003],[-48.890155799999995,-21.38573750000001],[-48.887100999999994,-21.3877339],[-48.8824975,-21.388019000000014],[-48.8796397,-21.389511499999987],[-48.8766187,-21.393407899999993],[-48.8729608,-21.394295100000004],[-48.8667562,-21.391824099999994],[-48.8638606,-21.39182579999998],[-48.8614553,-21.3931985],[-48.8537644,-21.391736099999974],[-48.85274119999999,-21.392849299999984],[-48.84918819999999,-21.39043989999999],[-48.8475457,-21.392646200000023],[-48.8451411,-21.393500000000007],[-48.8420205,-21.392737999999987],[-48.841448400000004,-21.394299899999993],[-48.8381764,-21.395534],[-48.8381216,-21.393170399999995],[-48.83606730000001,-21.3927607],[-48.831661499999996,-21.395614100000003],[-48.8321238,-21.396872699999992],[-48.8251124,-21.40456489999999],[-48.8238967,-21.407977100000004],[-48.8190665,-21.407418700000008],[-48.8154415,-21.409341900000005],[-48.814159000000004,-21.41163359999998],[-48.8046092,-21.41307849999999],[-48.8010923,-21.411920700000003],[-48.801604200000014,-21.410247400000006],[-48.7993375,-21.4106806],[-48.7992908,-21.40981929999998],[-48.79421320000001,-21.408781599999998],[-48.7925815,-21.411168499999995],[-48.7934498,-21.413373499999985],[-48.7906549,-21.416122299999987],[-48.790931400000005,-21.418008199999974],[-48.78836239999999,-21.417656700000002],[-48.78708240000001,-21.418505700000008],[-48.787863,-21.419351100000004],[-48.7821211,-21.4208882],[-48.7808479,-21.42303480000001],[-48.774872500000015,-21.42737999999998],[-48.7720381,-21.427076600000014],[-48.76978790000001,-21.4253076],[-48.7688806,-21.426391300000013],[-48.767378,-21.426092399999998],[-48.767187500000006,-21.4248062],[-48.765081,-21.4254987],[-48.7620943,-21.423384299999995],[-48.761165000000005,-21.42424490000001],[-48.759010499999995,-21.423068499999975],[-48.7568576,-21.424006099999986],[-48.753915400000004,-21.420141800000007],[-48.754256000000005,-21.415453300000003],[-48.752385,-21.40628409999999],[-48.74512510000001,-21.392425000000003],[-48.7490026,-21.375151699999982],[-48.74774210000001,-21.371851299999992],[-48.7483789,-21.367975899999994],[-48.747062500000006,-21.35814570000001],[-48.73802499999999,-21.343741599999998],[-48.737774,-21.339328100000007],[-48.73435630000001,-21.333547900000003],[-48.7352108,-21.322180800000005],[-48.7316662,-21.318461500000005],[-48.730918200000005,-21.31604439999998],[-48.7338483,-21.308943799999987],[-48.73216510000001,-21.301508400000003],[-48.7324697,-21.295172199999996],[-48.735854200000006,-21.2844203],[-48.73337120000001,-21.276193899999996],[-48.734834299999996,-21.274493400000022],[-48.73520250000001,-21.271550200000004],[-48.7340397,-21.27135609999999],[-48.73630180000001,-21.26608799999998],[-48.7341871,-21.260980200000002],[-48.7420239,-21.2552426],[-48.74383720000001,-21.250662],[-48.7413832,-21.245616699999978],[-48.7355693,-21.246982700000004],[-48.73191760000001,-21.241865400000002],[-48.7233049,-21.2417548],[-48.719181,-21.239026800000016],[-48.7127848,-21.232140599999983],[-48.69875310000001,-21.22808210000001],[-48.698000500000006,-21.22527529999999],[-48.6952354,-21.22278439999998],[-48.69554140000001,-21.220914299999993],[-48.69163879999999,-21.220906899999996],[-48.6856961,-21.218729399999994],[-48.680804299999984,-21.2201931],[-48.6764757,-21.223265400000013],[-48.6729423,-21.2234385],[-48.6715451,-21.226080599999978],[-48.6681943,-21.228582000000003],[-48.661959,-21.2292422],[-48.66161420000001,-21.230622099999977],[-48.6594199,-21.23111099999997],[-48.6536394,-21.231095599999996],[-48.6505788,-21.23273520000001],[-48.6502326,-21.23382840000001],[-48.653479,-21.236486300000006],[-48.6539493,-21.239218999999974],[-48.6453094,-21.24266859999999],[-48.64124019999999,-21.240953800000025],[-48.63982219999999,-21.242318700000006],[-48.6390644,-21.24678679999999],[-48.6406413,-21.2481287],[-48.631319299999994,-21.2555109],[-48.6314798,-21.26108220000001],[-48.6283148,-21.27235090000001],[-48.620161,-21.286375499999988],[-48.61198079999999,-21.293070899999996],[-48.6050837,-21.30781590000002],[-48.604975200000005,-21.313963600000005],[-48.6033311,-21.3154297],[-48.599819100000005,-21.314498200000003],[-48.5888945,-21.314649800000005],[-48.585884899999996,-21.324265500000003],[-48.5806674,-21.3266915],[-48.5767212,-21.330236499999984],[-48.5756207,-21.336488899999992],[-48.577325699999996,-21.339741200000006],[-48.57385579999999,-21.3416838],[-48.5650267,-21.337878],[-48.555638200000004,-21.340439500000016],[-48.5530704,-21.339009100000016],[-48.5516764,-21.3429437],[-48.54547000000001,-21.351735500000018],[-48.53967110000001,-21.353818899999997],[-48.5352844,-21.353877399999977],[-48.52669740000001,-21.351763500000015],[-48.5128439,-21.34418700000002],[-48.5034481,-21.344581299999994],[-48.4945003,-21.347256100000006],[-48.4919857,-21.346066900000004],[-48.4900538,-21.341630200000008],[-48.486159,-21.3380727],[-48.485140200000004,-21.334682999999977],[-48.478482099999994,-21.331769499999982],[-48.4745309,-21.33804419999998],[-48.4654949,-21.342087099999993],[-48.461945500000006,-21.3417159],[-48.4542736,-21.343819200000002],[-48.4510234,-21.3465889],[-48.4420804,-21.342879599999982],[-48.4381134,-21.34281549999999],[-48.432451400000005,-21.33625649999998],[-48.43329940000001,-21.3249622],[-48.42682430000001,-21.318652700000005],[-48.416707299999985,-21.3204217],[-48.4098184,-21.317490099999993],[-48.4000703,-21.319571799999995],[-48.39610770000001,-21.317253399999995],[-48.3914934,-21.3169049],[-48.3882134,-21.31748349999998],[-48.38376170000001,-21.322731699999988],[-48.3785523,-21.324780300000004],[-48.3757809,-21.32339919999999],[-48.3732395,-21.3238014],[-48.36963229999999,-21.3215293],[-48.35170569999999,-21.32115640000002],[-48.345352000000005,-21.325485600000007],[-48.3445726,-21.329125800000007],[-48.3416479,-21.3316636],[-48.3403236,-21.330331399999974],[-48.3365434,-21.33148519999998],[-48.33700040000001,-21.333797099999988],[-48.33424740000001,-21.3392301],[-48.3342369,-21.348137999999995],[-48.3233455,-21.357301700000004],[-48.3181318,-21.357829800000005],[-48.3118164,-21.3607467],[-48.3175487,-21.365122700000008],[-48.31959980000001,-21.369015499999993],[-48.324714,-21.37211970000001],[-48.33583960000001,-21.3852449],[-48.334681,-21.39245560000002],[-48.3371674,-21.4020847],[-48.3358975,-21.41231710000002],[-48.337141100000004,-21.42635449999999],[-48.3272504,-21.4262596],[-48.3193571,-21.432050299999997],[-48.3079315,-21.435743900000006],[-48.302359800000005,-21.4361689],[-48.29201640000001,-21.434646399999995],[-48.2862354,-21.436547600000008],[-48.2825552,-21.4812972],[-48.2346529,-21.473750400000004],[-48.2310674,-21.470780299999998],[-48.2297128,-21.47212120000001],[-48.221020900000006,-21.471223900000005],[-48.214693300000015,-21.46718909999999],[-48.197954,-21.4649606],[-48.19420579999999,-21.462606800000007],[-48.1882895,-21.4536207],[-48.1815808,-21.44775080000001],[-48.1778485,-21.437572499999987],[-48.175487,-21.4384534],[-48.17472109999999,-21.437201400000006],[-48.1714885,-21.436565699999992],[-48.1678399,-21.4387866],[-48.1662773,-21.435899100000004],[-48.1638286,-21.435529899999977],[-48.1640078,-21.4376657],[-48.1620699,-21.437583099999998],[-48.1601383,-21.4365426],[-48.160347200000004,-21.4349861],[-48.15809180000001,-21.43262789999998],[-48.1534933,-21.431729400000016],[-48.151563100000004,-21.430103099999997],[-48.1454322,-21.429872699999994],[-48.143567,-21.426622899999973],[-48.1350336,-21.429215300000006],[-48.1335379,-21.4316346],[-48.1313833,-21.4314424],[-48.1295657,-21.436156299999997],[-48.126261299999996,-21.435557700000007],[-48.123857900000004,-21.43675489999999],[-48.1224098,-21.435557199999987],[-48.1195663,-21.435788799999983],[-48.1176433,-21.43511700000001],[-48.1168718,-21.4306826],[-48.1122412,-21.42547980000001],[-48.1146755,-21.421375299999987],[-48.1135027,-21.4205857],[-48.1090493,-21.4282793],[-48.1090686,-21.444458399999974],[-48.103704300000004,-21.448542699999983],[-48.1030204,-21.453482000000008],[-48.087322500000006,-21.459013699999996],[-48.084714600000005,-21.461496600000004],[-48.0820824,-21.461572099999994],[-48.0815954,-21.463749999999997],[-48.0844967,-21.466543000000012],[-48.0850397,-21.468724799999993],[-48.0774152,-21.470453200000016],[-48.0761138,-21.476897099999995],[-48.074270000000006,-21.4792385],[-48.0717646,-21.478491599999987],[-48.07303850000001,-21.47527549999998],[-48.0720532,-21.474048699999976],[-48.07010930000001,-21.47455419999998],[-48.070195,-21.47811099999998],[-48.068725,-21.479855999999987],[-48.061944,-21.475930999999992],[-48.05730200000001,-21.475271999999986],[-48.05812,-21.479398],[-48.05420900000001,-21.481363999999996],[-48.05619,-21.485769999999995],[-48.055355,-21.48922599999998],[-48.053435,-21.49036099999998],[-48.047343000000005,-21.49078599999998],[-48.044469199999995,-21.4940867],[-48.04486610000001,-21.495752500000005],[-48.0510604,-21.495550600000016],[-48.0519956,-21.499563699999975],[-48.05049350000001,-21.50137470000001],[-48.04545809999999,-21.501914799999994],[-48.03865830000001,-21.504624699999987],[-48.043070099999994,-21.51003409999999],[-48.04222790000001,-21.515652599999985],[-48.040187700000004,-21.516251100000005],[-48.0318256,-21.515013599999996],[-48.0283103,-21.513542699999995],[-48.028165800000004,-21.514828500000004],[-48.0318472,-21.519154200000006],[-48.02802890000001,-21.522642499999982],[-48.031713200000006,-21.524473899999993],[-48.033104400000006,-21.52661309999999],[-48.026405,-21.53003919999998],[-48.027869,-21.53880540000001],[-48.024018,-21.537661500000006],[-48.020353699999994,-21.5397598],[-48.0172817,-21.53961679999998],[-48.0172938,-21.533498600000012],[-48.0142287,-21.532322200000024],[-48.012026,-21.533174599999995],[-48.0119824,-21.53484519999998],[-48.0150983,-21.539129499999994],[-48.0147212,-21.542049399999996],[-48.0058357,-21.5445283],[-48.007488,-21.548739699999977],[-48.0064886,-21.5522427],[-48.009903900000005,-21.555618500000005],[-48.00913460000002,-21.559888899999983],[-48.0036694,-21.5591526],[-47.9956646,-21.561488300000008],[-47.996005100000005,-21.563447399999987],[-47.99913459999999,-21.566940399999993],[-47.9984681,-21.568515799999997],[-47.9947416,-21.564631699999993],[-47.99232200000001,-21.564447799999996],[-47.9909643,-21.565666099999987],[-47.99161,-21.570472600000016],[-47.9891022,-21.577098200000012],[-47.9950708,-21.5769483],[-47.9993722,-21.57921589999998],[-48.0003176,-21.580847599999988],[-47.9986691,-21.581704299999995],[-47.9936792,-21.57947479999999],[-47.992894,-21.5804554],[-47.993768100000004,-21.584532999999997],[-47.9897362,-21.585031899999983],[-47.99218960000001,-21.5889961],[-47.9878226,-21.589898600000012],[-47.990750900000016,-21.59558799999999],[-47.98418290000001,-21.595450099999997],[-47.9834175,-21.5937015],[-47.984765500000016,-21.5882906],[-47.9824212,-21.58661289999999],[-47.98102180000001,-21.588030800000002],[-47.9827194,-21.591525200000003],[-47.9817123,-21.59280819999999],[-47.9776233,-21.591275399999994],[-47.974271800000004,-21.594590099999984],[-47.9700787,-21.594399899999978],[-47.964246,-21.5982622],[-47.95518150000001,-21.590547199999985],[-47.9529833,-21.590965],[-47.953354899999994,-21.594309600000013],[-47.950138,-21.598399499999985],[-47.9422669,-21.598112900000004],[-47.9414309,-21.596319600000005],[-47.9455829,-21.594409500000012],[-47.9459342,-21.591762100000008],[-47.943427400000004,-21.5909355],[-47.9377332,-21.593166200000006],[-47.9369357,-21.591267999999996],[-47.941268699999995,-21.589799799999998],[-47.941566599999994,-21.5875131],[-47.939809800000006,-21.586730000000006],[-47.93631100000002,-21.588401099999995],[-47.9341461,-21.586953000000005],[-47.9356795,-21.58318660000001],[-47.938686,-21.580700499999992],[-47.9384189,-21.579503],[-47.9334895,-21.579987600000006],[-47.92435360000001,-21.573098999999978],[-47.925190799999996,-21.576680599999985],[-47.922519,-21.57916939999999],[-47.9238871,-21.58305909999999],[-47.923307,-21.584599100000002],[-47.918300900000006,-21.583336200000005],[-47.915999400000004,-21.5873711],[-47.9131682,-21.589308399999997],[-47.91021700000001,-21.588338300000007],[-47.9088659,-21.583120399999988],[-47.9050099,-21.579481700000013],[-47.9024988,-21.5801432],[-47.9047128,-21.584083799999988],[-47.9033273,-21.587778300000004],[-47.9004992,-21.589470700000003],[-47.8988531,-21.587909299999986],[-47.9009724,-21.58380820000001],[-47.89983079999999,-21.5815189],[-47.8985198,-21.581846500000005],[-47.898313,-21.58569269999999],[-47.8967232,-21.587050199999993],[-47.8948545,-21.58619510000001],[-47.892896,-21.58258040000002],[-47.8897108,-21.581986499999992],[-47.8850768,-21.586201000000006],[-47.88611319999999,-21.5905954],[-47.8846115,-21.591292700000007],[-47.88185090000001,-21.589277999999993],[-47.882519,-21.591532299999983],[-47.8781066,-21.594802100000003],[-47.878437600000005,-21.596492400000006],[-47.88099410000001,-21.598236900000014],[-47.8767298,-21.59897330000001],[-47.871340200000006,-21.6030018],[-47.87121619999999,-21.6060516],[-47.879504000000004,-21.608134299999982],[-47.8807243,-21.6110813],[-47.8789973,-21.612595300000002],[-47.87470580000001,-21.609833999999996],[-47.8723227,-21.610418400000004],[-47.871504,-21.61466039999999],[-47.86990380000001,-21.61581579999999],[-47.8687342,-21.614764699999995],[-47.8689538,-21.610784999999993],[-47.8649587,-21.612095399999987],[-47.862580200000004,-21.610949500000007],[-47.864462700000004,-21.606915699999977],[-47.8592371,-21.609120599999983],[-47.8561771,-21.6078183],[-47.8539272,-21.604145399999982],[-47.8576992,-21.602691300000007],[-47.858289400000004,-21.60132889999998],[-47.8535392,-21.597428300000015],[-47.8499626,-21.599815900000007],[-47.8462563,-21.597967999999977],[-47.8399135,-21.606789800000005],[-47.83917,-21.60622730000001],[-47.8412973,-21.602632800000006],[-47.8404799,-21.600330099999994],[-47.83921229999999,-21.6002969],[-47.8371443,-21.604519399999983],[-47.83184970000001,-21.600999399999992],[-47.830075,-21.6014573],[-47.82982950000001,-21.603069699999974],[-47.832682600000005,-21.605206499999984],[-47.8346077,-21.611596200000008],[-47.833968600000006,-21.61444140000001],[-47.830920299999995,-21.6160007],[-47.82784939999999,-21.612777499999996],[-47.8258602,-21.612347899999993],[-47.81855600000001,-21.614766799999995],[-47.816440099999994,-21.620995200000003],[-47.8177635,-21.624956199999996],[-47.8140393,-21.626963999999997],[-47.8111445,-21.63140899999999],[-47.803795300000004,-21.63031000000001],[-47.801613800000005,-21.63312559999998],[-47.80229130000001,-21.63538640000001],[-47.806827600000005,-21.635511500000003],[-47.8118218,-21.648393799999987],[-47.8137515,-21.648803500000014],[-47.816098100000005,-21.64687600000001],[-47.81817829999999,-21.6469522],[-47.820675600000015,-21.650096899999998],[-47.8256114,-21.65335439999999],[-47.82597410000001,-21.656701500000004],[-47.8188381,-21.6599715],[-47.816927799999995,-21.662541999999995],[-47.822454,-21.664163200000004],[-47.830578,-21.66946230000001],[-47.829480000000004,-21.67103679999999],[-47.8234193,-21.67261460000001],[-47.8122673,-21.679315399999975],[-47.811438,-21.6845617],[-47.8121742,-21.6898346],[-47.816997099999995,-21.69543369999999],[-47.81558960000001,-21.6973824],[-47.8118596,-21.699111699999992],[-47.8072265,-21.69878399999999],[-47.8032613,-21.695424299999992],[-47.7956533,-21.69462670000001],[-47.79009340000001,-21.69902829999998],[-47.78654420000001,-21.699829400000013],[-47.7847518,-21.69855670000001],[-47.783670900000004,-21.693833000000012],[-47.7814301,-21.691610900000004],[-47.76815220000001,-21.691463799999976],[-47.7647993,-21.694369699999996],[-47.75912309999999,-21.6956904],[-47.7561062,-21.70007969999999],[-47.7501621,-21.7014143],[-47.7478455,-21.7068413],[-47.74533910000001,-21.709300999999993],[-47.7374304,-21.71162759999999],[-47.73327350000001,-21.714045600000006],[-47.7315988,-21.710650200000007],[-47.72753199999999,-21.7095709],[-47.7241394,-21.70624819999999],[-47.721465400000014,-21.697929799999997],[-47.71787700000001,-21.69482459999997],[-47.7119629,-21.68365950000002],[-47.70885200000001,-21.6833003],[-47.7042949,-21.680000999999997],[-47.6991787,-21.678971500000003],[-47.6998136,-21.67723129999998],[-47.697952,-21.676522599999995],[-47.6968542,-21.677390999999986],[-47.694011100000004,-21.675775699999985],[-47.6858919,-21.667258399999987],[-47.6848796,-21.663318700000005],[-47.6789584,-21.657075700000004],[-47.68021860000002,-21.65286609999998],[-47.677213200000004,-21.631971699999983],[-47.67747390000001,-21.626003299999997],[-47.67616369999999,-21.623045100000002],[-47.6790867,-21.614699399999974],[-47.6780368,-21.6116692],[-47.6760175,-21.609278500000002],[-47.6713941,-21.607003200000005],[-47.67095140000001,-21.6031085],[-47.66724340000001,-21.600726600000005],[-47.6608718,-21.59936140000001],[-47.6581162,-21.59755039999998],[-47.650006700000006,-21.596238400000008],[-47.6472005,-21.593644999999977],[-47.64298910000001,-21.592925700000002],[-47.6392354,-21.589199299999986],[-47.631857,-21.58945179999999],[-47.6258063,-21.592259299999977],[-47.60783969999999,-21.582534799999998],[-47.604039100000016,-21.57450150000001],[-47.60524650000001,-21.564005600000016],[-47.600073,-21.556680499999995],[-47.59948810000001,-21.546772499999996],[-47.592012,-21.5483675],[-47.5870341,-21.551891799999982],[-47.5782159,-21.553739499999995],[-47.57115490000001,-21.558928300000012],[-47.5659535,-21.556768799999997],[-47.5646753,-21.5584646],[-47.5565715,-21.558066800000006],[-47.5482491,-21.555147600000012],[-47.5442632,-21.551366699999974],[-47.5433416,-21.5519048],[-47.544276,-21.55625300000001],[-47.542935400000005,-21.558545800000005],[-47.53957110000001,-21.561558799999997],[-47.5306829,-21.565466799999985],[-47.5267376,-21.56598049999998],[-47.5184547,-21.564605699999994],[-47.5117296,-21.561912],[-47.5017006,-21.56894360000002],[-47.49211939999999,-21.570058299999996],[-47.4709681,-21.57586580000001],[-47.465159,-21.575113300000012],[-47.455449300000005,-21.577387500000007],[-47.450366,-21.577043100000008],[-47.44434710000001,-21.588333999999982],[-47.4389822,-21.593861799999985],[-47.4417115,-21.601043399999995],[-47.4413457,-21.609573199999993],[-47.4427336,-21.611797400000004],[-47.441482300000004,-21.613131600000003],[-47.4372078,-21.61317149999999],[-47.4339509,-21.61065819999999],[-47.43009670000001,-21.604183700000018],[-47.424736400000015,-21.60174230000001],[-47.42196119999999,-21.6028304],[-47.41284910000001,-21.602550899999994],[-47.403762300000004,-21.611673899999996],[-47.39922520000001,-21.613740899999986],[-47.3997708,-21.62208860000002],[-47.3907228,-21.633608999999975],[-47.3854729,-21.636527099999984],[-47.3828874,-21.639362699999996],[-47.3806019,-21.64981170000001],[-47.37241050000001,-21.649844499999993],[-47.36804389999999,-21.64651300000001],[-47.3578645,-21.6428435],[-47.351398100000004,-21.647591100000014],[-47.34216130000001,-21.642210300000002],[-47.3338297,-21.6455832],[-47.3288141,-21.644539999999985],[-47.3220514,-21.650319600000014],[-47.322439900000006,-21.654676600000002],[-47.3256201,-21.657527599999998],[-47.323721,-21.659869100000012],[-47.32681310000001,-21.668689099999973],[-47.3328252,-21.66877849999999],[-47.3365847,-21.666986599999976],[-47.3376193,-21.66923230000002],[-47.3383293,-21.681153],[-47.337498000000004,-21.6869864],[-47.3269226,-21.703771399999994],[-47.3233909,-21.7150052],[-47.323671100000006,-21.719708400000012],[-47.3295113,-21.723929799999997],[-47.3303403,-21.726582699999998],[-47.311020500000005,-21.737147899999982],[-47.3036808,-21.737311099999996],[-47.301068,-21.7439916],[-47.295038700000006,-21.748166499999986],[-47.293810500000006,-21.750434599999988],[-47.293468,-21.758398799999984],[-47.2954074,-21.7621092],[-47.299656299999995,-21.763299500000006],[-47.3043021,-21.768038300000008],[-47.3124366,-21.77363980000001],[-47.318638800000016,-21.774812999999998],[-47.3209997,-21.77696770000001],[-47.3345673,-21.776530899999983],[-47.3322516,-21.784258400000006],[-47.33505650000001,-21.78896769999999],[-47.341995600000004,-21.795740800000004],[-47.3468981,-21.80653109999999],[-47.3451581,-21.80727199999999],[-47.345465000000004,-21.809252500000007],[-47.34381230000001,-21.81032130000001],[-47.3430254,-21.809254400000007],[-47.3421084,-21.8118454],[-47.33835900000001,-21.810516800000013],[-47.3351106,-21.814257099999995],[-47.3349196,-21.816116899999997],[-47.3364419,-21.816044100000003],[-47.3360977,-21.818926799999993],[-47.33764579999999,-21.8194239],[-47.3378367,-21.821544399999986],[-47.3348819,-21.823462099999993],[-47.3355256,-21.828769599999998],[-47.33822860000001,-21.82891860000001],[-47.3390017,-21.836421400000006],[-47.3408302,-21.8383677],[-47.343073499999996,-21.8398669],[-47.36941269999999,-21.846985],[-47.373643900000005,-21.846924100000006],[-47.38273790000001,-21.84975079999998],[-47.3861722,-21.849671299999997],[-47.3898606,-21.85339820000001],[-47.39738090000001,-21.857691199999994],[-47.4013661,-21.868361099999987],[-47.4013688,-21.875014899999996],[-47.4040479,-21.8781118],[-47.3998804,-21.8828324],[-47.39521570000001,-21.88487259999998],[-47.39338690000001,-21.8877449],[-47.3953581,-21.890587299999982],[-47.4023733,-21.891995900000015],[-47.402827,-21.894417399999977],[-47.39965560000001,-21.903284099999997],[-47.4020267,-21.906532500000015],[-47.4020863,-21.910564100000006],[-47.4056191,-21.91483939999999],[-47.407224199999995,-21.9132496],[-47.4091997,-21.913579100000003],[-47.413743,-21.9177948],[-47.4169219,-21.914154500000002],[-47.4193356,-21.913595399999995],[-47.4713181,-21.915441100000024],[-47.4784436,-21.91998299999998],[-47.4833543,-21.920298000000003],[-47.4864712,-21.922917999999996],[-47.4916516,-21.921293699999985],[-47.4937094,-21.9186573],[-47.4978917,-21.917760299999998],[-47.4976802,-21.9205916],[-47.499542,-21.9208922],[-47.502706100000005,-21.924139499999992],[-47.50326810000001,-21.929387800000004],[-47.5047717,-21.930068100000003],[-47.5061627,-21.9349211],[-47.507794,-21.93320179999998],[-47.51375850000001,-21.936491500000006],[-47.517753,-21.940965800000004],[-47.5242415,-21.943523399999982],[-47.5354037,-21.955653399999996],[-47.5363213,-21.960967099999987],[-47.54075100000001,-21.967554500000002],[-47.541167200000004,-21.975269499999982],[-47.5435693,-21.979738799999986],[-47.5637546,-21.986540199999986],[-47.5741292,-21.986228299999997],[-47.58191819999999,-21.990418099999996],[-47.58242640000001,-21.9959902],[-47.57810210000001,-22.002410599999997],[-47.5746285,-22.014292200000014],[-47.5749413,-22.0177035],[-47.5794538,-22.021323599999995],[-47.581142099999994,-22.03230160000002],[-47.5847382,-22.036046],[-47.59089220000001,-22.039529400000013],[-47.592205,-22.042830499999997],[-47.5973071,-22.04619370000001],[-47.6017054,-22.052049400000016],[-47.6063045,-22.0527101],[-47.6089304,-22.051953599999997],[-47.6174209,-22.0454414],[-47.6175271,-22.041726999999977],[-47.6222461,-22.04152699999999],[-47.625300300000006,-22.042493200000003],[-47.6302419,-22.047092699999997],[-47.6326436,-22.052291499999995],[-47.636384,-22.0550823],[-47.6433933,-22.051931400000004],[-47.64623430000001,-22.051670800000004],[-47.6482981,-22.053822899999982],[-47.6515759,-22.054264099999983],[-47.6544952,-22.05171629999998],[-47.6580761,-22.05179779999999],[-47.66038340000001,-22.047775999999978],[-47.6616775,-22.04782499999999],[-47.6629525,-22.0455903],[-47.6658653,-22.044066100000013],[-47.66893339999999,-22.03943320000001],[-47.6683226,-22.033440500000005],[-47.6721184,-22.026479800000004],[-47.6730993,-22.017046899999983],[-47.6756493,-22.013051100000002],[-47.689525800000006,-22.02378780000001],[-47.6916703,-22.0272274],[-47.69422850000001,-22.0286265],[-47.697627700000005,-22.027854],[-47.69840520000001,-22.0320199],[-47.7010436,-22.034105299999993],[-47.70885229999999,-22.033827599999995],[-47.714608,-22.0365194],[-47.716209799999994,-22.0350915],[-47.7212402,-22.0367366],[-47.728639700000016,-22.044377799999996],[-47.7354278,-22.047854700000006],[-47.738772900000015,-22.0534043],[-47.7449148,-22.05543289999998],[-47.7481812,-22.063808300000012],[-47.74576470000001,-22.07083460000001],[-47.746945700000005,-22.074678799999994],[-47.7461916,-22.078254899999997],[-47.7474675,-22.0797046],[-47.75111790000001,-22.079237400000004],[-47.7508119,-22.084607600000005],[-47.7526353,-22.089938399999998],[-47.75599239999999,-22.090807],[-47.7633202,-22.08769080000002],[-47.771717300000006,-22.0928357],[-47.776564300000004,-22.091364899999995],[-47.7840889,-22.096823399999984],[-47.7898323,-22.097822200000014],[-47.78811300000001,-22.101849600000005],[-47.7873953,-22.113839500000005],[-47.7888439,-22.1168466],[-47.79470640000001,-22.121070299999992],[-47.8000766,-22.128512600000004],[-47.80835630000001,-22.132451399999994],[-47.8112646,-22.14048219999999],[-47.8092484,-22.148378299999997],[-47.8156785,-22.154739999999997],[-47.8164013,-22.158655899999996],[-47.8148872,-22.16134250000001],[-47.8204799,-22.159685700000015],[-47.8202326,-22.15545680000001],[-47.8221418,-22.152098000000002],[-47.8308129,-22.14819329999998],[-47.8410935,-22.15069979999999],[-47.843234,-22.152119399999997],[-47.8450005,-22.155461099999986],[-47.8515759,-22.15652999999998],[-47.8573046,-22.156169399999996],[-47.85717939999999,-22.15481020000001],[-47.86206090000001,-22.150661900000003],[-47.872928,-22.158084600000002],[-47.8755932,-22.1585126],[-47.8793928,-22.157998100000007],[-47.88116260000001,-22.155473100000002],[-47.8867843,-22.152427099999993],[-47.887260700000006,-22.157887999999996],[-47.8919755,-22.1536497],[-47.8949488,-22.15480469999998],[-47.89549,-22.156825999999995],[-47.8968389,-22.156819699999996],[-47.895673,-22.1584],[-47.8971055,-22.16007370000001],[-47.8992249,-22.157094300000008],[-47.90173849999999,-22.157744700000006],[-47.903321000000005,-22.156106799999993],[-47.9067868,-22.155745500000002],[-47.908452,-22.152775500000008],[-47.9143312,-22.1496599],[-47.9190784,-22.14972819999998],[-47.9197894,-22.15069989999998],[-47.9200858,-22.148348100000003],[-47.92136,-22.1486553],[-47.921654,-22.147055299999984],[-47.9227053,-22.147403699999998],[-47.9234571,-22.1453557],[-47.92547380000001,-22.144326900000003],[-47.9268221,-22.1395531],[-47.9279186,-22.1403601],[-47.92853650000001,-22.139662499999982],[-47.9292399,-22.136548599999994],[-47.927540700000016,-22.131125900000004],[-47.9310273,-22.1272451],[-47.93218050000001,-22.127781499999983],[-47.93136859999999,-22.12460550000001],[-47.933902999999994,-22.1237764],[-47.9345942,-22.1200369],[-47.9378115,-22.119476799999994],[-47.9413046,-22.1155304],[-47.94683460000002,-22.112689],[-47.9473797,-22.111123700000004],[-47.9494766,-22.112545399999984],[-47.9532964,-22.1126708],[-47.9535153,-22.11429529999999],[-47.956027000000006,-22.1134773],[-47.9620776,-22.116121700000008],[-47.9637889,-22.11331149999999],[-47.9662241,-22.11476319999998],[-47.9674413,-22.114184000000016],[-47.9692024,-22.115522700000007],[-47.9704161,-22.118943200000004],[-47.9714179,-22.117059699999988],[-47.97456880000001,-22.118999000000002],[-47.9751978,-22.114725000000004],[-47.9770265,-22.114577399999984],[-47.9778557,-22.115897100000016],[-47.9807466,-22.11250190000002],[-47.98407710000001,-22.114753799999985],[-47.98185389999999,-22.11619960000001],[-47.9828443,-22.116976499999996],[-47.9867103,-22.1168244],[-47.987498800000004,-22.117739399999998],[-47.991233400000006,-22.115557199999998],[-47.99311250000001,-22.116005600000005],[-47.9985231,-22.110132799999985],[-47.9987561,-22.104186500000015],[-48.00127810000001,-22.10116180000001],[-48.00337900000002,-22.101111799999998],[-48.003308700000005,-22.0993623],[-48.00633799999999,-22.099213],[-48.007418400000006,-22.097405700000007],[-48.0105902,-22.096865700000013],[-48.0157426,-22.088161699999993],[-48.0181374,-22.087348499999997],[-48.02246620000001,-22.079913900000005],[-48.0265796,-22.0769278],[-48.0298053,-22.078201000000004],[-48.0362303,-22.0781358],[-48.0440256,-22.074840100000017],[-48.04487209999999,-22.0732246],[-48.04797659999999,-22.077939400000016],[-48.04690120000001,-22.07902309999998],[-48.047039,-22.082755],[-48.0451066,-22.08445530000001],[-48.0436928,-22.088415299999994],[-48.046038200000005,-22.103217499999992],[-48.0444632,-22.1163139],[-48.0425926,-22.1220762],[-48.0437203,-22.1288703],[-48.04742890000001,-22.135216599999985],[-48.0524888,-22.140258000000003],[-48.0543192,-22.146688199999993],[-48.057818100000006,-22.150729200000015],[-48.060656400000006,-22.1513144],[-48.06303199999999,-22.1495023],[-48.06554259999999,-22.149854200000007],[-48.0713851,-22.151790300000012],[-48.0802878,-22.1570296],[-48.08994420000001,-22.168720100000005],[-48.0998848,-22.174701399999993],[-48.104719900000006,-22.180081099999995],[-48.1166988,-22.17864809999999],[-48.11959790000001,-22.182724399999994],[-48.1240979,-22.1815536],[-48.1303191,-22.183809300000007],[-48.1347001,-22.183235000000025],[-48.1385466,-22.179085000000004],[-48.157058800000016,-22.174855400000002],[-48.169946100000004,-22.167314700000006],[-48.1758824,-22.1664176],[-48.18189870000001,-22.155068100000005],[-48.188983000000015,-22.151086400000008],[-48.19862250000001,-22.148041400000007],[-48.2052482,-22.150338200000004],[-48.2087779,-22.156118099999997],[-48.21584140000001,-22.158824199999998],[-48.2265873,-22.15766310000001],[-48.2343128,-22.159493699999977],[-48.2444883,-22.15906270000002],[-48.25595359999999,-22.15464050000001],[-48.2550345,-22.163034200000002],[-48.2500566,-22.167640999999996],[-48.2493245,-22.17084289999999],[-48.2448177,-22.175590200000002],[-48.2447856,-22.177898000000006],[-48.2554989,-22.1772074],[-48.26951100000001,-22.181578000000005],[-48.2709217,-22.182488499999998],[-48.27428520000001,-22.192289499999987],[-48.2867399,-22.189146399999988],[-48.2920423,-22.18971579999999],[-48.298743,-22.1921813],[-48.3085713,-22.19215649999999],[-48.3122518,-22.193891799999985],[-48.31497200000001,-22.198768400000006],[-48.3160834,-22.193978299999998],[-48.3228223,-22.193560900000005],[-48.3232949,-22.19254959999999],[-48.321874400000006,-22.191221500000015],[-48.3233927,-22.189137],[-48.3291515,-22.187870000000014],[-48.33109410000001,-22.189101800000003],[-48.3329294,-22.1846569],[-48.3374105,-22.183834800000014],[-48.3384674,-22.181052000000008],[-48.3432303,-22.180676800000004],[-48.3427082,-22.1789858],[-48.34500950000001,-22.1781474],[-48.3432383,-22.173564999999993],[-48.3457144,-22.1713639],[-48.3482134,-22.17217200000001],[-48.35003970000001,-22.171655500000007],[-48.349956,-22.170381000000006],[-48.3508354,-22.171461600000015],[-48.3530112,-22.1709157],[-48.35547969999999,-22.166814400000007],[-48.36076480000001,-22.166928299999988],[-48.3621438,-22.164786199999995],[-48.3668279,-22.16553879999998],[-48.3681536,-22.1647043],[-48.3683268,-22.167144599999986],[-48.37168210000001,-22.168180699999983],[-48.3746583,-22.16697720000001],[-48.373045700000006,-22.166128899999983],[-48.3732229,-22.1645079],[-48.37592239999999,-22.1622608],[-48.3810025,-22.162547699999983],[-48.383556500000005,-22.15970870000001],[-48.3874387,-22.159619600000013],[-48.38755570000001,-22.156777899999998],[-48.385549100000006,-22.156469700000002],[-48.385987799999995,-22.1530514],[-48.38776560000001,-22.151744400000013],[-48.392560200000005,-22.151810600000008],[-48.39008980000001,-22.147943399999992],[-48.3953911,-22.1475066],[-48.3927451,-22.145399200000004],[-48.3937451,-22.14327800000001],[-48.39219260000001,-22.138817699999997],[-48.3927891,-22.135962699999993],[-48.3940621,-22.137126700000003],[-48.3957568,-22.136438599999998],[-48.397609500000016,-22.131891399999997],[-48.3967444,-22.129345500000003],[-48.3951148,-22.12976220000001],[-48.39721,-22.1262636],[-48.3962719,-22.120862299999988],[-48.3951179,-22.121248500000014],[-48.39769199999999,-22.1165756],[-48.394565699999994,-22.1145581],[-48.3982238,-22.114292599999995],[-48.39864690000001,-22.113208099999987],[-48.395780300000006,-22.112028400000007],[-48.4028341,-22.1084957],[-48.403423399999994,-22.106641200000002],[-48.4018443,-22.104909699999993],[-48.402023799999995,-22.1025534],[-48.406785000000006,-22.0992769],[-48.4052169,-22.097928400000008],[-48.4065212,-22.096211599999993],[-48.40780360000001,-22.09637049999998],[-48.4077472,-22.0949772],[-48.4086127,-22.09550349999999],[-48.4086971,-22.094104200000004],[-48.4137089,-22.093653],[-48.4150818,-22.08933109999998],[-48.4196837,-22.09019779999999],[-48.422473,-22.094145599999987],[-48.424332,-22.092468200000006],[-48.42441790000001,-22.089943899999998],[-48.4284693,-22.089890699999987],[-48.433119899999994,-22.087941599999997],[-48.4335011,-22.083698299999984],[-48.4359286,-22.084053299999997],[-48.4341267,-22.077328499999986],[-48.4374653,-22.0788754],[-48.4393577,-22.0778199],[-48.4383204,-22.074851599999995],[-48.43954740000001,-22.075433099999994],[-48.4450078,-22.073681100000005],[-48.4440713,-22.072690000000005],[-48.446207,-22.070988300000007],[-48.4446904,-22.063575600000004]]]}}]}