{"type":"FeatureCollection","features":[{"type":"Feature","properties":{"id":"3503","nome":"Bauru"},"geometry":{"type":"Polygon","coordinates":[[[-48.04711830000001,-22.834682600000004],[-48.0391209,-22.847467299999995],[-48.01444349999999,-22.85225019999999],[-48.0079987,-22.8613838],[-48.0030887,-22.8657628],[-48.00308470000001,-22.872194900000004],[-48.0012258,-22.876753200000003],[-48.0024012,-22.880393299999994],[-48.0045408,-22.8822575],[-48.01468619999999,-22.883551100000005],[-48.01534790000001,-22.884693999999996],[-48.010479600000004,-22.895285399999995],[-48.0025193,-22.899299699999997],[-47.9976179,-22.89860630000001],[-47.9936599,-22.8965189],[-47.988007100000004,-22.8886702],[-47.98792600000001,-22.88575529999999],[-47.991128999999994,-22.879800900000006],[-47.9913144,-22.8758456],[-47.9890667,-22.870858899999995],[-47.986491300000004,-22.868790999999995],[-47.9832504,-22.869048999999997],[-47.982246,-22.870219399999996],[-47.980985000000004,-22.877069300000002],[-47.97498050000001,-22.885207600000005],[-47.975597900000004,-22.89043319999999],[-47.97367740000001,-22.897435099999992],[-47.9702874,-22.900097599999995],[-47.967681600000006,-22.898713],[-47.9615431,-22.890348200000005],[-47.9590028,-22.88924020000001],[-47.9477791,-22.8886752],[-47.942509699999995,-22.883883300000004],[-47.9391818,-22.882892699999992],[-47.931746,-22.8829475],[-47.927466300000006,-22.88524],[-47.9320204,-22.8910506],[-47.9377154,-22.894411500000004],[-47.93888309999999,-22.90369400000001],[-47.9462385,-22.90754010000001],[-47.9515499,-22.924493100000003],[-47.9490688,-22.9312856],[-47.9470651,-22.93338599999999],[-47.9400312,-22.936188299999998],[-47.9368205,-22.93941880000001],[-47.9337867,-22.945095799999983],[-47.93408959999999,-22.9498956],[-47.9354411,-22.9513556],[-47.93722220000001,-22.951297600000004],[-47.9405631,-22.955459299999994],[-47.9390956,-22.957812100000005],[-47.9325317,-22.961904899999997],[-47.9328603,-22.966025400000003],[-47.93509360000001,-22.968113900000002],[-47.9289585,-22.9743359],[-47.9284663,-22.979843400000007],[-47.9304826,-22.9815881],[-47.9363707,-22.98312349999999],[-47.9381049,-22.985554799999996],[-47.9375936,-22.989078299999996],[-47.9392372,-22.989816800000007],[-47.9409901,-22.994973899999998],[-47.9451293,-22.997116599999995],[-47.94645160000001,-23.0020253],[-47.94109159999999,-23.012994699999993],[-47.9368709,-23.014562599999994],[-47.9469087,-23.014494399999993],[-47.95137150000001,-23.016413799999995],[-47.9552517,-23.0254465],[-47.9561336,-23.030133000000006],[-47.954681,-23.033614500000006],[-47.96482199999999,-23.0346765],[-47.967928699999995,-23.030182800000006],[-47.973000899999995,-23.035833099999998],[-47.9729219,-23.0389467],[-47.9781904,-23.043372900000005],[-47.9789156,-23.0470201],[-47.97807860000001,-23.049251900000005],[-47.979323,-23.052508999999997],[-47.99012,-23.0526905],[-47.9994641,-23.055961999999997],[-48.003115400000006,-23.063458200000003],[-48.0052188,-23.065202700000007],[-48.0061417,-23.0696625],[-48.0114279,-23.068338200000007],[-48.0136273,-23.0694206],[-48.0185441,-23.069111299999996],[-48.0217969,-23.067428399999997],[-48.0337895,-23.068869299999992],[-48.0371613,-23.0707853],[-48.03695760000001,-23.072719000000003],[-48.038338100000004,-23.074277599999995],[-48.0367159,-23.082042999999985],[-48.0383939,-23.089241500000007],[-48.0447834,-23.0980799],[-48.05088930000001,-23.10114739999999],[-48.0517676,-23.1042417],[-48.0570436,-23.103834199999987],[-48.0605566,-23.1003611],[-48.0617188,-23.094985500000003],[-48.063664200000005,-23.09287139999999],[-48.06833869999999,-23.090960100000007],[-48.0768522,-23.090533499999992],[-48.07923180000001,-23.087200199999998],[-48.0808151,-23.0871154],[-48.0833889,-23.0845162],[-48.0836993,-23.082252600000007],[-48.0863794,-23.080699900000003],[-48.0891193,-23.0808992],[-48.0899628,-23.084738800000004],[-48.0917034,-23.086500399999995],[-48.0957723,-23.0851531],[-48.1038972,-23.089573999999995],[-48.110059899999996,-23.090494899999985],[-48.1074023,-23.09671449999999],[-48.109461100000004,-23.09830959999999],[-48.1134773,-23.098081899999997],[-48.123434800000005,-23.093024500000006],[-48.12713550000001,-23.089162600000005],[-48.132461000000006,-23.090377300000004],[-48.13714860000001,-23.088564199999997],[-48.14157649999999,-23.088384200000007],[-48.146501799999996,-23.090448300000002],[-48.1515988,-23.0841522],[-48.1566882,-23.086529800000005],[-48.1628022,-23.08675140000001],[-48.1628518,-23.088943100000012],[-48.1643906,-23.08972489999999],[-48.1619752,-23.091566799999995],[-48.16025629999999,-23.095027699999996],[-48.1627044,-23.096984800000005],[-48.1639552,-23.100943700000002],[-48.166266099999994,-23.100458399999997],[-48.170023,-23.0963562],[-48.1746465,-23.096516300000008],[-48.17372209999999,-23.09681609999999],[-48.17414240000001,-23.0980066],[-48.170764000000005,-23.099796999999995],[-48.172808399999994,-23.105919300000004],[-48.17698510000001,-23.1045802],[-48.178406,-23.105992800000006],[-48.1773343,-23.10651220000001],[-48.178574,-23.107145200000005],[-48.1775303,-23.1076485],[-48.178653100000005,-23.109809600000006],[-48.1799791,-23.1088101],[-48.1812367,-23.1106126],[-48.1803204,-23.1117171],[-48.1832362,-23.113106300000005],[-48.18802840000001,-23.110525399999993],[-48.1922106,-23.111617200000005],[-48.1958081,-23.114555400000004],[-48.189220500000005,-23.118799100000004],[-48.18928710000001,-23.121328899999998],[-48.1920656,-23.124139999999997],[-48.1917422,-23.12755439999999],[-48.1900033,-23.128474900000015],[-48.18670040000001,-23.126153799999997],[-48.183157900000005,-23.128811100000004],[-48.183244,-23.134791300000007],[-48.1846514,-23.135325299999995],[-48.181835099999994,-23.13957200000001],[-48.1819929,-23.1418865],[-48.1853345,-23.150225799999994],[-48.1821994,-23.1504993],[-48.1811146,-23.152463099999984],[-48.181971499999996,-23.15485730000001],[-48.184304499999996,-23.156003900000005],[-48.18454479999999,-23.15954689999999],[-48.186780000000006,-23.161443],[-48.1863559,-23.1658865],[-48.189276899999996,-23.168986499999992],[-48.1891304,-23.172617900000006],[-48.19083940000001,-23.17314850000001],[-48.19005090000001,-23.1752196],[-48.1917853,-23.177872799999992],[-48.1946853,-23.179524199999992],[-48.194455600000005,-23.1834747],[-48.2003776,-23.185049000000003],[-48.2018167,-23.1874187],[-48.2054874,-23.189495899999997],[-48.2166777,-23.191933999999993],[-48.2211461,-23.19175200000001],[-48.225479500000006,-23.196768400000003],[-48.22857069999999,-23.1978793],[-48.2319336,-23.20133320000001],[-48.2370779,-23.203513099999988],[-48.2422588,-23.208325299999988],[-48.2453295,-23.209625899999992],[-48.24689670000001,-23.2159754],[-48.2462223,-23.220268099999995],[-48.2501984,-23.221052800000002],[-48.251376099999995,-23.223773599999998],[-48.253770200000005,-23.225561400000007],[-48.255739600000005,-23.2233494],[-48.2572993,-23.223276500000004],[-48.260767,-23.229945299999994],[-48.259124400000005,-23.2340671],[-48.2596918,-23.23868669999999],[-48.2580713,-23.241172400000004],[-48.2589397,-23.244223900000005],[-48.25537450000001,-23.2477446],[-48.2553031,-23.253364100000002],[-48.25380320000001,-23.257541299999993],[-48.2432363,-23.259362999999997],[-48.23916059999999,-23.262951899999997],[-48.2411614,-23.270514099999996],[-48.23890889999999,-23.277108299999995],[-48.2403,-23.279960200000016],[-48.251786499999994,-23.280971],[-48.2594023,-23.27729669999999],[-48.2619594,-23.27754189999999],[-48.26698650000001,-23.281111099999997],[-48.2699248,-23.287540200000002],[-48.272634599999996,-23.28870149999999],[-48.2768437,-23.284125899999992],[-48.27623040000001,-23.27823929999998],[-48.2731334,-23.273702200000002],[-48.27690710000001,-23.265348399999997],[-48.27961729999999,-23.2642302],[-48.2874854,-23.264288000000004],[-48.2904073,-23.260135699999996],[-48.3003553,-23.257878999999985],[-48.3040112,-23.26003489999999],[-48.3059436,-23.259877099999994],[-48.31047600000001,-23.264902800000005],[-48.3192606,-23.26530249999999],[-48.3270245,-23.269009900000004],[-48.3369499,-23.268000000000008],[-48.3390304,-23.269844899999992],[-48.3421175,-23.270000799999995],[-48.34226600000001,-23.271388399999985],[-48.3373611,-23.27666299999999],[-48.334974,-23.28361169999999],[-48.33883339999999,-23.282011],[-48.3477732,-23.282767599999996],[-48.35028760000001,-23.285345199999988],[-48.3518735,-23.289408599999998],[-48.3538711,-23.2868651],[-48.3564623,-23.286612399999996],[-48.3638723,-23.29179859999999],[-48.36414099999999,-23.293543300000007],[-48.3591437,-23.296974900000002],[-48.358443,-23.300981499999992],[-48.3601458,-23.303005300000006],[-48.3624039,-23.298883500000006],[-48.36837770000001,-23.297022],[-48.3739638,-23.291570100000012],[-48.3781796,-23.290117000000002],[-48.3911906,-23.2895938],[-48.3928757,-23.291116299999985],[-48.4011878,-23.2875251],[-48.4028636,-23.285281599999998],[-48.40112280000001,-23.2750806],[-48.406044699999995,-23.2676308],[-48.41315049999999,-23.2664808],[-48.4185853,-23.262529800000006],[-48.4217548,-23.265861400000002],[-48.4301991,-23.267905199999998],[-48.4360667,-23.2733929],[-48.4428673,-23.2700113],[-48.4465398,-23.27027310000001],[-48.4518634,-23.272535299999998],[-48.45439699999999,-23.2699343],[-48.4594106,-23.269179199999993],[-48.4652557,-23.266245299999987],[-48.47070630000001,-23.266528499999993],[-48.47941349999999,-23.264050900000004],[-48.48664080000001,-23.263535299999994],[-48.4915389,-23.261133299999997],[-48.49565820000001,-23.263696699999986],[-48.4952561,-23.2646502],[-48.4971955,-23.264744999999998],[-48.50442449999999,-23.269772200000006],[-48.5078155,-23.2669643],[-48.5113265,-23.269799600000002],[-48.5121924,-23.271935100000004],[-48.5182105,-23.270169800000005],[-48.52078370000001,-23.2724835],[-48.5263732,-23.271507699999997],[-48.5295163,-23.272878],[-48.5370618,-23.273195699999995],[-48.5483374,-23.281044900000005],[-48.554097600000006,-23.2793638],[-48.556322900000005,-23.2838235],[-48.567495900000004,-23.296566700000007],[-48.570759,-23.2974391],[-48.5762164,-23.295927800000005],[-48.5790202,-23.296597800000004],[-48.585305,-23.309593],[-48.59050880000001,-23.314921000000002],[-48.60166830000001,-23.3156843],[-48.6247878,-23.32561159999999],[-48.63718930000001,-23.32682919999999],[-48.664184500000005,-23.333712899999984],[-48.672547599999994,-23.339559300000005],[-48.6787059,-23.3421924],[-48.6951707,-23.342808600000005],[-48.7059179,-23.341235500000003],[-48.7091017,-23.339495299999992],[-48.70744760000001,-23.323424299999996],[-48.7094026,-23.3190814],[-48.713671299999994,-23.318609200000004],[-48.7198614,-23.320092],[-48.7327732,-23.319638299999994],[-48.7409162,-23.3164105],[-48.7565927,-23.30706359999999],[-48.7739979,-23.302420799999997],[-48.7747723,-23.290087299999993],[-48.77651110000001,-23.284821199999993],[-48.7736807,-23.28091690000001],[-48.772788199999994,-23.27663309999999],[-48.7666115,-23.271224700000005],[-48.7672886,-23.26911789999999],[-48.7724282,-23.265786200000004],[-48.7687129,-23.26308779999999],[-48.761887300000005,-23.261531199999997],[-48.75662940000001,-23.2562342],[-48.7519288,-23.254636200000004],[-48.748755100000004,-23.25163679999999],[-48.7449289,-23.2508106],[-48.7475295,-23.2377497],[-48.7461629,-23.236422100000002],[-48.7438856,-23.236623499999993],[-48.740652100000005,-23.2301062],[-48.74101340000001,-23.220084999999994],[-48.73859220000001,-23.217363600000002],[-48.7381536,-23.21270059999999],[-48.735433400000005,-23.209058100000004],[-48.7417523,-23.205467599999984],[-48.7448884,-23.1979319],[-48.743121300000006,-23.189401800000006],[-48.74471059999999,-23.18605689999999],[-48.7432605,-23.176817100000005],[-48.7441038,-23.175522600000008],[-48.74236380000001,-23.1726629],[-48.7444583,-23.165893700000005],[-48.74321419999999,-23.1591295],[-48.7382682,-23.15557339999999],[-48.73397799999999,-23.14668299999999],[-48.7359757,-23.143002400000007],[-48.735633,-23.138854000000006],[-48.73678730000001,-23.135572899999993],[-48.7476754,-23.121853600000005],[-48.747744700000005,-23.117074200000005],[-48.7506509,-23.116021799999995],[-48.7510136,-23.114885899999994],[-48.74591439999999,-23.1038703],[-48.744783500000004,-23.097407099999998],[-48.7426823,-23.095584500000005],[-48.741319,-23.0898977],[-48.74489510000001,-23.086177399999997],[-48.7460551,-23.086936999999995],[-48.747832599999995,-23.085131299999997],[-48.7529483,-23.084452700000003],[-48.7526315,-23.0832574],[-48.757347599999996,-23.081424600000005],[-48.76218140000001,-23.0777904],[-48.7641243,-23.07812919999999],[-48.764991699999996,-23.074852699999997],[-48.76741470000001,-23.074169199999993],[-48.7711765,-23.068726400000003],[-48.7706221,-23.066551700000005],[-48.7723541,-23.0587199],[-48.773432899999996,-23.057512899999992],[-48.77524400000001,-23.058149700000005],[-48.7758018,-23.054709799999998],[-48.7787095,-23.053954699999984],[-48.777488,-23.046506300000004],[-48.7700249,-23.0333124],[-48.7694436,-23.0201759],[-48.76320870000001,-23.017380900000003],[-48.7620233,-23.015524000000013],[-48.76105199999999,-23.004534699999994],[-48.7627231,-22.99827469999999],[-48.761439300000006,-22.992633099999992],[-48.7666292,-22.9868834],[-48.7664705,-22.985103499999997],[-48.77060960000001,-22.978270899999995],[-48.774443100000006,-22.974693799999997],[-48.7737121,-22.973935899999997],[-48.776070600000004,-22.9696088],[-48.7761296,-22.9664829],[-48.78675719999999,-22.962814099999996],[-48.7884475,-22.960216899999992],[-48.7899441,-22.963319999999996],[-48.793762699999995,-22.9635855],[-48.802642500000005,-22.959420699999995],[-48.806838600000006,-22.955304200000004],[-48.8111994,-22.95577689999999],[-48.81383050000001,-22.954279799999988],[-48.81460130000001,-22.95113999999999],[-48.8196884,-22.952288900000006],[-48.827279600000004,-22.9488945],[-48.844037,-22.948048],[-48.8469139,-22.948748099999996],[-48.84768540000001,-22.946053700000007],[-48.8463741,-22.940249400000003],[-48.8498902,-22.9384191],[-48.8504186,-22.9335126],[-48.8522131,-22.931724700000007],[-48.8409193,-22.922279299999996],[-48.8414575,-22.919252299999993],[-48.837919799999995,-22.91472829999999],[-48.834088699999995,-22.9131068],[-48.83258219999999,-22.913761200000007],[-48.8297637,-22.912880100000006],[-48.8265076,-22.909940799999998],[-48.830282600000004,-22.896997199999994],[-48.82894410000001,-22.8922338],[-48.8230714,-22.888103900000004],[-48.8202635,-22.887984899999992],[-48.81602889999999,-22.881511100000008],[-48.8097901,-22.880124199999987],[-48.8064726,-22.875958199999996],[-48.8015904,-22.8758505],[-48.7994285,-22.873402099999996],[-48.7935639,-22.874124799999997],[-48.78732659999999,-22.87182050000001],[-48.7909773,-22.867842999999997],[-48.7966931,-22.8656713],[-48.7989144,-22.857618599999984],[-48.80329259999999,-22.854537699999987],[-48.802568,-22.84533370000001],[-48.8064561,-22.84489110000001],[-48.8101262,-22.846643699999994],[-48.819969799999996,-22.848464300000003],[-48.8359608,-22.848194300000003],[-48.837627700000006,-22.850131000000005],[-48.841845600000006,-22.850326699999993],[-48.8451351,-22.84962790000001],[-48.8459764,-22.847512099999996],[-48.84804400000001,-22.846664800000006],[-48.8625028,-22.852094800000003],[-48.87017,-22.852447600000005],[-48.8759738,-22.8510203],[-48.87965380000001,-22.85201629999999],[-48.880772799999995,-22.850929300000004],[-48.8875658,-22.8502861],[-48.8886284,-22.849012599999988],[-48.893678699999995,-22.848716700000004],[-48.8953333,-22.846889399999995],[-48.9015088,-22.84564589999999],[-48.9097176,-22.83353659999999],[-48.91496560000001,-22.832315199999993],[-48.9219882,-22.82860959999999],[-48.9266142,-22.8289276],[-48.931147300000006,-22.827207399999992],[-48.9354654,-22.827944099999996],[-48.94174280000001,-22.825888000000003],[-48.94429360000001,-22.827286199999993],[-48.949648700000004,-22.824968199999997],[-48.9666159,-22.827497400000002],[-48.9691363,-22.8250164],[-48.97229,-22.830217400000006],[-48.980451900000006,-22.835668500000004],[-48.9811946,-22.839355399999995],[-48.98342829999999,-22.840510699999992],[-48.9889724,-22.834901299999984],[-48.99321960000001,-22.828067499999992],[-48.9934105,-22.826022900000005],[-48.995514500000006,-22.82403989999999],[-48.9963648,-22.819189],[-49.0032384,-22.827039300000006],[-49.0104277,-22.832647700000003],[-49.01376919999999,-22.840624200000008],[-49.0284115,-22.835495100000006],[-49.0308656,-22.833844000000003],[-49.033369400000005,-22.82897839999999],[-49.0327818,-22.823157400000003],[-49.0295259,-22.8184288],[-49.0299023,-22.8038721],[-49.0289485,-22.797618200000002],[-49.0232188,-22.789976700000004],[-49.0254048,-22.7836971],[-49.0265899,-22.7719161],[-49.0304927,-22.763226499999995],[-49.037149500000005,-22.763396],[-49.0382668,-22.761114199999998],[-49.0418097,-22.7611249],[-49.05163050000001,-22.755606899999997],[-49.0569663,-22.73690580000001],[-49.0618461,-22.732880799999997],[-49.066615,-22.7309012],[-49.0718,-22.725034399999988],[-49.0854379,-22.713736099999988],[-49.0921799,-22.705620199999988],[-49.0946257,-22.699359600000008],[-49.09455319999999,-22.685782300000003],[-49.09680649999999,-22.680449700000004],[-49.0953328,-22.666890799999997],[-49.1008815,-22.6675645],[-49.1045991,-22.66938199999999],[-49.108866600000006,-22.675891599999993],[-49.1114339,-22.673866600000004],[-49.1153888,-22.6740815],[-49.11968439999999,-22.672377399999995],[-49.1267906,-22.67345059999999],[-49.1332857,-22.672783800000005],[-49.135227400000005,-22.675636699999995],[-49.14456,-22.681799100000003],[-49.15317009999999,-22.685249600000002],[-49.1561162,-22.6965051],[-49.1622545,-22.705585999999997],[-49.16508710000001,-22.7182612],[-49.1683719,-22.7220308],[-49.172030500000005,-22.723623600000003],[-49.17425430000001,-22.730068],[-49.18195500000001,-22.729391700000008],[-49.183805,-22.722997800000005],[-49.19026590000001,-22.72589309999999],[-49.195867500000006,-22.722095900000006],[-49.197600300000005,-22.722091899999995],[-49.2039749,-22.7364089],[-49.2110483,-22.743634],[-49.2249439,-22.750866999999985],[-49.2279772,-22.760409600000003],[-49.231386,-22.759540900000005],[-49.24007029999999,-22.752150500000003],[-49.24499230000001,-22.752047200000003],[-49.2489356,-22.749430200000003],[-49.2549045,-22.752399699999994],[-49.26133550000001,-22.7534748],[-49.266267500000005,-22.760048099999995],[-49.2730842,-22.7632566],[-49.2774725,-22.771833400000002],[-49.2877265,-22.771129400000007],[-49.2919208,-22.76539899999999],[-49.2935783,-22.764708999999993],[-49.3005759,-22.765705599999993],[-49.30781730000001,-22.762660400000005],[-49.3185375,-22.764621099999992],[-49.32452519999999,-22.764159199999998],[-49.33101870000001,-22.7671469],[-49.33526869999999,-22.775658300000007],[-49.3396739,-22.7791344],[-49.347203500000006,-22.782654499999996],[-49.35490020000001,-22.782840400000012],[-49.3588817,-22.784667700000004],[-49.3674927,-22.783003699999995],[-49.37912949999999,-22.775398499999994],[-49.3856966,-22.7629144],[-49.3853592,-22.759684599999996],[-49.383571800000006,-22.757769899999996],[-49.3822418,-22.7464644],[-49.3795448,-22.742156500000004],[-49.379801,-22.73333559999999],[-49.37548960000001,-22.727773200000005],[-49.3775293,-22.724440000000005],[-49.377072,-22.7223735],[-49.3812065,-22.71966919999999],[-49.3837352,-22.7163499],[-49.3823385,-22.713983399999993],[-49.3841081,-22.709050300000005],[-49.3839921,-22.708098300000003],[-49.3713344,-22.707329900000005],[-49.368976,-22.702123699999987],[-49.356306800000006,-22.687413800000005],[-49.3560235,-22.685740700000007],[-49.3589935,-22.6825815],[-49.353569,-22.680232600000004],[-49.345886,-22.679409100000008],[-49.335665600000006,-22.676354800000006],[-49.3396897,-22.665905800000004],[-49.3435446,-22.665364399999994],[-49.3480192,-22.662707099999995],[-49.34965079999999,-22.660245599999996],[-49.352989,-22.659627799999992],[-49.358094900000005,-22.655715000000004],[-49.35993700000001,-22.656209999999998],[-49.36163880000001,-22.6549165],[-49.3610918,-22.652458699999997],[-49.3578577,-22.653801700000002],[-49.3565981,-22.651590999999993],[-49.35843609999999,-22.650064199999996],[-49.356962900000006,-22.649873000000003],[-49.3572044,-22.6484733],[-49.3538876,-22.64850449999999],[-49.355752800000005,-22.645156300000007],[-49.357021800000005,-22.64492359999999],[-49.35350480000001,-22.6452462],[-49.351007,-22.64255750000001],[-49.3556207,-22.636688900000006],[-49.3639471,-22.632782199999994],[-49.38178,-22.630167299999986],[-49.38691060000001,-22.627209000000008],[-49.39516,-22.6268147],[-49.39801700000001,-22.6253685],[-49.408363900000005,-22.624405499999998],[-49.4175799,-22.6218573],[-49.41992890000001,-22.620223200000012],[-49.42069560000001,-22.612748800000016],[-49.4247221,-22.607085300000012],[-49.432706100000004,-22.60437839999999],[-49.4394641,-22.604284500000006],[-49.4398048,-22.601803699999987],[-49.444351,-22.6004981],[-49.4507093,-22.590252299999996],[-49.4503063,-22.586475499999995],[-49.454407200000006,-22.583071100000005],[-49.4568624,-22.578668599999997],[-49.4562681,-22.57724440000001],[-49.451864900000004,-22.5764498],[-49.4544066,-22.567697],[-49.465578,-22.558135499999995],[-49.4705844,-22.557871699999993],[-49.472753000000004,-22.556488299999998],[-49.4778183,-22.550547600000005],[-49.4816127,-22.549232999999997],[-49.48968750000001,-22.541859600000002],[-49.490793499999995,-22.537518599999995],[-49.497395100000006,-22.527585099999992],[-49.500750700000005,-22.517136299999997],[-49.50301660000001,-22.5138467],[-49.5048193,-22.5141639],[-49.50631190000001,-22.512400899999996],[-49.5092588,-22.5180119],[-49.51081610000001,-22.5166701],[-49.5125181,-22.51734679999999],[-49.5128582,-22.516325799999994],[-49.5145774,-22.516247300000007],[-49.5158307,-22.51816919999999],[-49.51991240000001,-22.5190029],[-49.5187976,-22.522500700000002],[-49.5200961,-22.5237659],[-49.5242172,-22.522001200000012],[-49.525642,-22.522683699999998],[-49.527164,-22.528144100000002],[-49.524073,-22.531223000000004],[-49.5247201,-22.534671],[-49.52761340000001,-22.537726000000003],[-49.5301319,-22.5366948],[-49.5314385,-22.538088700000007],[-49.533735199999995,-22.542970800000006],[-49.5337934,-22.54401849999999],[-49.5328758,-22.543838500000007],[-49.5344439,-22.544871500000003],[-49.534055,-22.546696299999997],[-49.53736140000001,-22.545996800000005],[-49.5419714,-22.5470001],[-49.5441928,-22.549303500000004],[-49.544544300000005,-22.551911800000003],[-49.5408719,-22.553569499999984],[-49.538870700000004,-22.55668009999999],[-49.54094090000001,-22.56150150000001],[-49.5453672,-22.56376909999999],[-49.5464085,-22.56306449999999],[-49.545007600000005,-22.562362399999998],[-49.5474844,-22.561049999999994],[-49.54834259999999,-22.5620535],[-49.5528388,-22.5585232],[-49.5550062,-22.558946099999993],[-49.5588319,-22.565545399999998],[-49.55768369999999,-22.5689703],[-49.559846300000004,-22.571650600000005],[-49.55928,-22.574559699999984],[-49.56253160000001,-22.576082400000004],[-49.56551150000001,-22.576173400000002],[-49.56619330000001,-22.57504649999999],[-49.5677835,-22.576343899999998],[-49.5692365,-22.587243799999996],[-49.5718738,-22.588760799999992],[-49.5717429,-22.59114599999999],[-49.5737282,-22.59136099999999],[-49.5748234,-22.595868699999997],[-49.5756246,-22.5943736],[-49.57836150000001,-22.598367899999996],[-49.5782682,-22.601598899999995],[-49.58071679999999,-22.6026205],[-49.5833449,-22.601922699999992],[-49.5853909,-22.60390210000001],[-49.58332980000001,-22.607911899999998],[-49.58362900000001,-22.611648499999994],[-49.58059190000001,-22.614793399999996],[-49.5803802,-22.616504000000003],[-49.5819062,-22.618714900000004],[-49.5844485,-22.619647199999996],[-49.5847008,-22.62119459999999],[-49.5859034,-22.620685799999993],[-49.5857057,-22.6219373],[-49.5869355,-22.621480399999992],[-49.5861174,-22.622365899999988],[-49.587773500000004,-22.62271090000001],[-49.5875762,-22.6277736],[-49.5881058,-22.62706579999999],[-49.5884496,-22.6287169],[-49.5901365,-22.629233899999992],[-49.58939159999999,-22.6310901],[-49.5924182,-22.634216499999994],[-49.590314400000004,-22.636801799999997],[-49.5925305,-22.6425884],[-49.589648600000004,-22.6460869],[-49.5933944,-22.652098399999993],[-49.5957053,-22.652396999999986],[-49.5963511,-22.654271900000012],[-49.597892,-22.654267299999994],[-49.59823060000001,-22.652963600000007],[-49.5995267,-22.654103899999992],[-49.6010741,-22.658286099999998],[-49.5989176,-22.66485220000001],[-49.6025855,-22.665461900000004],[-49.6070651,-22.662964899999995],[-49.6137705,-22.6567437],[-49.6249953,-22.649635],[-49.6258354,-22.640553500000003],[-49.627729,-22.6364813],[-49.6259713,-22.630189300000005],[-49.62961339999999,-22.628057899999995],[-49.6301442,-22.6239856],[-49.6362292,-22.6250664],[-49.6431113,-22.620872399999993],[-49.6510636,-22.620664899999994],[-49.6572884,-22.614724900000002],[-49.6592623,-22.6087433],[-49.661562200000006,-22.607107900000006],[-49.6888333,-22.601320799999993],[-49.69269620000001,-22.60745969999999],[-49.69508390000001,-22.607618299999995],[-49.6950781,-22.60924210000001],[-49.6983018,-22.6094275],[-49.69870000000001,-22.610636800000005],[-49.7012147,-22.611459600000003],[-49.70349459999999,-22.617281],[-49.7022982,-22.6217226],[-49.7053948,-22.624794699999995],[-49.7070581,-22.618689100000008],[-49.7117162,-22.6135528],[-49.71750420000001,-22.609966899999996],[-49.7365002,-22.588376200000006],[-49.73716640000001,-22.585324100000005],[-49.73533090000001,-22.5788191],[-49.7358793,-22.576424400000008],[-49.74146700000001,-22.567417199999994],[-49.741509,-22.562793900000003],[-49.743836,-22.562119999999997],[-49.746058,-22.55973169999999],[-49.7483337,-22.554358],[-49.747264699999995,-22.54469889999999],[-49.74800400000001,-22.540097499999995],[-49.7534965,-22.53528259999999],[-49.754297400000006,-22.529169599999992],[-49.757504100000006,-22.52869],[-49.7604734,-22.525218300000002],[-49.7594017,-22.5180627],[-49.7644307,-22.516514199999996],[-49.76589,-22.508520199999992],[-49.77200150000001,-22.500646300000007],[-49.76178120000001,-22.503928499999997],[-49.7556128,-22.498154100000008],[-49.75653640000001,-22.4970699],[-49.7510664,-22.49509899999999],[-49.749012300000004,-22.489944099999985],[-49.7500063,-22.488868100000005],[-49.7479853,-22.484925399999995],[-49.74995330000001,-22.478712300000005],[-49.7494999,-22.476844299999986],[-49.74687440000001,-22.475990700000004],[-49.744416799999996,-22.473476600000016],[-49.7435164,-22.4702461],[-49.7413492,-22.470011499999995],[-49.7378448,-22.466814299999996],[-49.7321285,-22.467790899999997],[-49.727005,-22.463900000000006],[-49.7215091,-22.46403410000001],[-49.7202097,-22.462162899999996],[-49.7187885,-22.452499899999985],[-49.7130302,-22.449208399999993],[-49.7102724,-22.444242400000004],[-49.7038157,-22.439348599999988],[-49.7040356,-22.443402800000005],[-49.7017976,-22.4471388],[-49.6967345,-22.448997399999996],[-49.6943674,-22.456198399999998],[-49.691616800000006,-22.458553],[-49.6881805,-22.458468699999994],[-49.6841068,-22.463428399999994],[-49.6836731,-22.466064600000003],[-49.674471999999994,-22.468720600000008],[-49.66379899999999,-22.4621198],[-49.66248000000001,-22.458473299999994],[-49.6580343,-22.453536399999987],[-49.6548277,-22.4459938],[-49.65069890000001,-22.439987399999996],[-49.6463794,-22.4366403],[-49.642229500000006,-22.439288],[-49.6360441,-22.447092300000005],[-49.6370485,-22.457030600000003],[-49.63598790000001,-22.4609735],[-49.628511800000005,-22.469153399999993],[-49.624151,-22.467172900000005],[-49.618956,-22.4682583],[-49.6102206,-22.4662219],[-49.60158800000001,-22.460417399999994],[-49.597090200000004,-22.459938000000005],[-49.595628999999995,-22.456111599999996],[-49.59679199999999,-22.4538176],[-49.5988856,-22.4545483],[-49.604099500000004,-22.45355480000001],[-49.6036403,-22.450498200000002],[-49.605491,-22.448400199999995],[-49.60393010000001,-22.443076999999995],[-49.60033820000001,-22.439995699999997],[-49.6005855,-22.43856590000001],[-49.5974276,-22.435144400000002],[-49.5885836,-22.427650800000002],[-49.5822039,-22.424882299999993],[-49.57610759999999,-22.4170817],[-49.575109100000006,-22.407757399999998],[-49.57123940000001,-22.40064720000001],[-49.56997080000001,-22.3836182],[-49.5609363,-22.390246700000002],[-49.5563551,-22.392032400000005],[-49.545681900000005,-22.390831499999997],[-49.5335997,-22.395160300000004],[-49.5197513,-22.393617700000007],[-49.5127924,-22.3956827],[-49.5146734,-22.390669800000005],[-49.50951609999999,-22.390296700000007],[-49.4950321,-22.382997299999992],[-49.4913359,-22.376550200000004],[-49.4909144,-22.372873900000002],[-49.4828121,-22.3648472],[-49.48286540000001,-22.356192299999996],[-49.47397149999999,-22.351805999999993],[-49.47378220000001,-22.3468477],[-49.4713629,-22.344839399999987],[-49.4704545,-22.341667600000005],[-49.466361899999995,-22.3392387],[-49.46507230000001,-22.33620939999999],[-49.461049200000005,-22.335447399999996],[-49.4591806,-22.3374586],[-49.4521636,-22.334479899999995],[-49.4502477,-22.3290066],[-49.445292200000004,-22.328586599999998],[-49.4434664,-22.327007299999995],[-49.44120160000001,-22.32811689999999],[-49.4366716,-22.32250979999999],[-49.433751900000004,-22.315978400000002],[-49.4311183,-22.31532769999999],[-49.43011280000001,-22.311771099999998],[-49.428235400000005,-22.3105353],[-49.429287900000006,-22.305355299999995],[-49.426801100000006,-22.303307700000005],[-49.425494400000005,-22.29577460000001],[-49.4227762,-22.293743],[-49.43191730000001,-22.294208],[-49.4349235,-22.300191299999987],[-49.4387033,-22.30296349999999],[-49.44090490000001,-22.303096399999983],[-49.44063760000001,-22.2985081],[-49.43654850000001,-22.291457399999995],[-49.435104200000005,-22.284106999999995],[-49.436528100000004,-22.277249700000002],[-49.438729,-22.273628],[-49.4366993,-22.270607700000003],[-49.439725900000006,-22.2694743],[-49.441822200000004,-22.2655676],[-49.45166700000001,-22.258575099999998],[-49.4518881,-22.256181],[-49.458505,-22.246529900000006],[-49.458384900000006,-22.242224999999983],[-49.4589811,-22.241072899999995],[-49.4624305,-22.24521650000001],[-49.4656232,-22.244954799999995],[-49.469378,-22.241314500000005],[-49.478958899999995,-22.23871160000001],[-49.4806782,-22.236731899999995],[-49.4835329,-22.236200099999998],[-49.4845308,-22.234345400000006],[-49.4887086,-22.234920599999985],[-49.49575,-22.22967920000001],[-49.49324310000001,-22.225327100000005],[-49.4934704,-22.2230176],[-49.49872750000001,-22.21625880000001],[-49.5001088,-22.21262859999999],[-49.5072638,-22.209890099999996],[-49.506983500000004,-22.201791600000004],[-49.5108788,-22.1988738],[-49.5098474,-22.1951285],[-49.511085300000005,-22.189726100000012],[-49.5229568,-22.183606400000013],[-49.53003790000001,-22.1815931],[-49.530504500000006,-22.1757258],[-49.52879720000001,-22.165457199999995],[-49.5262267,-22.155518900000004],[-49.5234845,-22.153815899999994],[-49.523759600000005,-22.15262089999999],[-49.55143089999999,-22.1500492],[-49.5533043,-22.1479798],[-49.5621421,-22.145276899999995],[-49.5600807,-22.140694599999996],[-49.555801100000004,-22.1368973],[-49.5564207,-22.129803300000003],[-49.5624397,-22.138546299999998],[-49.5693832,-22.139404400000004],[-49.5790283,-22.128603799999997],[-49.5821017,-22.126460899999998],[-49.5881058,-22.124916300000006],[-49.584994,-22.112745700000012],[-49.592392600000004,-22.112846799999996],[-49.59683810000001,-22.109299399999998],[-49.601473899999995,-22.108163100000002],[-49.6101209,-22.108956899999985],[-49.6117589,-22.11088159999999],[-49.6176673,-22.11358029999999],[-49.622717800000004,-22.112674499999997],[-49.62334920000001,-22.1075222],[-49.6203001,-22.1009728],[-49.62127269999999,-22.096571299999987],[-49.62525020000001,-22.0912398],[-49.6270629,-22.085871199999996],[-49.63304459999999,-22.080723500000005],[-49.6336292,-22.0759691],[-49.6371247,-22.07486350000001],[-49.6393149,-22.069957100000003],[-49.65069139999999,-22.067679999999985],[-49.6562291,-22.0772198],[-49.6617383,-22.076787900000003],[-49.6636887,-22.0688156],[-49.66576899999999,-22.0655311],[-49.664861,-22.063044499999997],[-49.666129600000005,-22.0617439],[-49.6740717,-22.0606868],[-49.6763057,-22.058978199999988],[-49.684503299999996,-22.057394500000004],[-49.686127000000006,-22.056195599999988],[-49.6879176,-22.048760599999998],[-49.69254800000001,-22.04760099999999],[-49.6955179,-22.04450120000001],[-49.696600700000005,-22.04657179999999],[-49.7034502,-22.04738769999999],[-49.7057611,-22.045847299999995],[-49.70593149999999,-22.041542799999995],[-49.707103,-22.039862300000003],[-49.7096756,-22.0394369],[-49.71200350000001,-22.037203500000004],[-49.72470940000001,-22.03447059999999],[-49.727538900000006,-22.030896299999995],[-49.7308292,-22.029500099999996],[-49.73776290000001,-22.028804999999995],[-49.740682400000004,-22.026211200000006],[-49.7384698,-22.020612200000002],[-49.734869,-22.017950799999994],[-49.735634100000006,-22.016931199999995],[-49.7400998,-22.01648189999999],[-49.744246499999996,-22.013221700000003],[-49.7564551,-22.0082146],[-49.7531463,-22.00491059999999],[-49.7541972,-22.000618199999995],[-49.753632700000004,-21.99279689999999],[-49.7497482,-21.989892399999995],[-49.7501713,-21.9857495],[-49.7471815,-21.9792081],[-49.7374136,-21.9712096],[-49.736760800000006,-21.966865599999995],[-49.7399072,-21.9566326],[-49.74006429999999,-21.94958859999999],[-49.7389151,-21.947174000000004],[-49.73651809999999,-21.946336000000002],[-49.73417830000001,-21.940553099999995],[-49.738517200000004,-21.940046099999993],[-49.738231799999994,-21.938418199999994],[-49.7419708,-21.9382895],[-49.743737,-21.937003700000005],[-49.74766230000001,-21.937284999999985],[-49.7588036,-21.931276699999994],[-49.7630385,-21.9319285],[-49.76506,-21.9333824],[-49.7677568,-21.932108700000008],[-49.7718435,-21.9269905],[-49.768572000000006,-21.9197167],[-49.7686627,-21.9164256],[-49.7785544,-21.915915699999996],[-49.7834703,-21.909503299999997],[-49.7884594,-21.907918200000008],[-49.8093552,-21.890266299999997],[-49.8050991,-21.884008999999995],[-49.8049628,-21.881709999999995],[-49.80297170000001,-21.879878800000004],[-49.79872960000001,-21.878980800000004],[-49.7976095,-21.876289999999997],[-49.79895940000001,-21.868245599999984],[-49.800657,-21.8662003],[-49.8072424,-21.863121],[-49.8076932,-21.85975409999999],[-49.80349790000001,-21.85303170000001],[-49.8012515,-21.85214629999999],[-49.79809600000001,-21.85265919999999],[-49.7939556,-21.848874499999997],[-49.7909716,-21.843932600000006],[-49.7896077,-21.83772749999999],[-49.7845133,-21.832548299999985],[-49.78308599999999,-21.827822999999988],[-49.781023100000006,-21.82541079999999],[-49.7783871,-21.816050799999992],[-49.7720852,-21.80437209999998],[-49.7723045,-21.80266919999999],[-49.7764769,-21.8008785],[-49.777268400000004,-21.797887299999992],[-49.784043399999995,-21.7966301],[-49.78425310000001,-21.797713000000012],[-49.784346,-21.796747700000004],[-49.7874088,-21.796341699999992],[-49.790208,-21.7940377],[-49.7905144,-21.790136199999992],[-49.79242140000001,-21.789218700000003],[-49.7923175,-21.787503499999993],[-49.7914226,-21.787493699999995],[-49.79215610000001,-21.78674729999999],[-49.79762470000001,-21.78596289999999],[-49.7991121,-21.78666939999999],[-49.7992909,-21.785549699999994],[-49.8015353,-21.78520989999999],[-49.80088610000001,-21.783899499999997],[-49.80181040000001,-21.782800100000003],[-49.8077176,-21.77943199999999],[-49.8134374,-21.77896950000001],[-49.813524,-21.777456800000003],[-49.816301800000005,-21.77791850000001],[-49.818741,-21.776623699999995],[-49.818475400000004,-21.7754348],[-49.821067,-21.774058700000005],[-49.8203274,-21.7708321],[-49.8240535,-21.766246000000006],[-49.8231969,-21.76566950000001],[-49.8265799,-21.763748299999996],[-49.8294816,-21.760221099999992],[-49.8292831,-21.7590196],[-49.8332486,-21.758348599999998],[-49.83806589999999,-21.760721800000006],[-49.839278,-21.7605292],[-49.8389714,-21.759593999999996],[-49.842660599999995,-21.759936400000004],[-49.8426487,-21.758340499999996],[-49.84429010000001,-21.757438599999993],[-49.8436248,-21.755455700000002],[-49.8456808,-21.75367309999999],[-49.8449179,-21.751983],[-49.8478801,-21.750965],[-49.850106,-21.746222800000012],[-49.8540508,-21.745003799999996],[-49.8549118,-21.745238900000007],[-49.85457970000001,-21.7470599],[-49.85700700000001,-21.745156099999996],[-49.8663827,-21.7439908],[-49.8676697,-21.740994199999996],[-49.8717315,-21.738308400000008],[-49.8722108,-21.7356806],[-49.8787616,-21.735179999999993],[-49.8797819,-21.7317874],[-49.88583650000001,-21.729277000000003],[-49.88746940000001,-21.727370300000004],[-49.8894884,-21.727977200000005],[-49.892887400000006,-21.7245569],[-49.897612,-21.723220500000004],[-49.89625770000001,-21.722531],[-49.89734109999999,-21.722082299999997],[-49.8964079,-21.7207183],[-49.9014928,-21.7179306],[-49.903995599999995,-21.714184200000005],[-49.90589979999999,-21.7128826],[-49.906366999999996,-21.7137171],[-49.91205740000001,-21.712215199999996],[-49.911288,-21.711523400000004],[-49.9132353,-21.706379899999998],[-49.917204100000006,-21.707207199999992],[-49.9174496,-21.7060387],[-49.91859840000001,-21.706897799999993],[-49.9203692,-21.7061382],[-49.9195557,-21.705056799999998],[-49.920917800000005,-21.704244199999998],[-49.9224939,-21.705059100000003],[-49.92282980000001,-21.70089069999999],[-49.929405300000006,-21.700926599999995],[-49.9294837,-21.699545799999992],[-49.9349632,-21.70031199999999],[-49.9357647,-21.698644199999997],[-49.9380918,-21.698532500000002],[-49.9395031,-21.696646499999993],[-49.9404459,-21.698204799999996],[-49.9416468,-21.697347499999992],[-49.9425138,-21.6989757],[-49.94350490000001,-21.6978656],[-49.9447273,-21.699462500000003],[-49.9455254,-21.698240499999997],[-49.94938140000001,-21.700782799999995],[-49.954141400000005,-21.7013493],[-49.9571132,-21.70017120000001],[-49.957768,-21.700902799999994],[-49.959429400000005,-21.695850800000002],[-49.96308690000001,-21.694079999999992],[-49.9660466,-21.696562699999998],[-49.9655016,-21.699030200000006],[-49.9675105,-21.698533100000002],[-49.9689888,-21.69950449999999],[-49.970987099999995,-21.698481],[-49.970766100000006,-21.69676639999999],[-49.96924400000001,-21.696914500000002],[-49.97066280000001,-21.6961656],[-49.969944500000004,-21.694759800000003],[-49.97110140000001,-21.695106999999997],[-49.97133159999999,-21.69342059999999],[-49.977344900000006,-21.6922609],[-49.980031800000006,-21.693786199999998],[-49.9817859,-21.6978838],[-49.98023320000001,-21.698300000000007],[-49.98036609999999,-21.699293199999993],[-49.9827045,-21.701433199999997],[-49.9839212,-21.700324199999987],[-49.98798910000001,-21.7019115],[-49.9911279,-21.700401700000004],[-49.9910928,-21.701839800000005],[-49.9923237,-21.701793700000003],[-49.99292930000001,-21.6982771],[-49.9959225,-21.69550580000001],[-49.9981575,-21.696277000000006],[-49.99776299999999,-21.69729050000001],[-50.002573299999995,-21.696833400000003],[-50.0063221,-21.700506900000008],[-50.0087806,-21.700873699999992],[-50.0093696,-21.702352400000006],[-50.010316200000005,-21.700846000000006],[-50.0114599,-21.701483099999997],[-50.0124682,-21.700399500000003],[-50.0129054,-21.696787900000004],[-50.014673699999996,-21.6947131],[-50.01607030000001,-21.695080100000006],[-50.0177661,-21.6984026],[-50.020136900000004,-21.698480300000007],[-50.02035,-21.69721759999999],[-50.0248408,-21.7005029],[-50.031176,-21.695735699999993],[-50.03342049999999,-21.696989200000008],[-50.0349873,-21.69604959999999],[-50.0348423,-21.694660699999996],[-50.0356089,-21.695909000000007],[-50.0366037,-21.69466089999999],[-50.040034799999994,-21.695508899999997],[-50.041192800000005,-21.694000199999998],[-50.042290400000006,-21.694556399999996],[-50.0427153,-21.69213819999999],[-50.04444130000001,-21.6920643],[-50.043422500000005,-21.693319199999994],[-50.046372,-21.695223600000002],[-50.0479257,-21.69135680000001],[-50.04790020000001,-21.693056499999994],[-50.04980380000001,-21.6916023],[-50.0542146,-21.693498299999995],[-50.054783900000004,-21.692012999999996],[-50.0619933,-21.6916348],[-50.0673402,-21.68857709999999],[-50.0683617,-21.684247800000005],[-50.069701,-21.684641699999997],[-50.0709094,-21.6835581],[-50.0713836,-21.6845766],[-50.0716956,-21.6834585],[-50.0724171,-21.684392999999993],[-50.074128900000005,-21.68328099999999],[-50.0757771,-21.68412839999999],[-50.0743381,-21.6847741],[-50.0752426,-21.6886247],[-50.0766333,-21.689373399999997],[-50.0795063,-21.688306500000003],[-50.0788292,-21.6892985],[-50.0802409,-21.690557499999997],[-50.081081000000005,-21.689465200000004],[-50.08276029999999,-21.691093800000004],[-50.08335100000001,-21.689584999999994],[-50.0855538,-21.690445899999993],[-50.088826600000004,-21.686510600000002],[-50.089631,-21.688654],[-50.0908183,-21.68867059999999],[-50.090807500000004,-21.6909604],[-50.0932894,-21.68989450000001],[-50.0938757,-21.687346199999993],[-50.0959364,-21.688148299999998],[-50.09805310000001,-21.687053899999995],[-50.099907,-21.688321199999997],[-50.1031809,-21.68563329999999],[-50.1050651,-21.68548249999999],[-50.1048012,-21.684646300000004],[-50.105691400000005,-21.68545870000001],[-50.1077412,-21.68392979999999],[-50.10596670000001,-21.68025830000001],[-50.1096253,-21.67320230000001],[-50.10795670000001,-21.671060699999998],[-50.108564,-21.667414400000006],[-50.10739850000001,-21.661155200000003],[-50.1060441,-21.6599839],[-50.1049304,-21.652877500000002],[-50.1032632,-21.650547500000002],[-50.1033015,-21.6461053],[-50.1001248,-21.643493800000005],[-50.10011879999999,-21.620998599999997],[-50.0943535,-21.617699799999993],[-50.0879782,-21.6162177],[-50.079796699999996,-21.610321999999996],[-50.076414099999994,-21.60525029999999],[-50.0736655,-21.595959599999993],[-50.070828999999996,-21.59318449999999],[-50.0639851,-21.59139660000001],[-50.06110940000001,-21.589435399999992],[-50.0608534,-21.583941499999998],[-50.05859279999999,-21.584881599999996],[-50.05774149999999,-21.58699740000001],[-50.0574215,-21.59014260000001],[-50.0607405,-21.595954999999996],[-50.0583501,-21.603202199999995],[-50.0553045,-21.608632500000006],[-50.0481975,-21.60992830000001],[-50.0448072,-21.607914000000008],[-50.0424967,-21.60041679999999],[-50.0385409,-21.595341699999995],[-50.0318117,-21.592263400000004],[-50.0282063,-21.589234899999994],[-50.02189220000001,-21.5903124],[-50.01326670000001,-21.5900433],[-50.004329500000004,-21.587264699999988],[-49.9967107,-21.588782300000002],[-49.9932526,-21.590919699999997],[-49.9866446,-21.587863399999993],[-49.982758700000005,-21.580860599999998],[-49.9798771,-21.57825080000001],[-49.9746248,-21.578344099999992],[-49.96754750000001,-21.576503699999993],[-49.9634667,-21.579598200000003],[-49.9540759,-21.577034100000006],[-49.95028560000001,-21.57211110000001],[-49.9466346,-21.570100500000002],[-49.9448675,-21.566443499999988],[-49.9405275,-21.563518199999994],[-49.93727450000001,-21.5562562],[-49.9335047,-21.553848500000004],[-49.926169400000006,-21.555143699999995],[-49.9248074,-21.55646269999999],[-49.9183389,-21.555940500000005],[-49.9157824,-21.557460099999993],[-49.911858800000005,-21.5532156],[-49.9085772,-21.544791399999994],[-49.9082967,-21.537102299999994],[-49.902980400000004,-21.528629199999994],[-49.9024051,-21.523809400000008],[-49.9049096,-21.5221634],[-49.9080285,-21.52356670000001],[-49.9100424,-21.5230273],[-49.9114494,-21.519779499999988],[-49.9108995,-21.5104603],[-49.90859729999999,-21.5044517],[-49.9056439,-21.5027704],[-49.902998,-21.49453400000001],[-49.8993911,-21.491552900000006],[-49.89350519999999,-21.481938100000008],[-49.893583899999996,-21.477866299999995],[-49.8914839,-21.475894800000003],[-49.8926786,-21.47133389999999],[-49.8910983,-21.468525],[-49.88952,-21.468289800000008],[-49.886316599999994,-21.471205799999993],[-49.876059,-21.468250400000002],[-49.8722429,-21.46886109999999],[-49.870633700000006,-21.46147099999999],[-49.868592,-21.459482100000006],[-49.8698701,-21.45909839999999],[-49.8705411,-21.457032299999995],[-49.868506000000004,-21.454192800000012],[-49.8713426,-21.451753799999988],[-49.8704268,-21.4490142],[-49.8671135,-21.4484379],[-49.87010790000001,-21.446057699999997],[-49.8707993,-21.44271240000001],[-49.869181,-21.440653799999993],[-49.8647586,-21.43961489999999],[-49.86617150000001,-21.438622100000003],[-49.866301,-21.436443499999992],[-49.8611456,-21.430480099999997],[-49.862757,-21.429317200000003],[-49.8619653,-21.428322599999984],[-49.8632963,-21.424698100000004],[-49.8613518,-21.4229695],[-49.8634445,-21.41841039999999],[-49.8623347,-21.410865299999994],[-49.8611332,-21.409487099999993],[-49.86482710000001,-21.400899699999997],[-49.86698669999999,-21.3990192],[-49.8668062,-21.395722400000007],[-49.8685525,-21.3926257],[-49.8640532,-21.389951399999998],[-49.8613913,-21.38178209999999],[-49.8615499,-21.37714620000001],[-49.8577443,-21.372741499999993],[-49.8562553,-21.372746199999995],[-49.8570431,-21.371923999999996],[-49.8562007,-21.371843999999996],[-49.8557317,-21.367865999999996],[-49.8520091,-21.3690095],[-49.848126,-21.36568719999999],[-49.8464239,-21.360653000000003],[-49.8450435,-21.3598258],[-49.8452963,-21.357657899999996],[-49.8413708,-21.353299099999997],[-49.8414371,-21.352026799999997],[-49.839410300000004,-21.3508472],[-49.84026279999999,-21.349739400000004],[-49.8362623,-21.347459999999998],[-49.83298150000001,-21.337738900000012],[-49.8268862,-21.339268500000006],[-49.826072,-21.336769199999992],[-49.8273252,-21.3334048],[-49.826699,-21.331609999999998],[-49.8239765,-21.3303331],[-49.825949,-21.3256829],[-49.8228711,-21.3235445],[-49.8239847,-21.318477800000004],[-49.8166182,-21.31559709999999],[-49.81826079999999,-21.3126015],[-49.8174373,-21.30821699999999],[-49.8191445,-21.304166700000007],[-49.8180553,-21.303103899999996],[-49.82443489999999,-21.299940399999997],[-49.82316990000001,-21.295308800000004],[-49.8251015,-21.293086699999993],[-49.826217400000004,-21.293463799999994],[-49.825907099999995,-21.29177339999999],[-49.8291102,-21.289478500000005],[-49.8296418,-21.285695200000003],[-49.8317876,-21.284571],[-49.8290624,-21.281732899999994],[-49.8254927,-21.280277000000005],[-49.830589399999994,-21.280817000000006],[-49.8305851,-21.27898320000001],[-49.8322044,-21.27866930000001],[-49.8319166,-21.276807600000012],[-49.8331372,-21.277264499999994],[-49.833027,-21.276076699999994],[-49.8316287,-21.2749525],[-49.81674809999999,-21.279372499999994],[-49.80956700000001,-21.284294200000005],[-49.8029796,-21.2923192],[-49.7834089,-21.297731400000007],[-49.771821100000004,-21.3061846],[-49.767712,-21.305914800000007],[-49.753804,-21.297015999999992],[-49.75030919999999,-21.296312399999998],[-49.7453639,-21.297133200000008],[-49.7430036,-21.301383799999996],[-49.7463611,-21.310895600000002],[-49.7458294,-21.315090499999993],[-49.72779270000001,-21.344924799999998],[-49.7261291,-21.346156999999994],[-49.72424959999999,-21.34561899999999],[-49.7192827,-21.338960100000005],[-49.71177260000001,-21.334973699999995],[-49.70650770000001,-21.33466209999999],[-49.700221000000006,-21.336883899999997],[-49.6978492,-21.338844000000005],[-49.696410400000005,-21.342835100000002],[-49.699811,-21.353921300000014],[-49.69994629999999,-21.358035499999996],[-49.69884299999999,-21.361036500000004],[-49.6958607,-21.36340819999999],[-49.690174000000006,-21.364587500000003],[-49.6855889,-21.363492099999995],[-49.678637800000004,-21.353010499999996],[-49.67148660000001,-21.3491992],[-49.6595232,-21.35209430000001],[-49.6391762,-21.352312000000012],[-49.628421800000005,-21.354433699999987],[-49.602068300000006,-21.374435599999998],[-49.5923113,-21.374274],[-49.587236000000004,-21.376439799999996],[-49.5806463,-21.383215900000003],[-49.569605700000004,-21.4030657],[-49.560841800000006,-21.413605099999995],[-49.5572379,-21.4165053],[-49.5523774,-21.41667399999999],[-49.5486076,-21.4187703],[-49.544556400000005,-21.431134699999998],[-49.5259124,-21.447344900000004],[-49.5041383,-21.483998599999996],[-49.4954782,-21.494168300000002],[-49.4844852,-21.5034626],[-49.462251900000005,-21.515818899999996],[-49.4492447,-21.521108100000003],[-49.4323664,-21.53532709999999],[-49.4179796,-21.543299600000005],[-49.411721400000005,-21.54443449999999],[-49.40545589999999,-21.543993],[-49.3815814,-21.535142500000003],[-49.37703390000001,-21.534898899999998],[-49.370392200000005,-21.53579459999999],[-49.3487182,-21.542635199999996],[-49.34156480000001,-21.545473199999996],[-49.335030800000006,-21.5500967],[-49.327168,-21.561982099999994],[-49.3223391,-21.583166799999994],[-49.3209208,-21.596430299999998],[-49.312129500000005,-21.61631209999999],[-49.29129429999999,-21.633114399999997],[-49.28770339999999,-21.638339000000006],[-49.282718300000006,-21.6501628],[-49.27823970000001,-21.655288099999993],[-49.2663048,-21.663921099999985],[-49.25191410000001,-21.665451799999992],[-49.2386356,-21.670803800000005],[-49.2294131,-21.67032439999999],[-49.21715910000001,-21.67327159999999],[-49.2132932,-21.671144399999992],[-49.2100702,-21.66685470000001],[-49.21047440000001,-21.659664200000005],[-49.20872060000001,-21.6562897],[-49.206264299999994,-21.654515600000007],[-49.1986811,-21.653078300000008],[-49.19361500000001,-21.649537099999996],[-49.1847799,-21.646635399999997],[-49.1762673,-21.645434299999994],[-49.16420269999999,-21.647369799999996],[-49.15608430000001,-21.653517800000003],[-49.1507848,-21.659776199999996],[-49.1501671,-21.671721300000005],[-49.15202850000001,-21.676289299999997],[-49.1518741,-21.680637299999997],[-49.15054010000001,-21.6845825],[-49.1438275,-21.6942366],[-49.1395856,-21.7062882],[-49.1315059,-21.7153304],[-49.1243023,-21.72021469999999],[-49.1157764,-21.7380304],[-49.10849470000001,-21.74812580000001],[-49.1052112,-21.750685200000003],[-49.0966716,-21.7542954],[-49.08402699999999,-21.755594800000004],[-49.0762001,-21.757714499999995],[-49.0667174,-21.763747599999995],[-49.051698900000005,-21.76872870000001],[-49.0440737,-21.774224700000012],[-49.019105700000004,-21.77080729999999],[-49.00635050000001,-21.765409099999996],[-48.9998949,-21.7648418],[-48.98014090000001,-21.758961500000005],[-48.97312279999999,-21.7586122],[-48.967486,-21.76061440000001],[-48.96300140000001,-21.76443639999999],[-48.9609848,-21.76835310000001],[-48.9602298,-21.77173610000001],[-48.9619218,-21.7849945],[-48.9704238,-21.797306099999997],[-48.98280460000001,-21.807782600000003],[-48.9884971,-21.815411000000005],[-48.9900639,-21.824946300000004],[-48.9878402,-21.832034300000004],[-48.981934700000004,-21.839424899999994],[-48.969077000000006,-21.848169099999986],[-48.91807210000001,-21.860535899999988],[-48.9079893,-21.866314099999997],[-48.903426800000005,-21.87341639999999],[-48.8973576,-21.8949009],[-48.892171,-21.906657000000006],[-48.8878061,-21.91265969999999],[-48.879157000000006,-21.92086519999999],[-48.8767998,-21.92056869999999],[-48.8715254,-21.914458000000007],[-48.867700000000006,-21.914765],[-48.865455499999996,-21.916672700000014],[-48.8618726,-21.914622400000003],[-48.85869,-21.914447599999995],[-48.854811700000006,-21.911758600000002],[-48.8479384,-21.909874799999994],[-48.8450794,-21.90561999999999],[-48.8408291,-21.903134300000016],[-48.839979,-21.898330000000005],[-48.83615579999999,-21.899415299999994],[-48.83294670000001,-21.898805200000005],[-48.8325588,-21.894857199999986],[-48.8342103,-21.89580490000001],[-48.835508000000004,-21.894886500000005],[-48.83473490000001,-21.893290099999994],[-48.8317629,-21.8925785],[-48.83061420000001,-21.890420199999994],[-48.8273341,-21.892982899999996],[-48.82539979999999,-21.890274099999992],[-48.82181210000001,-21.8895926],[-48.8208297,-21.892418],[-48.8194934,-21.890658000000006],[-48.8172212,-21.890544400000003],[-48.8146348,-21.892475699999995],[-48.8108602,-21.891952900000003],[-48.809853700000005,-21.893622199999996],[-48.807939,-21.893287399999984],[-48.8094779,-21.8910099],[-48.8089529,-21.890642299999993],[-48.806612400000006,-21.893105199999997],[-48.805868399999994,-21.8917807],[-48.8036099,-21.893289000000006],[-48.8018248,-21.892534999999995],[-48.8004077,-21.894176],[-48.7991009,-21.89235470000001],[-48.798965300000006,-21.895153400000005],[-48.7955569,-21.8943302],[-48.7942292,-21.891705100000006],[-48.7927223,-21.89291010000001],[-48.788931000000005,-21.89292649999999],[-48.788229,-21.895955800000007],[-48.7873168,-21.89460519999999],[-48.7857551,-21.896407999999994],[-48.78538240000001,-21.894015599999996],[-48.7828562,-21.895132499999992],[-48.78041890000001,-21.893888600000007],[-48.7790878,-21.895767],[-48.779058600000006,-21.89449649999999],[-48.7741278,-21.894085799999992],[-48.7738232,-21.892062000000003],[-48.77223370000001,-21.891865799999998],[-48.7729339,-21.8929207],[-48.7711424,-21.8931144],[-48.7672363,-21.891900299999996],[-48.7680744,-21.889663300000006],[-48.76620729999999,-21.889750899999996],[-48.76278899999999,-21.887568099999996],[-48.7630028,-21.886279299999998],[-48.7617114,-21.88664440000001],[-48.76218180000001,-21.885141299999997],[-48.7609187,-21.884046],[-48.7547117,-21.883805000000006],[-48.7529378,-21.8869782],[-48.7514068,-21.886694099999996],[-48.7504928,-21.884628399999993],[-48.7475658,-21.8874312],[-48.7458547,-21.8870393],[-48.7465961,-21.888517599999993],[-48.7453761,-21.889577199999994],[-48.742256100000006,-21.88671500000001],[-48.7400493,-21.889468299999997],[-48.7395316,-21.88778900000001],[-48.735930700000004,-21.888804099999994],[-48.73742909999999,-21.8903631],[-48.7328607,-21.889130399999996],[-48.7308999,-21.88947179999999],[-48.7307203,-21.890920000000005],[-48.726689,-21.890998899999992],[-48.7267132,-21.892768300000007],[-48.7245256,-21.893045499999992],[-48.72647580000001,-21.894961799999994],[-48.725447800000005,-21.8955163],[-48.72585260000001,-21.89670800000001],[-48.72407840000001,-21.896344200000005],[-48.7244348,-21.8979752],[-48.722737099999996,-21.89752469999999],[-48.7227573,-21.8998004],[-48.7200267,-21.900844700000007],[-48.7202091,-21.903959099999994],[-48.7209539,-21.903238200000004],[-48.721798500000006,-21.9045192],[-48.7206867,-21.904667599999996],[-48.7206502,-21.906121],[-48.721938,-21.90622580000001],[-48.7209289,-21.906612900000002],[-48.7210009,-21.908839999999994],[-48.71926010000001,-21.9070444],[-48.7197885,-21.90864120000001],[-48.71814040000001,-21.909797199999993],[-48.71804529999999,-21.9077209],[-48.7165464,-21.909736899999995],[-48.7154064,-21.90968840000001],[-48.71644400000001,-21.908127700000005],[-48.71161300000001,-21.910314599999996],[-48.71086300000001,-21.90869250000001],[-48.7085885,-21.909366100000007],[-48.70885380000001,-21.910693399999992],[-48.7067876,-21.909544900000004],[-48.705826,-21.91098879999999],[-48.70736680000001,-21.911845900000007],[-48.7052873,-21.9133143],[-48.702883099999994,-21.910453000000008],[-48.701339499999996,-21.912450299999993],[-48.69929760000001,-21.910235800000006],[-48.69883800000001,-21.9120877],[-48.69686440000001,-21.910970499999994],[-48.6977488,-21.912105899999997],[-48.696848,-21.912882099999997],[-48.694521800000004,-21.913189],[-48.6938575,-21.9117439],[-48.6884491,-21.912617200000003],[-48.68529180000001,-21.91693120000001],[-48.6839753,-21.917081199999988],[-48.6831533,-21.919809000000004],[-48.6849902,-21.919186400000005],[-48.6856153,-21.921735499999997],[-48.6836023,-21.92260949999999],[-48.6835132,-21.925021899999994],[-48.68011430000001,-21.925642000000007],[-48.680808899999995,-21.926988800000007],[-48.67904010000001,-21.927378299999994],[-48.67939690000001,-21.928793800000008],[-48.6776764,-21.930179999999986],[-48.6781376,-21.933107699999994],[-48.67581160000001,-21.932947799999997],[-48.674419900000004,-21.937460400000003],[-48.6722507,-21.938231800000004],[-48.6716911,-21.93739499999998],[-48.6703734,-21.9409262],[-48.6684803,-21.941407100000003],[-48.6721198,-21.943631199999995],[-48.67162669999999,-21.946632399999995],[-48.6694179,-21.9484978],[-48.669801,-21.9498335],[-48.66492,-21.949911299999993],[-48.6623285,-21.953266899999992],[-48.661555,-21.951928900000002],[-48.65982880000001,-21.95363569999999],[-48.6566311,-21.954178300000002],[-48.6579212,-21.955035600000002],[-48.656015200000006,-21.957214400000005],[-48.65717720000001,-21.95933],[-48.653092300000004,-21.960220799999995],[-48.6521776,-21.9628591],[-48.65043200000001,-21.962502299999997],[-48.6511803,-21.9640572],[-48.6485527,-21.963043599999995],[-48.6472422,-21.966032899999988],[-48.6458376,-21.96646730000001],[-48.6467082,-21.969300700000012],[-48.64486660000001,-21.968853200000005],[-48.64494830000001,-21.9704185],[-48.644284,-21.969419700000007],[-48.642876900000005,-21.9713046],[-48.6424244,-21.970061399999988],[-48.6384563,-21.969930799999997],[-48.6376599,-21.96825489999999],[-48.636314,-21.969472200000006],[-48.63587280000001,-21.96841639999999],[-48.6338908,-21.969297899999997],[-48.633635299999995,-21.967648800000003],[-48.6315592,-21.970112199999985],[-48.6289487,-21.969793699999997],[-48.626488200000004,-21.971228800000002],[-48.6246543,-21.974631399999993],[-48.619632200000005,-21.977212299999994],[-48.6201815,-21.978699399999996],[-48.61840070000001,-21.97952079999999],[-48.61797920000001,-21.9783448],[-48.61715409999999,-21.979255899999988],[-48.614984500000006,-21.977317899999992],[-48.612757,-21.97819209999999],[-48.6126935,-21.980815900000003],[-48.6114801,-21.981748500000002],[-48.6129079,-21.982192199999982],[-48.6134926,-21.984048700000002],[-48.61160829999999,-21.985909900000003],[-48.6104378,-21.984760699999995],[-48.608385500000004,-21.9870674],[-48.6067792,-21.986192],[-48.606931,-21.9877363],[-48.6058609,-21.987030600000004],[-48.598346,-21.988738499999997],[-48.5981889,-21.9870824],[-48.59606840000001,-21.988421699999993],[-48.5930051,-21.993023699999988],[-48.594375,-21.994101199999996],[-48.59262340000001,-21.995367],[-48.5932942,-21.9968896],[-48.59012500000001,-21.99667749999999],[-48.5893395,-21.999162300000005],[-48.5865204,-21.9995521],[-48.58740910000001,-22.000414],[-48.5834063,-22.000129300000005],[-48.5774128,-22.00221649999999],[-48.5690026,-22.0025936],[-48.5673446,-22.004750599999998],[-48.564001,-22.005088500000006],[-48.563934,-22.0070936],[-48.5574045,-22.01316619999999],[-48.5577897,-22.0140908],[-48.55383059999999,-22.0163731],[-48.5545575,-22.0192534],[-48.5534111,-22.01952779999999],[-48.5539176,-22.021030700000004],[-48.55271770000001,-22.020524700000003],[-48.55127819999999,-22.021947800000003],[-48.552170600000004,-22.0240504],[-48.55028759999999,-22.023821500000004],[-48.549906,-22.02275300000001],[-48.5471224,-22.0245987],[-48.5461919,-22.028411500000004],[-48.54695710000001,-22.030947400000002],[-48.54558260000001,-22.031227599999998],[-48.5458744,-22.0331186],[-48.544293200000006,-22.034539700000007],[-48.5427047,-22.0335805],[-48.5415904,-22.03551029999999],[-48.5365882,-22.035077699999995],[-48.5302752,-22.028841399999997],[-48.5216385,-22.027055200000003],[-48.5179863,-22.0247012],[-48.50704609999999,-22.0216133],[-48.5033114,-22.01942099999999],[-48.4965375,-22.011525700000004],[-48.4909572,-22.011327300000005],[-48.4845689,-22.014221200000016],[-48.4814822,-22.014171700000002],[-48.4873685,-22.0271133],[-48.48091130000001,-22.03220530000001],[-48.4768576,-22.04182680000001],[-48.4747832,-22.043420399999995],[-48.46670910000001,-22.045595999999996],[-48.4639229,-22.0490043],[-48.4575845,-22.048325300000005],[-48.4526123,-22.051454399999997],[-48.45012710000001,-22.058604000000006],[-48.4446904,-22.063575600000004],[-48.4462134,-22.0699355],[-48.4440713,-22.072690000000005],[-48.44486870000001,-22.073916699999995],[-48.43954740000001,-22.075433099999994],[-48.4383204,-22.074851599999995],[-48.4393577,-22.0778199],[-48.4374653,-22.0788754],[-48.4350747,-22.077061800000003],[-48.43385020000001,-22.077677299999998],[-48.4356827,-22.080368400000015],[-48.4359286,-22.084053299999997],[-48.4335011,-22.083698299999984],[-48.433119899999994,-22.087941599999997],[-48.4284693,-22.089890699999998],[-48.42441790000001,-22.089943899999998],[-48.424332,-22.092468200000006],[-48.422473,-22.094145599999994],[-48.4196837,-22.09019779999999],[-48.4150818,-22.089331099999995],[-48.4137089,-22.093653],[-48.4086971,-22.094104200000004],[-48.4086127,-22.09550349999999],[-48.4077472,-22.0949772],[-48.40780360000001,-22.09637049999999],[-48.4065212,-22.096211599999993],[-48.4052169,-22.097928400000004],[-48.406785000000006,-22.0992769],[-48.402023799999995,-22.1025534],[-48.4018443,-22.104909699999993],[-48.403423399999994,-22.106641200000002],[-48.4028341,-22.1084957],[-48.395780300000006,-22.112028400000007],[-48.39864690000001,-22.113208099999994],[-48.3982238,-22.114292599999995],[-48.394565699999994,-22.1145581],[-48.39769199999999,-22.1165756],[-48.3951179,-22.121248500000004],[-48.3962719,-22.120862299999995],[-48.39721,-22.1262636],[-48.3951148,-22.12976220000001],[-48.3967444,-22.129345500000003],[-48.39760950000001,-22.131891399999997],[-48.3957568,-22.136438599999998],[-48.3940621,-22.137126700000003],[-48.3927891,-22.135962699999993],[-48.3921926,-22.138817699999997],[-48.3937451,-22.143278000000006],[-48.3927451,-22.145399200000004],[-48.3953911,-22.1475066],[-48.390089800000005,-22.147943399999992],[-48.392560200000005,-22.151810600000005],[-48.38776560000001,-22.151744400000005],[-48.385987799999995,-22.1530514],[-48.385549100000006,-22.156469700000002],[-48.38755570000001,-22.156777899999998],[-48.3874387,-22.15961960000001],[-48.383556500000005,-22.15970870000001],[-48.3810025,-22.162547699999987],[-48.37592239999999,-22.1622608],[-48.3732229,-22.1645079],[-48.373045700000006,-22.16612889999999],[-48.3746583,-22.16697720000001],[-48.37168210000001,-22.16818069999999],[-48.3683268,-22.167144599999997],[-48.3681536,-22.1647043],[-48.3668279,-22.16553879999999],[-48.3621438,-22.164786199999995],[-48.360764800000005,-22.166928299999988],[-48.35547969999999,-22.166814400000007],[-48.3530112,-22.1709157],[-48.3508354,-22.17146160000001],[-48.349956,-22.170381000000006],[-48.3500397,-22.171655500000007],[-48.3482134,-22.172172000000003],[-48.3457144,-22.1713639],[-48.3432383,-22.173564999999996],[-48.34500950000001,-22.1781474],[-48.3427082,-22.1789858],[-48.3432303,-22.180676800000004],[-48.3384674,-22.181052000000008],[-48.3374105,-22.183834800000007],[-48.3329294,-22.1846569],[-48.33109410000001,-22.189101800000003],[-48.3291515,-22.187870000000004],[-48.3233927,-22.189137],[-48.3218744,-22.191221500000005],[-48.3232949,-22.192549599999996],[-48.3228223,-22.193560900000005],[-48.3160834,-22.193978299999998],[-48.314972000000004,-22.198768400000006],[-48.3122518,-22.193891799999992],[-48.3085713,-22.19215649999999],[-48.298743,-22.1921813],[-48.2920423,-22.18971579999999],[-48.2867399,-22.189146399999995],[-48.27428520000001,-22.192289499999998],[-48.2709217,-22.182488499999998],[-48.26951100000001,-22.181578000000005],[-48.2554989,-22.1772074],[-48.2447856,-22.177898000000006],[-48.2448177,-22.175590200000002],[-48.2493245,-22.17084289999999],[-48.2500566,-22.167640999999996],[-48.2550345,-22.163034200000002],[-48.25595359999999,-22.15464050000001],[-48.2444883,-22.15906270000001],[-48.2343128,-22.159493699999985],[-48.2265873,-22.15766310000001],[-48.21584140000001,-22.158824199999998],[-48.2087779,-22.156118099999997],[-48.2052482,-22.150338200000004],[-48.198622500000006,-22.148041400000004],[-48.18898300000001,-22.151086400000004],[-48.181898700000005,-22.155068100000005],[-48.1758824,-22.1664176],[-48.169946100000004,-22.167314700000006],[-48.15705880000001,-22.174855400000002],[-48.1385466,-22.179085000000004],[-48.1347001,-22.183235000000014],[-48.1303191,-22.183809300000004],[-48.1240979,-22.1815536],[-48.11959790000001,-22.182724399999994],[-48.1166988,-22.178648099999993],[-48.104719900000006,-22.180081099999995],[-48.0998848,-22.174701399999993],[-48.089944200000005,-22.1687201],[-48.0802878,-22.1570296],[-48.0713851,-22.15179030000001],[-48.06554259999999,-22.149854200000007],[-48.06303199999999,-22.1495023],[-48.060656400000006,-22.1513144],[-48.057818100000006,-22.150729200000008],[-48.0543192,-22.146688199999993],[-48.0524888,-22.140258000000003],[-48.04742890000001,-22.135216599999993],[-48.0437203,-22.1288703],[-48.0425926,-22.1220762],[-48.0444632,-22.1163139],[-48.0460382,-22.103217499999996],[-48.0436928,-22.088415299999994],[-48.0451066,-22.08445530000001],[-48.047039,-22.082755],[-48.04690120000001,-22.07902309999999],[-48.04797659999999,-22.077939400000005],[-48.04487209999999,-22.0732246],[-48.0440256,-22.07484010000001],[-48.0362303,-22.0781358],[-48.0298053,-22.078201000000004],[-48.0265796,-22.0769278],[-48.022466200000004,-22.079913900000005],[-48.0181374,-22.087348499999997],[-48.0157426,-22.088161699999993],[-48.0105902,-22.096865700000013],[-48.007418400000006,-22.097405700000007],[-48.00633799999999,-22.099213],[-48.003308700000005,-22.0993623],[-48.00337900000001,-22.101111799999998],[-48.00127810000001,-22.101161800000003],[-47.9987561,-22.104186500000008],[-47.9985231,-22.11013279999999],[-47.99311250000001,-22.116005600000005],[-47.991233400000006,-22.115557199999998],[-47.987498800000004,-22.117739399999998],[-47.9867103,-22.1168244],[-47.9828443,-22.116976499999996],[-47.98185389999999,-22.11619960000001],[-47.98407710000001,-22.114753799999995],[-47.9807466,-22.112501900000012],[-47.9778557,-22.115897100000005],[-47.9770265,-22.114577399999995],[-47.9751978,-22.114725000000004],[-47.97456880000001,-22.118999000000002],[-47.9714179,-22.117059699999988],[-47.9704161,-22.118943200000004],[-47.9692024,-22.115522700000007],[-47.9674413,-22.114184000000005],[-47.9662241,-22.11476319999999],[-47.9637889,-22.113311499999995],[-47.9620776,-22.116121700000008],[-47.956027000000006,-22.1134773],[-47.9535153,-22.11429529999999],[-47.9532964,-22.1126708],[-47.9494766,-22.11254539999999],[-47.94761960000001,-22.111031699999998],[-47.94683460000001,-22.112689],[-47.9413046,-22.1155304],[-47.9378115,-22.119476799999994],[-47.9345942,-22.1200369],[-47.933902999999994,-22.1237764],[-47.931268900000006,-22.12482489999999],[-47.93218050000001,-22.127781499999994],[-47.9310273,-22.1272451],[-47.92754070000001,-22.131125900000004],[-47.9292399,-22.136548599999994],[-47.92853650000001,-22.13966249999999],[-47.9279186,-22.1403601],[-47.9268221,-22.1395531],[-47.925473800000006,-22.14432690000001],[-47.9234571,-22.1453557],[-47.9227053,-22.147403699999998],[-47.921654,-22.14705529999999],[-47.92136,-22.1486553],[-47.9200858,-22.148348100000003],[-47.9197894,-22.15069989999999],[-47.9190784,-22.149728199999995],[-47.9143312,-22.1496599],[-47.908452,-22.152775500000008],[-47.9067868,-22.155745500000002],[-47.89992800000001,-22.1575758],[-47.90143630000001,-22.160491399999984],[-47.9003716,-22.16592369999999],[-47.9023764,-22.165383699999992],[-47.902645,-22.17220259999999],[-47.8914261,-22.190803100000004],[-47.8828539,-22.19932559999999],[-47.8795048,-22.2085737],[-47.8795511,-22.211635999999988],[-47.88100180000001,-22.213585299999988],[-47.88639860000001,-22.21421689999999],[-47.8979719,-22.217988200000004],[-47.901211200000006,-22.226910699999998],[-47.905531700000004,-22.230654300000005],[-47.9043445,-22.235552300000002],[-47.906359,-22.2408521],[-47.9079754,-22.242083499999993],[-47.9073888,-22.252941599999993],[-47.91102430000001,-22.26011559999999],[-47.9108691,-22.2642623],[-47.9150237,-22.2666757],[-47.9170183,-22.273934800000006],[-47.922473100000005,-22.27583169999999],[-47.9244793,-22.278879999999994],[-47.92653119999999,-22.288333099999996],[-47.9268179,-22.305411600000006],[-47.92881940000001,-22.30765839999999],[-47.93442540000001,-22.309885500000004],[-47.940019500000005,-22.314879700000006],[-47.9402301,-22.320420099999996],[-47.93745379999999,-22.322080599999996],[-47.9319835,-22.329586],[-47.945654,-22.320675],[-47.9494306,-22.320656100000004],[-47.9500805,-22.328042399999998],[-47.9526063,-22.331431000000006],[-47.9516838,-22.334519699999994],[-47.95460380000001,-22.3365693],[-47.95414190000001,-22.35760879999999],[-47.9598785,-22.36661259999999],[-47.95473770000001,-22.367137499999995],[-47.9514939,-22.376573099999995],[-47.9453022,-22.3808864],[-47.9433226,-22.383816799999998],[-47.9474385,-22.384259800000002],[-47.94911150000001,-22.3856156],[-47.95063079999999,-22.3912291],[-47.953450000000004,-22.394279800000007],[-47.9540448,-22.398141200000005],[-47.94435250000001,-22.40047209999999],[-47.941142,-22.39903989999999],[-47.94060460000001,-22.400619900000006],[-47.9388164,-22.4001217],[-47.9282444,-22.405678100000003],[-47.9238289,-22.406607499999996],[-47.9235632,-22.410869],[-47.9209627,-22.417487800000004],[-47.91522569999999,-22.419706600000005],[-47.915139,-22.424177100000005],[-47.9231001,-22.4262384],[-47.929861200000005,-22.42615149999999],[-47.9364019,-22.4245423],[-47.9495371,-22.431472],[-47.95402010000001,-22.44425069999999],[-47.957772799999994,-22.446403599999993],[-47.9655973,-22.44681200000001],[-47.9700692,-22.449916200000004],[-47.9733147,-22.449939699999987],[-47.97664720000001,-22.452799899999995],[-47.9825214,-22.455391900000002],[-47.9749393,-22.463637399999996],[-47.9795864,-22.4665078],[-47.98553179999999,-22.473642299999995],[-47.9896772,-22.476408399999993],[-47.996617300000004,-22.4788004],[-47.996818700000006,-22.480865100000003],[-47.9940829,-22.483429800000003],[-47.9953717,-22.4862562],[-47.993753,-22.489340900000002],[-47.994834700000006,-22.4938067],[-47.9978323,-22.494118499999992],[-48.00161430000001,-22.4918129],[-48.0019974,-22.496850100000007],[-48.0041378,-22.49739810000001],[-48.0100387,-22.496159299999995],[-48.0197098,-22.503295200000004],[-48.033072,-22.50686600000001],[-48.0380097,-22.5050249],[-48.04197529999999,-22.506200100000004],[-48.0438583,-22.5108852],[-48.0500258,-22.513771399999992],[-48.0543954,-22.514604999999985],[-48.061928,-22.512706],[-48.06554100000001,-22.515741999999992],[-48.067623000000005,-22.514434000000005],[-48.067598,-22.516766999999998],[-48.06943,-22.518672999999993],[-48.071769,-22.519003999999992],[-48.071489,-22.521847999999995],[-48.073558,-22.523114000000007],[-48.074391000000006,-22.52768599999999],[-48.077168,-22.525900999999994],[-48.076491000000004,-22.521799000000005],[-48.07901100000001,-22.518349000000008],[-48.079078,-22.515175],[-48.081489,-22.510612000000005],[-48.084464000000004,-22.506770999999993],[-48.087008,-22.51025399999999],[-48.092163000000006,-22.506534000000006],[-48.09364999999999,-22.498674000000005],[-48.096255,-22.500385999999995],[-48.096185,-22.503532999999994],[-48.098702,-22.509307],[-48.10313300000001,-22.509299],[-48.10428400000001,-22.50816999999999],[-48.103601000000005,-22.500931000000005],[-48.10529100000001,-22.498549999999987],[-48.111812,-22.503925],[-48.114728,-22.50148299999999],[-48.11893499999999,-22.501293999999998],[-48.121146,-22.49874499999999],[-48.11962700000001,-22.495133],[-48.122323,-22.492926],[-48.123731,-22.494127999999996],[-48.125992000000004,-22.490024],[-48.127703,-22.493632999999996],[-48.129644,-22.494962000000005],[-48.128176,-22.499020000000012],[-48.12890899999999,-22.504019000000007],[-48.127081,-22.506340999999992],[-48.12365700000001,-22.507048000000005],[-48.124995,-22.509375999999996],[-48.124639,-22.511359000000002],[-48.12093800000001,-22.515564999999995],[-48.123411,-22.529199999999996],[-48.12562200000001,-22.524688999999995],[-48.12918,-22.522104999999993],[-48.133571,-22.523800000000005],[-48.133133,-22.525862000000004],[-48.134814,-22.527976999999996],[-48.138298,-22.527790000000007],[-48.141571000000006,-22.519121],[-48.139221,-22.515114999999994],[-48.13586399999999,-22.516027999999995],[-48.134914,-22.514374],[-48.131729,-22.514244],[-48.133202999999995,-22.50956599999999],[-48.130776999999995,-22.505792000000007],[-48.132077,-22.50305099999999],[-48.134355000000006,-22.501020999999998],[-48.136939999999996,-22.50087699999999],[-48.14032399999999,-22.496862000000004],[-48.140952000000006,-22.494404999999993],[-48.139472000000005,-22.491252999999993],[-48.14451300000001,-22.490979000000006],[-48.145411,-22.490488999999993],[-48.144967,-22.48872499999999],[-48.14795800000001,-22.488816000000003],[-48.148727,-22.48644100000001],[-48.147032,-22.483606999999996],[-48.149015000000006,-22.483344999999982],[-48.14960000000001,-22.480974000000003],[-48.153026000000004,-22.484880999999987],[-48.155033,-22.484588999999996],[-48.155001,-22.48694],[-48.159110999999996,-22.49065600000001],[-48.158148,-22.486487999999998],[-48.16002,-22.484200999999995],[-48.15840699999999,-22.479664999999997],[-48.160468,-22.478309999999997],[-48.161448,-22.480432999999987],[-48.165682,-22.482797999999995],[-48.16841,-22.478248999999995],[-48.170022,-22.478433000000006],[-48.172617,-22.476003],[-48.174601,-22.478387000000005],[-48.173345000000005,-22.479951],[-48.17368700000001,-22.481690000000008],[-48.176218,-22.483525999999998],[-48.171852,-22.488053999999998],[-48.172246,-22.490715999999992],[-48.170846,-22.492284000000012],[-48.17386200000001,-22.495898999999994],[-48.174312,-22.499335999999992],[-48.176777,-22.498584999999995],[-48.177403999999996,-22.497263999999998],[-48.175151,-22.492709],[-48.1751,-22.489725000000004],[-48.181324000000004,-22.48910499999999],[-48.18325699999999,-22.483010000000004],[-48.188805,-22.486090000000004],[-48.192382,-22.48973],[-48.191977,-22.492720000000013],[-48.188250000000004,-22.49731200000001],[-48.192915,-22.499432000000002],[-48.187924,-22.513963000000004],[-48.192932,-22.51284199999999],[-48.19421799999999,-22.50874],[-48.195449,-22.511716999999994],[-48.197824,-22.512664999999995],[-48.19736699999999,-22.510711000000004],[-48.198775000000005,-22.508467999999993],[-48.198016,-22.50366399999999],[-48.19985100000001,-22.504181999999997],[-48.200699,-22.502617000000004],[-48.202838,-22.504082999999998],[-48.20751,-22.502482999999994],[-48.206386,-22.507781],[-48.20726700000001,-22.511739],[-48.209053,-22.510994999999998],[-48.209614,-22.509344000000006],[-48.210258,-22.510598],[-48.21322399999999,-22.510680000000004],[-48.211861,-22.513858999999997],[-48.213724000000006,-22.515610999999993],[-48.213748,-22.517929999999993],[-48.21809199999999,-22.518809999999995],[-48.216064,-22.530873999999997],[-48.21696,-22.53644900000001],[-48.22379899999999,-22.529559999999993],[-48.228166,-22.53052299999999],[-48.23044600000001,-22.529059000000004],[-48.229136999999994,-22.523637999999984],[-48.231193,-22.521012999999982],[-48.2393837,-22.520285499999996],[-48.247049000000004,-22.52629570000001],[-48.252735,-22.535991100000004],[-48.2606506,-22.541486099999993],[-48.2543905,-22.5469846],[-48.253009999999996,-22.55066160000001],[-48.2562287,-22.555900599999994],[-48.24819480000001,-22.571221],[-48.2479893,-22.579637699999996],[-48.2518484,-22.58497709999999],[-48.25691140000001,-22.600141299999997],[-48.2614799,-22.605432199999996],[-48.2571478,-22.614123100000008],[-48.2515896,-22.619380499999995],[-48.242629,-22.6179213],[-48.239641199999994,-22.612757599999988],[-48.2361045,-22.598771499999998],[-48.2325374,-22.595000599999995],[-48.22723760000001,-22.593963300000006],[-48.2227278,-22.59498229999999],[-48.2177904,-22.59830549999999],[-48.2153121,-22.604301699999997],[-48.21471160000001,-22.613952800000007],[-48.2104662,-22.618113799999996],[-48.1904828,-22.6252735],[-48.17996339999999,-22.625667500000006],[-48.176189799999996,-22.6268276],[-48.1702916,-22.629676900000003],[-48.1641752,-22.635739899999994],[-48.1603772,-22.6378083],[-48.15630600000001,-22.637757699999998],[-48.1476726,-22.631725599999996],[-48.136428200000005,-22.628687699999993],[-48.1160438,-22.629417999999994],[-48.0963531,-22.623423699999996],[-48.0930331,-22.62550159999999],[-48.0910067,-22.6283043],[-48.090343,-22.63238409999999],[-48.09578350000001,-22.647564499999987],[-48.093884900000006,-22.651012399999995],[-48.088288,-22.652262000000007],[-48.08954,-22.667004],[-48.092591,-22.67221199999999],[-48.093123,-22.676056000000003],[-48.09533400000001,-22.67793699999999],[-48.095708,-22.683859000000005],[-48.09866399999999,-22.688782999999997],[-48.093891000000006,-22.70223899999999],[-48.090616,-22.70614800000001],[-48.086357,-22.707112000000002],[-48.086453000000006,-22.71798],[-48.083882,-22.723929999999996],[-48.081473,-22.725421],[-48.075918,-22.726225999999997],[-48.073464,-22.733169],[-48.071549,-22.736563000000007],[-48.070082,-22.736921999999993],[-48.058553,-22.733906999999988],[-48.050485,-22.728992],[-48.045877,-22.724661999999995],[-48.038356,-22.725162999999995],[-48.032645,-22.719722999999988],[-48.030477,-22.719304000000005],[-48.026027,-22.723629999999996],[-48.021126,-22.724561999999995],[-48.01428,-22.734649000000008],[-48.017063,-22.737793000000003],[-48.018273,-22.741369],[-48.018185,-22.744538999999996],[-48.016073,-22.748918999999994],[-48.024056,-22.748931],[-48.026068,-22.750285999999985],[-48.027860000000004,-22.754212999999996],[-48.026799999999994,-22.76248000000001],[-48.029399,-22.77841900000001],[-48.026837,-22.789147000000003],[-48.027203,-22.791853000000007],[-48.031856,-22.797038999999995],[-48.030666,-22.805924],[-48.033626,-22.817866000000006],[-48.031998,-22.825744],[-48.04752860000001,-22.831892900000003],[-48.04711830000001,-22.834682600000004]]]}},{"type":"Feature","properties":{"id":"3504","nome":"Marília"},"geometry":{"type":"Polygon","coordinates":[[[-49.3973199,-23.3995854],[-49.4029113,-23.4042957],[-49.4046108,-23.404599600000008],[-49.4080291,-23.402893499999994],[-49.4111321,-23.4055809],[-49.42076529999999,-23.4086639],[-49.4272894,-23.412275399999988],[-49.43176760000001,-23.417316399999997],[-49.4383586,-23.417575199999995],[-49.4433218,-23.415805099999996],[-49.4478353,-23.420264699999997],[-49.44835839999999,-23.42288190000001],[-49.4424893,-23.429729699999996],[-49.44301229999999,-23.434084099999996],[-49.43870280000001,-23.438148900000005],[-49.440043300000006,-23.43956740000001],[-49.4436708,-23.439481999999998],[-49.4482872,-23.441793999999998],[-49.450292,-23.456013000000002],[-49.4566496,-23.459707199999993],[-49.45348549999999,-23.463164199999998],[-49.447512800000005,-23.465992400000005],[-49.45094670000001,-23.469140399999997],[-49.4520723,-23.4736357],[-49.44679070000001,-23.482149300000003],[-49.4405812,-23.484826999999985],[-49.4400168,-23.48969469999999],[-49.446599,-23.496857500000008],[-49.4526493,-23.4958066],[-49.4562184,-23.499602700000008],[-49.454163,-23.505083899999992],[-49.4614112,-23.50789770000001],[-49.463609,-23.511448399999995],[-49.46112870000001,-23.5164092],[-49.457765499999994,-23.519117099999995],[-49.46124309999999,-23.521234599999993],[-49.4620531,-23.5251468],[-49.4666817,-23.5299584],[-49.4747251,-23.531227199999993],[-49.4779176,-23.538395300000005],[-49.4764079,-23.540875200000006],[-49.479990099999995,-23.540506],[-49.4807326,-23.533641199999998],[-49.48603549999999,-23.5268967],[-49.5009113,-23.5182747],[-49.509520300000005,-23.509888999999994],[-49.510263,-23.5108655],[-49.5119528,-23.510203999999995],[-49.5131993,-23.507909799999997],[-49.52056019999999,-23.507781500000007],[-49.5219809,-23.510231600000004],[-49.5237841,-23.5091688],[-49.5283316,-23.510839899999993],[-49.53030979999999,-23.508536699999997],[-49.5343755,-23.508118699999997],[-49.534205,-23.505916199999994],[-49.53614,-23.506108500000007],[-49.533912900000004,-23.502556899999988],[-49.5387782,-23.50008920000001],[-49.5435585,-23.500053599999987],[-49.5485197,-23.495660099999995],[-49.5509194,-23.495106699999997],[-49.5542219,-23.496162200000004],[-49.5590124,-23.49409539999999],[-49.5636377,-23.4961903],[-49.5666744,-23.49416439999999],[-49.56595360000001,-23.491561500000007],[-49.5671222,-23.49079719999999],[-49.5752044,-23.490243300000003],[-49.5775201,-23.491846099999997],[-49.5800813,-23.485456100000007],[-49.57750359999999,-23.479853199999997],[-49.582629000000004,-23.480516299999994],[-49.588575,-23.4787118],[-49.59445680000001,-23.4740658],[-49.5925578,-23.470215100000004],[-49.591771699999995,-23.463203999999998],[-49.593397,-23.462975900000004],[-49.59497480000001,-23.465410999999996],[-49.5960749,-23.463426200000008],[-49.59207930000001,-23.460079600000004],[-49.5937427,-23.458733300000002],[-49.596130300000006,-23.459754000000007],[-49.5980687,-23.458232600000006],[-49.6032608,-23.452525],[-49.603186,-23.451292600000002],[-49.5981579,-23.446172],[-49.595640100000004,-23.4403824],[-49.5901066,-23.43587099999998],[-49.5791305,-23.436936300000003],[-49.5756191,-23.443584399999995],[-49.57295140000001,-23.443943999999995],[-49.5699321,-23.44198710000001],[-49.5696352,-23.438741099999994],[-49.572374999999994,-23.436234400000004],[-49.5672625,-23.429305399999986],[-49.5666241,-23.426420099999987],[-49.569145799999994,-23.425457099999992],[-49.575543,-23.431395900000005],[-49.5808046,-23.4317181],[-49.58179,-23.428954800000007],[-49.578376500000005,-23.421545599999995],[-49.580293,-23.414198599999995],[-49.589327,-23.416142899999997],[-49.5904628,-23.4157496],[-49.5934361,-23.406706900000003],[-49.6025187,-23.408473800000003],[-49.603676,-23.40781199999999],[-49.604743,-23.402840800000003],[-49.603739700000006,-23.401479000000002],[-49.5994857,-23.4004828],[-49.5985165,-23.398186599999995],[-49.6078503,-23.393342800000003],[-49.6116311,-23.3944959],[-49.61529719999999,-23.3976749],[-49.6210117,-23.39741930000001],[-49.6216823,-23.39429309999999],[-49.6206069,-23.3887184],[-49.6128056,-23.387850599999993],[-49.60506349999999,-23.384415500000003],[-49.60110009999999,-23.3839676],[-49.598014,-23.384925299999995],[-49.592473500000004,-23.389574300000007],[-49.5910715,-23.38787769999999],[-49.5904025,-23.38279249999999],[-49.5959895,-23.376019600000006],[-49.595412100000004,-23.3670914],[-49.6016571,-23.362615200000008],[-49.6041569,-23.358947500000006],[-49.61180660000001,-23.354653499999994],[-49.6194045,-23.355665899999998],[-49.6209306,-23.356773199999996],[-49.6334367,-23.356421100000002],[-49.637095800000004,-23.35161989999999],[-49.6381781,-23.348776200000007],[-49.63790139999999,-23.342552099999995],[-49.636213000000005,-23.339772],[-49.634802,-23.339988099999996],[-49.6312943,-23.344178199999998],[-49.629417600000004,-23.3437573],[-49.621694500000004,-23.331889599999993],[-49.6232785,-23.318436599999995],[-49.6287365,-23.311185800000004],[-49.63139739999999,-23.3044157],[-49.6308803,-23.2994757],[-49.62580289999999,-23.286650099999996],[-49.626462,-23.282916600000007],[-49.6291493,-23.27675410000001],[-49.6351717,-23.271306299999996],[-49.640067,-23.2563244],[-49.642528,-23.2537531],[-49.647103800000004,-23.251711999999998],[-49.646487400000005,-23.24508549999999],[-49.644479700000005,-23.240235799999997],[-49.644932700000005,-23.239170599999994],[-49.65157510000001,-23.236947099999995],[-49.6530665,-23.23445959999999],[-49.65476720000001,-23.228284099999986],[-49.6524018,-23.219000899999998],[-49.6537516,-23.21203699999999],[-49.661456400000006,-23.2016335],[-49.6631968,-23.19419989999999],[-49.66670510000001,-23.18877929999999],[-49.6712823,-23.18453520000001],[-49.677708,-23.174942599999998],[-49.6825198,-23.1751374],[-49.6832659,-23.173611399999995],[-49.678823,-23.168239500000002],[-49.6783199,-23.165061700000006],[-49.6833234,-23.163775600000005],[-49.6884591,-23.165404700000007],[-49.6974899,-23.164983199999998],[-49.70121120000001,-23.159506199999996],[-49.703544400000006,-23.158308099999992],[-49.7013687,-23.153080499999998],[-49.70581859999999,-23.155496899999992],[-49.7112719,-23.1562011],[-49.7145981,-23.153910399999994],[-49.71649320000001,-23.148393299999988],[-49.718678,-23.148227200000004],[-49.730488799999996,-23.141446099999992],[-49.7349051,-23.132889300000002],[-49.730046900000005,-23.12605750000001],[-49.726157,-23.1169036],[-49.725551,-23.109438100000002],[-49.728327,-23.10689329999998],[-49.73533160000001,-23.104561599999997],[-49.7402393,-23.099168300000002],[-49.74529590000001,-23.0994423],[-49.75138200000001,-23.0977574],[-49.754981400000005,-23.1026577],[-49.7629482,-23.105576000000003],[-49.7678128,-23.105005],[-49.7733019,-23.102144300000003],[-49.7786731,-23.101296299999998],[-49.7891791,-23.1033455],[-49.7917155,-23.102426199999993],[-49.79557260000001,-23.094590099999987],[-49.79946540000001,-23.093395799999996],[-49.8066035,-23.094334100000005],[-49.8139066,-23.07862679999999],[-49.8269878,-23.074871299999987],[-49.8336586,-23.065942900000003],[-49.841437,-23.0704645],[-49.85057580000001,-23.07325510000001],[-49.857888,-23.0709769],[-49.867415300000005,-23.07169190000001],[-49.8732388,-23.068981099999995],[-49.87905,-23.059685399999992],[-49.8805411,-23.059417699999994],[-49.882604900000004,-23.063770799999993],[-49.8853291,-23.065068399999998],[-49.8890571,-23.063090299999985],[-49.8936534,-23.057718399999985],[-49.8992431,-23.054017099999996],[-49.90739630000001,-23.053075500000006],[-49.9116022,-23.0511186],[-49.9157421,-23.038479000000006],[-49.9159033,-23.034787499999997],[-49.913408499999996,-23.030107300000008],[-49.9126783,-23.022257299999985],[-49.9093019,-23.013572900000003],[-49.90148310000001,-23.007464400000003],[-49.8995854,-23.0020053],[-49.9016702,-22.999311799999994],[-49.9084365,-22.995649200000003],[-49.9130065,-22.990904899999997],[-49.9195596,-22.9904387],[-49.93075960000001,-22.983031200000003],[-49.9400511,-22.982626299999993],[-49.9545019,-22.9784205],[-49.9606051,-22.970558199999996],[-49.9693326,-22.9644784],[-49.9741983,-22.954496799999994],[-49.9656571,-22.944635000000005],[-49.965492600000005,-22.941303599999994],[-49.9613778,-22.930862999999995],[-49.962049500000006,-22.9233131],[-49.9657414,-22.914143700000004],[-49.9752097,-22.904494700000008],[-49.9861649,-22.897504799999997],[-49.989483,-22.896739200000003],[-49.9955909,-22.897986399999997],[-49.998853000000004,-22.901749900000002],[-49.991854100000005,-22.916622199999996],[-49.9904075,-22.9234822],[-49.9919638,-22.92772579999999],[-49.9948737,-22.9297191],[-50.0005169,-22.928678400000006],[-50.001630899999995,-22.929352599999998],[-50.0060579,-22.926929099999995],[-50.0121205,-22.91839699999999],[-50.01463400000001,-22.91125049999999],[-50.0162405,-22.910335199999988],[-50.0343852,-22.909033999999995],[-50.037268,-22.908147499999995],[-50.0437969,-22.902620599999995],[-50.04785270000001,-22.901964100000008],[-50.0527394,-22.905268500000002],[-50.058922100000004,-22.918982899999992],[-50.0623872,-22.923654600000003],[-50.067470400000005,-22.927515299999996],[-50.07154980000001,-22.928123699999993],[-50.080869,-22.921794099999996],[-50.0894059,-22.92195909999999],[-50.0928258,-22.9225047],[-50.1154098,-22.93979119999999],[-50.1210672,-22.9413412],[-50.13010130000001,-22.941175499999986],[-50.1480536,-22.93512829999999],[-50.1514329,-22.9351596],[-50.15730539999999,-22.938839399999996],[-50.1648922,-22.94640920000001],[-50.1752627,-22.94929439999999],[-50.1833934,-22.9537733],[-50.1948373,-22.951558399999996],[-50.2038919,-22.952786400000008],[-50.2129942,-22.948465099999996],[-50.21688210000001,-22.947899500000002],[-50.2207047,-22.949050699999994],[-50.2275322,-22.953474],[-50.2375376,-22.9541462],[-50.2409821,-22.953039399999994],[-50.2441636,-22.94955],[-50.2459685,-22.940104799999993],[-50.2476111,-22.9377984],[-50.2574081,-22.936523499999993],[-50.2733879,-22.9310013],[-50.28409640000001,-22.937311],[-50.295687300000004,-22.93699179999999],[-50.300446199999996,-22.937936600000008],[-50.3061909,-22.946212399999993],[-50.31849530000001,-22.95068260000001],[-50.33615879999999,-22.950396500000004],[-50.3401866,-22.948072900000003],[-50.3454139,-22.9345737],[-50.3590514,-22.922515999999995],[-50.3592495,-22.916058799999995],[-50.3790746,-22.90540560000001],[-50.38714280000001,-22.90783159999999],[-50.39819130000001,-22.907189300000002],[-50.4189476,-22.913933099999998],[-50.4201508,-22.917570800000014],[-50.4182774,-22.931287600000015],[-50.41894210000001,-22.93408219999999],[-50.4257125,-22.944185499999993],[-50.4303025,-22.94640740000001],[-50.4398891,-22.94232999999999],[-50.448353,-22.941526999999997],[-50.45942500000001,-22.94520119999999],[-50.4827394,-22.936934500000007],[-50.486122400000006,-22.9368615],[-50.4914137,-22.937668200000005],[-50.4996755,-22.9436283],[-50.506079,-22.945377100000005],[-50.5110192,-22.94463880000001],[-50.5244403,-22.9378689],[-50.5267729,-22.93482210000001],[-50.5300104,-22.9191495],[-50.5347662,-22.914311199999993],[-50.5404935,-22.9121289],[-50.55439990000001,-22.911648799999988],[-50.5673345,-22.9056569],[-50.577057200000006,-22.903944499999998],[-50.580994,-22.90527190000001],[-50.5888085,-22.9104464],[-50.60380839999999,-22.923178499999988],[-50.6085241,-22.924154000000012],[-50.612717,-22.922547799999997],[-50.6171129,-22.9143828],[-50.6203155,-22.912160099999994],[-50.63729670000001,-22.90693719999999],[-50.644891799999996,-22.8991372],[-50.6485066,-22.89708489999999],[-50.6615854,-22.89547749999999],[-50.67255719999999,-22.898220899999988],[-50.679942000000004,-22.903210200000007],[-50.68785150000001,-22.91711170000001],[-50.6935034,-22.923553699999996],[-50.702719,-22.942144700000004],[-50.7112162,-22.95474440000001],[-50.7236312,-22.959163999999998],[-50.72952680000001,-22.962498599999996],[-50.736369999999994,-22.963351],[-50.7452231,-22.959983500000007],[-50.7503299,-22.951499100000003],[-50.7586621,-22.9476544],[-50.7709064,-22.947650900000003],[-50.777947,-22.9463236],[-50.7891136,-22.9504075],[-50.795935,-22.9511794],[-50.803992,-22.945736599999996],[-50.8061462,-22.94029929999999],[-50.8051725,-22.93608540000001],[-50.80049890000001,-22.928313499999998],[-50.797528899999996,-22.914959099999994],[-50.7931381,-22.905117299999997],[-50.7929517,-22.89435350000001],[-50.79781710000001,-22.888552399999988],[-50.8170131,-22.87954100000001],[-50.820808,-22.874014399999993],[-50.8237503,-22.865779899999993],[-50.8273986,-22.865036400000008],[-50.8329202,-22.859169199999997],[-50.8376258,-22.8401324],[-50.8423871,-22.8313985],[-50.8544726,-22.8199684],[-50.8922507,-22.794925799999998],[-50.8953334,-22.794300199999995],[-50.91905400000001,-22.795930499999994],[-50.9276919,-22.797749899999996],[-50.93734700000001,-22.804799100000007],[-50.94069530000001,-22.805325199999995],[-50.9456364,-22.803932300000003],[-50.9519384,-22.79754859999999],[-50.956906000000004,-22.790292000000008],[-50.9616153,-22.786228399999985],[-50.971889600000004,-22.7824478],[-50.982129699999994,-22.781652899999997],[-50.978535,-22.779907900000005],[-50.9801932,-22.778209899999993],[-50.978645199999995,-22.777694400000012],[-50.9794175,-22.774645300000003],[-50.97745840000001,-22.773912799999994],[-50.98035740000001,-22.769649999999988],[-50.9802536,-22.76737290000001],[-50.9774371,-22.76635080000001],[-50.9777354,-22.768459199999995],[-50.975415100000006,-22.767723399999998],[-50.972090200000004,-22.768733099999995],[-50.9685944,-22.767028599999993],[-50.9674777,-22.764367799999995],[-50.9669575,-22.769262700000006],[-50.96444799999999,-22.77091829999999],[-50.96375650000001,-22.7656368],[-50.96222540000001,-22.764147200000007],[-50.95984860000001,-22.765087100000002],[-50.9590809,-22.7634306],[-50.96018719999999,-22.762421499999988],[-50.9631733,-22.762726300000004],[-50.963059400000006,-22.757309599999996],[-50.9675441,-22.756560299999993],[-50.96405879999999,-22.7543516],[-50.9639561,-22.752212599999996],[-50.9611591,-22.749886099999998],[-50.9617476,-22.747277500000017],[-50.9578927,-22.75051319999999],[-50.9516813,-22.750396699999992],[-50.953474,-22.752245],[-50.95307270000001,-22.753740299999993],[-50.9517476,-22.755260399999997],[-50.9502113,-22.755196800000004],[-50.9486608,-22.75156959999999],[-50.950516199999996,-22.746647],[-50.945032700000006,-22.744840300000003],[-50.9420727,-22.736910599999995],[-50.9339785,-22.7263006],[-50.9361987,-22.72292679999999],[-50.9395909,-22.722178900000007],[-50.94073850000001,-22.720659100000002],[-50.937384200000004,-22.713939300000007],[-50.9376219,-22.71126640000001],[-50.9397591,-22.710377100000013],[-50.94269070000001,-22.711152999999992],[-50.9451229,-22.708598699999996],[-50.9422942,-22.70652219999999],[-50.94223670000001,-22.703066900000007],[-50.9483144,-22.701165699999994],[-50.948591,-22.69896799999999],[-50.95287820000001,-22.694871000000006],[-50.9493387,-22.68890379999999],[-50.9458551,-22.687755799999998],[-50.9460645,-22.686520300000005],[-50.94884050000001,-22.685996699999997],[-50.949905400000006,-22.684632199999996],[-50.94852999999999,-22.679976399999997],[-50.94906709999999,-22.677916300000007],[-50.9430404,-22.6730482],[-50.942367299999994,-22.668946999999996],[-50.9389595,-22.669058800000006],[-50.9326845,-22.6725338],[-50.9299413,-22.669453000000008],[-50.93147290000001,-22.666320399999993],[-50.9279067,-22.66602750000001],[-50.9250617,-22.6642933],[-50.9254326,-22.662851599999996],[-50.9280266,-22.6617403],[-50.9256423,-22.659380699999993],[-50.925767300000004,-22.6576141],[-50.9234259,-22.656391100000008],[-50.9265361,-22.652241500000002],[-50.92587840000001,-22.650710599999993],[-50.92286880000001,-22.650043099999998],[-50.92568670000001,-22.646907299999995],[-50.9233578,-22.643301200000007],[-50.9218855,-22.642995099999997],[-50.91847250000001,-22.645459099999993],[-50.9179639,-22.647925599999994],[-50.9144232,-22.648387999999994],[-50.9104596,-22.643262700000008],[-50.9104399,-22.638885400000003],[-50.9085428,-22.63935039999999],[-50.90528050000001,-22.63773049999999],[-50.901254,-22.642759599999998],[-50.89756680000001,-22.644849799999992],[-50.899199,-22.647044500000007],[-50.8982974,-22.64940319999999],[-50.8945394,-22.650045000000002],[-50.8931864,-22.65127000000001],[-50.8938218,-22.652956500000005],[-50.888881,-22.656201200000012],[-50.8827558,-22.653064000000008],[-50.886092999999995,-22.651067500000018],[-50.8847869,-22.649480699999998],[-50.88294510000001,-22.64933580000001],[-50.87538250000001,-22.65296930000001],[-50.872545,-22.655835800000002],[-50.86906269999999,-22.656065599999998],[-50.86819200000001,-22.660080799999996],[-50.866201700000005,-22.661415800000007],[-50.8644535,-22.6610571],[-50.864827,-22.656705199999998],[-50.86366,-22.655244000000007],[-50.85966330000001,-22.660625700000008],[-50.8548734,-22.6551753],[-50.8526877,-22.6555677],[-50.8521372,-22.659445199999997],[-50.849848900000005,-22.66110039999999],[-50.8463633,-22.661172200000014],[-50.844071,-22.6573342],[-50.8399935,-22.659324900000005],[-50.8384809,-22.657633900000004],[-50.8400404,-22.656311400000003],[-50.8382107,-22.65503259999999],[-50.8351691,-22.656240799999992],[-50.8343888,-22.65860620000001],[-50.8327177,-22.6587735],[-50.8329204,-22.654313499999994],[-50.83112700000001,-22.652353799999997],[-50.82885600000001,-22.652191799999997],[-50.82678609999999,-22.648973499999993],[-50.8265099,-22.647329899999995],[-50.828599000000004,-22.6473603],[-50.8290543,-22.646393900000003],[-50.8276533,-22.64490039999999],[-50.83307730000001,-22.6353195],[-50.83390010000001,-22.630440399999998],[-50.83581439999999,-22.6283484],[-50.84379760000001,-22.626168500000002],[-50.8432527,-22.622992099999994],[-50.8461413,-22.617965699999996],[-50.8440662,-22.60087609999999],[-50.840560499999995,-22.593284999999998],[-50.8393195,-22.586250699999994],[-50.842397999999996,-22.582076],[-50.84787300000001,-22.581092800000004],[-50.8510598,-22.578722399999997],[-50.8530727,-22.574759299999997],[-50.84890299999999,-22.566563599999988],[-50.846486000000006,-22.556060499999997],[-50.8418058,-22.549690399999992],[-50.8464531,-22.5458782],[-50.8506519,-22.539885000000005],[-50.8511412,-22.536321499999993],[-50.85794489999999,-22.5287037],[-50.8495987,-22.5194623],[-50.8483198,-22.510569999999998],[-50.8381177,-22.504864100000002],[-50.8364357,-22.502827700000005],[-50.8370943,-22.4934086],[-50.8313471,-22.4840922],[-50.8324366,-22.481662600000007],[-50.83853800000001,-22.4777455],[-50.8440829,-22.4760715],[-50.84542470000001,-22.474073499999985],[-50.8449925,-22.468572400000003],[-50.84336960000001,-22.467155099999992],[-50.8435642,-22.4631167],[-50.840118200000006,-22.46041620000001],[-50.8398426,-22.456244199999993],[-50.843651,-22.4451744],[-50.8387632,-22.4354584],[-50.8316972,-22.431712699999995],[-50.8295581,-22.428279899999993],[-50.8167245,-22.43624369999999],[-50.8097106,-22.438522999999993],[-50.8001695,-22.443710600000003],[-50.7951422,-22.44306889999999],[-50.782337,-22.434192999999997],[-50.773233999999995,-22.435519000000006],[-50.769791,-22.437493000000003],[-50.761284,-22.43285800000001],[-50.75258900000001,-22.43253800000001],[-50.743878,-22.422624],[-50.739641,-22.421161000000005],[-50.736185000000006,-22.417660000000005],[-50.73354200000001,-22.416287000000004],[-50.729955999999994,-22.416700999999996],[-50.723263,-22.413989000000008],[-50.71928199999999,-22.408995000000004],[-50.71857899999999,-22.403506],[-50.711237,-22.402309],[-50.706239000000004,-22.404783000000002],[-50.695044,-22.399902],[-50.694045,-22.396145],[-50.697587,-22.387696000000005],[-50.696211000000005,-22.382961999999992],[-50.693276,-22.379540999999996],[-50.696209,-22.369971999999994],[-50.694168,-22.36467399999999],[-50.69197599999999,-22.364413],[-50.687486,-22.36101599999999],[-50.688091,-22.350102999999997],[-50.68952500000001,-22.347507000000004],[-50.68356500000001,-22.334758000000008],[-50.682911,-22.330958999999996],[-50.68611400000001,-22.325522],[-50.689196,-22.32342999999999],[-50.686507000000006,-22.31812500000001],[-50.687451,-22.308608000000003],[-50.684902,-22.305569000000002],[-50.680814,-22.294734999999985],[-50.67059,-22.288162000000007],[-50.665527000000004,-22.282869],[-50.664106,-22.287927999999987],[-50.666630000000005,-22.294535000000003],[-50.66753899999999,-22.303400000000003],[-50.657673,-22.30644599999999],[-50.645551,-22.312279],[-50.63931000000001,-22.310564],[-50.626499,-22.302545999999996],[-50.62682000000001,-22.294980999999993],[-50.623771,-22.288118],[-50.622273,-22.288743999999994],[-50.62137500000001,-22.294248999999994],[-50.618436,-22.296046],[-50.603530000000006,-22.297636999999984],[-50.599294,-22.295986000000003],[-50.587421,-22.303090000000005],[-50.583321,-22.302478000000004],[-50.581504,-22.301074],[-50.576131,-22.300926999999994],[-50.571041,-22.304301000000002],[-50.564885000000004,-22.297291000000005],[-50.5584677,-22.2952904],[-50.558281,-22.289523300000013],[-50.56095280000001,-22.2834758],[-50.5555537,-22.2735245],[-50.5533317,-22.2582255],[-50.5565219,-22.250874899999996],[-50.5519547,-22.245078300000003],[-50.5508292,-22.236523399999985],[-50.5516315,-22.233255599999993],[-50.5445128,-22.230316000000002],[-50.5448351,-22.227722299999993],[-50.5427099,-22.225841599999992],[-50.539504099999995,-22.226775400000005],[-50.5351369,-22.225140499999995],[-50.5332421,-22.222496599999992],[-50.5312176,-22.2222569],[-50.5299735,-22.223404399999993],[-50.5239315,-22.220357400000008],[-50.5234729,-22.21786739999999],[-50.5210246,-22.215958900000004],[-50.5215037,-22.214068399999995],[-50.5174663,-22.210314399999998],[-50.5148735,-22.205344099999998],[-50.5125533,-22.203923700000008],[-50.5127102,-22.201089399999994],[-50.5086352,-22.1970135],[-50.5042671,-22.1870676],[-50.498552,-22.183191100000013],[-50.4991667,-22.180247600000005],[-50.4973776,-22.177044000000002],[-50.497377799999995,-22.165942],[-50.492075500000006,-22.161412500000004],[-50.4921332,-22.159132299999992],[-50.4908283,-22.1598006],[-50.4893876,-22.158973900000003],[-50.48879689999999,-22.15632620000001],[-50.4852445,-22.152565700000007],[-50.489042,-22.150381300000003],[-50.4924864,-22.145962900000008],[-50.49602120000001,-22.144753299999998],[-50.49737300000001,-22.141885200000008],[-50.4996072,-22.14083729999999],[-50.4994764,-22.138160899999992],[-50.50517080000001,-22.13598660000001],[-50.5086976,-22.1366952],[-50.5111488,-22.135680300000004],[-50.5144125,-22.12990779999999],[-50.513125,-22.125606399999995],[-50.513362799999996,-22.120315500000007],[-50.51746270000001,-22.1187928],[-50.5187697,-22.112715699999992],[-50.5283824,-22.106772399999993],[-50.5343556,-22.1054484],[-50.535476599999996,-22.102031099999998],[-50.5407423,-22.10112140000001],[-50.5432488,-22.098486199999993],[-50.5505817,-22.09488870000001],[-50.5468535,-22.088388099999996],[-50.550146500000004,-22.0824733],[-50.5522931,-22.081890899999994],[-50.5549251,-22.0841017],[-50.5569238,-22.083171599999993],[-50.557200599999994,-22.079916199999996],[-50.55937740000001,-22.07844940000001],[-50.570161299999995,-22.07799929999999],[-50.5714287,-22.0790113],[-50.5719795,-22.082276099999994],[-50.57343800000001,-22.0823165],[-50.575863700000006,-22.078873],[-50.5772321,-22.072269300000002],[-50.5790704,-22.0711338],[-50.581454300000004,-22.071110700000002],[-50.5857585,-22.074074500000005],[-50.5900902,-22.072989099999994],[-50.5948254,-22.073380899999993],[-50.5971399,-22.0701999],[-50.6009383,-22.06909829999999],[-50.59985300000001,-22.064637200000007],[-50.60070259999999,-22.063659899999994],[-50.6058043,-22.061874200000002],[-50.611476599999996,-22.063539600000002],[-50.619761200000006,-22.061892600000004],[-50.6221904,-22.05657739999999],[-50.628129,-22.0491883],[-50.633952400000005,-22.05072270000001],[-50.6374901,-22.049998200000005],[-50.6392769,-22.046475900000004],[-50.6437703,-22.0461477],[-50.64834720000001,-22.043169599999995],[-50.65524450000001,-22.035349600000004],[-50.6603839,-22.0364261],[-50.66333169999999,-22.035709099999984],[-50.668861,-22.028351099999988],[-50.6730489,-22.02920469999999],[-50.6815032,-22.0274277],[-50.6834329,-22.0247363],[-50.6891735,-22.0247943],[-50.6962673,-22.023239299999997],[-50.6984307,-22.019383800000004],[-50.7042869,-22.021901699999994],[-50.7094477,-22.019845000000004],[-50.710879,-22.01427889999999],[-50.7179609,-22.013220699999998],[-50.72025300000001,-22.010163200000015],[-50.72684739999999,-22.011122799999992],[-50.7305772,-22.009175699999997],[-50.7430568,-22.007974999999995],[-50.746771100000004,-22.003238399999994],[-50.7532114,-22.004424399999998],[-50.7803838,-22.00247219999999],[-50.7930784,-21.99813150000001],[-50.805708,-21.996606799999995],[-50.8106464,-21.993382200000003],[-50.8165278,-21.992712700000006],[-50.821874,-21.989220599999996],[-50.82718330000001,-21.9887725],[-50.8323694,-21.986828400000004],[-50.8332873,-21.980621199999987],[-50.8388666,-21.979514],[-50.8454677,-21.973674499999998],[-50.85367800000001,-21.972293499999985],[-50.85863080000001,-21.96953570000001],[-50.86466190000001,-21.968986700000002],[-50.8700725,-21.964394300000002],[-50.8791142,-21.966930500000007],[-50.8851735,-21.9647851],[-50.8880823,-21.9652453],[-50.8895418,-21.96709059999999],[-50.897481600000006,-21.959095899999998],[-50.9018155,-21.9565024],[-50.9078215,-21.95783329999999],[-50.9092974,-21.9537578],[-50.9153165,-21.9541957],[-50.9159227,-21.951235700000005],[-50.932233499999995,-21.952053599999996],[-50.939089,-21.950784700000003],[-50.94093660000001,-21.948470999999998],[-50.9451769,-21.94631420000001],[-50.94769,-21.946485999999993],[-50.9480022,-21.941885299999996],[-50.9512365,-21.93804600000001],[-50.9615881,-21.932515799999997],[-50.9605443,-21.93068599999999],[-50.961173499999994,-21.928956199999995],[-50.965858,-21.925750299999986],[-50.9558132,-21.925676199999998],[-50.95451,-21.9235934],[-50.95552250000001,-21.922270599999997],[-50.9515579,-21.918604299999995],[-50.9525338,-21.9179585],[-50.95025540000001,-21.917123699999998],[-50.9501051,-21.914868199999994],[-50.94625310000001,-21.913915499999998],[-50.943492000000006,-21.908264100000004],[-50.9385019,-21.905260800000004],[-50.9383265,-21.903322499999998],[-50.9332847,-21.903625899999998],[-50.931858,-21.899360999999992],[-50.927422299999996,-21.8963166],[-50.9269448,-21.894695199999994],[-50.92202439999999,-21.892137900000016],[-50.918003,-21.891754199999994],[-50.916927799999996,-21.8900914],[-50.913762,-21.890301199999996],[-50.91222129999999,-21.888297500000007],[-50.91173340000001,-21.883427899999997],[-50.9079923,-21.878192399999993],[-50.90770620000001,-21.874288799999995],[-50.9047356,-21.872393399999993],[-50.9043202,-21.870008600000002],[-50.901833399999994,-21.868554799999995],[-50.89786029999999,-21.862324600000004],[-50.8938486,-21.863121500000005],[-50.892761,-21.8600012],[-50.8900354,-21.857312199999985],[-50.8873804,-21.856928599999996],[-50.8864388,-21.85408509999999],[-50.882937899999995,-21.853386599999986],[-50.8808581,-21.84996080000001],[-50.8796213,-21.850509100000004],[-50.8771219,-21.84870690000001],[-50.87384610000001,-21.842575200000006],[-50.8698873,-21.8412233],[-50.86852330000001,-21.836902399999996],[-50.8613161,-21.837258],[-50.8589713,-21.83840179999999],[-50.858214,-21.836255299999994],[-50.8535008,-21.832119899999995],[-50.8466178,-21.830483599999997],[-50.8416198,-21.831081300000005],[-50.8390815,-21.8293485],[-50.8335726,-21.810381700000004],[-50.8311101,-21.807070699999993],[-50.8236611,-21.806138400000002],[-50.82365560000001,-21.800778000000008],[-50.8331652,-21.79791669999999],[-50.8406691,-21.791284700000002],[-50.8474772,-21.78930860000001],[-50.8518707,-21.78142039999999],[-50.8541755,-21.779196799999998],[-50.8563273,-21.779062499999984],[-50.8567673,-21.77132],[-50.8551449,-21.76506419999999],[-50.851111,-21.75762290000001],[-50.85094110000001,-21.751795599999994],[-50.84901949999999,-21.748530500000005],[-50.85001350000001,-21.7448548],[-50.8480463,-21.739610399999997],[-50.8437307,-21.735725599999995],[-50.8438979,-21.734323699999994],[-50.839840900000006,-21.73163929999999],[-50.8417642,-21.725745299999996],[-50.839353,-21.722447100000004],[-50.836344100000005,-21.721301],[-50.834424600000006,-21.716929699999994],[-50.8352912,-21.715570499999984],[-50.834573600000006,-21.71350990000001],[-50.8360319,-21.71145199999999],[-50.8329647,-21.7061097],[-50.833482700000005,-21.701330099999996],[-50.8313131,-21.696181599999996],[-50.8300727,-21.695645],[-50.8308886,-21.694009500000003],[-50.82870390000001,-21.693272399999998],[-50.8263717,-21.689907899999994],[-50.8305935,-21.684397400000005],[-50.8275112,-21.6822366],[-50.8272339,-21.6788602],[-50.8283492,-21.677828699999996],[-50.8255611,-21.674641799999996],[-50.8175244,-21.673773900000004],[-50.8154202,-21.671714900000005],[-50.8158627,-21.663010800000002],[-50.8130796,-21.659407700000003],[-50.81430660000001,-21.656648200000003],[-50.8093724,-21.655868900000005],[-50.8085041,-21.6497486],[-50.80563239999999,-21.64680940000001],[-50.8076641,-21.641069500000004],[-50.8029691,-21.638931600000014],[-50.803172599999996,-21.635175500000003],[-50.7980648,-21.6318757],[-50.7976697,-21.628192999999996],[-50.794485,-21.627249399999993],[-50.7959518,-21.621249899999995],[-50.7932117,-21.620025699999996],[-50.793953599999995,-21.613856600000002],[-50.789089,-21.609530600000003],[-50.78484749999999,-21.598349599999995],[-50.7823833,-21.597501199999993],[-50.7821604,-21.595585100000008],[-50.7802858,-21.594032700000003],[-50.7822713,-21.588598199999993],[-50.7765151,-21.587051599999988],[-50.7767038,-21.585097300000005],[-50.77902590000001,-21.58337239999999],[-50.77652810000001,-21.581810099999984],[-50.776788,-21.576016099999997],[-50.7745737,-21.572998600000005],[-50.7763254,-21.56995820000001],[-50.777719999999995,-21.570542300000003],[-50.7798125,-21.56778399999999],[-50.7731755,-21.567345800000002],[-50.7752398,-21.5642938],[-50.7697555,-21.56602369999999],[-50.771558799999994,-21.568467899999998],[-50.7709948,-21.569484899999992],[-50.7691691,-21.568596099999997],[-50.7675004,-21.563597599999994],[-50.7605334,-21.563371699999987],[-50.758968700000004,-21.568534700000008],[-50.75616320000001,-21.571188300000003],[-50.753784,-21.571015799999994],[-50.7491651,-21.565496199999995],[-50.7465921,-21.566356000000006],[-50.7445209,-21.564921800000004],[-50.744288499999996,-21.5665907],[-50.74912689999999,-21.575102299999994],[-50.74533,-21.57840740000001],[-50.742447600000006,-21.5779551],[-50.734893199999995,-21.5719692],[-50.7300266,-21.572664099999994],[-50.72608739999999,-21.5769943],[-50.7145582,-21.577749900000004],[-50.7082688,-21.5769891],[-50.7061664,-21.5790322],[-50.7083499,-21.5836505],[-50.7078743,-21.585503799999998],[-50.7008524,-21.590071900000005],[-50.69856,-21.590217699999997],[-50.697098,-21.5925819],[-50.6922436,-21.5931685],[-50.6867153,-21.597809699999996],[-50.682805,-21.5980323],[-50.680855599999994,-21.602270899999997],[-50.6774756,-21.6010093],[-50.67037379999999,-21.604935599999994],[-50.6675145,-21.610748799999993],[-50.66119080000001,-21.614831000000002],[-50.660802100000005,-21.618506100000005],[-50.656190300000006,-21.62269],[-50.6521523,-21.6235328],[-50.6534006,-21.6265218],[-50.65195159999999,-21.627655099999995],[-50.652017900000004,-21.629317499999996],[-50.653803100000005,-21.6304199],[-50.654628200000005,-21.6340372],[-50.6497457,-21.638619199999997],[-50.6466327,-21.6506802],[-50.64353779999999,-21.651021000000004],[-50.64042740000001,-21.649568099999993],[-50.63493700000001,-21.655782399999985],[-50.632453700000006,-21.6565751],[-50.6300415,-21.65465619999999],[-50.63040170000001,-21.649733900000005],[-50.627606400000005,-21.642947299999996],[-50.6231041,-21.6429918],[-50.6203287,-21.645953099999996],[-50.6215992,-21.650458500000006],[-50.61890660000001,-21.651577999999997],[-50.6208553,-21.65386289999999],[-50.619928300000005,-21.655527300000006],[-50.6213242,-21.659388900000003],[-50.620570900000004,-21.6609669],[-50.6158991,-21.659450500000002],[-50.61407260000001,-21.656778399999993],[-50.6106795,-21.65810439999999],[-50.6091192,-21.656803300000007],[-50.6084736,-21.658461],[-50.6066578,-21.659114499999994],[-50.6010462,-21.65822399999999],[-50.6003902,-21.661569800000002],[-50.5977191,-21.662484600000006],[-50.6005867,-21.6661024],[-50.6021521,-21.665550600000003],[-50.6031655,-21.666664000000008],[-50.5986246,-21.668721699999995],[-50.5981688,-21.6723387],[-50.596756,-21.673366199999993],[-50.5952678,-21.672295099999996],[-50.5900636,-21.673744099999997],[-50.5872983,-21.678195900000002],[-50.5888653,-21.680698],[-50.585480100000005,-21.679602100000007],[-50.5833307,-21.6819137],[-50.5774437,-21.684040500000002],[-50.57913400000001,-21.686347199999997],[-50.57296130000001,-21.687135399999992],[-50.5710321,-21.6915891],[-50.5690953,-21.6906631],[-50.5690361,-21.692154000000002],[-50.5670327,-21.692565399999992],[-50.56696000000001,-21.69072330000001],[-50.5651482,-21.689856099999997],[-50.563084,-21.692313899999995],[-50.5612036,-21.690839800000006],[-50.5607661,-21.693265299999997],[-50.559518800000006,-21.69196089999999],[-50.55639380000001,-21.695282700000003],[-50.555204,-21.693762099999997],[-50.5538726,-21.694372499999993],[-50.5530765,-21.69636579999999],[-50.55428799999999,-21.69661749999999],[-50.5544686,-21.698905800000002],[-50.5519538,-21.697751500000006],[-50.55180849999999,-21.699488900000006],[-50.550094,-21.6997346],[-50.5511225,-21.7010019],[-50.5498664,-21.702504099999995],[-50.5484912,-21.699569400000005],[-50.5451075,-21.70165039999999],[-50.5438324,-21.701223199999994],[-50.5441132,-21.698987299999995],[-50.539317000000004,-21.700209399999988],[-50.53776849999999,-21.69951789999999],[-50.53340490000001,-21.701757000000008],[-50.5318026,-21.70145279999999],[-50.5279039,-21.704986699999992],[-50.5263557,-21.704836099999998],[-50.5259903,-21.706552699999996],[-50.52336950000001,-21.706727899999997],[-50.5222825,-21.709027199999994],[-50.520713,-21.705857799999993],[-50.5182682,-21.707224799999995],[-50.5162834,-21.710307199999995],[-50.51506440000001,-21.706301799999995],[-50.51078050000001,-21.703329000000007],[-50.5094204,-21.7054008],[-50.5100149,-21.707668399999996],[-50.5065764,-21.7090835],[-50.5061143,-21.7132375],[-50.50320249999999,-21.715796199999993],[-50.4993941,-21.7142003],[-50.4959667,-21.71528669999999],[-50.492822800000006,-21.710687],[-50.4918041,-21.7112101],[-50.4919484,-21.71021649999999],[-50.4899009,-21.709713199999992],[-50.4896869,-21.708280000000006],[-50.49126660000001,-21.70837249999999],[-50.490010700000006,-21.7051819],[-50.486751,-21.704678400000002],[-50.48482740000001,-21.702329899999995],[-50.4843214,-21.7038486],[-50.483058,-21.702835999999998],[-50.4813482,-21.7041635],[-50.4808709,-21.7020398],[-50.4749272,-21.701904099999993],[-50.4697877,-21.704299799999987],[-50.4694221,-21.705891999999984],[-50.4661437,-21.704098099999992],[-50.4645538,-21.706782700000005],[-50.4628418,-21.700228199999994],[-50.4642559,-21.6964174],[-50.4624193,-21.69398950000001],[-50.46473550000001,-21.692554199999993],[-50.461453500000005,-21.689965599999987],[-50.4643881,-21.68815300000001],[-50.46177860000001,-21.6886476],[-50.4613171,-21.68749250000001],[-50.4587021,-21.688280699999993],[-50.4579621,-21.687322599999995],[-50.454983,-21.6894453],[-50.454119500000004,-21.6882437],[-50.4508826,-21.6900823],[-50.4517622,-21.691166899999995],[-50.450589599999994,-21.69312189999999],[-50.4455998,-21.693141800000006],[-50.4420543,-21.695231099999997],[-50.43762970000001,-21.695373499999988],[-50.4370923,-21.696796999999997],[-50.4339603,-21.697736499999994],[-50.43209540000001,-21.696619199999994],[-50.4335451,-21.695893199999993],[-50.4330339,-21.69461969999999],[-50.42661210000001,-21.694868000000003],[-50.4248629,-21.696155699999995],[-50.4255371,-21.697722200000005],[-50.4230339,-21.699803899999992],[-50.4243736,-21.701211900000004],[-50.422575200000004,-21.701081399999993],[-50.4210519,-21.70258909999999],[-50.422432300000004,-21.703565999999995],[-50.4206468,-21.704129899999998],[-50.4214229,-21.705652899999993],[-50.4169142,-21.7045919],[-50.4143143,-21.707308999999995],[-50.4134165,-21.706896499999996],[-50.4143162,-21.704926199999996],[-50.412374500000006,-21.705423700000015],[-50.4114447,-21.707094199999993],[-50.40999620000001,-21.703631799999993],[-50.4099906,-21.706942800000004],[-50.40420919999999,-21.712652000000002],[-50.4006149,-21.713962499999994],[-50.3996749,-21.716564499999993],[-50.3969488,-21.7171505],[-50.3965019,-21.715519],[-50.3947875,-21.71586360000001],[-50.39484600000001,-21.71683589999999],[-50.3908354,-21.718195299999998],[-50.391151400000005,-21.7193221],[-50.37957879999999,-21.7183436],[-50.3719255,-21.723608099999993],[-50.368383200000004,-21.719770399999994],[-50.36537020000001,-21.720117],[-50.3646981,-21.721744400000006],[-50.362177700000004,-21.7221294],[-50.3629554,-21.724931700000006],[-50.3606304,-21.725784799999992],[-50.3605119,-21.723274300000003],[-50.3579268,-21.7193648],[-50.3558661,-21.720160700000005],[-50.3540882,-21.7189259],[-50.3561324,-21.718319900000004],[-50.355448,-21.71567140000001],[-50.3544424,-21.716676100000008],[-50.35451040000001,-21.715455799999994],[-50.3530166,-21.7154207],[-50.3535815,-21.713266700000005],[-50.3523595,-21.713671299999998],[-50.3522742,-21.71176330000001],[-50.351276500000004,-21.710999199999986],[-50.3505843,-21.711866299999997],[-50.3487717,-21.709666499999987],[-50.3434256,-21.710559000000003],[-50.34426669999999,-21.7121093],[-50.34370940000001,-21.71352029999999],[-50.3424253,-21.712522399999994],[-50.342073199999994,-21.71554569999999],[-50.3392321,-21.714226099999994],[-50.335690500000005,-21.715556799999995],[-50.335143,-21.717257599999993],[-50.33231820000001,-21.714110700000006],[-50.3303387,-21.709154500000004],[-50.3297275,-21.711103499999993],[-50.3267722,-21.707451699999993],[-50.3259117,-21.7074993],[-50.32648480000001,-21.70871500000001],[-50.32334269999999,-21.709253000000007],[-50.3212553,-21.7063986],[-50.32123380000001,-21.707633699999988],[-50.31771580000001,-21.707304999999995],[-50.315676,-21.708612199999994],[-50.31501879999999,-21.71031249999999],[-50.31259920000001,-21.7109018],[-50.30935989999999,-21.714418599999995],[-50.307508000000006,-21.714030799999996],[-50.3078341,-21.712892000000004],[-50.30604799999999,-21.711846599999998],[-50.3051306,-21.71314559999999],[-50.304596800000006,-21.711094999999993],[-50.3040533,-21.713504699999998],[-50.3014788,-21.713742399999987],[-50.301296699999995,-21.715824699999995],[-50.2998028,-21.714203099999988],[-50.2944414,-21.717323199999996],[-50.2954368,-21.7144915],[-50.2919493,-21.715541599999995],[-50.2852948,-21.70918570000001],[-50.2842746,-21.70965570000001],[-50.2805545,-21.707703399999996],[-50.2743608,-21.707552100000004],[-50.2740251,-21.7089759],[-50.2716355,-21.709783999999992],[-50.2655365,-21.703281399999995],[-50.2649055,-21.704338399999997],[-50.2639581,-21.702996599999995],[-50.26106510000001,-21.70285219999999],[-50.2552003,-21.705698399999985],[-50.2511234,-21.704576300000003],[-50.2509806,-21.703442799999998],[-50.24827909999999,-21.702575399999994],[-50.247734,-21.700599599999997],[-50.24894900000001,-21.70007879999999],[-50.2458898,-21.697991300000005],[-50.2458962,-21.696749200000006],[-50.2444168,-21.699362100000002],[-50.2438706,-21.697115699999998],[-50.2407752,-21.697058100000003],[-50.2367718,-21.699094500000005],[-50.234703,-21.697275500000007],[-50.2334229,-21.69836859999999],[-50.231733199999994,-21.6972567],[-50.231664,-21.69941240000001],[-50.2277496,-21.698633600000008],[-50.2248204,-21.700224899999995],[-50.2249906,-21.701125400000002],[-50.2235827,-21.700515599999992],[-50.2216058,-21.701778900000008],[-50.2228134,-21.699152399999996],[-50.220219500000006,-21.69737160000001],[-50.2167307,-21.697460700000008],[-50.2139622,-21.69540989999999],[-50.2136172,-21.696481699999996],[-50.2115756,-21.69657039999999],[-50.2104139,-21.69416629999999],[-50.2122176,-21.692365399999993],[-50.2093615,-21.6905628],[-50.2109003,-21.6892105],[-50.2088685,-21.688710099999998],[-50.20932210000001,-21.6877718],[-50.207621,-21.686812900000007],[-50.199891,-21.690200499999992],[-50.1973889,-21.6896875],[-50.1954236,-21.691907499999992],[-50.1898304,-21.68972230000001],[-50.186938700000006,-21.690444199999998],[-50.18588720000001,-21.692647200000003],[-50.1848954,-21.691998299999995],[-50.183018,-21.693236200000015],[-50.1761347,-21.689920600000008],[-50.17531660000001,-21.691439799999998],[-50.1731586,-21.6919913],[-50.1739112,-21.6923733],[-50.17292220000001,-21.695087599999994],[-50.1699795,-21.695113799999994],[-50.16812740000001,-21.693826700000006],[-50.1682558,-21.696229699999996],[-50.165664,-21.694895000000002],[-50.165987699999995,-21.693090100000006],[-50.16456070000001,-21.693951899999995],[-50.1654447,-21.692402499999996],[-50.1633853,-21.69123829999999],[-50.1625516,-21.685763500000004],[-50.159643900000006,-21.6854625],[-50.1598083,-21.683520999999992],[-50.1583658,-21.683298999999998],[-50.1594523,-21.6826605],[-50.1564753,-21.6811222],[-50.1549549,-21.68114509999999],[-50.15491490000001,-21.6823716],[-50.15234970000001,-21.681489600000006],[-50.1475098,-21.682436000000003],[-50.14387589999999,-21.686577999999997],[-50.1390221,-21.687973799999998],[-50.13681530000001,-21.687532999999995],[-50.1350086,-21.68968059999999],[-50.1331455,-21.68846459999999],[-50.1303055,-21.691465399999995],[-50.1301149,-21.690411500000007],[-50.12867550000001,-21.690684099999988],[-50.1290283,-21.689209700000003],[-50.12717980000001,-21.690803400000007],[-50.1254744,-21.6890479],[-50.1260375,-21.689991399999997],[-50.1246698,-21.690065899999993],[-50.1238474,-21.68679029999998],[-50.1201452,-21.68498319999999],[-50.118354700000005,-21.686537699999995],[-50.1189703,-21.687939100000012],[-50.1177944,-21.69018080000001],[-50.11533880000001,-21.6923633],[-50.1121196,-21.689833700000005],[-50.110454600000004,-21.689925899999984],[-50.110629200000005,-21.686310400000004],[-50.108996,-21.68588419999999],[-50.1102491,-21.685106399999995],[-50.108411,-21.6838946],[-50.10670470000001,-21.683980999999992],[-50.105691400000005,-21.68545870000001],[-50.1048012,-21.684646300000004],[-50.1050651,-21.68548249999999],[-50.1031809,-21.68563329999999],[-50.099907,-21.688321199999997],[-50.09805310000001,-21.687053899999995],[-50.0959364,-21.688148299999998],[-50.0938757,-21.687346199999993],[-50.0932894,-21.68989450000001],[-50.090807500000004,-21.6909604],[-50.0908183,-21.68867059999999],[-50.089631,-21.688654],[-50.088826600000004,-21.686510600000002],[-50.0860056,-21.690152899999994],[-50.08335100000001,-21.689584999999994],[-50.08276029999999,-21.691093800000004],[-50.081081000000005,-21.689465200000004],[-50.0800455,-21.690401499999993],[-50.0788292,-21.6892985],[-50.0795063,-21.688306500000003],[-50.0769251,-21.68942799999999],[-50.0752426,-21.6886247],[-50.0743381,-21.6847741],[-50.0758298,-21.684306400000015],[-50.07452680000001,-21.683323500000004],[-50.0724171,-21.684392999999993],[-50.0716956,-21.6834585],[-50.0713836,-21.6845766],[-50.0706871,-21.68355009999999],[-50.0681839,-21.684408800000007],[-50.0673402,-21.68857709999999],[-50.0619933,-21.6916348],[-50.054783900000004,-21.692012999999996],[-50.0542146,-21.693498299999995],[-50.04980380000001,-21.6916023],[-50.04790020000001,-21.693056499999994],[-50.0479257,-21.69135680000001],[-50.046372,-21.695223600000002],[-50.043422500000005,-21.693319199999994],[-50.04444130000001,-21.6920643],[-50.0427153,-21.69213819999999],[-50.042290400000006,-21.694556399999996],[-50.041192800000005,-21.694000199999998],[-50.040034799999994,-21.695508899999997],[-50.0366037,-21.69466089999999],[-50.0356089,-21.695909000000007],[-50.0348423,-21.694660699999996],[-50.0349873,-21.69604959999999],[-50.03342049999999,-21.696989200000008],[-50.031176,-21.695735699999993],[-50.0248408,-21.7005029],[-50.02035,-21.69721759999999],[-50.020136900000004,-21.698480300000007],[-50.0177661,-21.6984026],[-50.01607030000001,-21.695080100000006],[-50.014673699999996,-21.6947131],[-50.0129054,-21.696787900000004],[-50.0124682,-21.700399500000003],[-50.0114599,-21.701483099999997],[-50.010316200000005,-21.700846000000006],[-50.0093696,-21.702352400000006],[-50.0087806,-21.700873699999992],[-50.0063221,-21.700506900000008],[-50.002573299999995,-21.696833400000003],[-49.99776299999999,-21.69729050000001],[-49.9981575,-21.696277000000006],[-49.9959225,-21.69550580000001],[-49.99292930000001,-21.6982771],[-49.9923237,-21.701793700000003],[-49.9910928,-21.701839800000005],[-49.9911279,-21.700401700000004],[-49.98798910000001,-21.7019115],[-49.9839212,-21.700324199999987],[-49.983123400000004,-21.7015565],[-49.98036609999999,-21.699293199999993],[-49.98023320000001,-21.698300000000007],[-49.9817859,-21.6978838],[-49.980031800000006,-21.693786199999998],[-49.977344900000006,-21.6922609],[-49.97300280000001,-21.6924755],[-49.9711725,-21.693594000000004],[-49.9709565,-21.69522539999999],[-49.969944500000004,-21.694759800000003],[-49.9707644,-21.6959953],[-49.96924400000001,-21.696914500000002],[-49.970766100000006,-21.69676639999999],[-49.970987099999995,-21.698481],[-49.9689888,-21.69950449999999],[-49.9675105,-21.698533100000002],[-49.9655016,-21.699030200000006],[-49.9660466,-21.696562699999998],[-49.96308690000001,-21.694079999999992],[-49.959429400000005,-21.695850800000002],[-49.957768,-21.700902799999994],[-49.9571132,-21.70017120000001],[-49.954141400000005,-21.7013493],[-49.94938140000001,-21.700782799999995],[-49.9455254,-21.698240499999997],[-49.9447273,-21.699462500000003],[-49.94350490000001,-21.6978656],[-49.9425138,-21.6989757],[-49.9416468,-21.697347499999992],[-49.9404459,-21.698204799999996],[-49.9395031,-21.696646499999993],[-49.9380918,-21.698532500000002],[-49.9357647,-21.698644199999997],[-49.9349632,-21.70031199999999],[-49.9294837,-21.699545799999992],[-49.929405300000006,-21.700926599999995],[-49.92282980000001,-21.70089069999999],[-49.9224939,-21.705059100000003],[-49.920917800000005,-21.704244199999998],[-49.9195557,-21.705056799999998],[-49.9203692,-21.7061382],[-49.91859840000001,-21.706897799999993],[-49.9174496,-21.7060387],[-49.917204100000006,-21.707207199999992],[-49.9132353,-21.706379899999998],[-49.911288,-21.711523400000004],[-49.91222380000001,-21.712072700000004],[-49.906366999999996,-21.7137171],[-49.90589979999999,-21.7128826],[-49.903995599999995,-21.714184200000005],[-49.9014928,-21.7179306],[-49.8964079,-21.7207183],[-49.89734109999999,-21.722082299999997],[-49.89625770000001,-21.722531],[-49.8976789,-21.722949499999995],[-49.8962048,-21.72428740000001],[-49.892887400000006,-21.7245569],[-49.8894884,-21.727977200000005],[-49.88746940000001,-21.727370300000004],[-49.88583650000001,-21.729277000000003],[-49.8797819,-21.7317874],[-49.8787616,-21.735179999999993],[-49.8722108,-21.7356806],[-49.8717315,-21.738308400000008],[-49.8676697,-21.740994199999996],[-49.8663827,-21.7439908],[-49.85700700000001,-21.745156099999996],[-49.85457970000001,-21.7470599],[-49.8549118,-21.745238900000007],[-49.8540508,-21.745003799999996],[-49.850106,-21.746222800000012],[-49.8478801,-21.750965],[-49.8449179,-21.751983],[-49.8456808,-21.75367309999999],[-49.8436248,-21.755455700000002],[-49.84429010000001,-21.757438599999993],[-49.8426487,-21.758340499999996],[-49.842660599999995,-21.759936400000004],[-49.8389714,-21.759593999999996],[-49.839278,-21.7605292],[-49.83806589999999,-21.760721800000006],[-49.8332486,-21.758348599999998],[-49.8292831,-21.7590196],[-49.8294816,-21.760221099999992],[-49.8265799,-21.763748299999996],[-49.8231969,-21.76566950000001],[-49.8240535,-21.766246000000006],[-49.8203274,-21.7708321],[-49.821067,-21.774058700000005],[-49.818475400000004,-21.7754348],[-49.818741,-21.776623699999995],[-49.816301800000005,-21.77791850000001],[-49.813524,-21.777456800000003],[-49.8134374,-21.77896950000001],[-49.8077176,-21.77943199999999],[-49.80181040000001,-21.782800100000003],[-49.80088610000001,-21.783899499999997],[-49.8015353,-21.78520989999999],[-49.7992909,-21.785549699999994],[-49.7991121,-21.78666939999999],[-49.79762470000001,-21.78596289999999],[-49.79215610000001,-21.78674729999999],[-49.7914226,-21.787493699999995],[-49.7923175,-21.787503499999993],[-49.79242140000001,-21.789218700000003],[-49.7908913,-21.789398799999994],[-49.790208,-21.7940377],[-49.7884918,-21.795772499999998],[-49.784346,-21.796747700000004],[-49.78425310000001,-21.797713000000012],[-49.784043399999995,-21.7966301],[-49.7832813,-21.79740260000001],[-49.7788706,-21.796918299999994],[-49.7765803,-21.7986801],[-49.7764769,-21.8008785],[-49.7721549,-21.8028296],[-49.7845133,-21.832548299999985],[-49.7896077,-21.83772749999999],[-49.791942500000005,-21.846073299999993],[-49.79809600000001,-21.85265919999999],[-49.8012515,-21.85214629999999],[-49.80349790000001,-21.85303170000001],[-49.8076932,-21.85975409999999],[-49.8072424,-21.863121],[-49.800657,-21.8662003],[-49.79895940000001,-21.868245599999984],[-49.7976095,-21.876289999999997],[-49.79872960000001,-21.878980800000004],[-49.80297170000001,-21.879878800000004],[-49.8049628,-21.881709999999995],[-49.8050991,-21.884008999999995],[-49.8093552,-21.890266299999997],[-49.7884594,-21.907918200000008],[-49.7834703,-21.909503299999997],[-49.7785544,-21.915915699999996],[-49.7686627,-21.9164256],[-49.768572000000006,-21.9197167],[-49.7718435,-21.9269905],[-49.7677568,-21.932108700000008],[-49.76506,-21.9333824],[-49.7630385,-21.9319285],[-49.7588036,-21.931276699999994],[-49.74766230000001,-21.937284999999985],[-49.743737,-21.937003700000005],[-49.7419708,-21.9382895],[-49.738231799999994,-21.938418199999994],[-49.738517200000004,-21.940046099999993],[-49.73417830000001,-21.940553099999995],[-49.73651809999999,-21.946336000000002],[-49.7389151,-21.947174000000004],[-49.74006429999999,-21.94958859999999],[-49.7399072,-21.9566326],[-49.736760800000006,-21.966865599999995],[-49.7374136,-21.9712096],[-49.7471815,-21.9792081],[-49.7501713,-21.9857495],[-49.7497482,-21.989892399999995],[-49.753632700000004,-21.99279689999999],[-49.7541972,-22.000618199999995],[-49.7531463,-22.00491059999999],[-49.7564551,-22.0082146],[-49.744246499999996,-22.013221700000003],[-49.7400998,-22.01648189999999],[-49.735634100000006,-22.016931199999995],[-49.734869,-22.017950799999994],[-49.7384698,-22.020612200000002],[-49.740682400000004,-22.026211200000006],[-49.73776290000001,-22.028804999999995],[-49.7308292,-22.029500099999996],[-49.727538900000006,-22.030896299999995],[-49.72470940000001,-22.03447059999999],[-49.71200350000001,-22.037203500000004],[-49.7096756,-22.0394369],[-49.707103,-22.039862300000003],[-49.70593149999999,-22.041542799999995],[-49.7057611,-22.045847299999995],[-49.7034502,-22.04738769999999],[-49.696600700000005,-22.04657179999999],[-49.6955179,-22.04450120000001],[-49.69254800000001,-22.04760099999999],[-49.6879176,-22.048760599999998],[-49.686127000000006,-22.056195599999988],[-49.684503299999996,-22.057394500000004],[-49.6763057,-22.058978199999988],[-49.6740717,-22.0606868],[-49.666129600000005,-22.0617439],[-49.664861,-22.063044499999997],[-49.66576899999999,-22.0655311],[-49.6636887,-22.0688156],[-49.6617383,-22.076787900000003],[-49.6562291,-22.0772198],[-49.65069139999999,-22.067679999999985],[-49.6393149,-22.069957100000003],[-49.6371247,-22.07486350000001],[-49.6336292,-22.0759691],[-49.63304459999999,-22.080723500000005],[-49.6270629,-22.085871199999996],[-49.62525020000001,-22.0912398],[-49.62127269999999,-22.096571299999987],[-49.6203001,-22.1009728],[-49.62334920000001,-22.1075222],[-49.622717800000004,-22.112674499999997],[-49.6176673,-22.11358029999999],[-49.6117589,-22.11088159999999],[-49.6101209,-22.108956899999985],[-49.601473899999995,-22.108163100000002],[-49.59683810000001,-22.109299399999998],[-49.592392600000004,-22.112846799999996],[-49.584994,-22.112745700000012],[-49.5881058,-22.124916300000006],[-49.5821017,-22.126460899999998],[-49.5790283,-22.128603799999997],[-49.5693832,-22.139404400000004],[-49.5624397,-22.138546299999998],[-49.5564207,-22.129803300000003],[-49.555801100000004,-22.1368973],[-49.5600807,-22.140694599999996],[-49.5621421,-22.145276899999995],[-49.5533043,-22.1479798],[-49.55143089999999,-22.1500492],[-49.523759600000005,-22.15262089999999],[-49.5234845,-22.153815899999994],[-49.5262267,-22.155518900000004],[-49.52879720000001,-22.165457199999995],[-49.530504500000006,-22.1757258],[-49.53003790000001,-22.1815931],[-49.5229568,-22.183606400000013],[-49.511085300000005,-22.189726100000012],[-49.5098474,-22.1951285],[-49.5108788,-22.1988738],[-49.506983500000004,-22.201791600000004],[-49.5072638,-22.209890099999996],[-49.5001088,-22.21262859999999],[-49.49872750000001,-22.21625880000001],[-49.4934704,-22.2230176],[-49.49324310000001,-22.225327100000005],[-49.49575,-22.22967920000001],[-49.4887086,-22.234920599999985],[-49.4845308,-22.234345400000006],[-49.4835329,-22.236200099999998],[-49.4806782,-22.236731899999995],[-49.478958899999995,-22.23871160000001],[-49.469378,-22.241314500000005],[-49.4656232,-22.244954799999995],[-49.4624305,-22.24521650000001],[-49.4589811,-22.241072899999995],[-49.458505,-22.246529900000006],[-49.4518881,-22.256181],[-49.45166700000001,-22.258575099999998],[-49.441822200000004,-22.2655676],[-49.439725900000006,-22.2694743],[-49.4366993,-22.270607700000003],[-49.438729,-22.273628],[-49.436528100000004,-22.277249700000002],[-49.435104200000005,-22.284106999999995],[-49.43654850000001,-22.291457399999995],[-49.44063760000001,-22.2985081],[-49.44090490000001,-22.303096399999983],[-49.4387033,-22.30296349999999],[-49.4349235,-22.300191299999987],[-49.43191730000001,-22.294208],[-49.4227762,-22.293743],[-49.425494400000005,-22.29577460000001],[-49.426801100000006,-22.303307700000005],[-49.429287900000006,-22.305355299999995],[-49.428235400000005,-22.3105353],[-49.43011280000001,-22.311771099999998],[-49.4311183,-22.31532769999999],[-49.433751900000004,-22.315978400000002],[-49.4366716,-22.32250979999999],[-49.44120160000001,-22.32811689999999],[-49.4434664,-22.327007299999995],[-49.445292200000004,-22.328586599999998],[-49.4502477,-22.3290066],[-49.4521636,-22.334479899999995],[-49.4591806,-22.3374586],[-49.461049200000005,-22.335447399999996],[-49.46507230000001,-22.33620939999999],[-49.466361899999995,-22.3392387],[-49.4704545,-22.341667600000005],[-49.4713629,-22.344839399999987],[-49.47378220000001,-22.3468477],[-49.47397149999999,-22.351805999999993],[-49.48286540000001,-22.356192299999996],[-49.4828121,-22.3648472],[-49.4909144,-22.372873900000002],[-49.4913359,-22.376550200000004],[-49.4950321,-22.382997299999992],[-49.50951609999999,-22.390296700000007],[-49.5146734,-22.390669800000005],[-49.5127924,-22.3956827],[-49.5197513,-22.393617700000007],[-49.5335997,-22.395160300000004],[-49.545681900000005,-22.390831499999997],[-49.5563551,-22.392032400000005],[-49.5609363,-22.390246700000002],[-49.56997080000001,-22.3836182],[-49.57123940000001,-22.40064720000001],[-49.575109100000006,-22.407757399999998],[-49.57610759999999,-22.4170817],[-49.5822039,-22.424882299999993],[-49.5885836,-22.427650800000002],[-49.5974276,-22.435144400000002],[-49.6005855,-22.43856590000001],[-49.60033820000001,-22.439995699999997],[-49.60393010000001,-22.443076999999995],[-49.605491,-22.448400199999995],[-49.6036403,-22.450498200000002],[-49.604099500000004,-22.45355480000001],[-49.5988856,-22.4545483],[-49.59679199999999,-22.4538176],[-49.595628999999995,-22.456111599999996],[-49.597090200000004,-22.459938000000005],[-49.60158800000001,-22.460417399999994],[-49.6102206,-22.4662219],[-49.618956,-22.4682583],[-49.624151,-22.467172900000005],[-49.628511800000005,-22.469153399999993],[-49.63598790000001,-22.4609735],[-49.6370485,-22.457030600000003],[-49.6360441,-22.447092300000005],[-49.642229500000006,-22.439288],[-49.6463794,-22.4366403],[-49.65069890000001,-22.439987399999996],[-49.6548277,-22.4459938],[-49.6580343,-22.453536399999987],[-49.66248000000001,-22.458473299999994],[-49.66379899999999,-22.4621198],[-49.674471999999994,-22.468720600000008],[-49.6836731,-22.466064600000003],[-49.6841068,-22.463428399999994],[-49.6881805,-22.458468699999994],[-49.691616800000006,-22.458553],[-49.6943674,-22.456198399999998],[-49.6967345,-22.448997399999996],[-49.7017976,-22.4471388],[-49.7040356,-22.443402800000005],[-49.7038157,-22.439348599999988],[-49.7102724,-22.444242400000004],[-49.7130302,-22.449208399999993],[-49.7187885,-22.452499899999985],[-49.7202097,-22.462162899999996],[-49.7215091,-22.46403410000001],[-49.727005,-22.463900000000006],[-49.7321285,-22.467790899999997],[-49.7378448,-22.466814299999996],[-49.7413492,-22.470011499999995],[-49.7435164,-22.4702461],[-49.744416799999996,-22.473476600000016],[-49.74687440000001,-22.475990700000004],[-49.7494999,-22.476844299999986],[-49.74995330000001,-22.478712300000005],[-49.7479853,-22.484925399999995],[-49.7500063,-22.488868100000005],[-49.749012300000004,-22.489944099999985],[-49.7510664,-22.49509899999999],[-49.75653640000001,-22.4970699],[-49.7556128,-22.498154100000008],[-49.76178120000001,-22.503928499999997],[-49.77200150000001,-22.500646300000007],[-49.76589,-22.508520199999992],[-49.7644307,-22.516514199999996],[-49.7594017,-22.5180627],[-49.7604734,-22.525218300000002],[-49.757504100000006,-22.52869],[-49.754297400000006,-22.529169599999992],[-49.7534965,-22.53528259999999],[-49.74800400000001,-22.540097499999995],[-49.747264699999995,-22.54469889999999],[-49.7483337,-22.554358],[-49.746058,-22.55973169999999],[-49.743836,-22.562119999999997],[-49.741509,-22.562793900000003],[-49.74146700000001,-22.567417199999994],[-49.7358793,-22.576424400000008],[-49.73533090000001,-22.5788191],[-49.73716640000001,-22.585324100000005],[-49.7365002,-22.588376200000006],[-49.71750420000001,-22.609966899999996],[-49.7117162,-22.6135528],[-49.7070581,-22.618689100000008],[-49.7053948,-22.624794699999995],[-49.7022982,-22.6217226],[-49.70349459999999,-22.617281],[-49.7012147,-22.611459600000003],[-49.69870000000001,-22.610636800000005],[-49.6983018,-22.6094275],[-49.6950781,-22.60924210000001],[-49.69508390000001,-22.607618299999995],[-49.69269620000001,-22.60745969999999],[-49.6888333,-22.601320799999993],[-49.661562200000006,-22.607107900000006],[-49.6592623,-22.6087433],[-49.6572884,-22.614724900000002],[-49.6510636,-22.620664899999994],[-49.6431113,-22.620872399999993],[-49.6362292,-22.6250664],[-49.6301442,-22.6239856],[-49.62961339999999,-22.628057899999995],[-49.6259713,-22.630189300000005],[-49.627729,-22.6364813],[-49.6258354,-22.640553500000003],[-49.6249953,-22.649635],[-49.6187634,-22.65311670000001],[-49.6025855,-22.665461900000004],[-49.5989176,-22.66485220000001],[-49.6010741,-22.658286099999998],[-49.5995267,-22.654103899999992],[-49.59823060000001,-22.652963600000007],[-49.597892,-22.654267299999994],[-49.5963511,-22.654271900000012],[-49.5957053,-22.652396999999986],[-49.5933944,-22.652098399999993],[-49.589648600000004,-22.6460869],[-49.5925305,-22.6425884],[-49.590314400000004,-22.636801799999997],[-49.5924182,-22.634216499999994],[-49.58939159999999,-22.6310901],[-49.5901365,-22.629233899999992],[-49.5884496,-22.6287169],[-49.5881058,-22.62706579999999],[-49.5875762,-22.6277736],[-49.587773500000004,-22.62271090000001],[-49.5861174,-22.622365899999988],[-49.5869355,-22.621480399999992],[-49.5857057,-22.6219373],[-49.5859034,-22.620685799999993],[-49.5847008,-22.62119459999999],[-49.5844485,-22.619647199999996],[-49.5819062,-22.618714900000004],[-49.5803802,-22.616504000000003],[-49.58059190000001,-22.614793399999996],[-49.58362900000001,-22.611648499999994],[-49.58332980000001,-22.607911899999998],[-49.5853909,-22.60390210000001],[-49.5833449,-22.601922699999992],[-49.58071679999999,-22.6026205],[-49.5782682,-22.601598899999995],[-49.57836150000001,-22.598367899999996],[-49.5756246,-22.5943736],[-49.5748234,-22.595868699999997],[-49.5737282,-22.59136099999999],[-49.5717429,-22.59114599999999],[-49.5718738,-22.588760799999992],[-49.5692365,-22.587243799999996],[-49.5677835,-22.576343899999998],[-49.56619330000001,-22.57504649999999],[-49.56551150000001,-22.576173400000002],[-49.56253160000001,-22.576082400000004],[-49.55928,-22.574559699999984],[-49.559846300000004,-22.571650600000005],[-49.55768369999999,-22.5689703],[-49.5588319,-22.565545399999998],[-49.5550062,-22.558946099999993],[-49.5528388,-22.5585232],[-49.54834259999999,-22.5620535],[-49.5474844,-22.561049999999994],[-49.545007600000005,-22.562362399999998],[-49.5464085,-22.56306449999999],[-49.5453672,-22.56376909999999],[-49.54094090000001,-22.56150150000001],[-49.538870700000004,-22.55668009999999],[-49.5408719,-22.553569499999984],[-49.544544300000005,-22.551911800000003],[-49.5441928,-22.549303500000004],[-49.5419714,-22.5470001],[-49.53736140000001,-22.545996800000005],[-49.534055,-22.546696299999997],[-49.5344439,-22.544871500000003],[-49.5337518,-22.544788000000004],[-49.5328758,-22.543838500000007],[-49.5337934,-22.54401849999999],[-49.533735199999995,-22.542970800000006],[-49.5314385,-22.538088700000007],[-49.5301319,-22.5366948],[-49.52761340000001,-22.537726000000003],[-49.5247201,-22.534671],[-49.524073,-22.531223000000004],[-49.527164,-22.528144100000002],[-49.525642,-22.522683699999998],[-49.5242172,-22.522001200000012],[-49.5200961,-22.5237659],[-49.5187976,-22.522500700000002],[-49.51991240000001,-22.5190029],[-49.5158307,-22.51816919999999],[-49.5145774,-22.516247300000007],[-49.5128582,-22.516325799999994],[-49.5125181,-22.51734679999999],[-49.51081610000001,-22.5166701],[-49.5092588,-22.5180119],[-49.50631190000001,-22.512400899999996],[-49.5048193,-22.5141639],[-49.50301660000001,-22.5138467],[-49.500750700000005,-22.517136299999997],[-49.497395100000006,-22.527585099999992],[-49.490793499999995,-22.537518599999995],[-49.48968750000001,-22.541859600000002],[-49.4816127,-22.549232999999997],[-49.4778183,-22.550547600000005],[-49.472753000000004,-22.556488299999998],[-49.4705844,-22.557871699999993],[-49.465578,-22.558135499999995],[-49.4544066,-22.567697],[-49.451864900000004,-22.5764498],[-49.4562681,-22.57724440000001],[-49.4568624,-22.578668599999997],[-49.454407200000006,-22.583071100000005],[-49.4503063,-22.586475499999995],[-49.4507093,-22.590252299999996],[-49.444351,-22.6004981],[-49.4398048,-22.601803699999987],[-49.4394641,-22.604284500000006],[-49.432706100000004,-22.60437839999999],[-49.4247221,-22.607085300000012],[-49.42069560000001,-22.612748800000016],[-49.41992890000001,-22.620223200000012],[-49.4175799,-22.6218573],[-49.408363900000005,-22.624405499999998],[-49.39801700000001,-22.6253685],[-49.39516,-22.6268147],[-49.38691060000001,-22.627209000000008],[-49.38178,-22.630167299999986],[-49.3639471,-22.632782199999994],[-49.3556207,-22.636688900000006],[-49.351007,-22.64255750000001],[-49.35350480000001,-22.6452462],[-49.35584730000001,-22.644428900000005],[-49.357021800000005,-22.64492359999999],[-49.355752800000005,-22.645156300000007],[-49.3538876,-22.64850449999999],[-49.3572044,-22.6484733],[-49.356962900000006,-22.649873000000003],[-49.35843609999999,-22.650064199999996],[-49.3565981,-22.651590999999993],[-49.3578577,-22.653801700000002],[-49.3610918,-22.652458699999997],[-49.36163880000001,-22.6549165],[-49.35993700000001,-22.656209999999998],[-49.358094900000005,-22.655715000000004],[-49.352989,-22.659627799999992],[-49.34965079999999,-22.660245599999996],[-49.3480192,-22.662707099999995],[-49.3435446,-22.665364399999994],[-49.3396897,-22.665905800000004],[-49.3376359,-22.6693777],[-49.3357998,-22.6744055],[-49.335665600000006,-22.676354800000006],[-49.33703020000001,-22.677283600000003],[-49.353569,-22.680232600000004],[-49.35930150000001,-22.682890399999998],[-49.3569657,-22.684248999999998],[-49.356306800000006,-22.687413800000005],[-49.368976,-22.702123699999987],[-49.3713344,-22.707329900000005],[-49.3839921,-22.708098300000003],[-49.3823385,-22.713983399999993],[-49.3837352,-22.7163499],[-49.3812065,-22.71966919999999],[-49.377072,-22.7223735],[-49.3775293,-22.724440000000005],[-49.37548960000001,-22.727773200000005],[-49.379801,-22.73333559999999],[-49.3795448,-22.742156500000004],[-49.3822418,-22.7464644],[-49.383571800000006,-22.757769899999996],[-49.3853592,-22.759684599999996],[-49.3856966,-22.7629144],[-49.37912949999999,-22.775398499999994],[-49.3758909,-22.77745190000001],[-49.3791321,-22.786089199999996],[-49.3768252,-22.796432900000003],[-49.3729247,-22.802192299999998],[-49.3682353,-22.818824699999997],[-49.3730974,-22.827343300000003],[-49.37531830000001,-22.837018],[-49.3767887,-22.838806900000005],[-49.3750193,-22.8506568],[-49.3767054,-22.852045300000007],[-49.3782675,-22.859743100000003],[-49.377644,-22.863846000000006],[-49.373866099999994,-22.867557299999998],[-49.370978,-22.874687300000005],[-49.369498300000004,-22.874868700000007],[-49.3710487,-22.87891919999999],[-49.3695861,-22.883432500000005],[-49.37178839999999,-22.881720299999998],[-49.3733831,-22.882049699999996],[-49.3750085,-22.884016500000005],[-49.3748258,-22.887872699999996],[-49.3774693,-22.891299699999994],[-49.380713500000006,-22.888615699999995],[-49.38291110000001,-22.89167949999999],[-49.3849156,-22.891171900000003],[-49.3839845,-22.887022699999996],[-49.38559060000001,-22.886144899999998],[-49.3908923,-22.889542799999997],[-49.392325899999996,-22.8845939],[-49.3953073,-22.8817726],[-49.39674480000001,-22.882294099999996],[-49.4001981,-22.8915204],[-49.40261629999999,-22.890900200000004],[-49.4045905,-22.887132299999998],[-49.40814040000001,-22.887667800000003],[-49.4133885,-22.894415699999996],[-49.4190547,-22.897274199999995],[-49.417709599999995,-22.900548699999998],[-49.4199454,-22.903035099999997],[-49.4187656,-22.908216899999996],[-49.4206285,-22.909674000000003],[-49.43082660000001,-22.904473600000003],[-49.4409381,-22.90544619999999],[-49.4448281,-22.910201399999995],[-49.44898020000001,-22.908650900000005],[-49.45717200000001,-22.910744200000007],[-49.4585721,-22.913278299999998],[-49.4555238,-22.919289999999997],[-49.4521626,-22.922596200000005],[-49.452023100000005,-22.943642399999998],[-49.45940829999999,-22.952658900000003],[-49.4559622,-22.961504699999992],[-49.4605609,-22.967608000000002],[-49.45569400000001,-22.977290699999998],[-49.4521071,-22.9812237],[-49.442747,-22.987201999999996],[-49.4392412,-23.0016335],[-49.435341099999995,-23.00451440000001],[-49.4324236,-23.00901649999999],[-49.4365359,-23.0151903],[-49.4373332,-23.01913070000001],[-49.434227500000006,-23.0268547],[-49.4308037,-23.031039399999994],[-49.4307171,-23.0349886],[-49.4275722,-23.038449600000003],[-49.426779700000004,-23.042052299999998],[-49.414723800000004,-23.049162299999992],[-49.406672799999996,-23.056574699999995],[-49.3952888,-23.05793450000001],[-49.387637,-23.05366319999999],[-49.3870379,-23.05608369999999],[-49.384608,-23.057136399999997],[-49.3837982,-23.06126430000001],[-49.3800573,-23.066476199999997],[-49.3816297,-23.081528900000002],[-49.3769015,-23.083641499999988],[-49.3756571,-23.0882674],[-49.3722175,-23.089301200000005],[-49.3714794,-23.092256300000003],[-49.3680344,-23.08874999999999],[-49.3645251,-23.0882563],[-49.3586123,-23.084395600000004],[-49.3465554,-23.096681400000005],[-49.3442458,-23.103127],[-49.340590000000006,-23.104688799999998],[-49.33869570000001,-23.106963599999997],[-49.3359998,-23.107394000000006],[-49.3364588,-23.1117147],[-49.3322085,-23.11023809999999],[-49.329773,-23.110763499999997],[-49.3296759,-23.113114599999996],[-49.3330212,-23.118382699999998],[-49.3333143,-23.120889500000004],[-49.3303824,-23.126033499999988],[-49.323687400000004,-23.12938060000001],[-49.3213386,-23.1296174],[-49.3104147,-23.124288500000006],[-49.3068057,-23.125795799999995],[-49.299337400000006,-23.125813600000008],[-49.2960383,-23.1277244],[-49.2906818,-23.12740459999999],[-49.2877799,-23.12907209999999],[-49.2837914,-23.12731820000001],[-49.278067099999994,-23.121862999999998],[-49.2598424,-23.121691699999992],[-49.2529867,-23.139985299999996],[-49.2476484,-23.142293100000007],[-49.2454474,-23.144749999999995],[-49.2460773,-23.156169599999995],[-49.2484996,-23.164980399999994],[-49.2457158,-23.1722959],[-49.2432303,-23.173997400000008],[-49.247049499999996,-23.17972809999999],[-49.2487121,-23.18617750000001],[-49.2465962,-23.186871299999993],[-49.244994600000005,-23.189543499999996],[-49.2434387,-23.19693279999999],[-49.243261,-23.206732999999996],[-49.2405663,-23.209298899999997],[-49.2325165,-23.209647500000003],[-49.2287334,-23.2114707],[-49.220877400000006,-23.22085320000001],[-49.2124641,-23.224538800000005],[-49.2099928,-23.227411099999994],[-49.208854,-23.2320848],[-49.211180999999996,-23.24426469999999],[-49.2079965,-23.2504408],[-49.2083538,-23.255124],[-49.2043476,-23.274490099999998],[-49.197788800000005,-23.28694669999999],[-49.199505,-23.291360599999997],[-49.2042592,-23.2936243],[-49.213747899999994,-23.29573649999999],[-49.217337300000004,-23.2985237],[-49.2167082,-23.3007691],[-49.21426910000001,-23.302831600000005],[-49.2037982,-23.307052299999988],[-49.202121899999995,-23.310365499999996],[-49.2034201,-23.32170349999999],[-49.2055332,-23.326599699999992],[-49.21177740000001,-23.33382509999999],[-49.2150753,-23.340012199999993],[-49.2168077,-23.351275100000006],[-49.2155624,-23.357828200000014],[-49.210167500000004,-23.3619684],[-49.2088074,-23.364792200000004],[-49.2098472,-23.367441599999996],[-49.2135678,-23.3707349],[-49.2135448,-23.372569899999995],[-49.206324800000004,-23.378127],[-49.204842,-23.38200990000001],[-49.2073865,-23.385489],[-49.2121154,-23.3868288],[-49.2179367,-23.386756899999988],[-49.223493,-23.38520219999999],[-49.2204135,-23.391665999999994],[-49.2153137,-23.395482799999993],[-49.206904,-23.4049443],[-49.20790010000001,-23.41325550000001],[-49.2141133,-23.418771699999997],[-49.222987700000004,-23.417412199999994],[-49.229128700000004,-23.420899799999997],[-49.229990699999995,-23.41807959999999],[-49.236653,-23.41465940000001],[-49.2405773,-23.4167154],[-49.2436379,-23.4140555],[-49.2472834,-23.415122799999992],[-49.2467822,-23.413726699999994],[-49.248023,-23.412837399999994],[-49.249868,-23.41402390000001],[-49.2518171,-23.4089016],[-49.257082000000004,-23.407577399999997],[-49.25842080000001,-23.40903760000001],[-49.2602403,-23.409071899999994],[-49.2628236,-23.412202899999993],[-49.2671286,-23.413419499999993],[-49.2672264,-23.411030700000012],[-49.27019610000001,-23.410436699999998],[-49.2708284,-23.4090352],[-49.2741331,-23.409752],[-49.2796506,-23.413127099999997],[-49.286374900000006,-23.410642400000004],[-49.2885737,-23.4151902],[-49.29353540000001,-23.417606799999998],[-49.2952534,-23.415590599999987],[-49.2984443,-23.4149961],[-49.3007487,-23.412164999999998],[-49.3013055,-23.407847599999997],[-49.3043467,-23.406845400000005],[-49.3085892,-23.408062599999997],[-49.313550400000004,-23.404783299999995],[-49.3150044,-23.401552999999996],[-49.31725190000001,-23.400633799999994],[-49.3211191,-23.4023033],[-49.32383879999999,-23.402066499999997],[-49.3259013,-23.40420629999999],[-49.3290991,-23.404291800000003],[-49.33320020000001,-23.4062518],[-49.3369062,-23.413916899999997],[-49.34255410000001,-23.4166363],[-49.3505705,-23.418732999999992],[-49.3547284,-23.4168799],[-49.3587962,-23.4191095],[-49.3617608,-23.4232757],[-49.36205640000001,-23.429690800000003],[-49.360498299999996,-23.435134700000003],[-49.3652732,-23.433340999999995],[-49.36637290000001,-23.43075550000001],[-49.3693988,-23.428549600000004],[-49.3701055,-23.419460499999996],[-49.373532700000005,-23.414885099999996],[-49.3834261,-23.408450800000008],[-49.3897983,-23.398756199999998],[-49.3950101,-23.395513799999993],[-49.3973199,-23.3995854]]]}},{"type":"Feature","properties":{"id":"3501","nome":"São Paulo"},"geometry":{"type":"MultiPolygon","coordinates":[[[[-46.6747694,-24.47830959999999],[-46.6746575,-24.483934700000002],[-46.6715984,-24.48565339999999],[-46.671384800000006,-24.488663199999994],[-46.6762472,-24.491996800000017],[-46.6775361,-24.49090079999999],[-46.6765426,-24.488593299999998],[-46.6779366,-24.4847055],[-46.6774336,-24.477973299999995],[-46.675947400000005,-24.475882499999997],[-46.67650799999999,-24.47789910000001],[-46.6747694,-24.47830959999999]]],[[[-47.0310409,-24.428685199999993],[-47.03134000000001,-24.428495299999994],[-47.03119409999999,-24.428410299999992],[-47.0310409,-24.428685199999993]]],[[[-46.994036300000005,-24.4115138],[-46.9942414,-24.411019500000002],[-46.9935023,-24.4110835],[-46.994036300000005,-24.4115138]]],[[[-47.00107280000001,-24.410147700000003],[-47.0027379,-24.410533900000004],[-47.0033164,-24.409309999999998],[-47.0005784,-24.4084642],[-47.00107280000001,-24.410147700000003]]],[[[-46.9991775,-24.408121799999993],[-46.9996753,-24.408489600000003],[-46.9995119,-24.408035300000005],[-46.9991775,-24.408121799999993]]],[[[-47.0077149,-24.396432700000005],[-47.00739540000001,-24.396108599999998],[-47.0072536,-24.39634619999999],[-47.0077149,-24.396432700000005]]],[[[-46.98828100000001,-24.38402680000001],[-46.9864057,-24.3845064],[-46.9885259,-24.385310399999995],[-46.98828100000001,-24.38402680000001]]],[[[-46.984230700000005,-24.37994499999999],[-46.9847468,-24.382510299999996],[-46.9875936,-24.381542000000007],[-46.98687900000001,-24.379437899999985],[-46.984230700000005,-24.37994499999999]]],[[[-46.8078948,-24.37535439999999],[-46.8068898,-24.374016999999988],[-46.8053414,-24.3745644],[-46.8063809,-24.376264900000002],[-46.8078948,-24.37535439999999]]],[[[-46.803409300000006,-24.373635999999994],[-46.8039607,-24.3752986],[-46.8048921,-24.375362099999993],[-46.803409300000006,-24.373635999999994]]],[[[-47.00522229999999,-24.367774899999997],[-47.0045514,-24.367532600000004],[-47.0047933,-24.367866299999992],[-47.00522229999999,-24.367774899999997]]],[[[-46.97958109999999,-24.3605287],[-46.98092840000001,-24.36276339999999],[-46.98117500000001,-24.3616134],[-46.97958109999999,-24.3605287]]],[[[-46.9995114,-24.349378299999998],[-46.9996378,-24.349602900000004],[-46.9997924,-24.349523899999998],[-46.9995114,-24.349378299999998]]],[[[-46.89068139999999,-24.253695100000005],[-46.8895167,-24.254455199999995],[-46.8910588,-24.25405529999999],[-46.89068139999999,-24.253695100000005]]],[[[-46.691121,-24.2368357],[-46.6902412,-24.237229399999993],[-46.69054400000001,-24.237724299999996],[-46.691121,-24.2368357]]],[[[-46.791708,-24.194932499999997],[-46.792994,-24.194913199999995],[-46.793266499999994,-24.1936856],[-46.79205900000001,-24.194083199999994],[-46.791708,-24.194932499999997]]],[[[-47.120765999999996,-24.364766],[-47.126374,-24.366375999999992],[-47.130188,-24.365048000000012],[-47.133356,-24.367050999999993],[-47.13551,-24.364318000000004],[-47.14070900000001,-24.365099000000015],[-47.1468736,-24.364337999999996],[-47.1480655,-24.362572],[-47.147573200000004,-24.359816399999996],[-47.1461088,-24.35881429999999],[-47.147319700000004,-24.357989899999986],[-47.151138,-24.3609174],[-47.15587609999999,-24.367511899999993],[-47.16191630000001,-24.366179100000007],[-47.1646548,-24.364310699999983],[-47.1696395,-24.365674499999994],[-47.1738727,-24.364668200000004],[-47.175275,-24.369169999999997],[-47.1806144,-24.37505410000001],[-47.1856278,-24.374317800000007],[-47.1877908,-24.366177900000004],[-47.1941652,-24.36272989999999],[-47.1986928,-24.364982699999985],[-47.1980768,-24.367578299999998],[-47.1989584,-24.368306000000004],[-47.2049732,-24.369181800000003],[-47.2091847,-24.371337599999997],[-47.21759720000001,-24.3698647],[-47.22190150000001,-24.374474899999996],[-47.2350824,-24.376434900000003],[-47.2355356,-24.37405019999999],[-47.2372904,-24.372992999999997],[-47.2474475,-24.37381029999999],[-47.2490205,-24.3653524],[-47.2474251,-24.361813700000003],[-47.25116340000001,-24.360711199999997],[-47.2609802,-24.358892600000008],[-47.2644696,-24.359461200000002],[-47.2709602,-24.35643170000001],[-47.27615229999999,-24.355961600000004],[-47.282643400000005,-24.359389800000006],[-47.28908229999999,-24.357923600000003],[-47.2935747,-24.360046500000003],[-47.29650720000001,-24.359244399999998],[-47.300335100000005,-24.359943899999998],[-47.3051055,-24.356045399999992],[-47.3088961,-24.357355999999992],[-47.3083976,-24.355155499999995],[-47.3109673,-24.3542689],[-47.31271370000001,-24.35165100000001],[-47.307123,-24.351734600000004],[-47.3068474,-24.350900099999997],[-47.31065430000001,-24.34883469999999],[-47.3122023,-24.3454308],[-47.30436770000001,-24.3435851],[-47.3052768,-24.341016799999988],[-47.3090522,-24.338532999999998],[-47.311839600000006,-24.33861750000001],[-47.3157385,-24.336442700000003],[-47.3208112,-24.337882800000003],[-47.3195096,-24.339520000000007],[-47.32236809999999,-24.338966599999992],[-47.32633419999999,-24.3399177],[-47.3293249,-24.3360625],[-47.33599230000001,-24.331431299999995],[-47.3438383,-24.3328274],[-47.3453612,-24.3294469],[-47.349155800000005,-24.32668409999999],[-47.350629,-24.3224584],[-47.3479387,-24.318289299999982],[-47.34340180000001,-24.316214699999993],[-47.3405184,-24.3162956],[-47.340697899999995,-24.313945000000015],[-47.3341749,-24.3158892],[-47.329475800000004,-24.312720600000002],[-47.326660600000004,-24.312219099999986],[-47.3262026,-24.3103306],[-47.3289442,-24.310656200000007],[-47.331455,-24.309121200000003],[-47.33013879999999,-24.3059584],[-47.331156,-24.303583299999996],[-47.3304105,-24.300201900000005],[-47.3341206,-24.2959536],[-47.33786469999999,-24.293818799999997],[-47.3333191,-24.292434899999996],[-47.33181570000001,-24.2873505],[-47.3299226,-24.286537999999997],[-47.322328,-24.287280199999998],[-47.3197192,-24.285846699999986],[-47.3191001,-24.283478300000006],[-47.3147332,-24.278706300000003],[-47.3123109,-24.27852839999999],[-47.3099455,-24.280081200000005],[-47.306014700000006,-24.278871899999988],[-47.29566940000001,-24.27910569999999],[-47.293478900000004,-24.280086299999994],[-47.28671930000001,-24.277454499999997],[-47.28775949999999,-24.27140319999999],[-47.2860386,-24.26703889999999],[-47.2834903,-24.2650513],[-47.289209,-24.2579617],[-47.286391200000004,-24.254075],[-47.286322000000006,-24.251387500000007],[-47.2837846,-24.249981900000005],[-47.28563609999999,-24.247700500000008],[-47.2849062,-24.243612500000005],[-47.2871085,-24.242115699999992],[-47.2873944,-24.234482800000002],[-47.2917831,-24.2305834],[-47.292199499999995,-24.227578399999995],[-47.295483700000005,-24.22225710000001],[-47.2944888,-24.219547900000002],[-47.29260250000001,-24.21911290000001],[-47.2936953,-24.215200999999997],[-47.2893304,-24.208286299999997],[-47.290184100000005,-24.197579499999993],[-47.2878987,-24.196440400000007],[-47.2820171,-24.1970129],[-47.2800577,-24.196047999999998],[-47.2766852,-24.193473499999996],[-47.2754179,-24.186851899999994],[-47.272709400000004,-24.184827799999997],[-47.27390470000001,-24.18078489999999],[-47.2800539,-24.180466900000006],[-47.287038200000005,-24.17475699999999],[-47.2883695,-24.171639199999994],[-47.28584320000001,-24.1661102],[-47.2883233,-24.162124199999997],[-47.281594299999995,-24.154221000000003],[-47.279607600000006,-24.1485907],[-47.2803383,-24.14705800000001],[-47.275262,-24.147233700000005],[-47.2743412,-24.149346599999998],[-47.2735552,-24.147809499999997],[-47.26845990000001,-24.1469228],[-47.269796500000005,-24.1437785],[-47.2722734,-24.143860100000005],[-47.2717955,-24.1420481],[-47.273485400000006,-24.140181],[-47.270950000000006,-24.135329199999987],[-47.2706486,-24.124497400000003],[-47.2680129,-24.122515200000002],[-47.265428199999995,-24.123328400000002],[-47.2644512,-24.120800699999993],[-47.2681717,-24.115707399999998],[-47.26218420000001,-24.1119974],[-47.26091350000001,-24.107490499999997],[-47.25661459999999,-24.107462700000003],[-47.2557453,-24.102911299999995],[-47.2535326,-24.1006106],[-47.2480291,-24.10162160000001],[-47.24288200000001,-24.098110599999995],[-47.2414722,-24.099153100000006],[-47.23664970000001,-24.0966412],[-47.23677680000001,-24.093186099999993],[-47.2318712,-24.087814499999993],[-47.2344362,-24.084918800000004],[-47.231164400000004,-24.0855727],[-47.228096400000005,-24.0820488],[-47.22626040000001,-24.083164],[-47.220392800000006,-24.079615400000005],[-47.21858830000001,-24.081401399999994],[-47.2157934,-24.079105200000004],[-47.2091961,-24.07889929999999],[-47.210137700000004,-24.07760819999999],[-47.2057719,-24.075531899999994],[-47.2053153,-24.076700600000002],[-47.201887600000006,-24.074909100000003],[-47.200163,-24.075292900000004],[-47.1994087,-24.0733087],[-47.1953849,-24.071974199999985],[-47.1969382,-24.069507900000016],[-47.1952684,-24.06668609999999],[-47.1937156,-24.067157499999993],[-47.19004730000001,-24.063839200000004],[-47.1876502,-24.064916500000002],[-47.1839214,-24.060572],[-47.18131950000001,-24.05975759999999],[-47.1787383,-24.060928200000003],[-47.177398700000005,-24.058885599999993],[-47.17272760000001,-24.058443799999996],[-47.1652262,-24.0538066],[-47.160216000000005,-24.052397899999992],[-47.1601875,-24.04853110000001],[-47.161643700000006,-24.046527299999997],[-47.1592369,-24.045049999999996],[-47.15944220000001,-24.04121239999999],[-47.1643756,-24.034819099999986],[-47.1627541,-24.023720799999996],[-47.158043,-24.021131299999997],[-47.1551114,-24.016356500000008],[-47.1525373,-24.016907900000003],[-47.151562199999994,-24.019899900000006],[-47.147798400000006,-24.0178051],[-47.1453867,-24.0177445],[-47.14535200000001,-24.0157527],[-47.143478900000005,-24.015133000000002],[-47.1374039,-24.0172984],[-47.134385400000006,-24.016713699999997],[-47.1271346,-24.008717999999995],[-47.1305998,-24.0092059],[-47.139364300000004,-24.014195000000008],[-47.142444000000005,-24.011358899999998],[-47.1503955,-24.0106649],[-47.15297770000001,-24.006351600000002],[-47.15745450000001,-24.006415599999997],[-47.161954900000005,-24.003141600000006],[-47.1635863,-24.003790800000008],[-47.1692117,-24.002120899999987],[-47.1716981,-24.003606799999993],[-47.1781047,-24.003440300000005],[-47.183146,-24.000753800000005],[-47.187459000000004,-24.002570000000002],[-47.1902239,-23.99912839999999],[-47.193456700000006,-23.998036500000005],[-47.1934034,-23.999044199999993],[-47.196822,-24.001252900000008],[-47.19995320000001,-24.00059500000001],[-47.20053630000001,-23.998366099999995],[-47.1970858,-23.996333100000005],[-47.19497009999999,-23.992258899999996],[-47.1887141,-23.991078599999998],[-47.1923189,-23.983871999999995],[-47.1946122,-23.982063699999998],[-47.1934076,-23.980281699999995],[-47.1947095,-23.976958600000003],[-47.1939578,-23.974705],[-47.1967638,-23.976040099999988],[-47.197790700000006,-23.972853099999995],[-47.1998063,-23.972295],[-47.20108999999999,-23.97337870000001],[-47.199693,-23.9697047],[-47.200828,-23.968905599999992],[-47.2046673,-23.9714084],[-47.2061421,-23.969442500000007],[-47.20585590000001,-23.966211099999995],[-47.2085219,-23.96486099999999],[-47.2032319,-23.959368499999997],[-47.195553000000004,-23.958188199999995],[-47.19373,-23.9534207],[-47.1970188,-23.95335089999999],[-47.1987087,-23.9486071],[-47.199892600000005,-23.9498454],[-47.2008669,-23.949086699999995],[-47.20173820000001,-23.945221599999993],[-47.200446799999995,-23.939151200000005],[-47.19841780000001,-23.938946899999994],[-47.1942751,-23.941958900000003],[-47.1889898,-23.939590799999994],[-47.1893376,-23.9347286],[-47.19181150000001,-23.932889499999995],[-47.1913352,-23.92809879999999],[-47.1880229,-23.931089699999998],[-47.1827385,-23.930317400000014],[-47.179442699999996,-23.937347099999986],[-47.1780355,-23.936320799999997],[-47.1789746,-23.9334535],[-47.1757494,-23.9318069],[-47.1708202,-23.934642299999993],[-47.1626824,-23.93411879999999],[-47.1612801,-23.9357514],[-47.16000350000001,-23.935585199999995],[-47.15840060000001,-23.932203999999995],[-47.1578814,-23.926091500000002],[-47.1557662,-23.923676],[-47.1561578,-23.921258199999993],[-47.1534393,-23.920729899999994],[-47.150639299999995,-23.918399900000004],[-47.14665800000001,-23.91299659999999],[-47.1427077,-23.911799699999996],[-47.14271970000001,-23.9087174],[-47.13849530000001,-23.904942199999997],[-47.13817240000001,-23.903133499999996],[-47.144263499999994,-23.901442199999998],[-47.1426901,-23.900205199999988],[-47.1391024,-23.899871800000003],[-47.13492540000001,-23.894357299999992],[-47.13530329999999,-23.891197799999993],[-47.1376684,-23.890981000000004],[-47.1368593,-23.889626999999994],[-47.13980080000001,-23.890646999999998],[-47.1368574,-23.888439099999992],[-47.1368588,-23.885704099999995],[-47.1347453,-23.885238299999997],[-47.1335311,-23.883461],[-47.1324869,-23.884447999999992],[-47.1347216,-23.881830099999988],[-47.134219,-23.8803324],[-47.1318805,-23.878382200000008],[-47.1295505,-23.8788133],[-47.12660270000001,-23.87484309999999],[-47.1292512,-23.8750964],[-47.133129600000004,-23.873324999999998],[-47.1319187,-23.872619000000004],[-47.1323181,-23.8694218],[-47.1300172,-23.869325999999987],[-47.1309043,-23.868501],[-47.1292576,-23.863796099999995],[-47.12982529999999,-23.861282099999997],[-47.1274727,-23.86014349999999],[-47.125373800000006,-23.860632500000005],[-47.125109900000005,-23.857936099999993],[-47.1229075,-23.856653199999993],[-47.1234574,-23.85310509999999],[-47.1180626,-23.849753099999994],[-47.11808750000001,-23.8450973],[-47.1168659,-23.84328200000001],[-47.117708400000005,-23.842127100000006],[-47.1163658,-23.840407100000004],[-47.1146851,-23.840393499999994],[-47.1129961,-23.843367899999993],[-47.110332899999996,-23.842423699999994],[-47.10753869999999,-23.84829140000001],[-47.102970500000005,-23.848848199999996],[-47.101852900000004,-23.847243199999998],[-47.09974160000001,-23.847617199999995],[-47.0961292,-23.845857000000006],[-47.093988800000005,-23.847238599999997],[-47.089045199999994,-23.8470011],[-47.0790548,-23.843174199999996],[-47.0743629,-23.843362499999998],[-47.072649,-23.84185199999999],[-47.0659032,-23.843489900000005],[-47.066045,-23.837967400000004],[-47.0595799,-23.84297769999999],[-47.0579177,-23.843240999999995],[-47.0567479,-23.841593000000003],[-47.0552576,-23.8439699],[-47.05110350000001,-23.844187],[-47.04741219999999,-23.84088509999999],[-47.044047,-23.83973410000001],[-47.0431949,-23.840671499999996],[-47.0445135,-23.837339300000007],[-47.040777899999995,-23.838039399999996],[-47.04240930000001,-23.8360778],[-47.039008,-23.836199000000004],[-47.038177999999995,-23.835312999999996],[-47.035211000000004,-23.837705000000007],[-47.035697,-23.840643],[-47.028693000000004,-23.846215],[-47.027165,-23.845087],[-47.027617,-23.843883999999996],[-47.025773,-23.844014999999995],[-47.02496,-23.841215999999996],[-47.022615,-23.840250000000005],[-47.021714,-23.836071999999987],[-47.019923000000006,-23.835363000000005],[-47.018653,-23.836463999999996],[-47.016844,-23.836139000000003],[-47.01565900000001,-23.83481299999999],[-47.014787,-23.835596],[-47.01458900000001,-23.830945999999997],[-47.01260800000001,-23.83074099999999],[-47.014337,-23.828002],[-47.013039000000006,-23.825096000000006],[-47.01756400000001,-23.82132699999999],[-47.01579199999999,-23.820138000000004],[-47.017397,-23.817770999999997],[-47.015122,-23.814486999999996],[-47.007245,-23.815665999999993],[-47.00123200000001,-23.812716999999996],[-46.99923100000001,-23.813212000000007],[-46.994583,-23.811663],[-46.991868,-23.809228000000008],[-46.98647,-23.808414000000006],[-46.98553100000001,-23.80445399999999],[-46.984038,-23.803154],[-46.98603,-23.800532],[-46.988924,-23.800811999999993],[-46.993182999999995,-23.803450000000005],[-46.995256999999995,-23.801895999999992],[-46.996592,-23.802721],[-46.998841,-23.801142000000002],[-47.000501,-23.801683],[-47.00208799999999,-23.798944000000002],[-47.00540900000001,-23.797341],[-47.00858900000001,-23.791849999999997],[-47.014098,-23.79221099999999],[-47.015992,-23.789880000000004],[-47.019268000000004,-23.788646999999997],[-47.018935,-23.78747],[-47.02069800000001,-23.786132000000006],[-47.02359499999999,-23.779702000000004],[-47.023152,-23.77507499999999],[-47.025242999999996,-23.774345],[-47.026032,-23.771730999999996],[-47.03189549999999,-23.769514300000004],[-47.0322439,-23.767695199999988],[-47.03353249999999,-23.767457399999994],[-47.0323663,-23.765682],[-47.0329229,-23.764330699999988],[-47.0287827,-23.76162040000001],[-47.0295786,-23.759906999999995],[-47.0286012,-23.757359400000006],[-47.0325975,-23.756385099999992],[-47.0346597,-23.757896199999994],[-47.0344968,-23.755928600000004],[-47.03627329999999,-23.753598699999998],[-47.035141100000004,-23.750600399999993],[-47.0360685,-23.748426500000004],[-47.03361670000001,-23.747407499999994],[-47.0322432,-23.743048100000003],[-47.03325670000001,-23.7374606],[-47.0354444,-23.735366599999995],[-47.03949720000001,-23.735086300000006],[-47.0416476,-23.736873400000007],[-47.04717480000001,-23.735057100000006],[-47.0498461,-23.731124700000002],[-47.0494875,-23.728880599999997],[-47.0510927,-23.727667699999998],[-47.05257160000001,-23.720399199999996],[-47.05631220000001,-23.718688500000006],[-47.057745100000005,-23.712662199999993],[-47.0624598,-23.708630999999993],[-47.0613996,-23.703862599999994],[-47.0594382,-23.70195940000001],[-47.06298300000001,-23.6897975],[-47.06216059999999,-23.682469300000005],[-47.069416700000005,-23.68025799999999],[-47.075984,-23.680786999999995],[-47.078022000000004,-23.676174999999997],[-47.07653,-23.675031999999998],[-47.076672,-23.67330499999999],[-47.08194,-23.67100899999999],[-47.08393399999999,-23.668405000000007],[-47.083404,-23.667661000000013],[-47.084756,-23.667155999999995],[-47.081944,-23.664251],[-47.082402,-23.663184],[-47.083213,-23.663590000000003],[-47.083449,-23.66137099999999],[-47.082196,-23.66159100000001],[-47.081855999999995,-23.660595999999995],[-47.08178300000001,-23.658862],[-47.083265000000004,-23.658015999999996],[-47.08110899999999,-23.654365999999996],[-47.082221,-23.65353299999999],[-47.07978399999999,-23.652994999999997],[-47.079133,-23.653928999999987],[-47.077933,-23.652630000000006],[-47.076519,-23.653679999999994],[-47.074503,-23.652490999999998],[-47.0733568,-23.65138200000001],[-47.07435499999999,-23.649839999999994],[-47.072657,-23.645367000000004],[-47.069076,-23.646380999999995],[-47.064696,-23.645462999999992],[-47.062039,-23.64386800000001],[-47.058989,-23.639732],[-47.058052,-23.635667999999992],[-47.059791,-23.629031999999988],[-47.0576119,-23.626203200000006],[-47.0561783,-23.618703300000004],[-47.054107200000004,-23.61718629999999],[-47.0493929,-23.6188388],[-47.04701990000001,-23.6164655],[-47.04733410000001,-23.613999],[-47.04122050000001,-23.610574099999994],[-47.0408521,-23.607309200000003],[-47.0363956,-23.601206299999994],[-47.0372933,-23.598912299999995],[-47.03482910000001,-23.59695449999999],[-47.03118099999999,-23.588954399999995],[-47.032050299999995,-23.583255200000014],[-47.024499,-23.579606999999996],[-47.024707,-23.576217000000007],[-47.029336,-23.571848000000003],[-47.029898,-23.568089000000004],[-47.026861000000004,-23.56824799999999],[-47.024573999999994,-23.566812999999993],[-47.020508,-23.567360999999984],[-47.018863,-23.564333],[-47.014394,-23.563366],[-47.015390000000004,-23.560244000000008],[-47.006126,-23.554358],[-47.007162,-23.551351000000007],[-47.012225,-23.550085000000006],[-47.013164,-23.536354000000006],[-47.007931000000006,-23.535596000000005],[-47.00512400000001,-23.533442999999988],[-46.99691500000001,-23.532132],[-46.99162470000001,-23.5293514],[-46.990932400000005,-23.5278682],[-46.99264709999999,-23.5266659],[-46.992142,-23.524961999999995],[-46.99537699999999,-23.52404800000001],[-46.996998000000005,-23.521966],[-46.996460000000006,-23.514908999999996],[-46.9936,-23.5109],[-46.993703000000004,-23.508333999999998],[-46.995036000000006,-23.506993],[-47.001299,-23.505307999999996],[-47.00392,-23.499389000000008],[-47.00893,-23.494663999999997],[-47.01329500000001,-23.485470999999993],[-47.01784200000001,-23.483691000000004],[-47.017241,-23.481388999999997],[-47.01366199999999,-23.478064000000007],[-47.017211,-23.472586999999997],[-47.012936,-23.467800999999998],[-47.011652,-23.464284999999997],[-47.011195,-23.460256999999988],[-47.013989,-23.457648000000006],[-47.013237,-23.45453],[-47.010403999999994,-23.454798999999998],[-47.01213,-23.452722],[-47.010633,-23.44974500000001],[-47.01227900000001,-23.448186],[-47.010532000000005,-23.445723000000008],[-47.014134000000006,-23.445816000000008],[-47.01554200000001,-23.444024000000002],[-47.016764,-23.445723999999984],[-47.02419199999999,-23.440777999999998],[-47.029318,-23.442486],[-47.031802000000006,-23.44080699999999],[-47.03293899999999,-23.438041],[-47.037571,-23.435529],[-47.035145400000005,-23.431979899999995],[-47.035528,-23.4272473],[-47.038483500000005,-23.42337519999999],[-47.04074440000001,-23.423805999999995],[-47.04147900000001,-23.417099799999995],[-47.03889559999999,-23.415426700000015],[-47.0374115,-23.411833],[-47.03826050000001,-23.410198800000007],[-47.0398348,-23.409934299999993],[-47.0372343,-23.407043200000007],[-47.0395887,-23.403825299999994],[-47.036909,-23.4023312],[-47.0373353,-23.400388900000006],[-47.0361237,-23.399084699999992],[-47.03858480000001,-23.395751199999996],[-47.0382795,-23.394011000000003],[-47.041096200000005,-23.393172699999997],[-47.042625400000006,-23.3867469],[-47.0378604,-23.3825966],[-47.0370486,-23.379126299999996],[-47.033639400000006,-23.379878099999996],[-47.030501699999995,-23.3789279],[-47.0290144,-23.375495800000007],[-47.030601700000005,-23.37175],[-47.034088,-23.371148900000005],[-47.0361795,-23.368780799999993],[-47.0387472,-23.369020200000005],[-47.03962070000001,-23.35910489999999],[-47.04291469999999,-23.352261300000006],[-47.0312477,-23.346012799999993],[-47.02500109999999,-23.345776599999997],[-47.0212363,-23.344125699999996],[-47.0173298,-23.3453575],[-47.01535090000001,-23.340333400000002],[-47.0089393,-23.338679],[-47.0078391,-23.337448799999997],[-47.004933900000005,-23.337979199999996],[-47.00271510000001,-23.33690780000001],[-47.0005443,-23.338141700000005],[-46.9999975,-23.333245799999993],[-46.995719300000005,-23.331000299999996],[-46.9928057,-23.333752500000006],[-46.9914616,-23.3337341],[-46.99149620000001,-23.3326513],[-46.9889646,-23.3341547],[-46.987581500000005,-23.332703499999994],[-46.983667100000005,-23.33364039999999],[-46.97815289999999,-23.329632699999998],[-46.9765271,-23.328997900000005],[-46.97440730000001,-23.329986699999996],[-46.970340400000005,-23.32623549999999],[-46.96403409999999,-23.323574499999996],[-46.9592483,-23.328028199999995],[-46.958547,-23.32639070000001],[-46.9540358,-23.324844399999993],[-46.9523789,-23.32531729999999],[-46.9501721,-23.32421529999999],[-46.94866510000001,-23.32629289999999],[-46.94698650000001,-23.3247922],[-46.94533500000001,-23.325162899999995],[-46.94492189999999,-23.322819799999998],[-46.941409500000006,-23.321382499999995],[-46.9414475,-23.3202623],[-46.93897359999999,-23.323511800000002],[-46.93610780000001,-23.31815920000001],[-46.9335654,-23.317076999999998],[-46.9308956,-23.311669500000004],[-46.926576,-23.3108793],[-46.9224067,-23.307926599999995],[-46.9184298,-23.31072199999999],[-46.9154444,-23.30829560000001],[-46.9080837,-23.308995000000003],[-46.9019133,-23.30758289999999],[-46.9010357,-23.305244999999985],[-46.8971209,-23.304340300000003],[-46.89541950000001,-23.301796299999992],[-46.8900296,-23.299815499999994],[-46.8870433,-23.296171700000006],[-46.8855537,-23.2905306],[-46.881614,-23.28912960000001],[-46.877194,-23.290948200000003],[-46.877797300000005,-23.287572399999995],[-46.8758036,-23.283715499999992],[-46.869642,-23.28218500000001],[-46.867464000000005,-23.277938999999996],[-46.864790000000006,-23.279679999999995],[-46.862539,-23.278496],[-46.860967,-23.281785999999993],[-46.84993899999999,-23.285617],[-46.846878,-23.28451300000001],[-46.846331,-23.282236999999988],[-46.84437100000001,-23.282005999999985],[-46.838457,-23.287918],[-46.834489,-23.286227],[-46.834676,-23.280627000000003],[-46.83187,-23.27899],[-46.819411,-23.280861000000005],[-46.816486,-23.28260999999999],[-46.81444,-23.282215000000004],[-46.813905000000005,-23.276820000000004],[-46.809716,-23.274625999999994],[-46.80555400000001,-23.274753000000004],[-46.80594700000001,-23.27248],[-46.80311,-23.270597999999996],[-46.802440999999995,-23.257011000000002],[-46.792796,-23.261191999999998],[-46.790873,-23.266742],[-46.787637,-23.266469],[-46.786203,-23.265003000000007],[-46.783686,-23.265378000000002],[-46.78399099999999,-23.260878000000005],[-46.778571,-23.256519999999995],[-46.77235300000001,-23.259727999999992],[-46.766504,-23.259306000000002],[-46.763431000000004,-23.25776799999999],[-46.760189,-23.258097999999993],[-46.760068,-23.256229999999988],[-46.757163000000006,-23.25348300000001],[-46.7525611,-23.255744099999998],[-46.751160600000006,-23.25317099999999],[-46.7445536,-23.2502751],[-46.7388663,-23.252691099999996],[-46.7315717,-23.25323480000001],[-46.72536360000001,-23.248457600000005],[-46.7229292,-23.249070099999997],[-46.7185235,-23.2532958],[-46.7095646,-23.253315500000003],[-46.7053349,-23.251630699999993],[-46.7021117,-23.251812300000005],[-46.69793980000001,-23.253595899999993],[-46.6971794,-23.2549749],[-46.6988037,-23.256940100000005],[-46.6957401,-23.257225],[-46.69420029999999,-23.259201],[-46.6909392,-23.2570353],[-46.68656550000001,-23.258958199999995],[-46.6843128,-23.257106600000004],[-46.675774999999994,-23.261601800000005],[-46.672090000000004,-23.256025800000007],[-46.6690511,-23.256375899999988],[-46.6666941,-23.258810200000003],[-46.6524682,-23.259879399999996],[-46.642980400000006,-23.2545923],[-46.637660000000004,-23.258004999999994],[-46.634297,-23.257462999999998],[-46.629639,-23.259089999999993],[-46.62640600000001,-23.256211000000015],[-46.622762,-23.256729],[-46.621961,-23.242418000000004],[-46.61760300000001,-23.240313],[-46.618323,-23.238499999999995],[-46.61699999999999,-23.233300999999997],[-46.61453,-23.23074799999999],[-46.615501,-23.227562999999986],[-46.60979,-23.22581099999999],[-46.60526500000001,-23.228468000000007],[-46.604096000000006,-23.23516399999999],[-46.601173,-23.234240999999994],[-46.59371099999999,-23.236550000000005],[-46.589858,-23.236680999999994],[-46.588294,-23.234787000000004],[-46.583386,-23.232775000000007],[-46.575295,-23.232543000000003],[-46.568253,-23.233734999999996],[-46.566764,-23.235865],[-46.56360200000001,-23.236547999999992],[-46.558956,-23.235208999999994],[-46.553512,-23.23624600000001],[-46.551501,-23.23933899999999],[-46.546229000000004,-23.241378999999995],[-46.539578,-23.239766],[-46.529002,-23.241544000000005],[-46.523799999999994,-23.238073],[-46.520164,-23.237444],[-46.51677900000001,-23.238512999999998],[-46.5153801,-23.237501899999994],[-46.51532400000001,-23.24415900000001],[-46.513474,-23.247481999999998],[-46.514194999999994,-23.250163000000008],[-46.503069,-23.247941999999988],[-46.50232200000001,-23.250517000000006],[-46.49989600000001,-23.252783],[-46.491828,-23.25525199999999],[-46.482865000000004,-23.265321999999998],[-46.483138000000004,-23.26694800000001],[-46.478456,-23.269392000000007],[-46.476232,-23.274901],[-46.472741,-23.276643000000014],[-46.472356,-23.280915999999998],[-46.470818,-23.282660000000003],[-46.467338000000005,-23.280717],[-46.462804,-23.280064999999993],[-46.460636,-23.278070999999997],[-46.460265,-23.275646999999996],[-46.46184000000001,-23.272438999999984],[-46.45938399999999,-23.270338],[-46.454015,-23.273105999999995],[-46.44789200000001,-23.270023999999985],[-46.446926000000005,-23.271495],[-46.43974399999999,-23.273438999999996],[-46.43430300000001,-23.279628000000002],[-46.43740900000001,-23.284552],[-46.429914,-23.289044000000008],[-46.427253,-23.29200000000001],[-46.427635,-23.294938000000002],[-46.42543400000001,-23.297357999999996],[-46.42591500000001,-23.301850000000005],[-46.42165,-23.307641999999998],[-46.418451,-23.316319000000007],[-46.41320700000001,-23.307919999999996],[-46.410499,-23.305790000000002],[-46.41199000000001,-23.301669999999998],[-46.4083,-23.300293999999997],[-46.405078,-23.300967999999997],[-46.402736000000004,-23.299121000000003],[-46.403438,-23.296154999999985],[-46.400639,-23.295317999999998],[-46.399970999999994,-23.288779],[-46.396249,-23.285817999999992],[-46.39033200000001,-23.287516],[-46.387420000000006,-23.286929],[-46.381483,-23.278079999999996],[-46.376292,-23.278384999999993],[-46.37170400000001,-23.275666000000008],[-46.356876,-23.272567000000002],[-46.359286000000004,-23.271124999999998],[-46.359771,-23.267790999999995],[-46.357916,-23.265623000000005],[-46.35381000000001,-23.264964],[-46.353944000000006,-23.262709],[-46.350202,-23.25843500000001],[-46.348066,-23.252645000000005],[-46.337167,-23.250639],[-46.33294,-23.246858000000003],[-46.329657,-23.24634299999999],[-46.326665,-23.240792],[-46.317597000000006,-23.233709999999984],[-46.314401000000004,-23.228830000000002],[-46.311501,-23.227427000000002],[-46.305542,-23.213004999999992],[-46.305809,-23.211105999999987],[-46.308714,-23.208804999999998],[-46.30999899999999,-23.204750999999995],[-46.307672,-23.203134999999996],[-46.30901200000001,-23.199959999999994],[-46.307736000000006,-23.198041],[-46.303811,-23.197303],[-46.301641,-23.198275],[-46.298593999999994,-23.196391000000002],[-46.296933,-23.197011],[-46.286019,-23.190976],[-46.283589,-23.184243999999996],[-46.282202,-23.183443999999994],[-46.27581000000001,-23.184938],[-46.26809200000001,-23.190584],[-46.263297,-23.18817200000001],[-46.262198,-23.186387000000003],[-46.258328,-23.185696999999983],[-46.250531,-23.18901299999999],[-46.244918000000006,-23.185912000000002],[-46.238885,-23.187513999999997],[-46.23554,-23.186641000000005],[-46.232566,-23.189650999999994],[-46.22773800000001,-23.18933199999999],[-46.224675000000005,-23.196238],[-46.21858900000001,-23.19743399999999],[-46.217073000000006,-23.20000599999999],[-46.21442,-23.200453000000007],[-46.20794800000001,-23.205026000000004],[-46.207936000000004,-23.206466999999996],[-46.204882,-23.209673999999993],[-46.203095,-23.207869999999996],[-46.19814600000001,-23.208489000000004],[-46.195848000000005,-23.210609],[-46.19628300000001,-23.218792999999994],[-46.191157000000004,-23.221040999999996],[-46.188671,-23.224632000000007],[-46.183962,-23.224183],[-46.182101,-23.226470999999997],[-46.17891500000001,-23.227216999999992],[-46.174416,-23.231124000000005],[-46.17022899999999,-23.230154999999996],[-46.165017000000006,-23.23514599999999],[-46.153199,-23.235705000000003],[-46.154624,-23.240607999999995],[-46.15750800000001,-23.242299999999993],[-46.158154,-23.246574],[-46.155963,-23.25072199999999],[-46.15694100000001,-23.254920000000002],[-46.15196,-23.257334],[-46.145746,-23.25682700000001],[-46.150622000000006,-23.261534999999984],[-46.150668,-23.26424599999999],[-46.153543000000006,-23.265825],[-46.15196300000001,-23.267518],[-46.150958,-23.274343],[-46.145215,-23.273662999999992],[-46.144245,-23.276378],[-46.139513,-23.27976499999999],[-46.139216,-23.285013999999997],[-46.136674,-23.287507],[-46.12731500000001,-23.287190999999996],[-46.12339,-23.290214999999993],[-46.119359,-23.285482000000002],[-46.113806999999994,-23.285691000000007],[-46.112747,-23.288582999999996],[-46.115173,-23.295191999999997],[-46.113814,-23.299334999999996],[-46.111152,-23.300208],[-46.110258,-23.301767],[-46.102696,-23.302993000000004],[-46.100655,-23.305557999999998],[-46.101475,-23.308597999999996],[-46.098649,-23.309239000000005],[-46.097879000000006,-23.320035000000008],[-46.099545,-23.323724],[-46.098993,-23.326004],[-46.09204429999999,-23.33069490000001],[-46.0905584,-23.333560899999988],[-46.085208,-23.33664209999999],[-46.079966299999995,-23.3415073],[-46.0768566,-23.340937600000007],[-46.0737088,-23.34215459999999],[-46.0679671,-23.348766700000002],[-46.0669931,-23.352869],[-46.06782720000001,-23.3549706],[-46.063506200000006,-23.3588264],[-46.060572900000004,-23.3577916],[-46.059696,-23.360200699999996],[-46.0574589,-23.361426300000005],[-46.0559487,-23.366244200000004],[-46.0514125,-23.368643700000014],[-46.047902,-23.3761789],[-46.038360000000004,-23.387007800000003],[-46.0362051,-23.388221],[-46.03464509999999,-23.38715179999998],[-46.0295291,-23.391757199999997],[-46.02628300000001,-23.3921015],[-46.0222132,-23.38763119999999],[-46.01842280000001,-23.388068899999997],[-46.015694,-23.391174799999998],[-46.0136763,-23.3874964],[-46.010948,-23.387054],[-46.01053979999999,-23.384272500000005],[-46.0064598,-23.383682499999995],[-46.001424699999994,-23.386106899999994],[-45.9983327,-23.391375300000007],[-45.9989793,-23.3939518],[-45.99710290000001,-23.402086499999992],[-45.99462389999999,-23.405810000000002],[-45.9911867,-23.417520100000008],[-45.98394179999999,-23.420463399999992],[-45.979706300000004,-23.418413399999995],[-45.978349699999995,-23.4261517],[-45.9765369,-23.42847180000001],[-45.9697462,-23.426505599999995],[-45.9670468,-23.427366900000006],[-45.9653247,-23.429593700000005],[-45.965496800000004,-23.43303299999999],[-45.9622918,-23.43641639999999],[-45.9595915,-23.442534799999997],[-45.952248700000005,-23.4497456],[-45.95283559999999,-23.4565649],[-45.9574651,-23.465185700000003],[-45.9569044,-23.468607200000005],[-45.96004670000001,-23.46824869999999],[-45.96181140000001,-23.47184850000001],[-45.9683534,-23.475452199999992],[-45.961983800000006,-23.4808538],[-45.956984,-23.4888292],[-45.9557529,-23.4937993],[-45.961650799999994,-23.4963364],[-45.96100030000001,-23.498817000000003],[-45.9497086,-23.5005082],[-45.946605,-23.49597320000001],[-45.939377699999994,-23.4943655],[-45.9341708,-23.497154500000004],[-45.930361600000005,-23.497325500000006],[-45.928796899999995,-23.499192900000004],[-45.92547340000001,-23.499021100000004],[-45.9215181,-23.500533100000002],[-45.917451400000004,-23.505789799999995],[-45.913939,-23.505148800000004],[-45.9113357,-23.5068342],[-45.9040639,-23.505310400000003],[-45.9021244,-23.504301899999998],[-45.90105100000001,-23.500598399999994],[-45.8989794,-23.498647700000003],[-45.89013980000001,-23.496396900000004],[-45.8876884,-23.492481399999996],[-45.882723,-23.495391200000007],[-45.87759140000001,-23.489958699999992],[-45.8716057,-23.489887500000005],[-45.86962510000001,-23.4863926],[-45.865799,-23.483346500000003],[-45.86078680000001,-23.483187200000003],[-45.85800540000001,-23.481548200000006],[-45.85210239999999,-23.480796500000007],[-45.84895349999999,-23.478476500000003],[-45.8467439,-23.474128599999997],[-45.84312499999999,-23.474274299999994],[-45.8402627,-23.472111700000003],[-45.83654800000001,-23.4752911],[-45.8373322,-23.479314000000013],[-45.835352,-23.482867800000008],[-45.824138,-23.488872199999996],[-45.8183034,-23.489635400000004],[-45.8133395,-23.499670100000003],[-45.8042017,-23.494304900000003],[-45.8000718,-23.494676599999995],[-45.79821830000001,-23.4919876],[-45.7952041,-23.4912151],[-45.788014800000006,-23.4935847],[-45.787603600000004,-23.495805600000008],[-45.7899439,-23.4972281],[-45.7886341,-23.50186050000001],[-45.7911483,-23.506327100000004],[-45.7884429,-23.509150699999992],[-45.7823714,-23.5099187],[-45.773893900000004,-23.50841659999999],[-45.7720752,-23.507153],[-45.76360509999999,-23.511206],[-45.75588450000001,-23.511334899999994],[-45.7592762,-23.513021100000003],[-45.7619432,-23.518480499999995],[-45.7596921,-23.5205328],[-45.7594071,-23.522669599999997],[-45.7605365,-23.52400919999999],[-45.75419800000001,-23.5261875],[-45.753980600000006,-23.531965999999997],[-45.7460907,-23.539828800000002],[-45.74709080000001,-23.5546333],[-45.7430319,-23.5581294],[-45.741246999999994,-23.561361499999997],[-45.7459848,-23.564793000000012],[-45.7461274,-23.56612829999999],[-45.741536100000005,-23.5721523],[-45.73337359999999,-23.57208750000001],[-45.730937,-23.5744871],[-45.7316616,-23.576985500000013],[-45.7356465,-23.578292299999994],[-45.7403813,-23.585047399999993],[-45.738176200000005,-23.586902499999997],[-45.7339321,-23.586713499999995],[-45.7340867,-23.5930682],[-45.73928610000001,-23.59600809999999],[-45.740004000000006,-23.598800199999992],[-45.7437527,-23.6020893],[-45.7403546,-23.603932600000004],[-45.73343440000001,-23.603154800000006],[-45.723916800000005,-23.598177999999997],[-45.7214957,-23.599933599999996],[-45.72226340000001,-23.604695299999996],[-45.721454,-23.606336100000004],[-45.715327900000005,-23.608783],[-45.7057963,-23.601676200000004],[-45.7030226,-23.60420339999999],[-45.7017785,-23.6092312],[-45.7035437,-23.611174300000005],[-45.697523100000005,-23.620194500000007],[-45.6977668,-23.62503229999999],[-45.6949842,-23.631227100000004],[-45.7006284,-23.634326600000005],[-45.7074982,-23.644773200000007],[-45.7103015,-23.645293099999993],[-45.7114276,-23.642197099999986],[-45.7138286,-23.643039899999998],[-45.720982799999994,-23.650382300000004],[-45.726237600000005,-23.6530302],[-45.7277672,-23.655667199999993],[-45.7336567,-23.656421000000005],[-45.7416925,-23.6681687],[-45.7451522,-23.668271799999996],[-45.7534978,-23.671315600000007],[-45.763488,-23.671052999999997],[-45.76483890000001,-23.674216600000005],[-45.7678637,-23.675347200000008],[-45.76943240000001,-23.6785313],[-45.77536099999999,-23.680903999999995],[-45.777657,-23.68306099999999],[-45.78444400000001,-23.681609],[-45.786411,-23.678393999999997],[-45.79138600000001,-23.683131],[-45.796058,-23.682972000000007],[-45.799599,-23.693202],[-45.798074,-23.694042],[-45.796588,-23.700415],[-45.797071,-23.705187999999996],[-45.794878,-23.715684000000007],[-45.79934800000001,-23.72062799999999],[-45.80733200000001,-23.724833999999994],[-45.84240230000001,-23.758196000000005],[-45.8710333,-23.76094279999999],[-45.87935070000001,-23.763209299999993],[-45.8814362,-23.762453300000008],[-45.8983204,-23.765352899999996],[-45.9411516,-23.775717800000013],[-45.972647,-23.785350299999994],[-45.9905798,-23.7929746],[-45.99277870000001,-23.795690599999993],[-45.991591,-23.7971723],[-45.9928466,-23.800275000000006],[-45.997757799999995,-23.803210899999996],[-46.0002298,-23.80356079999999],[-46.00033220000001,-23.801516499999995],[-46.0021108,-23.799898900000002],[-46.008131,-23.800268700000007],[-46.023458600000005,-23.80514499999999],[-46.0342637,-23.81055679999999],[-46.037778200000005,-23.813825400000002],[-46.039342100000006,-23.817787800000012],[-46.038511699999994,-23.8201187],[-46.0351777,-23.820514200000012],[-46.0349849,-23.821396499999995],[-46.038531400000004,-23.822021200000002],[-46.0397886,-23.823784500000002],[-46.03898,-23.825919399999997],[-46.0470781,-23.832034299999997],[-46.0515922,-23.829308499999996],[-46.0503871,-23.828143700000005],[-46.04739849999999,-23.82835240000001],[-46.04498829999999,-23.8253827],[-46.0455481,-23.822374],[-46.048271,-23.818890599999996],[-46.057481100000004,-23.81433729999999],[-46.06622159999999,-23.814595299999997],[-46.0886796,-23.822120600000005],[-46.11821400000001,-23.836615000000002],[-46.12526150000001,-23.841681799999996],[-46.12939240000001,-23.845082500000007],[-46.131835099999996,-23.849093],[-46.13311620000001,-23.852237900000002],[-46.13313260000001,-23.8580087],[-46.1301882,-23.856863300000004],[-46.1257431,-23.85702319999999],[-46.12382550000001,-23.8607711],[-46.1275176,-23.8630601],[-46.1312855,-23.8630681],[-46.1363269,-23.8681126],[-46.13646030000001,-23.8710514],[-46.1393867,-23.875324799999998],[-46.137547299999994,-23.877200399999996],[-46.14087249999999,-23.88084390000001],[-46.1374469,-23.88553900000001],[-46.13816,-23.8901131],[-46.14084069999999,-23.892105899999997],[-46.1481776,-23.893775699999996],[-46.152095800000005,-23.901125599999993],[-46.150582299999996,-23.9058546],[-46.1471366,-23.90481939999999],[-46.1461764,-23.9057761],[-46.1557287,-23.909256200000005],[-46.156513800000006,-23.907024200000006],[-46.160651,-23.906510300000004],[-46.1671342,-23.9110452],[-46.1685905,-23.915089800000004],[-46.1721556,-23.91706789999999],[-46.1742258,-23.921368],[-46.1788713,-23.924183800000005],[-46.1805433,-23.93309359999999],[-46.17835409999999,-23.9390277],[-46.173865600000006,-23.941559800000004],[-46.1702226,-23.9378641],[-46.1683385,-23.93773639999999],[-46.1655934,-23.944157300000008],[-46.160411100000005,-23.945524299999995],[-46.1670105,-23.94700719999999],[-46.1725675,-23.957872699999996],[-46.17771280000001,-23.9605347],[-46.1819031,-23.9611759],[-46.1847043,-23.965379299999995],[-46.1845917,-23.971256],[-46.1870217,-23.9727925],[-46.185766799999996,-23.974964100000005],[-46.187247400000004,-23.977430599999995],[-46.1848108,-23.978808],[-46.1866195,-23.982632100000004],[-46.1842051,-23.9829558],[-46.1860472,-23.984518799999996],[-46.18627420000001,-23.987090100000003],[-46.18171470000001,-23.989139],[-46.182806,-23.991444600000005],[-46.1852891,-23.992137300000003],[-46.18789410000001,-23.989941800000004],[-46.19128490000001,-23.989939900000003],[-46.19570869999999,-23.993987299999997],[-46.200363,-23.995111099999992],[-46.20085639999999,-23.996593400000005],[-46.1996891,-23.997666999999993],[-46.2024904,-24.0006075],[-46.2066845,-24.000247099999992],[-46.2077746,-23.998976000000006],[-46.202709899999995,-23.99412849999999],[-46.20366610000001,-23.991310299999988],[-46.21190030000001,-23.986407799999988],[-46.2279191,-23.988172600000002],[-46.2396519,-23.9907848],[-46.247397600000006,-23.993858099999997],[-46.24805520000001,-23.995844100000006],[-46.2523774,-23.99661250000001],[-46.25565480000001,-23.999609400000004],[-46.25926960000001,-24.000135700000005],[-46.265198,-24.004051899999993],[-46.267444000000005,-24.009072499999988],[-46.2652771,-24.010061700000012],[-46.2629812,-24.014077000000004],[-46.2693214,-24.0132468],[-46.27446020000001,-24.0159028],[-46.27856630000001,-24.0204935],[-46.28031080000001,-24.025967100000003],[-46.2777389,-24.0302657],[-46.2781132,-24.036387000000005],[-46.2819578,-24.03838069999999],[-46.2826157,-24.0430309],[-46.2889225,-24.045150900000003],[-46.287615,-24.042239499999994],[-46.2898211,-24.0398109],[-46.28684210000001,-24.0382563],[-46.28915070000001,-24.036690499999985],[-46.28758100000001,-24.0360485],[-46.28802050000001,-24.034424199999993],[-46.2847189,-24.032385200000004],[-46.284514,-24.029325500000006],[-46.28580680000001,-24.028548599999997],[-46.28407870000001,-24.026474800000003],[-46.2861367,-24.024196100000005],[-46.2893117,-24.025662399999995],[-46.292123,-24.02314590000001],[-46.292538500000006,-24.0220296],[-46.2908237,-24.019705100000003],[-46.2949655,-24.0159868],[-46.2994977,-24.016100399999996],[-46.30456199999999,-24.0194846],[-46.311180400000005,-24.028664799999998],[-46.3126609,-24.027043100000007],[-46.3119963,-24.0225697],[-46.3130021,-24.020809200000002],[-46.315267000000006,-24.020259999999997],[-46.3192572,-24.0245976],[-46.3246677,-24.0215655],[-46.32286820000001,-24.016332999999992],[-46.3236141,-24.01225550000001],[-46.32233430000001,-24.0095292],[-46.323475,-24.0090997],[-46.3201451,-24.003001299999994],[-46.32067409999999,-24.000769999999996],[-46.322166700000004,-24.00048529999999],[-46.32119649999999,-23.998790399999997],[-46.3196472,-23.997366600000003],[-46.3161756,-23.996988599999995],[-46.31514,-23.998471499999994],[-46.3132824,-23.9982566],[-46.311062400000004,-23.996136199999995],[-46.3082528,-23.995683999999986],[-46.305666,-23.991179699999993],[-46.31745910000001,-23.979053200000003],[-46.3255315,-23.9746589],[-46.3323278,-23.972723200000008],[-46.3473285,-23.970552499999997],[-46.3496982,-23.970840900000006],[-46.3502686,-23.97251089999999],[-46.3509612,-23.971541],[-46.3527317,-23.9723643],[-46.3577438,-23.970954400000004],[-46.3659599,-23.97286309999999],[-46.3686878,-23.974857100000012],[-46.3698327,-23.9776026],[-46.3678503,-23.97848550000001],[-46.3672633,-23.981132799999994],[-46.36888660000001,-23.981882299999985],[-46.3724888,-23.980182900000003],[-46.37167639999999,-23.97651990000001],[-46.3726862,-23.976050299999994],[-46.37172540000001,-23.974912099999994],[-46.375083700000005,-23.969936699999998],[-46.37748450000001,-23.969412499999994],[-46.3825277,-23.971086199999995],[-46.385821699999994,-23.974366400000005],[-46.388635900000004,-23.974775699999995],[-46.388745,-23.97628939999999],[-46.38401770000001,-23.9783782],[-46.380977800000004,-23.9772579],[-46.38043230000001,-23.979203300000005],[-46.37850160000001,-23.9798683],[-46.3788045,-23.984174399999997],[-46.37474869999999,-23.985182499999997],[-46.3745129,-23.986727499999997],[-46.3782711,-23.9923495],[-46.377995999999996,-23.99378189999999],[-46.38416310000001,-23.995573799999995],[-46.386915,-23.995153500000004],[-46.39179370000001,-23.998383400000005],[-46.391535,-24.001789799999997],[-46.388745500000006,-24.0052262],[-46.39225369999999,-24.007949599999993],[-46.39115580000001,-24.012981900000003],[-46.3864956,-24.0145886],[-46.3836651,-24.018434399999993],[-46.39012530000001,-24.017008799999992],[-46.391569700000005,-24.021529199999996],[-46.39026810000001,-24.02382679999999],[-46.3989054,-24.033519099999992],[-46.4017174,-24.0321703],[-46.399098,-24.026558500000004],[-46.399411400000005,-24.019178000000004],[-46.400851100000004,-24.018217500000002],[-46.40814970000001,-24.015842399999997],[-46.415595,-24.0156591],[-46.4350829,-24.018611899999996],[-46.4550015,-24.0239106],[-46.48425600000001,-24.034875699999997],[-46.549444900000005,-24.063600599999997],[-46.63509140000001,-24.1044789],[-46.6759914,-24.125850599999993],[-46.748971000000004,-24.1664343],[-46.788846400000004,-24.187245799999992],[-46.7891097,-24.18901709999999],[-46.7926157,-24.1911812],[-46.7938932,-24.19387649999999],[-46.800267100000006,-24.195117499999995],[-46.8016125,-24.197550699999997],[-46.8045178,-24.1983603],[-46.8048125,-24.200358799999986],[-46.80845500000001,-24.20137799999999],[-46.8106902,-24.200649400000003],[-46.8115256,-24.2025177],[-46.813145600000006,-24.2010458],[-46.816357200000006,-24.202047099999998],[-46.85331480000001,-24.223875299999996],[-46.931563100000005,-24.274713499999997],[-46.9785859,-24.310857500000004],[-46.993940300000006,-24.325411499999998],[-47.0018676,-24.3355963],[-47.0017128,-24.3392857],[-46.999431,-24.34133020000001],[-47.001714899999996,-24.344519100000007],[-47.00007500000001,-24.346547600000008],[-47.00028090000001,-24.348966899999997],[-46.998871400000006,-24.3508224],[-46.995999999999995,-24.350524399999998],[-46.9986706,-24.351630799999995],[-47.0024817,-24.362065899999997],[-47.0069366,-24.366907699999995],[-47.0093426,-24.367213399999997],[-47.0182818,-24.37958799999999],[-47.0161799,-24.387515100000005],[-47.013753200000004,-24.387541199999994],[-47.0134098,-24.388670299999998],[-47.008479400000006,-24.388658399999994],[-47.0108162,-24.390372400000004],[-47.0093668,-24.396633599999998],[-47.0014349,-24.397857899999998],[-47.0017422,-24.40047129999999],[-47.0050135,-24.401637999999995],[-47.0037975,-24.409591599999995],[-47.008967500000004,-24.40961259999999],[-47.009005800000004,-24.41246449999999],[-47.0073091,-24.41304059999999],[-47.008629600000006,-24.41468240000001],[-47.0126023,-24.414001499999998],[-47.0144308,-24.412174499999992],[-47.0192208,-24.414766300000007],[-47.021810800000004,-24.41761079999999],[-47.0201594,-24.419332300000008],[-47.0214962,-24.422591],[-47.0246522,-24.42362209999999],[-47.025037499999996,-24.424961300000003],[-47.02883070000001,-24.4270972],[-47.037177,-24.4268843],[-47.04535630000001,-24.430461999999984],[-47.04693640000001,-24.429932000000004],[-47.0489858,-24.431473800000003],[-47.0482585,-24.4325852],[-47.053278899999995,-24.4331004],[-47.0778999,-24.448204499999996],[-47.07839800000001,-24.441126999999998],[-47.08102900000001,-24.43768900000001],[-47.08196100000001,-24.433305],[-47.08633900000001,-24.430516],[-47.08725900000001,-24.432540999999997],[-47.09288300000001,-24.435505999999993],[-47.101991000000005,-24.43328399999999],[-47.10807,-24.42982000000001],[-47.108006,-24.426936999999985],[-47.111814,-24.426002999999994],[-47.114403,-24.420040000000007],[-47.116003,-24.417866999999998],[-47.117723,-24.417633],[-47.116552,-24.412775],[-47.113703,-24.410363999999998],[-47.11232,-24.399696999999996],[-47.107951,-24.397723999999993],[-47.10064599999999,-24.391469000000004],[-47.10695199999999,-24.38840500000001],[-47.110991000000006,-24.388069000000005],[-47.112942000000004,-24.386264999999987],[-47.110997999999995,-24.382550999999996],[-47.116244,-24.378960999999997],[-47.11638800000001,-24.376426],[-47.11416899999999,-24.37169799999999],[-47.117068,-24.36937599999999],[-47.117929,-24.36692899999999],[-47.120765999999996,-24.364766]]],[[[-46.3681955,-23.982043100000002],[-46.3678176,-23.982538299999998],[-46.3683322,-23.982346600000003],[-46.3681955,-23.982043100000002]]],[[[-46.160712600000004,-24.32766999999999],[-46.1624107,-24.331134300000006],[-46.1634218,-24.3310976],[-46.160712600000004,-24.32766999999999]]],[[[-46.1820476,-24.321026099999994],[-46.1833823,-24.320731199999994],[-46.180066,-24.318077900000006],[-46.17986380000001,-24.3192203],[-46.1820476,-24.321026099999994]]],[[[-46.270954800000005,-24.049671900000003],[-46.27070929999999,-24.049897499999997],[-46.2710804,-24.049881200000005],[-46.270954800000005,-24.049671900000003]]],[[[-46.260819,-24.0448184],[-46.26263169999999,-24.048390600000005],[-46.2603894,-24.05141220000001],[-46.2612123,-24.0527312],[-46.26736530000001,-24.050158199999988],[-46.26449610000001,-24.0483449],[-46.262809100000005,-24.045290799999993],[-46.260819,-24.0448184]]],[[[-46.2950384,-24.0280665],[-46.2939762,-24.027913199999986],[-46.295001,-24.02847999999999],[-46.2950384,-24.0280665]]],[[[-46.2927096,-24.025908499999996],[-46.2937219,-24.0253576],[-46.2921956,-24.024556800000003],[-46.2927096,-24.025908499999996]]],[[[-46.21786670000001,-24.01030770000001],[-46.219552400000005,-24.010450000000002],[-46.2165306,-24.007586899999993],[-46.2167882,-24.0087402],[-46.21786670000001,-24.01030770000001]]],[[[-46.3235119,-24.008423599999993],[-46.3241577,-24.009388899999998],[-46.32541150000001,-24.009389200000005],[-46.3249251,-24.008030499999997],[-46.3235119,-24.008423599999993]]],[[[-46.2534899,-24.002509000000007],[-46.254472,-24.002406],[-46.2557446,-24.00087949999999],[-46.2550544,-24.000901900000006],[-46.2534899,-24.002509000000007]]],[[[-46.3536491,-23.974466199999988],[-46.3513581,-23.9732058],[-46.35275260000001,-23.9750978],[-46.3536491,-23.974466199999988]]],[[[-46.180090500000006,-23.9709161],[-46.1814787,-23.97544299999999],[-46.1842285,-23.975038],[-46.1836588,-23.972226199999998],[-46.18121080000001,-23.970524699999995],[-46.180090500000006,-23.9709161]]],[[[-46.1771545,-23.970552799999997],[-46.17593190000001,-23.969680199999996],[-46.17580100000001,-23.9699029],[-46.1771545,-23.970552799999997]]],[[[-46.16782920000001,-23.9663575],[-46.1660779,-23.967552500000014],[-46.168077200000006,-23.967773599999994],[-46.16782920000001,-23.9663575]]],[[[-46.17050050000001,-23.927478200000003],[-46.169584199999996,-23.927433499999996],[-46.170484900000005,-23.927873599999995],[-46.17050050000001,-23.927478200000003]]],[[[-46.1679708,-23.915938599999993],[-46.1682921,-23.91472179999999],[-46.16669050000001,-23.915238999999993],[-46.166712999999994,-23.915764700000004],[-46.1679708,-23.915938599999993]]],[[[-46.136222700000005,-23.8928937],[-46.1375382,-23.892267999999998],[-46.13591790000001,-23.891852899999993],[-46.136222700000005,-23.8928937]]],[[[-46.1298535,-23.88505],[-46.1292024,-23.883836700000007],[-46.12832999999999,-23.8852399],[-46.128483800000005,-23.88532910000001],[-46.1298535,-23.88505]]],[[[-46.1359861,-23.87239909999999],[-46.13526370000001,-23.8713547],[-46.1337586,-23.8714354],[-46.135052800000004,-23.872486999999996],[-46.1359861,-23.87239909999999]]],[[[-46.0255871,-23.8267079],[-46.026376000000006,-23.825931799999996],[-46.024929,-23.825706600000004],[-46.0255871,-23.8267079]]]]}},{"type":"Feature","properties":{"id":"3502","nome":"Sorocaba"},"geometry":{"type":"MultiPolygon","coordinates":[[[[-48.0371488,-25.355917199999993],[-48.035414700000004,-25.35681819999999],[-48.0374973,-25.3579998],[-48.03821980000001,-25.357030800000004],[-48.0371488,-25.355917199999993]]],[[[-47.9533435,-25.274464100000003],[-47.95591360000001,-25.2744269],[-47.9576122,-25.272837199999994],[-47.95252190000001,-25.272826999999996],[-47.9533435,-25.274464100000003]]],[[[-48.9127864,-24.6735082],[-48.9101915,-24.677947100000004],[-48.9126736,-24.681869100000004],[-48.9152604,-24.6829124],[-48.922427,-24.675186900000007],[-48.931023599999996,-24.675651999999996],[-48.9424746,-24.672276099999994],[-48.9495988,-24.6748469],[-48.95510180000001,-24.684087699999985],[-48.9584529,-24.68528319999999],[-48.961032900000006,-24.684513200000012],[-48.9606193,-24.679593000000008],[-48.9622021,-24.6741686],[-48.9655105,-24.672759200000005],[-48.968494500000006,-24.673293799999986],[-48.974926800000006,-24.671666999999992],[-48.974429900000004,-24.666833500000013],[-48.978627,-24.6649743],[-48.986348,-24.6649703],[-48.987858800000005,-24.665902199999998],[-48.98890870000001,-24.6647412],[-48.989399,-24.656642899999998],[-48.9909288,-24.6552439],[-49.0007072,-24.655342500000007],[-49.008037300000005,-24.660489899999998],[-49.00942700000001,-24.66036929999998],[-49.01067669999999,-24.655975499999997],[-49.0073335,-24.649220599999996],[-49.0054025,-24.639132600000003],[-49.00448599999999,-24.637803],[-49.000884,-24.638594000000005],[-48.9992665,-24.637855100000007],[-49.0007099,-24.635349600000005],[-49.0046777,-24.633238899999995],[-49.0083629,-24.634563099999994],[-49.0150367,-24.641876699999994],[-49.0183748,-24.642616500000003],[-49.0210912,-24.6419876],[-49.0322088,-24.63383139999999],[-49.040033599999994,-24.636846500000004],[-49.0422869,-24.640573399999997],[-49.0409828,-24.6432817],[-49.0385153,-24.643766999999993],[-49.0350678,-24.640821200000012],[-49.0328746,-24.641942199999995],[-49.03456760000001,-24.650050000000004],[-49.039508100000006,-24.653364700000004],[-49.0373997,-24.660419699999988],[-49.04550820000001,-24.666099899999992],[-49.0448383,-24.669038099999998],[-49.0462554,-24.672698699999994],[-49.0518457,-24.6806952],[-49.0644047,-24.6860254],[-49.07015040000001,-24.683964899999996],[-49.0714056,-24.6777306],[-49.0746749,-24.67341649999999],[-49.0798327,-24.672608799999992],[-49.0844055,-24.672975199999996],[-49.08524430000001,-24.6799337],[-49.09708719999999,-24.6818741],[-49.1000938,-24.676325000000002],[-49.1055909,-24.674711699999996],[-49.1089408,-24.676548500000006],[-49.1088747,-24.6858485],[-49.1115946,-24.68835230000001],[-49.118347199999995,-24.686238799999998],[-49.1223742,-24.682450699999993],[-49.126173200000004,-24.684176300000004],[-49.13142989999999,-24.68093249999999],[-49.133487900000006,-24.676596599999993],[-49.136071300000005,-24.675247099999996],[-49.14815120000001,-24.675276600000004],[-49.1539457,-24.672005400000003],[-49.16252310000001,-24.671383199999994],[-49.1698477,-24.67560389999999],[-49.1748425,-24.6721351],[-49.1805445,-24.671653000000003],[-49.187123,-24.6736981],[-49.1915292,-24.678019100000004],[-49.1944598,-24.683057499999993],[-49.2050114,-24.68596239999999],[-49.2063501,-24.6889499],[-49.20484540000001,-24.697504699999996],[-49.20985430000001,-24.70184719999999],[-49.2148307,-24.702228],[-49.2232588,-24.6985849],[-49.2370413,-24.699110099999995],[-49.2444379,-24.696758899999995],[-49.25739960000001,-24.696449999999995],[-49.262758600000005,-24.692538399999993],[-49.27568110000001,-24.6943759],[-49.2879819,-24.684411599999994],[-49.294162500000006,-24.675882500000004],[-49.3037627,-24.673012399999998],[-49.3053976,-24.673649800000003],[-49.305018200000006,-24.669033899999995],[-49.31201540000001,-24.663532699999994],[-49.31131659999999,-24.662131799999994],[-49.30815170000001,-24.66086130000001],[-49.3071821,-24.657982699999994],[-49.3026208,-24.658131499999993],[-49.2998835,-24.654042099999995],[-49.301294500000004,-24.6528835],[-49.301666899999994,-24.649832399999994],[-49.305511700000004,-24.648961400000005],[-49.3097351,-24.645761099999998],[-49.30700840000001,-24.644440300000003],[-49.3063758,-24.642851900000018],[-49.31067399999999,-24.640194199999996],[-49.313707900000004,-24.642062199999984],[-49.31642810000001,-24.6389985],[-49.31337740000001,-24.637990199999994],[-49.312871,-24.634327099999997],[-49.3144561,-24.6334296],[-49.3140712,-24.632066400000006],[-49.311596900000005,-24.6302905],[-49.30973770000001,-24.625093599999992],[-49.3070756,-24.621738099999998],[-49.3146246,-24.61426459999999],[-49.3122699,-24.610801700000003],[-49.3140964,-24.6082731],[-49.3119031,-24.605120600000003],[-49.31312799999999,-24.6047037],[-49.31224089999999,-24.603615],[-49.3096472,-24.6042803],[-49.3084023,-24.603485799999998],[-49.3092027,-24.6022144],[-49.3035971,-24.596948700000002],[-49.3080168,-24.592888399999996],[-49.3145465,-24.590280700000005],[-49.3165653,-24.5879751],[-49.31593329999999,-24.5867103],[-49.3123524,-24.586069700000007],[-49.312772,-24.58252720000001],[-49.310872200000006,-24.58099539999999],[-49.3125989,-24.578877199999997],[-49.3117114,-24.5746257],[-49.3137644,-24.5722851],[-49.3135482,-24.569988400000007],[-49.3176777,-24.566639500000008],[-49.3176762,-24.564054100000003],[-49.31463850000001,-24.562451000000003],[-49.31598940000001,-24.555508899999996],[-49.3097861,-24.553412999999992],[-49.309816299999994,-24.5499278],[-49.30857490000001,-24.549157800000003],[-49.3070724,-24.5499229],[-49.3055731,-24.54639190000001],[-49.3040893,-24.546977200000004],[-49.3028266,-24.550127299999996],[-49.299699600000004,-24.55065940000001],[-49.2970901,-24.549609800000006],[-49.2957282,-24.5520942],[-49.2925311,-24.552889999999994],[-49.2922598,-24.544301500000003],[-49.283671899999995,-24.540826],[-49.280272,-24.5372649],[-49.28034619999999,-24.534705000000002],[-49.2837925,-24.533677500000007],[-49.2836584,-24.532274400000006],[-49.2852026,-24.5300102],[-49.28642949999999,-24.530470999999995],[-49.2879631,-24.527064200000012],[-49.2868484,-24.523233499999996],[-49.2883439,-24.522837000000003],[-49.28623670000001,-24.5182592],[-49.287117,-24.514203300000002],[-49.2895682,-24.5134185],[-49.2897041,-24.51049420000001],[-49.29472620000001,-24.5064014],[-49.296462000000005,-24.501895500000007],[-49.295260799999994,-24.499902500000008],[-49.2914917,-24.499901499999996],[-49.2900096,-24.49779439999999],[-49.284284500000005,-24.494821000000012],[-49.28112800000001,-24.495123499999995],[-49.2695737,-24.492310100000005],[-49.2713419,-24.490179099999988],[-49.2702186,-24.484618599999997],[-49.2712203,-24.483332899999994],[-49.2698187,-24.481278600000007],[-49.26545790000001,-24.479329099999987],[-49.263851200000005,-24.4744273],[-49.2591131,-24.47279379999999],[-49.2545682,-24.473919600000002],[-49.2534283,-24.473009299999994],[-49.2537376,-24.470453599999995],[-49.24898519999999,-24.471505399999998],[-49.2469227,-24.469097999999992],[-49.249122899999996,-24.466526099999996],[-49.2489272,-24.46467399999999],[-49.2484906,-24.463399200000005],[-49.2453174,-24.46510929999999],[-49.2453364,-24.458413699999994],[-49.2512639,-24.457437499999997],[-49.253548900000006,-24.455744500000005],[-49.25167770000001,-24.4515712],[-49.2534449,-24.449552000000008],[-49.2505178,-24.445419500000003],[-49.252519099999994,-24.441537300000004],[-49.2532326,-24.435936600000005],[-49.25266210000001,-24.4341523],[-49.247705800000006,-24.430479599999998],[-49.2406832,-24.42201479999999],[-49.2405166,-24.419072200000002],[-49.2355492,-24.409552099999996],[-49.2378503,-24.404472799999997],[-49.241003400000004,-24.402072099999998],[-49.2430967,-24.401888699999997],[-49.2473988,-24.406299400000005],[-49.2502344,-24.413864899999993],[-49.25347719999999,-24.409443600000007],[-49.253500300000006,-24.405038500000007],[-49.2476759,-24.39271769999999],[-49.2394566,-24.3845021],[-49.2378191,-24.379020100000005],[-49.2316478,-24.375061400000007],[-49.2234598,-24.363485400000002],[-49.2161546,-24.355890300000006],[-49.2138715,-24.353935899999996],[-49.2084608,-24.352259899999993],[-49.2065661,-24.348383399999996],[-49.20111180000001,-24.3451066],[-49.2012106,-24.34270019999999],[-49.2046826,-24.340549799999998],[-49.203793100000006,-24.33959350000001],[-49.2059465,-24.33825399999998],[-49.2242872,-24.340228399999994],[-49.2312127,-24.330395199999998],[-49.23605950000001,-24.329604300000003],[-49.2395438,-24.331430099999988],[-49.2447022,-24.3321752],[-49.2457714,-24.330791700000002],[-49.2488757,-24.330512599999995],[-49.250458200000004,-24.328789800000003],[-49.2494046,-24.325457300000007],[-49.25043659999999,-24.3193643],[-49.2530468,-24.319052099999997],[-49.2555542,-24.3166604],[-49.2581573,-24.316855900000007],[-49.2611247,-24.312403],[-49.267681700000004,-24.309441599999992],[-49.2698211,-24.307175000000008],[-49.2734999,-24.3083918],[-49.274712,-24.3054811],[-49.2782,-24.306394700000002],[-49.2811169,-24.309657699999995],[-49.283808900000004,-24.308062899999996],[-49.2829055,-24.3070909],[-49.2860996,-24.304072100000003],[-49.2870008,-24.299058200000008],[-49.2891653,-24.2980722],[-49.290792999999994,-24.293726399999997],[-49.2887126,-24.291793999999992],[-49.2938727,-24.289389099999998],[-49.29675730000001,-24.29025989999999],[-49.2986741,-24.287808499999997],[-49.2990405,-24.2863704],[-49.2965734,-24.287528300000005],[-49.295206,-24.28543049999999],[-49.298146700000004,-24.2830575],[-49.2979319,-24.279825100000004],[-49.301235,-24.27630389999999],[-49.298709900000006,-24.268056500000007],[-49.3005969,-24.26610589999999],[-49.30096,-24.262935400000003],[-49.3021771,-24.262530599999995],[-49.3026241,-24.259140199999994],[-49.30836870000001,-24.260208900000002],[-49.3086736,-24.258669700000002],[-49.3061782,-24.2569174],[-49.305374099999995,-24.25143100000001],[-49.3080586,-24.2506902],[-49.3092112,-24.248334000000007],[-49.3116863,-24.246933599999995],[-49.312705900000005,-24.243396800000006],[-49.315897400000004,-24.244351499999983],[-49.3196237,-24.243806500000005],[-49.3198239,-24.2381022],[-49.3212071,-24.2387743],[-49.322678,-24.2359764],[-49.3347402,-24.231037000000008],[-49.336908,-24.227555599999985],[-49.35067720000001,-24.220800900000004],[-49.355957800000006,-24.21451229999999],[-49.3568399,-24.211543300000006],[-49.3557624,-24.2090737],[-49.3415441,-24.20312199999999],[-49.3449867,-24.198565000000006],[-49.34650940000001,-24.192413500000015],[-49.34345909999999,-24.187743300000008],[-49.3398259,-24.1747945],[-49.34034530000001,-24.157179299999992],[-49.33893199999999,-24.154381900000008],[-49.3350125,-24.153060700000005],[-49.332459400000005,-24.15012079999999],[-49.3367954,-24.144909499999994],[-49.3365663,-24.137581900000004],[-49.3384655,-24.136935199999993],[-49.3404795,-24.13888659999999],[-49.34187570000001,-24.13838859999999],[-49.3435273,-24.135081799999995],[-49.349483,-24.132458099999997],[-49.35153809999999,-24.132773599999997],[-49.3614279,-24.1281116],[-49.364933099999995,-24.1238557],[-49.364928,-24.122088],[-49.36215549999999,-24.12009510000001],[-49.3646876,-24.118415099999996],[-49.368321400000006,-24.118140399999994],[-49.3708465,-24.114383399999994],[-49.3756244,-24.117781799999992],[-49.3779931,-24.118092899999997],[-49.3831809,-24.115107999999992],[-49.38693279999999,-24.115870599999997],[-49.389100000000006,-24.1196287],[-49.3939486,-24.1141034],[-49.4039289,-24.109298699999997],[-49.4091526,-24.108256200000007],[-49.4050025,-24.1035759],[-49.4047046,-24.102151599999996],[-49.4078182,-24.09792760000001],[-49.404684200000005,-24.097257299999992],[-49.4048821,-24.095849399999988],[-49.4102982,-24.094668700000007],[-49.4122107,-24.092861999999993],[-49.4146847,-24.0949802],[-49.41626200000001,-24.094304100000002],[-49.415708200000005,-24.092768400000008],[-49.41926200000001,-24.090820599999994],[-49.421987800000004,-24.092171399999994],[-49.427012,-24.087278],[-49.43001069999999,-24.088536],[-49.43184380000001,-24.085601299999993],[-49.4315369,-24.081083],[-49.4290126,-24.078037399999992],[-49.4353899,-24.075094799999984],[-49.4328167,-24.073608200000002],[-49.42978620000001,-24.068708799999996],[-49.4348729,-24.067617900000002],[-49.4389829,-24.068747800000004],[-49.440203,-24.062956399999997],[-49.43782350000001,-24.05878629999999],[-49.4498477,-24.05642170000001],[-49.4575401,-24.049485199999996],[-49.457654000000005,-24.0451379],[-49.4626573,-24.038167400000006],[-49.46126399999999,-24.033046100000007],[-49.4634431,-24.027435800000006],[-49.4695843,-24.025750299999984],[-49.473759300000005,-24.027314899999997],[-49.4749425,-24.024143699999986],[-49.4743817,-24.020059699999994],[-49.4796049,-24.01943959999999],[-49.48156740000001,-24.02405629999999],[-49.48715370000001,-24.02459979999999],[-49.48759640000001,-24.0221082],[-49.4900451,-24.0201132],[-49.49015490000001,-24.018659600000007],[-49.4861554,-24.016632899999998],[-49.4873495,-24.0153597],[-49.4915171,-24.0154479],[-49.492068800000006,-24.0142649],[-49.4896575,-24.01263359999999],[-49.48348690000001,-24.011922000000006],[-49.481019700000004,-24.00880459999999],[-49.480571,-24.0061714],[-49.4814223,-24.0052243],[-49.4861806,-24.006575899999998],[-49.48720599999999,-24.003994099999996],[-49.486405,-24.000438700000007],[-49.4893038,-23.9990859],[-49.4922699,-23.9933786],[-49.4981248,-23.993808299999998],[-49.4936847,-23.97759579999999],[-49.50060070000001,-23.9694895],[-49.5044735,-23.96771870000001],[-49.5072424,-23.967393700000006],[-49.50923559999999,-23.9713627],[-49.5107702,-23.971956199999997],[-49.516756799999996,-23.970122499999988],[-49.5137065,-23.9643974],[-49.509114600000004,-23.963920499999997],[-49.5056359,-23.96108439999999],[-49.4996675,-23.959209799999993],[-49.5000358,-23.957976200000004],[-49.505668799999995,-23.9548441],[-49.5029134,-23.948542199999988],[-49.5039222,-23.9471733],[-49.5102468,-23.9478598],[-49.5138758,-23.9444224],[-49.519791,-23.94702599999999],[-49.5210997,-23.94610179999999],[-49.5244665,-23.935153099999997],[-49.523322,-23.9344172],[-49.514357100000005,-23.937763899999986],[-49.510372200000006,-23.937155900000004],[-49.508046,-23.93372459999999],[-49.508382,-23.932539300000002],[-49.5096007,-23.93134349999999],[-49.51458040000001,-23.931603499999998],[-49.5154003,-23.930482599999984],[-49.51160470000001,-23.925899899999997],[-49.5169049,-23.923352599999994],[-49.5235972,-23.916233600000012],[-49.5269897,-23.922429299999997],[-49.5307614,-23.922511800000006],[-49.5309017,-23.928104],[-49.532208000000004,-23.930105899999997],[-49.53693450000001,-23.927538299999995],[-49.540185699999995,-23.92732830000001],[-49.54374140000001,-23.923978900000012],[-49.5464334,-23.923110699999988],[-49.5569897,-23.922730700000006],[-49.5536259,-23.916543499999992],[-49.554464499999995,-23.9152973],[-49.5631719,-23.912342400000007],[-49.5695187,-23.899465],[-49.57520540000001,-23.899466099999994],[-49.577378100000004,-23.897438299999997],[-49.575661000000004,-23.889617899999998],[-49.5757973,-23.8829927],[-49.57360150000001,-23.877954999999996],[-49.574683400000005,-23.8770489],[-49.57801169999999,-23.8795547],[-49.5853486,-23.890429],[-49.58835260000001,-23.886188500000003],[-49.591928100000004,-23.87485619999999],[-49.5940995,-23.872551399999995],[-49.6024638,-23.868281899999996],[-49.6019616,-23.862861100000007],[-49.5992076,-23.85978200000001],[-49.599718100000004,-23.857089699999996],[-49.602214100000005,-23.855425299999997],[-49.6088232,-23.853936499999996],[-49.6107365,-23.85169489999999],[-49.60890570000001,-23.848587099999996],[-49.606491,-23.8480221],[-49.597545499999995,-23.849373000000007],[-49.59548180000001,-23.84679919999999],[-49.595995800000004,-23.845596500000003],[-49.60761990000001,-23.84062229999999],[-49.6080379,-23.839379599999997],[-49.60402700000001,-23.837498200000006],[-49.5985289,-23.83679220000001],[-49.5896015,-23.841800700000004],[-49.58667309999999,-23.842260400000004],[-49.5866628,-23.84078580000001],[-49.5926634,-23.837050199999993],[-49.594011300000005,-23.8328257],[-49.59300770000001,-23.830301999999996],[-49.587494,-23.827139500000012],[-49.57267840000001,-23.827046799999998],[-49.5682121,-23.8210578],[-49.5637078,-23.819540099999998],[-49.5608915,-23.815914499999995],[-49.560068900000005,-23.811930699999998],[-49.5631045,-23.801931400000004],[-49.5596818,-23.7936084],[-49.5658228,-23.780771399999995],[-49.5700232,-23.779668099999995],[-49.57054740000001,-23.778366600000005],[-49.56649,-23.777804399999987],[-49.566545100000006,-23.771928899999995],[-49.562378800000005,-23.768861599999994],[-49.5621463,-23.766751],[-49.563824000000004,-23.764197700000008],[-49.5605048,-23.761306600000008],[-49.5734628,-23.756039600000005],[-49.573066700000005,-23.7544929],[-49.5709189,-23.753609700000013],[-49.56601800000001,-23.752997299999997],[-49.5638126,-23.750081399999996],[-49.5637765,-23.747880000000006],[-49.567608299999996,-23.740135099999996],[-49.5673236,-23.736778599999994],[-49.5640497,-23.732219299999997],[-49.5614752,-23.731661699999993],[-49.55524040000001,-23.7372344],[-49.5513241,-23.738734],[-49.5484334,-23.7347954],[-49.54882380000001,-23.732420699999988],[-49.5546823,-23.7253597],[-49.555516100000006,-23.72213080000001],[-49.5530449,-23.711087799999994],[-49.5491992,-23.704016399999993],[-49.5510111,-23.70239599999999],[-49.5543378,-23.7026549],[-49.5557226,-23.701043399999996],[-49.5542121,-23.69676199999999],[-49.557401,-23.6935285],[-49.5563119,-23.690960799999996],[-49.5588045,-23.68974319999999],[-49.5600848,-23.6921122],[-49.5613298,-23.692078499999997],[-49.56350040000001,-23.687942500000005],[-49.5617362,-23.685696199999995],[-49.5668457,-23.685753899999998],[-49.568121,-23.6880412],[-49.5691,-23.685052299999995],[-49.5758532,-23.680405299999997],[-49.5746332,-23.67592640000001],[-49.576822,-23.676376799999996],[-49.5784827,-23.678984400000004],[-49.57987610000001,-23.678328500000003],[-49.5816913,-23.671086800000012],[-49.5831928,-23.670271300000003],[-49.58259910000001,-23.666204500000006],[-49.5802117,-23.664587900000004],[-49.58079680000001,-23.663486900000002],[-49.58573750000001,-23.663841899999998],[-49.5853073,-23.65887549999999],[-49.602133800000004,-23.652116100000004],[-49.60228750000001,-23.645125199999992],[-49.603381500000005,-23.6435252],[-49.6171452,-23.639585900000004],[-49.61638090000001,-23.638145999999992],[-49.6106506,-23.636182999999992],[-49.608246300000005,-23.6340732],[-49.6082423,-23.6276203],[-49.6062747,-23.624946599999998],[-49.60635210000001,-23.623714700000004],[-49.6135975,-23.62312530000001],[-49.6135745,-23.619727499999996],[-49.6155748,-23.616748099999988],[-49.6136034,-23.61471819999999],[-49.614213400000004,-23.613473800000012],[-49.6183207,-23.612895700000003],[-49.620958300000005,-23.611113699999997],[-49.6189093,-23.594331000000007],[-49.6161597,-23.590982],[-49.609990700000004,-23.589944000000003],[-49.602017000000004,-23.582696700000003],[-49.6011773,-23.575231700000003],[-49.60698730000001,-23.56828419999999],[-49.6079896,-23.56523239999999],[-49.6000144,-23.558391000000004],[-49.5987438,-23.554637799999995],[-49.5987658,-23.552993],[-49.601350800000006,-23.551553900000002],[-49.6043442,-23.54755579999999],[-49.6057172,-23.541664900000004],[-49.6005144,-23.537254200000003],[-49.6002062,-23.535624399999996],[-49.6114321,-23.528614599999987],[-49.624217099999996,-23.523302599999987],[-49.6295249,-23.513582699999997],[-49.6272659,-23.508430299999993],[-49.6217511,-23.5059441],[-49.6148352,-23.51029430000001],[-49.6128168,-23.50827230000001],[-49.6135935,-23.505973699999988],[-49.6183059,-23.50172119999999],[-49.6213793,-23.4933252],[-49.620074,-23.491070100000005],[-49.6160428,-23.4900306],[-49.6133996,-23.4868313],[-49.6127029,-23.48286849999999],[-49.615572799999995,-23.4734973],[-49.614880299999996,-23.472201000000005],[-49.60328940000001,-23.4784236],[-49.5998572,-23.47850089999999],[-49.5988007,-23.4758427],[-49.60257250000001,-23.470639500000004],[-49.6012211,-23.461262499999993],[-49.5980687,-23.458232600000006],[-49.596130300000006,-23.459754000000007],[-49.5933112,-23.458841900000007],[-49.5921291,-23.460409000000002],[-49.5960749,-23.463426200000008],[-49.59497480000001,-23.465410999999996],[-49.593397,-23.462975900000004],[-49.591771699999995,-23.463203999999998],[-49.5925578,-23.470215100000004],[-49.59445680000001,-23.4740658],[-49.588575,-23.4787118],[-49.582629000000004,-23.480516299999994],[-49.5776322,-23.479667599999996],[-49.5800813,-23.485456100000007],[-49.5771603,-23.49214769999999],[-49.5755575,-23.4902876],[-49.5671222,-23.49079719999999],[-49.56595360000001,-23.491561500000007],[-49.5666744,-23.49416439999999],[-49.5640396,-23.496121499999997],[-49.5590124,-23.49409539999999],[-49.5542219,-23.496162200000004],[-49.5509194,-23.495106699999997],[-49.5485197,-23.495660099999995],[-49.5435585,-23.500053599999987],[-49.5387782,-23.50008920000001],[-49.533912900000004,-23.502556899999988],[-49.53614,-23.506108500000007],[-49.534205,-23.505916199999994],[-49.5343755,-23.508118699999997],[-49.53030979999999,-23.508536699999997],[-49.5283316,-23.510839899999993],[-49.5237841,-23.5091688],[-49.5219809,-23.510231600000004],[-49.52056019999999,-23.507781500000007],[-49.5131993,-23.507909799999997],[-49.5119528,-23.510203999999995],[-49.510263,-23.5108655],[-49.509520300000005,-23.509888999999994],[-49.5009113,-23.5182747],[-49.48603549999999,-23.5268967],[-49.4807326,-23.533641199999998],[-49.4802584,-23.540110200000004],[-49.4770846,-23.541087599999997],[-49.4778267,-23.5379295],[-49.4747251,-23.531227199999993],[-49.4666817,-23.5299584],[-49.4620531,-23.5251468],[-49.46124309999999,-23.521234599999993],[-49.457765499999994,-23.519117099999995],[-49.46112870000001,-23.5164092],[-49.463609,-23.511448399999995],[-49.4614112,-23.50789770000001],[-49.454163,-23.505083899999992],[-49.4562184,-23.499602700000008],[-49.4526493,-23.4958066],[-49.446599,-23.496857500000008],[-49.4400168,-23.48969469999999],[-49.4405812,-23.484826999999985],[-49.44679070000001,-23.482149300000003],[-49.4520723,-23.4736357],[-49.45094670000001,-23.469140399999997],[-49.447512800000005,-23.465992400000005],[-49.45348549999999,-23.463164199999998],[-49.4566496,-23.459707199999993],[-49.450292,-23.456013000000002],[-49.4482872,-23.441793999999998],[-49.4436708,-23.439481999999998],[-49.4388477,-23.438745999999995],[-49.4392188,-23.43697919999999],[-49.44301229999999,-23.434084099999996],[-49.4426275,-23.429383300000005],[-49.4466384,-23.425877200000006],[-49.4485292,-23.4220976],[-49.4433218,-23.415805099999996],[-49.4383586,-23.417575199999995],[-49.43176760000001,-23.417316399999997],[-49.4272894,-23.412275399999988],[-49.4186071,-23.407608800000002],[-49.4111321,-23.4055809],[-49.4085332,-23.4030362],[-49.4046108,-23.404599600000008],[-49.4014641,-23.403660399999985],[-49.39768200000001,-23.400267300000003],[-49.3950101,-23.395513799999993],[-49.3897983,-23.398756199999998],[-49.3829245,-23.408943199999992],[-49.373285700000004,-23.415146299999993],[-49.36933820000001,-23.421308100000005],[-49.3693988,-23.428549600000004],[-49.36637290000001,-23.43075550000001],[-49.3652732,-23.433340999999995],[-49.360498299999996,-23.435134700000003],[-49.36205640000001,-23.429690800000003],[-49.3617608,-23.4232757],[-49.3587962,-23.4191095],[-49.3547284,-23.4168799],[-49.3505705,-23.418732999999992],[-49.34255410000001,-23.4166363],[-49.3369062,-23.413916899999997],[-49.33320020000001,-23.4062518],[-49.3290991,-23.404291800000003],[-49.3259013,-23.40420629999999],[-49.32383879999999,-23.402066499999997],[-49.3211191,-23.4023033],[-49.31725190000001,-23.400633799999994],[-49.3150044,-23.401552999999996],[-49.313550400000004,-23.404783299999995],[-49.3085892,-23.408062599999997],[-49.3043467,-23.406845400000005],[-49.3013055,-23.407847599999997],[-49.3007487,-23.412164999999998],[-49.2984443,-23.4149961],[-49.2952534,-23.415590599999987],[-49.29353540000001,-23.417606799999998],[-49.2885737,-23.4151902],[-49.286374900000006,-23.410642400000004],[-49.2796506,-23.413127099999997],[-49.2741331,-23.409752],[-49.2708284,-23.4090352],[-49.27019610000001,-23.410436699999998],[-49.2672264,-23.411030700000012],[-49.2671286,-23.413419499999993],[-49.2628236,-23.412202899999993],[-49.2602403,-23.409071899999994],[-49.25842080000001,-23.40903760000001],[-49.257082000000004,-23.407577399999997],[-49.2518171,-23.4089016],[-49.249868,-23.41402390000001],[-49.248023,-23.412837399999994],[-49.2467822,-23.413726699999994],[-49.2472834,-23.415122799999992],[-49.2436379,-23.4140555],[-49.2405773,-23.4167154],[-49.236653,-23.41465940000001],[-49.229990699999995,-23.41807959999999],[-49.22869,-23.42098559999999],[-49.222987700000004,-23.417412199999994],[-49.2141133,-23.418771699999997],[-49.207626,-23.41252379999999],[-49.207147,-23.404339200000003],[-49.2153137,-23.395482799999993],[-49.2204135,-23.391665999999994],[-49.2235862,-23.38571580000001],[-49.22233570000001,-23.38483449999999],[-49.2179367,-23.386756899999988],[-49.2121154,-23.3868288],[-49.2073865,-23.385489],[-49.2050994,-23.382931999999993],[-49.206324800000004,-23.378127],[-49.2135448,-23.372569899999995],[-49.2135678,-23.3707349],[-49.2098472,-23.367441599999996],[-49.2088074,-23.364792200000004],[-49.210167500000004,-23.3619684],[-49.2155624,-23.357828200000014],[-49.2168077,-23.351275100000006],[-49.2150753,-23.340012199999993],[-49.21177740000001,-23.33382509999999],[-49.2055332,-23.326599699999992],[-49.2028149,-23.319492499999992],[-49.20191950000001,-23.311912300000007],[-49.2037982,-23.307052299999988],[-49.21426910000001,-23.302831600000005],[-49.2167082,-23.3007691],[-49.217337300000004,-23.2985237],[-49.213747899999994,-23.29573649999999],[-49.2042592,-23.2936243],[-49.199505,-23.291360599999997],[-49.197788800000005,-23.28694669999999],[-49.2043476,-23.274490099999998],[-49.2083538,-23.255124],[-49.2079965,-23.2504408],[-49.211180999999996,-23.24426469999999],[-49.208854,-23.2320848],[-49.2099928,-23.227411099999994],[-49.2124641,-23.224538800000005],[-49.220877400000006,-23.22085320000001],[-49.2287334,-23.2114707],[-49.2325165,-23.209647500000003],[-49.2405663,-23.209298899999997],[-49.243261,-23.206732999999996],[-49.2434387,-23.19693279999999],[-49.244994600000005,-23.189543499999996],[-49.2465962,-23.186871299999993],[-49.2487121,-23.18617750000001],[-49.247049499999996,-23.17972809999999],[-49.2432303,-23.173997400000008],[-49.2457158,-23.1722959],[-49.2484996,-23.164980399999994],[-49.2460773,-23.156169599999995],[-49.2454474,-23.144749999999995],[-49.2476484,-23.142293100000007],[-49.2529867,-23.139985299999996],[-49.2598424,-23.121691699999992],[-49.278067099999994,-23.121862999999998],[-49.2837914,-23.12731820000001],[-49.2877799,-23.12907209999999],[-49.2906818,-23.12740459999999],[-49.2960383,-23.1277244],[-49.299337400000006,-23.125813600000008],[-49.3068057,-23.125795799999995],[-49.3104147,-23.124288500000006],[-49.3216751,-23.129662500000002],[-49.3303824,-23.126033499999988],[-49.33336080000001,-23.119239499999985],[-49.3296759,-23.113114599999996],[-49.329773,-23.110763499999997],[-49.3322085,-23.11023809999999],[-49.3364588,-23.1117147],[-49.3359998,-23.107394000000006],[-49.33869570000001,-23.106963599999997],[-49.340590000000006,-23.104688799999998],[-49.3442458,-23.103127],[-49.3465554,-23.096681400000005],[-49.3540626,-23.088116299999996],[-49.3586123,-23.084395600000004],[-49.3645251,-23.0882563],[-49.3680344,-23.08874999999999],[-49.3714794,-23.092256300000003],[-49.3722175,-23.089301200000005],[-49.3756571,-23.0882674],[-49.3769015,-23.083641499999988],[-49.3813087,-23.08206370000001],[-49.3819394,-23.079271200000004],[-49.3800573,-23.066476199999997],[-49.3837982,-23.06126430000001],[-49.384608,-23.057136399999997],[-49.3870379,-23.05608369999999],[-49.387637,-23.05366319999999],[-49.3952888,-23.05793450000001],[-49.406672799999996,-23.056574699999995],[-49.414723800000004,-23.049162299999992],[-49.426779700000004,-23.042052299999998],[-49.4275722,-23.038449600000003],[-49.4307171,-23.0349886],[-49.4308037,-23.031039399999994],[-49.434227500000006,-23.0268547],[-49.4373332,-23.01913070000001],[-49.4365359,-23.0151903],[-49.4324236,-23.00901649999999],[-49.435341099999995,-23.00451440000001],[-49.4392412,-23.0016335],[-49.442747,-22.987201999999996],[-49.4521071,-22.9812237],[-49.4569186,-22.975802099999996],[-49.4604522,-22.968172500000005],[-49.4600411,-22.96599739999999],[-49.4559622,-22.961504699999992],[-49.45940829999999,-22.952658900000003],[-49.452023100000005,-22.943642399999998],[-49.4521626,-22.922596200000005],[-49.4555238,-22.919289999999997],[-49.4585721,-22.913278299999998],[-49.45717200000001,-22.910744200000007],[-49.44898020000001,-22.908650900000005],[-49.4448281,-22.910201399999995],[-49.4409381,-22.90544619999999],[-49.43082660000001,-22.904473600000003],[-49.4206285,-22.909674000000003],[-49.4187656,-22.908216899999996],[-49.4199454,-22.903035099999997],[-49.417709599999995,-22.900548699999998],[-49.4190547,-22.897274199999995],[-49.4133885,-22.894415699999996],[-49.40814040000001,-22.887667800000003],[-49.4045905,-22.887132299999998],[-49.40261629999999,-22.890900200000004],[-49.4001981,-22.8915204],[-49.39674480000001,-22.882294099999996],[-49.3953073,-22.8817726],[-49.392325899999996,-22.8845939],[-49.3908923,-22.889542799999997],[-49.38559060000001,-22.886144899999998],[-49.3839845,-22.887022699999996],[-49.3849156,-22.891171900000003],[-49.38291110000001,-22.89167949999999],[-49.380713500000006,-22.888615699999995],[-49.3774693,-22.891299699999994],[-49.3748258,-22.887872699999996],[-49.3750085,-22.884016500000005],[-49.3733831,-22.882049699999996],[-49.37178839999999,-22.881720299999998],[-49.3695861,-22.883432500000005],[-49.3710487,-22.87891919999999],[-49.369498300000004,-22.874868700000007],[-49.370978,-22.874687300000005],[-49.373866099999994,-22.867557299999998],[-49.377644,-22.863846000000006],[-49.3782675,-22.859743100000003],[-49.3767054,-22.852045300000007],[-49.3750193,-22.8506568],[-49.3767887,-22.838806900000005],[-49.37531830000001,-22.837018],[-49.3730974,-22.827343300000003],[-49.36827480000001,-22.8202187],[-49.37108,-22.807286900000005],[-49.3733351,-22.80123750000001],[-49.3768252,-22.796432900000003],[-49.3791321,-22.786089199999996],[-49.3758909,-22.77745190000001],[-49.3674927,-22.783003699999995],[-49.3607144,-22.784640699999997],[-49.35490020000001,-22.782840400000012],[-49.348346600000006,-22.783049899999995],[-49.3396739,-22.7791344],[-49.334689600000004,-22.775180999999993],[-49.33239710000001,-22.7690655],[-49.3292469,-22.76576549999999],[-49.32452519999999,-22.764159199999998],[-49.3185375,-22.764621099999992],[-49.3089501,-22.7626657],[-49.305389,-22.7631343],[-49.3005759,-22.765705599999993],[-49.29261919999999,-22.764948400000005],[-49.2881441,-22.770940799999998],[-49.2789297,-22.772211500000004],[-49.2766273,-22.7710869],[-49.2730842,-22.7632566],[-49.266267500000005,-22.760048099999995],[-49.26133550000001,-22.7534748],[-49.2549045,-22.752399699999994],[-49.2489356,-22.749430200000003],[-49.24499230000001,-22.752047200000003],[-49.24007029999999,-22.752150500000003],[-49.231386,-22.759540900000005],[-49.2279772,-22.760409600000003],[-49.2249439,-22.750866999999985],[-49.2110483,-22.743634],[-49.2039749,-22.7364089],[-49.197600300000005,-22.722091899999995],[-49.195867500000006,-22.722095900000006],[-49.19026590000001,-22.72589309999999],[-49.183805,-22.722997800000005],[-49.18195500000001,-22.729391700000008],[-49.17425430000001,-22.730068],[-49.172030500000005,-22.723623600000003],[-49.1683719,-22.7220308],[-49.16508710000001,-22.7182612],[-49.1622545,-22.705585999999997],[-49.1561162,-22.6965051],[-49.15317009999999,-22.685249600000002],[-49.14456,-22.681799100000003],[-49.135227400000005,-22.675636699999995],[-49.1332857,-22.672783800000005],[-49.1267906,-22.67345059999999],[-49.11968439999999,-22.672377399999995],[-49.1153888,-22.6740815],[-49.1114339,-22.673866600000004],[-49.108866600000006,-22.675891599999993],[-49.1045991,-22.66938199999999],[-49.1008815,-22.6675645],[-49.0953328,-22.666890799999997],[-49.09680649999999,-22.680449700000004],[-49.09455319999999,-22.685782300000003],[-49.0946257,-22.699359600000008],[-49.0921799,-22.705620199999988],[-49.0854379,-22.713736099999988],[-49.0718,-22.725034399999988],[-49.066615,-22.7309012],[-49.0618461,-22.732880799999997],[-49.0569663,-22.73690580000001],[-49.05163050000001,-22.755606899999997],[-49.0418097,-22.7611249],[-49.0382668,-22.761114199999998],[-49.037149500000005,-22.763396],[-49.0304927,-22.763226499999995],[-49.0265899,-22.7719161],[-49.0254048,-22.7836971],[-49.0232188,-22.789976700000004],[-49.0289485,-22.797618200000002],[-49.0299023,-22.8038721],[-49.0295259,-22.8184288],[-49.0327818,-22.823157400000003],[-49.033369400000005,-22.82897839999999],[-49.0308656,-22.833844000000003],[-49.0284115,-22.835495100000006],[-49.01376919999999,-22.840624200000008],[-49.0104277,-22.832647700000003],[-49.0032384,-22.827039300000006],[-48.9963648,-22.819189],[-48.995514500000006,-22.82403989999999],[-48.9934105,-22.826022900000005],[-48.99321960000001,-22.828067499999992],[-48.9889724,-22.834901299999984],[-48.98342829999999,-22.840510699999992],[-48.9811946,-22.839355399999995],[-48.980451900000006,-22.835668500000004],[-48.97229,-22.830217400000006],[-48.9691363,-22.8250164],[-48.9666159,-22.827497400000002],[-48.949648700000004,-22.824968199999997],[-48.94429360000001,-22.827286199999993],[-48.94174280000001,-22.825888000000003],[-48.9354654,-22.827944099999996],[-48.931147300000006,-22.827207399999992],[-48.9266142,-22.8289276],[-48.9219882,-22.82860959999999],[-48.91496560000001,-22.832315199999993],[-48.9097176,-22.83353659999999],[-48.9015088,-22.84564589999999],[-48.8953333,-22.846889399999995],[-48.893678699999995,-22.848716700000004],[-48.8886284,-22.849012599999988],[-48.8875658,-22.8502861],[-48.880772799999995,-22.850929300000004],[-48.87965380000001,-22.85201629999999],[-48.8759738,-22.8510203],[-48.87017,-22.852447600000005],[-48.8625028,-22.852094800000003],[-48.84804400000001,-22.846664800000006],[-48.8459764,-22.847512099999996],[-48.8451351,-22.84962790000001],[-48.841845600000006,-22.850326699999993],[-48.837627700000006,-22.850131000000005],[-48.8359608,-22.848194300000003],[-48.819969799999996,-22.848464300000003],[-48.8101262,-22.846643699999994],[-48.8064561,-22.84489110000001],[-48.802568,-22.84533370000001],[-48.80329259999999,-22.854537699999987],[-48.7989144,-22.857618599999984],[-48.7966931,-22.8656713],[-48.7909773,-22.867842999999997],[-48.78732659999999,-22.87182050000001],[-48.7935639,-22.874124799999997],[-48.7994285,-22.873402099999996],[-48.8015904,-22.8758505],[-48.8064726,-22.875958199999996],[-48.8097901,-22.880124199999987],[-48.81602889999999,-22.881511100000008],[-48.8202635,-22.887984899999992],[-48.8230714,-22.888103900000004],[-48.82894410000001,-22.8922338],[-48.830282600000004,-22.896997199999994],[-48.8265076,-22.909940799999998],[-48.8297637,-22.912880100000006],[-48.83258219999999,-22.913761200000007],[-48.834088699999995,-22.9131068],[-48.837919799999995,-22.91472829999999],[-48.8414575,-22.919252299999993],[-48.8409193,-22.922279299999996],[-48.8522131,-22.931724700000007],[-48.8504186,-22.9335126],[-48.8498902,-22.9384191],[-48.8463741,-22.940249400000003],[-48.84768540000001,-22.946053700000007],[-48.8469139,-22.948748099999996],[-48.844037,-22.948048],[-48.827279600000004,-22.9488945],[-48.8196884,-22.952288900000006],[-48.81460130000001,-22.95113999999999],[-48.81383050000001,-22.954279799999988],[-48.8111994,-22.95577689999999],[-48.806838600000006,-22.955304200000004],[-48.802642500000005,-22.959420699999995],[-48.793762699999995,-22.9635855],[-48.7899441,-22.963319999999996],[-48.7884475,-22.960216899999992],[-48.78675719999999,-22.962814099999996],[-48.7761296,-22.9664829],[-48.776070600000004,-22.9696088],[-48.7737121,-22.973935899999997],[-48.774443100000006,-22.974693799999997],[-48.77060960000001,-22.978270899999995],[-48.7664705,-22.985103499999997],[-48.7666292,-22.9868834],[-48.761439300000006,-22.992633099999992],[-48.7627231,-22.99827469999999],[-48.76105199999999,-23.004534699999994],[-48.7620233,-23.015524000000013],[-48.76320870000001,-23.017380900000003],[-48.7694436,-23.0201759],[-48.7700249,-23.0333124],[-48.777488,-23.046506300000004],[-48.7787095,-23.053954699999984],[-48.7758018,-23.054709799999998],[-48.77524400000001,-23.058149700000005],[-48.773432899999996,-23.057512899999992],[-48.7723541,-23.0587199],[-48.7706221,-23.066551700000005],[-48.7711765,-23.068726400000003],[-48.76741470000001,-23.074169199999993],[-48.764991699999996,-23.074852699999997],[-48.7641243,-23.07812919999999],[-48.76218140000001,-23.0777904],[-48.757347599999996,-23.081424600000005],[-48.7526315,-23.0832574],[-48.7529483,-23.084452700000003],[-48.747832599999995,-23.085131299999997],[-48.7460551,-23.086936999999995],[-48.74489510000001,-23.086177399999997],[-48.741319,-23.0898977],[-48.7426823,-23.095584500000005],[-48.744783500000004,-23.097407099999998],[-48.74591439999999,-23.1038703],[-48.7510136,-23.114885899999994],[-48.7506509,-23.116021799999995],[-48.747744700000005,-23.117074200000005],[-48.7476754,-23.121853600000005],[-48.73678730000001,-23.135572899999993],[-48.735633,-23.138854000000006],[-48.7359757,-23.143002400000007],[-48.73397799999999,-23.14668299999999],[-48.7382682,-23.15557339999999],[-48.74321419999999,-23.1591295],[-48.7444583,-23.165893700000005],[-48.74236380000001,-23.1726629],[-48.7441038,-23.175522600000008],[-48.7432605,-23.176817100000005],[-48.74471059999999,-23.18605689999999],[-48.743121300000006,-23.189401800000006],[-48.7448884,-23.1979319],[-48.7417523,-23.205467599999984],[-48.735433400000005,-23.209058100000004],[-48.7381536,-23.21270059999999],[-48.73859220000001,-23.217363600000002],[-48.74101340000001,-23.220084999999994],[-48.740652100000005,-23.2301062],[-48.7438856,-23.236623499999993],[-48.7461629,-23.236422100000002],[-48.7475295,-23.2377497],[-48.7449289,-23.2508106],[-48.748755100000004,-23.25163679999999],[-48.7519288,-23.254636200000004],[-48.75662940000001,-23.2562342],[-48.761887300000005,-23.261531199999997],[-48.7687129,-23.26308779999999],[-48.7724282,-23.265786200000004],[-48.7672886,-23.26911789999999],[-48.7666115,-23.271224700000005],[-48.772788199999994,-23.27663309999999],[-48.7736807,-23.28091690000001],[-48.77651110000001,-23.284821199999993],[-48.7747723,-23.290087299999993],[-48.7739979,-23.302420799999997],[-48.7565927,-23.30706359999999],[-48.7409162,-23.3164105],[-48.7327732,-23.319638299999994],[-48.7198614,-23.320092],[-48.713671299999994,-23.318609200000004],[-48.7094026,-23.3190814],[-48.70744760000001,-23.323424299999996],[-48.7094187,-23.338561600000006],[-48.7073429,-23.340761299999993],[-48.70418239999999,-23.3416199],[-48.6909951,-23.34303390000001],[-48.6787059,-23.3421924],[-48.672547599999994,-23.339559300000005],[-48.664184500000005,-23.333712899999984],[-48.63718930000001,-23.32682919999999],[-48.6247878,-23.32561159999999],[-48.60166830000001,-23.3156843],[-48.59050880000001,-23.314921000000002],[-48.585305,-23.309593],[-48.5790202,-23.296597800000004],[-48.5762164,-23.295927800000005],[-48.570759,-23.2974391],[-48.567495900000004,-23.296566700000007],[-48.556322900000005,-23.2838235],[-48.554097600000006,-23.2793638],[-48.5483374,-23.281044900000005],[-48.5370618,-23.273195699999995],[-48.5295163,-23.272878],[-48.5263732,-23.271507699999997],[-48.52078370000001,-23.2724835],[-48.5182105,-23.270169800000005],[-48.5121924,-23.271935100000004],[-48.5113265,-23.269799600000002],[-48.5078155,-23.2669643],[-48.50442449999999,-23.269772200000006],[-48.4971955,-23.264744999999998],[-48.4952561,-23.2646502],[-48.49565820000001,-23.263696699999986],[-48.4915389,-23.261133299999997],[-48.48664080000001,-23.263535299999994],[-48.47941349999999,-23.264050900000004],[-48.47070630000001,-23.266528499999993],[-48.4652557,-23.266245299999987],[-48.4594106,-23.269179199999993],[-48.45439699999999,-23.2699343],[-48.4518634,-23.272535299999998],[-48.4465398,-23.27027310000001],[-48.4428673,-23.2700113],[-48.4360667,-23.2733929],[-48.4301991,-23.267905199999998],[-48.4217548,-23.265861400000002],[-48.4185853,-23.262529800000006],[-48.41315049999999,-23.2664808],[-48.406044699999995,-23.2676308],[-48.40112280000001,-23.2750806],[-48.4028636,-23.285281599999998],[-48.4011878,-23.2875251],[-48.3928757,-23.291116299999985],[-48.3911906,-23.2895938],[-48.3781796,-23.290117000000002],[-48.3739638,-23.291570100000012],[-48.36837770000001,-23.297022],[-48.3624039,-23.298883500000006],[-48.3601458,-23.303005300000006],[-48.358443,-23.300981499999992],[-48.3591437,-23.296974900000002],[-48.36414099999999,-23.293543300000007],[-48.3638723,-23.29179859999999],[-48.3564623,-23.286612399999996],[-48.3538711,-23.2868651],[-48.3518735,-23.289408599999998],[-48.35028760000001,-23.285345199999988],[-48.3477732,-23.282767599999996],[-48.33883339999999,-23.282011],[-48.334974,-23.28361169999999],[-48.3373611,-23.27666299999999],[-48.34226600000001,-23.271388399999985],[-48.3421175,-23.270000799999995],[-48.3390304,-23.269844899999992],[-48.3369499,-23.268000000000008],[-48.3270245,-23.269009900000004],[-48.3192606,-23.26530249999999],[-48.31047600000001,-23.264902800000005],[-48.3059436,-23.259877099999994],[-48.3040112,-23.26003489999999],[-48.3003553,-23.257878999999985],[-48.2904073,-23.260135699999996],[-48.2874854,-23.264288000000004],[-48.27961729999999,-23.2642302],[-48.27690710000001,-23.265348399999997],[-48.2731334,-23.273702200000002],[-48.27623040000001,-23.27823929999998],[-48.2768437,-23.284125899999992],[-48.272634599999996,-23.28870149999999],[-48.2699248,-23.287540200000002],[-48.26698650000001,-23.281111099999997],[-48.2619594,-23.27754189999999],[-48.2594023,-23.27729669999999],[-48.251786499999994,-23.280971],[-48.2403,-23.279960200000016],[-48.23890889999999,-23.277108299999995],[-48.2411614,-23.270514099999996],[-48.23916059999999,-23.262951899999997],[-48.2432363,-23.259362999999997],[-48.25380320000001,-23.257541299999993],[-48.2553031,-23.253364100000002],[-48.25537450000001,-23.2477446],[-48.2589397,-23.244223900000005],[-48.2580713,-23.241172400000004],[-48.2596918,-23.23868669999999],[-48.259124400000005,-23.2340671],[-48.260767,-23.229945299999994],[-48.2572993,-23.223276500000004],[-48.255739600000005,-23.2233494],[-48.253770200000005,-23.225561400000007],[-48.251376099999995,-23.223773599999998],[-48.2501984,-23.221052800000002],[-48.2462223,-23.220268099999995],[-48.24689670000001,-23.2159754],[-48.2453295,-23.209625899999992],[-48.2422588,-23.208325299999988],[-48.2370779,-23.203513099999988],[-48.2319336,-23.20133320000001],[-48.22857069999999,-23.1978793],[-48.225479500000006,-23.196768400000003],[-48.2211461,-23.19175200000001],[-48.2166777,-23.191933999999993],[-48.2054874,-23.189495899999997],[-48.2018167,-23.1874187],[-48.2003776,-23.185049000000003],[-48.194455600000005,-23.1834747],[-48.1946853,-23.179524199999992],[-48.1917853,-23.177872799999992],[-48.19005090000001,-23.1752196],[-48.19083940000001,-23.17314850000001],[-48.1891304,-23.172617900000006],[-48.189276899999996,-23.168986499999992],[-48.1863559,-23.1658865],[-48.186780000000006,-23.161443],[-48.18454479999999,-23.15954689999999],[-48.184304499999996,-23.156003900000005],[-48.181971499999996,-23.15485730000001],[-48.1811146,-23.152463099999984],[-48.1821994,-23.1504993],[-48.1853345,-23.150225799999994],[-48.1819929,-23.1418865],[-48.181835099999994,-23.13957200000001],[-48.1846514,-23.135325299999995],[-48.183244,-23.134791300000007],[-48.183157900000005,-23.128811100000004],[-48.18670040000001,-23.126153799999997],[-48.1900033,-23.128474900000015],[-48.1917422,-23.12755439999999],[-48.1920656,-23.124139999999997],[-48.18928710000001,-23.121328899999998],[-48.189220500000005,-23.118799100000004],[-48.1958081,-23.114555400000004],[-48.1922106,-23.111617200000005],[-48.18802840000001,-23.110525399999993],[-48.1832362,-23.113106300000005],[-48.1803204,-23.1117171],[-48.1812367,-23.1106126],[-48.1799791,-23.1088101],[-48.178653100000005,-23.109809600000006],[-48.1775303,-23.1076485],[-48.178574,-23.107145200000005],[-48.1773343,-23.10651220000001],[-48.178406,-23.105992800000006],[-48.17698510000001,-23.1045802],[-48.172808399999994,-23.105919300000004],[-48.170764000000005,-23.099796999999995],[-48.17414240000001,-23.0980066],[-48.17372209999999,-23.09681609999999],[-48.1746465,-23.096516300000008],[-48.170023,-23.0963562],[-48.166266099999994,-23.100458399999997],[-48.1639552,-23.100943700000002],[-48.1627044,-23.096984800000005],[-48.16025629999999,-23.095027699999996],[-48.1619752,-23.091566799999995],[-48.1643906,-23.08972489999999],[-48.1628518,-23.088943100000012],[-48.1628022,-23.08675140000001],[-48.1566882,-23.086529800000005],[-48.1515988,-23.0841522],[-48.146501799999996,-23.090448300000002],[-48.14157649999999,-23.088384200000007],[-48.13714860000001,-23.088564199999997],[-48.132461000000006,-23.090377300000004],[-48.12713550000001,-23.089162600000005],[-48.123434800000005,-23.093024500000006],[-48.1134773,-23.098081899999997],[-48.109461100000004,-23.09830959999999],[-48.1074023,-23.09671449999999],[-48.110059899999996,-23.090494899999985],[-48.1038972,-23.089573999999995],[-48.0957723,-23.0851531],[-48.0917034,-23.086500399999995],[-48.0899628,-23.084738800000004],[-48.0891193,-23.0808992],[-48.0863794,-23.080699900000003],[-48.0836993,-23.082252600000007],[-48.0833889,-23.0845162],[-48.0808151,-23.0871154],[-48.07923180000001,-23.087200199999998],[-48.0768522,-23.090533499999992],[-48.06833869999999,-23.090960100000007],[-48.063664200000005,-23.09287139999999],[-48.0617188,-23.094985500000003],[-48.0605566,-23.1003611],[-48.0570436,-23.103834199999987],[-48.0517676,-23.1042417],[-48.05088930000001,-23.10114739999999],[-48.0447834,-23.0980799],[-48.0383939,-23.089241500000007],[-48.0367159,-23.082042999999985],[-48.038338100000004,-23.074277599999995],[-48.03695760000001,-23.072719000000003],[-48.0371613,-23.0707853],[-48.0337895,-23.068869299999992],[-48.0217969,-23.067428399999997],[-48.0185441,-23.069111299999996],[-48.0136273,-23.0694206],[-48.0114279,-23.068338200000007],[-48.0061417,-23.0696625],[-48.0052188,-23.065202700000007],[-48.003115400000006,-23.063458200000003],[-47.9994641,-23.055961999999997],[-47.99012,-23.0526905],[-47.979323,-23.052508999999997],[-47.97807860000001,-23.049251900000005],[-47.9789156,-23.0470201],[-47.9781904,-23.043372900000005],[-47.9729219,-23.0389467],[-47.973000899999995,-23.035833099999998],[-47.967928699999995,-23.030182800000006],[-47.96482199999999,-23.0346765],[-47.954681,-23.033614500000006],[-47.9561336,-23.030133000000006],[-47.9520796,-23.017348299999995],[-47.9469087,-23.014494399999993],[-47.933731900000005,-23.01504369999999],[-47.9251283,-23.018062900000007],[-47.9212471,-23.024880700000004],[-47.9187117,-23.026606900000004],[-47.91976989999999,-23.03056089999999],[-47.916018,-23.030611599999997],[-47.90879919999999,-23.033269900000008],[-47.915448899999994,-23.03860290000001],[-47.9150705,-23.0425558],[-47.9123296,-23.045170700000003],[-47.9066873,-23.047281999999996],[-47.90108330000001,-23.055628499999994],[-47.897971899999995,-23.05817130000001],[-47.8994584,-23.0605246],[-47.90442180000001,-23.060268199999996],[-47.9079325,-23.057143500000002],[-47.91512860000001,-23.0549757],[-47.9243563,-23.0572853],[-47.9267052,-23.059582499999998],[-47.93030929999999,-23.058319900000004],[-47.932737100000004,-23.0601252],[-47.9293291,-23.064798],[-47.9281645,-23.068709299999995],[-47.92791080000001,-23.075749500000004],[-47.9296804,-23.080506099999997],[-47.915211,-23.081255899999988],[-47.9122746,-23.080393099999995],[-47.90880250000001,-23.10933489999999],[-47.90727210000001,-23.111543499999996],[-47.90927069999999,-23.119352900000006],[-47.9074865,-23.125940999999994],[-47.91471090000001,-23.139550000000007],[-47.91354390000001,-23.14214229999999],[-47.9086636,-23.145132299999997],[-47.9096213,-23.148818199999997],[-47.9068898,-23.1530564],[-47.9091638,-23.15668320000001],[-47.9099639,-23.16091249999999],[-47.901351700000006,-23.160079399999997],[-47.89299880000001,-23.16145209999999],[-47.89115439999999,-23.16052919999999],[-47.885714899999996,-23.1618919],[-47.885096,-23.164248900000004],[-47.87940090000001,-23.160059700000005],[-47.8760669,-23.16008179999999],[-47.86879290000001,-23.166693000000002],[-47.8657824,-23.167631199999995],[-47.864808200000006,-23.17001730000001],[-47.85984460000001,-23.171700799999996],[-47.85977059999999,-23.17575230000001],[-47.8577577,-23.175925100000008],[-47.8514769,-23.1728147],[-47.8480612,-23.1729058],[-47.8444592,-23.174585099999998],[-47.8393914,-23.1744426],[-47.84077860000001,-23.172120600000007],[-47.836790799999996,-23.168685299999993],[-47.8392605,-23.167757999999996],[-47.839139900000006,-23.165531999999992],[-47.8409411,-23.1648772],[-47.84138680000001,-23.162982499999995],[-47.844210600000004,-23.164155500000003],[-47.8448487,-23.1588327],[-47.84318410000001,-23.15751419999999],[-47.8391956,-23.157997600000005],[-47.839424900000004,-23.156409200000002],[-47.8365556,-23.154336000000004],[-47.829813699999995,-23.15222879999999],[-47.827892500000004,-23.150287799999997],[-47.81714050000001,-23.152644399999993],[-47.8189123,-23.132455300000004],[-47.8270137,-23.1307927],[-47.8305446,-23.12891489999999],[-47.8359621,-23.1247199],[-47.8359848,-23.1229248],[-47.825352,-23.123528800000006],[-47.8201217,-23.125558800000004],[-47.8181129,-23.123300499999992],[-47.8138912,-23.12326519999998],[-47.8126989,-23.121910100000008],[-47.8122317,-23.117348500000002],[-47.814753,-23.113560999999994],[-47.80698300000001,-23.112715299999994],[-47.8096419,-23.10801769999999],[-47.8064258,-23.105144699999997],[-47.81062489999999,-23.096589799999997],[-47.81758859999999,-23.091252299999994],[-47.82160290000001,-23.085502899999998],[-47.8269773,-23.0844449],[-47.8295127,-23.0888082],[-47.8308551,-23.089231900000005],[-47.83729180000001,-23.0875476],[-47.83911990000001,-23.0857471],[-47.83904960000001,-23.082926699999987],[-47.83648670000001,-23.081338700000003],[-47.8299267,-23.0823725],[-47.8264204,-23.080655],[-47.8248919,-23.076471199999997],[-47.8217002,-23.0753307],[-47.8213329,-23.072412500000002],[-47.7918814,-23.048998500000003],[-47.7928592,-23.04623449999999],[-47.79004520000001,-23.042891599999994],[-47.782996700000005,-23.040358700000002],[-47.7619011,-23.0381353],[-47.7612828,-23.0362981],[-47.767708500000005,-23.029614200000015],[-47.7807951,-23.0327806],[-47.7837572,-23.0325809],[-47.7871,-23.029309599999998],[-47.7882723,-23.024647599999994],[-47.792263500000004,-23.01807319999999],[-47.79003310000001,-23.0162316],[-47.782024400000005,-23.014542699999996],[-47.76692,-23.015066499999996],[-47.747617,-23.001701399999998],[-47.7499524,-22.9990586],[-47.7571633,-22.997809299999997],[-47.759992,-22.998792599999998],[-47.76275640000001,-23.00240000000001],[-47.7693556,-23.003387000000007],[-47.7811385,-23.009138499999995],[-47.78254080000001,-23.006586299999995],[-47.7823243,-23.003968999999994],[-47.7782147,-23.001495399999996],[-47.7708965,-22.991065300000006],[-47.7657005,-22.98631159999999],[-47.7646047,-22.983250700000003],[-47.7659915,-22.979994],[-47.7725118,-22.975544200000005],[-47.77746570000001,-22.977557099999995],[-47.7830822,-22.97749590000001],[-47.78969000000001,-22.980697099999993],[-47.796651399999995,-22.9782131],[-47.79965719999999,-22.980484900000004],[-47.80577240000001,-22.98262319999999],[-47.81201660000001,-22.9812392],[-47.817074000000005,-22.977753],[-47.81628899999999,-22.962901699999993],[-47.81924459999999,-22.959472999999992],[-47.8210466,-22.954136200000004],[-47.82540240000001,-22.950102499999996],[-47.8249043,-22.947582999999998],[-47.82670490000001,-22.942223499999997],[-47.824357500000005,-22.940475999999997],[-47.8226885,-22.943569799999995],[-47.82128360000001,-22.9439263],[-47.82040670000001,-22.9428887],[-47.8227696,-22.9359385],[-47.8195907,-22.930085699999996],[-47.8218435,-22.926427300000004],[-47.8235155,-22.9264354],[-47.8232871,-22.924979600000007],[-47.81694039999999,-22.92139540000001],[-47.8156702,-22.92160519999999],[-47.8151084,-22.923293000000005],[-47.8121272,-22.9225514],[-47.81274290000001,-22.920603099999994],[-47.810554200000006,-22.91682109999999],[-47.8138044,-22.916023599999995],[-47.8144163,-22.909100100000003],[-47.8122265,-22.90515080000001],[-47.8100543,-22.90396309999999],[-47.808400799999994,-22.9049899],[-47.806974100000005,-22.904313099999992],[-47.8079428,-22.9018956],[-47.806255400000005,-22.899320999999997],[-47.80893460000001,-22.896977900000003],[-47.80943210000001,-22.89505109999999],[-47.80850050000001,-22.8942371],[-47.8099749,-22.891399400000008],[-47.8072707,-22.889712599999996],[-47.8085359,-22.886348800000004],[-47.8061864,-22.886298199999988],[-47.808444400000006,-22.88287389999999],[-47.8074892,-22.880971699999993],[-47.8088846,-22.877745099999984],[-47.806904900000006,-22.876903999999996],[-47.7633276,-22.90399589999999],[-47.7608253,-22.910555300000002],[-47.75757410000001,-22.914364099999993],[-47.7596811,-22.916645200000005],[-47.7602476,-22.922151000000007],[-47.75481739999999,-22.923897099999998],[-47.75048820000001,-22.927094299999997],[-47.745903,-22.932832500000007],[-47.7225267,-22.933234900000002],[-47.723343099999994,-22.9310056],[-47.7217339,-22.9232477],[-47.7225768,-22.9197056],[-47.7141575,-22.9138459],[-47.7143193,-22.912016999999995],[-47.7114951,-22.91207300000001],[-47.7076445,-22.916550199999996],[-47.70118790000001,-22.91866299999999],[-47.6983035,-22.92415189999999],[-47.69850710000001,-22.931197900000004],[-47.691333,-22.943386700000012],[-47.6868614,-22.947976099999988],[-47.6841726,-22.9528177],[-47.67788389999999,-22.95851900000001],[-47.6762827,-22.964510399999998],[-47.6772565,-22.9684666],[-47.674748300000005,-22.971510499999997],[-47.671711900000005,-22.972446399999995],[-47.6699929,-22.981799300000006],[-47.66575439999999,-22.984195099999997],[-47.6638127,-22.990470299999995],[-47.6682988,-22.993780500000003],[-47.6600447,-22.9975655],[-47.66027330000001,-23.000623499999996],[-47.65849020000001,-23.00177619999999],[-47.658785,-23.006792500000003],[-47.6614629,-23.008816200000002],[-47.66066440000001,-23.0138079],[-47.6628681,-23.018513699999996],[-47.660001799999996,-23.0249919],[-47.66131250000001,-23.028377199999998],[-47.66003090000001,-23.031235700000003],[-47.653992,-23.035938],[-47.652072999999994,-23.043204000000003],[-47.649537,-23.04306599999999],[-47.645315000000004,-23.040406],[-47.63896199999999,-23.043056999999997],[-47.629074,-23.043668999999987],[-47.629137,-23.047149000000005],[-47.631546,-23.049979999999998],[-47.6315,-23.054840999999993],[-47.628946,-23.057991],[-47.6290524,-23.0616455],[-47.6262806,-23.068229000000002],[-47.6264173,-23.0759739],[-47.613120800000004,-23.068829399999988],[-47.60284889999999,-23.0705493],[-47.5974853,-23.073935699999993],[-47.5943432,-23.074377999999996],[-47.5929378,-23.076382799999994],[-47.5942183,-23.079324100000004],[-47.60419939999999,-23.0873228],[-47.6035277,-23.089802400000004],[-47.60769,-23.095203600000005],[-47.6086872,-23.099263599999997],[-47.6037681,-23.098393699999992],[-47.602791,-23.09972980000001],[-47.597098700000004,-23.099545099999983],[-47.5921718,-23.103146399999996],[-47.5915314,-23.101905000000006],[-47.5895699,-23.101957000000006],[-47.5873036,-23.103258],[-47.585822400000005,-23.102211899999993],[-47.5813895,-23.1037254],[-47.57385630000001,-23.099916899999993],[-47.57277650000001,-23.098344800000003],[-47.56742779999999,-23.098678099999987],[-47.5656685,-23.096996600000008],[-47.5665659,-23.093982600000004],[-47.5632346,-23.090685699999995],[-47.5530373,-23.098626100000004],[-47.54937569999999,-23.097375100000004],[-47.54201630000001,-23.098377399999997],[-47.53827350000001,-23.101645600000005],[-47.5303594,-23.10139500000001],[-47.5292222,-23.100518800000007],[-47.528626100000004,-23.094813899999995],[-47.5200048,-23.094587800000003],[-47.5097134,-23.0913723],[-47.5065422,-23.093635599999985],[-47.5012506,-23.094323199999995],[-47.4927075,-23.102317],[-47.4888075,-23.107492999999995],[-47.4851697,-23.1169882],[-47.4823706,-23.119734400000002],[-47.48039250000001,-23.12499619999999],[-47.4750767,-23.1232134],[-47.46939,-23.123977000000007],[-47.4650262,-23.128061500000005],[-47.4683647,-23.116661699999995],[-47.4653002,-23.1098863],[-47.4517575,-23.10599639999999],[-47.4475045,-23.10718879999999],[-47.43394249999999,-23.1061102],[-47.4282105,-23.101092699999995],[-47.42027589999999,-23.113221799999994],[-47.4115361,-23.12005140000001],[-47.415592999999994,-23.126964799999985],[-47.414196100000005,-23.133469199999993],[-47.4200701,-23.140228099999984],[-47.4203428,-23.1451327],[-47.422911,-23.149011799999993],[-47.4233624,-23.156792099999997],[-47.4211066,-23.164496799999995],[-47.4185396,-23.1686776],[-47.4174529,-23.16689669999999],[-47.4130734,-23.164705699999995],[-47.403297800000004,-23.161619199999993],[-47.3983404,-23.161841300000003],[-47.3926909,-23.15555489999999],[-47.388109,-23.154181000000005],[-47.387648,-23.152865999999996],[-47.383828,-23.154488],[-47.381563,-23.150716000000003],[-47.378612999999994,-23.151101999999995],[-47.37809299999999,-23.15249100000001],[-47.375766,-23.151147],[-47.376708,-23.14785],[-47.37498,-23.14882499999999],[-47.372606000000005,-23.144455000000004],[-47.36178,-23.141474999999993],[-47.35204,-23.132759000000004],[-47.349974,-23.127105000000004],[-47.349641999999996,-23.117753999999998],[-47.34208,-23.117187000000012],[-47.33927599999999,-23.111152999999998],[-47.335235,-23.111042000000005],[-47.328608,-23.114123],[-47.325678,-23.118237],[-47.324559,-23.12226400000001],[-47.320776,-23.124363000000002],[-47.300718,-23.112772999999994],[-47.303213,-23.124275999999995],[-47.302576,-23.127019],[-47.305041,-23.129121999999988],[-47.304294999999996,-23.131841999999995],[-47.305623999999995,-23.133952],[-47.30177299999999,-23.135998],[-47.299017000000006,-23.139519999999997],[-47.2953,-23.147992999999992],[-47.29501,-23.151867000000006],[-47.29231,-23.15598200000001],[-47.289338,-23.157813999999995],[-47.287027,-23.157654000000004],[-47.282865,-23.153764999999993],[-47.2748,-23.151603999999995],[-47.270271,-23.145582],[-47.266339,-23.145327000000005],[-47.260271,-23.146819000000004],[-47.25687400000001,-23.15052199999999],[-47.2553,-23.156451999999987],[-47.25811800000001,-23.161916000000016],[-47.257563000000005,-23.16905199999999],[-47.255787000000005,-23.170551999999994],[-47.254554,-23.16996899999999],[-47.251691,-23.17292799999999],[-47.251979,-23.174930999999994],[-47.250833,-23.175449999999998],[-47.25176,-23.176460999999993],[-47.24884600000001,-23.17728899999998],[-47.24815300000001,-23.180343999999998],[-47.245354,-23.182814999999998],[-47.238505,-23.184474],[-47.23746700000001,-23.182676999999998],[-47.234266,-23.182455999999995],[-47.23224200000001,-23.180697000000006],[-47.22838599999999,-23.181863000000007],[-47.225294000000005,-23.180792999999994],[-47.214614,-23.184400000000007],[-47.212648,-23.182455000000004],[-47.195376,-23.186159000000004],[-47.1947252,-23.189246199999992],[-47.19184320000001,-23.192349000000004],[-47.1789479,-23.196440799999994],[-47.167580300000004,-23.197678099999994],[-47.156628500000004,-23.2019471],[-47.15074059999999,-23.20117829999999],[-47.1396687,-23.204051699999997],[-47.1299684,-23.203211899999996],[-47.127689200000006,-23.207677199999992],[-47.127714600000004,-23.214396199999992],[-47.1223444,-23.22001979999999],[-47.1180764,-23.2217604],[-47.116035399999994,-23.2250587],[-47.1180133,-23.227677599999993],[-47.1211116,-23.22903440000001],[-47.122899600000004,-23.2342802],[-47.1256022,-23.235460700000004],[-47.126036,-23.2388929],[-47.1290741,-23.243859800000006],[-47.133572900000004,-23.247953000000006],[-47.13794939999999,-23.249290600000005],[-47.14173970000001,-23.25389019999999],[-47.1443244,-23.253148900000003],[-47.1462778,-23.255707299999994],[-47.1495643,-23.2549784],[-47.1568926,-23.256931399999996],[-47.1687163,-23.257744499999998],[-47.1774219,-23.256800099999996],[-47.1823823,-23.248043299999992],[-47.18365240000001,-23.247596700000003],[-47.1855492,-23.248921199999995],[-47.189364600000005,-23.247786500000007],[-47.1909835,-23.246101400000008],[-47.1905301,-23.27375389999999],[-47.1857491,-23.283060500000005],[-47.1864465,-23.285056700000002],[-47.1848671,-23.285939100000004],[-47.1807747,-23.293224700000007],[-47.17868150000001,-23.294409199999993],[-47.1745912,-23.293391200000006],[-47.1684842,-23.294010899999996],[-47.1667567,-23.30416219999999],[-47.1612867,-23.307669099999995],[-47.1617821,-23.31159109999999],[-47.165606100000005,-23.311456000000003],[-47.16661909999999,-23.312504499999992],[-47.1617844,-23.318173800000004],[-47.161464800000005,-23.32054460000001],[-47.1645874,-23.32370369999999],[-47.173755699999994,-23.3256009],[-47.169939299999996,-23.33483959999999],[-47.171085899999994,-23.337846400000007],[-47.1654349,-23.34276769999999],[-47.1578923,-23.343122099999995],[-47.1568204,-23.34445019999999],[-47.142073200000006,-23.349109700000007],[-47.14156590000001,-23.352828],[-47.1387871,-23.354236200000003],[-47.1367999,-23.358642899999992],[-47.1380534,-23.369075200000015],[-47.131744700000006,-23.374937499999994],[-47.1335265,-23.380035099999997],[-47.1323781,-23.382053299999995],[-47.12957279999999,-23.3820467],[-47.12077440000001,-23.375655699999992],[-47.11767210000001,-23.376639400000006],[-47.117081,-23.382029600000003],[-47.1205365,-23.38322569999999],[-47.11919830000001,-23.385896700000004],[-47.1194516,-23.391338199999993],[-47.1230216,-23.400374999999997],[-47.12162289999999,-23.403526700000004],[-47.1052398,-23.401776399999992],[-47.1009242,-23.404582400000002],[-47.0983564,-23.402244200000005],[-47.097908000000004,-23.399231800000006],[-47.0960909,-23.398391],[-47.0940497,-23.398901400000007],[-47.09288840000001,-23.40148819999999],[-47.0902757,-23.403056999999993],[-47.085862600000006,-23.403240299999993],[-47.0831697,-23.401596200000007],[-47.0828269,-23.397825700000006],[-47.0806818,-23.3945086],[-47.0814311,-23.392480599999992],[-47.08387720000001,-23.391605399999996],[-47.08353,-23.389587499999998],[-47.080912000000005,-23.3876386],[-47.081736,-23.3813248],[-47.083154,-23.380931700000005],[-47.0875307,-23.383086299999995],[-47.09073370000001,-23.386400400000003],[-47.0976546,-23.387905599999996],[-47.1011014,-23.386821500000007],[-47.1033091,-23.374517000000004],[-47.1053189,-23.3716636],[-47.1026101,-23.3694847],[-47.0946348,-23.371229099999997],[-47.096225800000006,-23.36739519999999],[-47.0923733,-23.362717700000005],[-47.0921906,-23.356179900000004],[-47.0878128,-23.353230399999998],[-47.0821401,-23.357588300000003],[-47.076047900000006,-23.357535099999996],[-47.0704385,-23.3590185],[-47.06580410000001,-23.3577848],[-47.06632020000001,-23.354519399999994],[-47.057073,-23.357247199999996],[-47.04894389999999,-23.3550116],[-47.0447843,-23.351111299999996],[-47.0424817,-23.35264009999999],[-47.0399482,-23.3580504],[-47.0387472,-23.369020200000005],[-47.03580360000001,-23.36894660000001],[-47.034088,-23.371148900000005],[-47.030601700000005,-23.37175],[-47.0295203,-23.373656899999993],[-47.0290037,-23.376368599999996],[-47.03011630000001,-23.378658399999992],[-47.033639400000006,-23.379878099999996],[-47.0368917,-23.3789998],[-47.0378604,-23.3825966],[-47.042625400000006,-23.3867469],[-47.041096200000005,-23.393172699999997],[-47.0382795,-23.394011000000003],[-47.03858480000001,-23.395751199999996],[-47.0361237,-23.399084699999992],[-47.0373353,-23.400388900000006],[-47.036909,-23.4023312],[-47.0395887,-23.403825299999994],[-47.0372343,-23.407043200000007],[-47.0398348,-23.409934299999993],[-47.03826050000001,-23.410198800000007],[-47.0374115,-23.411833],[-47.03889559999999,-23.415426700000015],[-47.041209,-23.416198500000004],[-47.0412444,-23.42227039999999],[-47.0401678,-23.42243830000001],[-47.0405787,-23.4239954],[-47.038483500000005,-23.42337519999999],[-47.035528,-23.4272473],[-47.035145400000005,-23.431979899999995],[-47.037571,-23.435529],[-47.03293899999999,-23.438041],[-47.031566,-23.44101600000001],[-47.029318,-23.442486],[-47.02419199999999,-23.440777999999998],[-47.016764,-23.445723999999984],[-47.01554200000001,-23.444024000000002],[-47.014134000000006,-23.445816000000008],[-47.010532000000005,-23.445723000000008],[-47.01227900000001,-23.448186],[-47.010633,-23.44974500000001],[-47.01213,-23.452722],[-47.010403999999994,-23.454798999999998],[-47.013237,-23.45453],[-47.013989,-23.457648000000006],[-47.011195,-23.460256999999988],[-47.011652,-23.464284999999997],[-47.012936,-23.467800999999998],[-47.017211,-23.472586999999997],[-47.01366199999999,-23.478064000000007],[-47.017241,-23.481388999999997],[-47.01784200000001,-23.483691000000004],[-47.01329500000001,-23.485470999999993],[-47.00893,-23.494663999999997],[-47.00392,-23.499389000000008],[-47.001299,-23.505307999999996],[-46.995036000000006,-23.506993],[-46.993703000000004,-23.508333999999998],[-46.9936,-23.5109],[-46.996460000000006,-23.514908999999996],[-46.996998000000005,-23.521966],[-46.99537699999999,-23.52404800000001],[-46.992142,-23.524961999999995],[-46.99264709999999,-23.5266659],[-46.990932400000005,-23.5278682],[-46.99162470000001,-23.5293514],[-46.99691500000001,-23.532132],[-47.00512400000001,-23.533442999999988],[-47.007931000000006,-23.535596000000005],[-47.013164,-23.536354000000006],[-47.012225,-23.550085000000006],[-47.007162,-23.551351000000007],[-47.006126,-23.554358],[-47.015390000000004,-23.560244000000008],[-47.014394,-23.563366],[-47.018863,-23.564333],[-47.020508,-23.567360999999984],[-47.024573999999994,-23.566812999999993],[-47.026861000000004,-23.56824799999999],[-47.029898,-23.568089000000004],[-47.029336,-23.571848000000003],[-47.024707,-23.576217000000007],[-47.024499,-23.579606999999996],[-47.032050299999995,-23.583255200000014],[-47.03118099999999,-23.588954399999995],[-47.03482910000001,-23.59695449999999],[-47.0372933,-23.598912299999995],[-47.0363956,-23.601206299999994],[-47.0408521,-23.607309200000003],[-47.04122050000001,-23.610574099999994],[-47.04733410000001,-23.613999],[-47.04701990000001,-23.6164655],[-47.0493929,-23.6188388],[-47.054107200000004,-23.61718629999999],[-47.0561783,-23.618703300000004],[-47.0576119,-23.626203200000006],[-47.059791,-23.629031999999988],[-47.058052,-23.635667999999992],[-47.058989,-23.639732],[-47.062039,-23.64386800000001],[-47.064696,-23.645462999999992],[-47.069076,-23.646380999999995],[-47.072657,-23.645367000000004],[-47.07435499999999,-23.649839999999994],[-47.0733568,-23.65138200000001],[-47.074503,-23.652490999999998],[-47.076519,-23.653679999999994],[-47.077933,-23.652630000000006],[-47.079133,-23.653928999999987],[-47.07978399999999,-23.652994999999997],[-47.082221,-23.65353299999999],[-47.08110899999999,-23.654365999999996],[-47.083265000000004,-23.658015999999996],[-47.08178300000001,-23.658862],[-47.081855999999995,-23.660595999999995],[-47.082196,-23.66159100000001],[-47.083449,-23.66137099999999],[-47.083213,-23.663590000000003],[-47.082402,-23.663184],[-47.081944,-23.664251],[-47.084756,-23.667155999999995],[-47.083404,-23.667661000000013],[-47.08393399999999,-23.668405000000007],[-47.08194,-23.67100899999999],[-47.076672,-23.67330499999999],[-47.07653,-23.675031999999998],[-47.078022000000004,-23.676174999999997],[-47.075984,-23.680786999999995],[-47.069416700000005,-23.68025799999999],[-47.06216059999999,-23.682469300000005],[-47.06298300000001,-23.6897975],[-47.0594382,-23.70195940000001],[-47.0613996,-23.703862599999994],[-47.0624598,-23.708630999999993],[-47.057745100000005,-23.712662199999993],[-47.05631220000001,-23.718688500000006],[-47.05257160000001,-23.720399199999996],[-47.0510927,-23.727667699999998],[-47.0494875,-23.728880599999997],[-47.0498461,-23.731124700000002],[-47.04717480000001,-23.735057100000006],[-47.0416476,-23.736873400000007],[-47.03949720000001,-23.735086300000006],[-47.0354444,-23.735366599999995],[-47.03325670000001,-23.7374606],[-47.0322432,-23.743048100000003],[-47.03361670000001,-23.747407499999994],[-47.0360685,-23.748426500000004],[-47.035141100000004,-23.750600399999993],[-47.03627329999999,-23.753598699999998],[-47.0344968,-23.755928600000004],[-47.0346597,-23.757896199999994],[-47.0325975,-23.756385099999992],[-47.0286012,-23.757359400000006],[-47.0295786,-23.759906999999995],[-47.0287827,-23.76162040000001],[-47.0329229,-23.764330699999988],[-47.0323663,-23.765682],[-47.03353249999999,-23.767457399999994],[-47.0322439,-23.767695199999988],[-47.03189549999999,-23.769514300000004],[-47.026032,-23.771730999999996],[-47.025242999999996,-23.774345],[-47.023152,-23.77507499999999],[-47.02359499999999,-23.779702000000004],[-47.02069800000001,-23.786132000000006],[-47.018935,-23.78747],[-47.019268000000004,-23.788646999999997],[-47.015992,-23.789880000000004],[-47.014098,-23.79221099999999],[-47.00858900000001,-23.791849999999997],[-47.00540900000001,-23.797341],[-47.00208799999999,-23.798944000000002],[-47.000501,-23.801683],[-46.998841,-23.801142000000002],[-46.996592,-23.802721],[-46.995256999999995,-23.801895999999992],[-46.993182999999995,-23.803450000000005],[-46.988924,-23.800811999999993],[-46.98603,-23.800532],[-46.984038,-23.803154],[-46.98553100000001,-23.80445399999999],[-46.98647,-23.808414000000006],[-46.991868,-23.809228000000008],[-46.994583,-23.811663],[-46.99923100000001,-23.813212000000007],[-47.00123200000001,-23.812716999999996],[-47.007245,-23.815665999999993],[-47.015122,-23.814486999999996],[-47.017397,-23.817770999999997],[-47.01579199999999,-23.820138000000004],[-47.01756400000001,-23.82132699999999],[-47.013039000000006,-23.825096000000006],[-47.014337,-23.828002],[-47.01260800000001,-23.83074099999999],[-47.01458900000001,-23.830945999999997],[-47.014787,-23.835596],[-47.01565900000001,-23.83481299999999],[-47.016844,-23.836139000000003],[-47.018653,-23.836463999999996],[-47.019923000000006,-23.835363000000005],[-47.021714,-23.836071999999987],[-47.022615,-23.840250000000005],[-47.02496,-23.841215999999996],[-47.025773,-23.844014999999995],[-47.027617,-23.843883999999996],[-47.027165,-23.845087],[-47.028693000000004,-23.846215],[-47.035697,-23.840643],[-47.035211000000004,-23.837705000000007],[-47.038177999999995,-23.835312999999996],[-47.039008,-23.836199000000004],[-47.04240930000001,-23.8360778],[-47.040777899999995,-23.838039399999996],[-47.0445135,-23.837339300000007],[-47.0431949,-23.840671499999996],[-47.044047,-23.83973410000001],[-47.04741219999999,-23.84088509999999],[-47.05110350000001,-23.844187],[-47.0552576,-23.8439699],[-47.0567479,-23.841593000000003],[-47.0579177,-23.843240999999995],[-47.0595799,-23.84297769999999],[-47.066045,-23.837967400000004],[-47.0659032,-23.843489900000005],[-47.072649,-23.84185199999999],[-47.0743629,-23.843362499999998],[-47.0790548,-23.843174199999996],[-47.089045199999994,-23.8470011],[-47.093988800000005,-23.847238599999997],[-47.0961292,-23.845857000000006],[-47.09974160000001,-23.847617199999995],[-47.101852900000004,-23.847243199999998],[-47.102970500000005,-23.848848199999996],[-47.10753869999999,-23.84829140000001],[-47.110332899999996,-23.842423699999994],[-47.1129961,-23.843367899999993],[-47.1146851,-23.840393499999994],[-47.1163658,-23.840407100000004],[-47.117708400000005,-23.842127100000006],[-47.1168659,-23.84328200000001],[-47.11808750000001,-23.8450973],[-47.1180626,-23.849753099999994],[-47.1234574,-23.85310509999999],[-47.1229075,-23.856653199999993],[-47.125109900000005,-23.857936099999993],[-47.125373800000006,-23.860632500000005],[-47.1274727,-23.86014349999999],[-47.12982529999999,-23.861282099999997],[-47.1292576,-23.863796099999995],[-47.1309043,-23.868501],[-47.1300172,-23.869325999999987],[-47.1323181,-23.8694218],[-47.1319187,-23.872619000000004],[-47.133129600000004,-23.873324999999998],[-47.1292512,-23.8750964],[-47.12660270000001,-23.87484309999999],[-47.1295505,-23.8788133],[-47.1318805,-23.878382200000008],[-47.134219,-23.8803324],[-47.1347216,-23.881830099999988],[-47.133256800000005,-23.8826276],[-47.1324869,-23.884447999999992],[-47.1335311,-23.883461],[-47.1347453,-23.885238299999997],[-47.1368588,-23.885704099999995],[-47.1368574,-23.888439099999992],[-47.13980080000001,-23.890646999999998],[-47.1368593,-23.889626999999994],[-47.1376684,-23.890981000000004],[-47.13530329999999,-23.891197799999993],[-47.13492540000001,-23.894357299999992],[-47.1391024,-23.899871800000003],[-47.1426901,-23.900205199999988],[-47.144263499999994,-23.901442199999998],[-47.13817240000001,-23.903133499999996],[-47.13849530000001,-23.904942199999997],[-47.14271970000001,-23.9087174],[-47.1427077,-23.911799699999996],[-47.14665800000001,-23.91299659999999],[-47.150639299999995,-23.918399900000004],[-47.1534393,-23.920729899999994],[-47.1561578,-23.921258199999993],[-47.1557662,-23.923676],[-47.1578814,-23.926091500000002],[-47.15840060000001,-23.932203999999995],[-47.16000350000001,-23.935585199999995],[-47.1612801,-23.9357514],[-47.1626824,-23.93411879999999],[-47.1708202,-23.934642299999993],[-47.1757494,-23.9318069],[-47.1789746,-23.9334535],[-47.1780355,-23.936320799999997],[-47.179442699999996,-23.937347099999986],[-47.1827385,-23.930317400000014],[-47.1880229,-23.931089699999998],[-47.1913352,-23.92809879999999],[-47.19181150000001,-23.932889499999995],[-47.1893376,-23.9347286],[-47.1889898,-23.939590799999994],[-47.1942751,-23.941958900000003],[-47.19841780000001,-23.938946899999994],[-47.200446799999995,-23.939151200000005],[-47.20173820000001,-23.945221599999993],[-47.2008669,-23.949086699999995],[-47.199892600000005,-23.9498454],[-47.1987087,-23.9486071],[-47.1970188,-23.95335089999999],[-47.19373,-23.9534207],[-47.195553000000004,-23.958188199999995],[-47.2032319,-23.959368499999997],[-47.2085219,-23.96486099999999],[-47.20585590000001,-23.966211099999995],[-47.2061421,-23.969442500000007],[-47.2046673,-23.9714084],[-47.200828,-23.968905599999992],[-47.199693,-23.9697047],[-47.20108999999999,-23.97337870000001],[-47.1998063,-23.972295],[-47.197790700000006,-23.972853099999995],[-47.1967638,-23.976040099999988],[-47.1939578,-23.974705],[-47.1947095,-23.976958600000003],[-47.1934076,-23.980281699999995],[-47.1946122,-23.982063699999998],[-47.1923189,-23.983871999999995],[-47.1887141,-23.991078599999998],[-47.19497009999999,-23.992258899999996],[-47.1970858,-23.996333100000005],[-47.20053630000001,-23.998366099999995],[-47.19995320000001,-24.00059500000001],[-47.196822,-24.001252900000008],[-47.1934034,-23.999044199999993],[-47.193456700000006,-23.998036500000005],[-47.1902239,-23.99912839999999],[-47.187459000000004,-24.002570000000002],[-47.183146,-24.000753800000005],[-47.1781047,-24.003440300000005],[-47.1716981,-24.003606799999993],[-47.1692117,-24.002120899999987],[-47.1635863,-24.003790800000008],[-47.161954900000005,-24.003141600000006],[-47.15745450000001,-24.006415599999997],[-47.15297770000001,-24.006351600000002],[-47.1503955,-24.0106649],[-47.142444000000005,-24.011358899999998],[-47.139364300000004,-24.014195000000008],[-47.1305998,-24.0092059],[-47.1271346,-24.008717999999995],[-47.134385400000006,-24.016713699999997],[-47.1374039,-24.0172984],[-47.143478900000005,-24.015133000000002],[-47.14535200000001,-24.0157527],[-47.1453867,-24.0177445],[-47.147798400000006,-24.0178051],[-47.151562199999994,-24.019899900000006],[-47.1525373,-24.016907900000003],[-47.1551114,-24.016356500000008],[-47.158043,-24.021131299999997],[-47.1627541,-24.023720799999996],[-47.1643756,-24.034819099999986],[-47.15944220000001,-24.04121239999999],[-47.1592369,-24.045049999999996],[-47.161643700000006,-24.046527299999997],[-47.1601875,-24.04853110000001],[-47.160216000000005,-24.052397899999992],[-47.1652262,-24.0538066],[-47.17272760000001,-24.058443799999996],[-47.177398700000005,-24.058885599999993],[-47.1787383,-24.060928200000003],[-47.18131950000001,-24.05975759999999],[-47.1839214,-24.060572],[-47.1876502,-24.064916500000002],[-47.19004730000001,-24.063839200000004],[-47.1937156,-24.067157499999993],[-47.1952684,-24.06668609999999],[-47.1969382,-24.069507900000016],[-47.1953849,-24.071974199999985],[-47.1994087,-24.0733087],[-47.200163,-24.075292900000004],[-47.201887600000006,-24.074909100000003],[-47.2053153,-24.076700600000002],[-47.2057719,-24.075531899999994],[-47.210137700000004,-24.07760819999999],[-47.2091961,-24.07889929999999],[-47.2157934,-24.079105200000004],[-47.21858830000001,-24.081401399999994],[-47.220392800000006,-24.079615400000005],[-47.22626040000001,-24.083164],[-47.228096400000005,-24.0820488],[-47.231164400000004,-24.0855727],[-47.2344362,-24.084918800000004],[-47.2318712,-24.087814499999993],[-47.23677680000001,-24.093186099999993],[-47.23664970000001,-24.0966412],[-47.2414722,-24.099153100000006],[-47.24288200000001,-24.098110599999995],[-47.2480291,-24.10162160000001],[-47.2535326,-24.1006106],[-47.2557453,-24.102911299999995],[-47.25661459999999,-24.107462700000003],[-47.26091350000001,-24.107490499999997],[-47.26218420000001,-24.1119974],[-47.2681717,-24.115707399999998],[-47.2644512,-24.120800699999993],[-47.265428199999995,-24.123328400000002],[-47.2680129,-24.122515200000002],[-47.2706486,-24.124497400000003],[-47.270950000000006,-24.135329199999987],[-47.273485400000006,-24.140181],[-47.2717955,-24.1420481],[-47.2722734,-24.143860100000005],[-47.269796500000005,-24.1437785],[-47.26845990000001,-24.1469228],[-47.2735552,-24.147809499999997],[-47.2743412,-24.149346599999998],[-47.275262,-24.147233700000005],[-47.2803383,-24.14705800000001],[-47.279607600000006,-24.1485907],[-47.281594299999995,-24.154221000000003],[-47.2883233,-24.162124199999997],[-47.28584320000001,-24.1661102],[-47.2883695,-24.171639199999994],[-47.287038200000005,-24.17475699999999],[-47.2800539,-24.180466900000006],[-47.27390470000001,-24.18078489999999],[-47.272709400000004,-24.184827799999997],[-47.2754179,-24.186851899999994],[-47.2766852,-24.193473499999996],[-47.2800577,-24.196047999999998],[-47.2820171,-24.1970129],[-47.2878987,-24.196440400000007],[-47.290184100000005,-24.197579499999993],[-47.2893304,-24.208286299999997],[-47.2936953,-24.215200999999997],[-47.29260250000001,-24.21911290000001],[-47.2944888,-24.219547900000002],[-47.295483700000005,-24.22225710000001],[-47.292199499999995,-24.227578399999995],[-47.2917831,-24.2305834],[-47.2873944,-24.234482800000002],[-47.2871085,-24.242115699999992],[-47.2849062,-24.243612500000005],[-47.28563609999999,-24.247700500000008],[-47.2837846,-24.249981900000005],[-47.286322000000006,-24.251387500000007],[-47.286391200000004,-24.254075],[-47.289209,-24.2579617],[-47.2834903,-24.2650513],[-47.2860386,-24.26703889999999],[-47.28775949999999,-24.27140319999999],[-47.28671930000001,-24.277454499999997],[-47.293478900000004,-24.280086299999994],[-47.29566940000001,-24.27910569999999],[-47.306014700000006,-24.278871899999988],[-47.3099455,-24.280081200000005],[-47.3123109,-24.27852839999999],[-47.3147332,-24.278706300000003],[-47.3191001,-24.283478300000006],[-47.3197192,-24.285846699999986],[-47.322328,-24.287280199999998],[-47.3299226,-24.286537999999997],[-47.33181570000001,-24.2873505],[-47.3333191,-24.292434899999996],[-47.33786469999999,-24.293818799999997],[-47.3341206,-24.2959536],[-47.3304105,-24.300201900000005],[-47.331156,-24.303583299999996],[-47.33013879999999,-24.3059584],[-47.331455,-24.309121200000003],[-47.3289442,-24.310656200000007],[-47.3262026,-24.3103306],[-47.326660600000004,-24.312219099999986],[-47.329475800000004,-24.312720600000002],[-47.3341749,-24.3158892],[-47.340697899999995,-24.313945000000015],[-47.3405184,-24.3162956],[-47.34340180000001,-24.316214699999993],[-47.3479387,-24.318289299999982],[-47.350629,-24.3224584],[-47.349155800000005,-24.32668409999999],[-47.3453612,-24.3294469],[-47.3438383,-24.3328274],[-47.33599230000001,-24.331431299999995],[-47.3293249,-24.3360625],[-47.32633419999999,-24.3399177],[-47.32236809999999,-24.338966599999992],[-47.3195096,-24.339520000000007],[-47.3208112,-24.337882800000003],[-47.3157385,-24.336442700000003],[-47.311839600000006,-24.33861750000001],[-47.3090522,-24.338532999999998],[-47.3052768,-24.341016799999988],[-47.30436770000001,-24.3435851],[-47.3122023,-24.3454308],[-47.31065430000001,-24.34883469999999],[-47.3068474,-24.350900099999997],[-47.307123,-24.351734600000004],[-47.31271370000001,-24.35165100000001],[-47.3109673,-24.3542689],[-47.3083976,-24.355155499999995],[-47.3088961,-24.357355999999992],[-47.3051055,-24.356045399999992],[-47.300335100000005,-24.359943899999998],[-47.29650720000001,-24.359244399999998],[-47.2935747,-24.360046500000003],[-47.28908229999999,-24.357923600000003],[-47.282643400000005,-24.359389800000006],[-47.27615229999999,-24.355961600000004],[-47.2709602,-24.35643170000001],[-47.2644696,-24.359461200000002],[-47.2609802,-24.358892600000008],[-47.25116340000001,-24.360711199999997],[-47.2474251,-24.361813700000003],[-47.2490205,-24.3653524],[-47.2474475,-24.37381029999999],[-47.2372904,-24.372992999999997],[-47.2355356,-24.37405019999999],[-47.2350824,-24.376434900000003],[-47.22190150000001,-24.374474899999996],[-47.21759720000001,-24.3698647],[-47.2091847,-24.371337599999997],[-47.2049732,-24.369181800000003],[-47.1989584,-24.368306000000004],[-47.1980768,-24.367578299999998],[-47.1986928,-24.364982699999985],[-47.1941652,-24.36272989999999],[-47.1877908,-24.366177900000004],[-47.1856278,-24.374317800000007],[-47.1806144,-24.37505410000001],[-47.175275,-24.369169999999997],[-47.1738727,-24.364668200000004],[-47.1696395,-24.365674499999994],[-47.1646548,-24.364310699999983],[-47.16191630000001,-24.366179100000007],[-47.15587609999999,-24.367511899999993],[-47.151138,-24.3609174],[-47.147319700000004,-24.357989899999986],[-47.1461088,-24.35881429999999],[-47.147573200000004,-24.359816399999996],[-47.1480042,-24.363138899999992],[-47.14596610000001,-24.3645865],[-47.13551,-24.364318000000004],[-47.133136,-24.367053],[-47.130188,-24.365048000000012],[-47.126374,-24.366375999999992],[-47.120765999999996,-24.364766],[-47.11416899999999,-24.37169799999999],[-47.11638800000001,-24.376426],[-47.116244,-24.378960999999997],[-47.110997999999995,-24.382550999999996],[-47.112942000000004,-24.386264999999987],[-47.110991000000006,-24.388069000000005],[-47.10695199999999,-24.38840500000001],[-47.10064599999999,-24.391469000000004],[-47.107951,-24.397723999999993],[-47.11232,-24.399696999999996],[-47.113703,-24.410363999999998],[-47.116552,-24.412775],[-47.117723,-24.417633],[-47.116003,-24.417866999999998],[-47.114403,-24.420040000000007],[-47.111814,-24.426002999999994],[-47.108006,-24.426936999999985],[-47.10807,-24.42982000000001],[-47.101991000000005,-24.43328399999999],[-47.09288300000001,-24.435505999999993],[-47.08725900000001,-24.432540999999997],[-47.08633900000001,-24.430516],[-47.08196100000001,-24.433305],[-47.08102900000001,-24.43768900000001],[-47.07839800000001,-24.441126999999998],[-47.0778999,-24.448204499999996],[-47.1347414,-24.485258999999992],[-47.175809400000006,-24.516279399999995],[-47.187671400000006,-24.527323399999997],[-47.1885053,-24.529758000000005],[-47.18616550000001,-24.532602399999988],[-47.1890166,-24.5360659],[-47.193723,-24.535724199999983],[-47.196901800000006,-24.538424900000013],[-47.200555,-24.5395954],[-47.2207474,-24.553733300000008],[-47.2278608,-24.56049100000001],[-47.2254332,-24.563181600000014],[-47.22424370000001,-24.5668936],[-47.2270261,-24.571252000000015],[-47.2344304,-24.572343999999998],[-47.2362944,-24.571343699999996],[-47.241992,-24.5749799],[-47.24500940000001,-24.57397020000001],[-47.2809077,-24.593781700000005],[-47.37527479999999,-24.650078000000008],[-47.389948,-24.660080700000005],[-47.40522320000001,-24.67287090000001],[-47.4132933,-24.674499499999996],[-47.4203007,-24.678265899999996],[-47.4209823,-24.68228099999999],[-47.42480930000001,-24.685141300000005],[-47.51036980000001,-24.728957800000007],[-47.56102930000001,-24.75790949999999],[-47.6230426,-24.7991402],[-47.694256,-24.8520865],[-47.731516,-24.880628699999995],[-47.79738880000001,-24.934312599999988],[-47.83652,-24.970033599999997],[-47.8544121,-24.989521100000008],[-47.8671447,-25.005551099999998],[-47.8818057,-25.028024000000002],[-47.8851226,-25.038495299999994],[-47.886905500000005,-25.05126690000001],[-47.90952159999999,-25.05294610000001],[-47.9087187,-25.063435000000005],[-47.9059292,-25.063317499999997],[-47.9023781,-25.065670599999983],[-47.9028361,-25.085212499999994],[-47.9047344,-25.095424600000005],[-47.904076,-25.099987799999997],[-47.90158240000001,-25.103590100000005],[-47.89609170000001,-25.104015099999994],[-47.8946544,-25.1054851],[-47.895308500000006,-25.1081921],[-47.8981644,-25.1086107],[-47.9020916,-25.111953900000007],[-47.90422900000001,-25.116015100000002],[-47.9083367,-25.118533900000003],[-47.91600350000001,-25.138396000000007],[-47.91496630000001,-25.140637299999995],[-47.9162571,-25.143693400000007],[-47.9187975,-25.144728],[-47.9193192,-25.152989399999992],[-47.91699880000001,-25.156502600000003],[-47.91246979999999,-25.155797899999996],[-47.913872500000004,-25.15915410000001],[-47.9264866,-25.161689999999993],[-47.9308563,-25.164267399999986],[-47.9317802,-25.16619989999999],[-47.93634560000001,-25.16736220000001],[-47.945992,-25.17432059999999],[-47.9715725,-25.196458999999994],[-47.9727182,-25.198242],[-47.9721889,-25.199718],[-47.9788851,-25.20254580000001],[-47.9836755,-25.206257599999994],[-48.0468761,-25.258530099999998],[-48.0703953,-25.281194399999993],[-48.0994745,-25.312321299999997],[-48.100385200000005,-25.307285400000005],[-48.0984588,-25.2996767],[-48.083109199999996,-25.281997200000003],[-48.057484300000006,-25.263275000000004],[-48.0511582,-25.2523355],[-48.030701500000006,-25.238767799999998],[-48.02469429999999,-25.232763999999996],[-48.02393810000001,-25.229143300000008],[-48.0276361,-25.2282406],[-48.0299432,-25.226201800000002],[-48.0269112,-25.221993500000007],[-48.0275502,-25.2205088],[-48.0322503,-25.21846779999998],[-48.0402996,-25.218744499999996],[-48.0441624,-25.220966],[-48.0455229,-25.226340900000004],[-48.047161900000006,-25.226749399999996],[-48.0574466,-25.218334300000013],[-48.0583904,-25.222222799999997],[-48.05720409999999,-25.226036500000003],[-48.0593311,-25.227560199999992],[-48.0595252,-25.229458900000004],[-48.056995500000006,-25.233082000000007],[-48.0586958,-25.2381422],[-48.06210610000001,-25.240085199999985],[-48.075106100000006,-25.240633],[-48.0814112,-25.2441829],[-48.0836675,-25.2433725],[-48.0839178,-25.240624999999987],[-48.085593900000006,-25.24031669999999],[-48.0897202,-25.24184599999999],[-48.09241140000001,-25.2400361],[-48.0985821,-25.241253399999998],[-48.1003557,-25.243790900000004],[-48.10628520000001,-25.243929999999995],[-48.1087208,-25.245687100000005],[-48.11071770000001,-25.24975380000001],[-48.1148836,-25.250701999999997],[-48.1159781,-25.2489434],[-48.1222477,-25.24554200000001],[-48.1244668,-25.242606200000004],[-48.1331291,-25.239821799999998],[-48.15123820000001,-25.22812740000001],[-48.1627203,-25.209836600000006],[-48.1657234,-25.20901359999999],[-48.1714596,-25.2104806],[-48.175196099999994,-25.209377600000003],[-48.18252030000001,-25.204998799999995],[-48.1913613,-25.196241300000004],[-48.193165300000004,-25.193393100000005],[-48.1933632,-25.189865599999994],[-48.1849666,-25.18638519999999],[-48.1783946,-25.182058699999985],[-48.178716800000004,-25.17961000000001],[-48.1759989,-25.1779381],[-48.1724439,-25.171654099999987],[-48.166638600000006,-25.166008599999994],[-48.1687175,-25.1565427],[-48.16219749999999,-25.154201200000006],[-48.158502,-25.149906899999994],[-48.1568858,-25.1446525],[-48.1637749,-25.145696400000002],[-48.1713342,-25.1422586],[-48.177133000000005,-25.135737700000007],[-48.181641500000005,-25.133835699999995],[-48.18169219999999,-25.1292202],[-48.1869986,-25.1253266],[-48.189388300000005,-25.117636199999996],[-48.1945868,-25.1135108],[-48.19482760000001,-25.106491699999985],[-48.204500499999995,-25.0996635],[-48.2052512,-25.098258299999987],[-48.2039953,-25.093549499999998],[-48.2074179,-25.088775400000006],[-48.21219669999999,-25.085446599999997],[-48.21289109999999,-25.0833672],[-48.2101413,-25.080246100000004],[-48.2160543,-25.0766716],[-48.21328299999999,-25.073143899999998],[-48.215166200000006,-25.0678759],[-48.212099,-25.059185099999997],[-48.21512250000001,-25.050463500000017],[-48.2155624,-25.042552500000003],[-48.215254900000005,-25.040804],[-48.210278100000004,-25.036378399999993],[-48.2086452,-25.031944800000005],[-48.2094673,-25.02718419999999],[-48.214943,-25.0296741],[-48.2253064,-25.02250769999999],[-48.228386500000006,-25.023006499999994],[-48.231554300000006,-25.0207869],[-48.2311142,-25.019431],[-48.233000000000004,-25.017892300000003],[-48.231950100000006,-25.015358300000003],[-48.2233564,-25.0091243],[-48.226976900000004,-25.006771900000004],[-48.22894380000001,-25.008576499999993],[-48.2334705,-25.006941099999988],[-48.22947090000001,-25.001350800000008],[-48.2338649,-25.0007018],[-48.236307,-24.998178599999985],[-48.2353924,-24.99558330000001],[-48.236470100000005,-24.994143400000002],[-48.23969280000001,-24.991417599999995],[-48.24577560000001,-24.98939179999999],[-48.24852250000001,-24.985340500000003],[-48.2502811,-24.977417800000005],[-48.2523019,-24.978064800000006],[-48.2520551,-24.979742799999993],[-48.2592802,-24.986650499999993],[-48.25774070000001,-24.988923699999994],[-48.2588134,-24.990051899999994],[-48.25480389999999,-24.996497900000012],[-48.2599154,-24.9976564],[-48.2633319,-24.9928045],[-48.26685510000001,-24.996538199999996],[-48.26958580000001,-24.9975348],[-48.2681738,-25.001222100000003],[-48.27756550000001,-25.015996099999988],[-48.27537430000001,-25.027711699999983],[-48.27791710000001,-25.032974400000004],[-48.284627699999994,-25.039192299999993],[-48.2875243,-25.039969199999994],[-48.2896935,-25.037701800000004],[-48.28966630000001,-25.02991699999999],[-48.29130140000001,-25.0286829],[-48.292818,-25.024424300000003],[-48.297309600000006,-25.023453700000008],[-48.299196699999996,-25.0256374],[-48.2964718,-25.029673500000005],[-48.2977772,-25.033601799999992],[-48.299221599999996,-25.035410900000002],[-48.3026645,-25.03450039999999],[-48.3074617,-25.0354827],[-48.307248,-25.044124100000012],[-48.3086152,-25.046704899999995],[-48.3115537,-25.048147999999998],[-48.3143286,-25.0469751],[-48.3177739,-25.0565481],[-48.33038470000001,-25.0697052],[-48.3336709,-25.0705736],[-48.3356695,-25.0675255],[-48.33576020000001,-25.06341059999999],[-48.3337105,-25.057569700000002],[-48.324349399999996,-25.0543888],[-48.3264212,-25.050730799999993],[-48.3231697,-25.042319499999998],[-48.324141,-25.0367483],[-48.3324701,-25.036138199999996],[-48.3370563,-25.03970420000001],[-48.339080100000004,-25.0360302],[-48.342614600000005,-25.0376483],[-48.346971599999996,-25.035240799999997],[-48.3495863,-25.03681570000001],[-48.3512278,-25.036489400000004],[-48.35206149999999,-25.03237290000001],[-48.350311999999995,-25.02866200000001],[-48.354748400000005,-25.0199622],[-48.3580472,-25.016722999999992],[-48.3651115,-25.013902299999994],[-48.37336019999999,-25.004684999999988],[-48.377616100000004,-25.0030896],[-48.37863780000001,-24.997028299999997],[-48.3811673,-24.995554000000002],[-48.38467,-24.99531229999999],[-48.3909457,-24.991216700000003],[-48.39472090000001,-24.991061500000008],[-48.3954994,-24.988569899999998],[-48.4111527,-24.9802317],[-48.413604600000006,-24.982549800000005],[-48.4136963,-24.986037999999997],[-48.4170349,-24.989367700000003],[-48.4227004,-24.990967199999996],[-48.42878170000001,-24.9900828],[-48.43142950000001,-24.9913992],[-48.43445470000001,-24.99129869999999],[-48.4415019,-24.995758799999994],[-48.44481029999999,-24.9963445],[-48.4491838,-25.000856199999998],[-48.4595854,-25.005362100000003],[-48.46283030000001,-25.005675199999995],[-48.46670009999999,-25.009489000000002],[-48.4740493,-25.012552399999993],[-48.4753666,-25.01514650000001],[-48.475418600000005,-25.020437099999977],[-48.480882400000006,-25.0369881],[-48.48553259999999,-25.042137100000012],[-48.48595160000001,-25.0453775],[-48.482835900000005,-25.051862199999995],[-48.483291900000005,-25.053192300000006],[-48.491430400000006,-25.053404200000003],[-48.4939418,-25.056678800000004],[-48.498406,-25.05910630000001],[-48.506397500000006,-25.067636],[-48.5125128,-25.0838144],[-48.5139987,-25.0857071],[-48.51972789999999,-25.0847543],[-48.5212823,-25.085935700000004],[-48.5225452,-25.089002899999993],[-48.5218993,-25.091959300000006],[-48.5270576,-25.096112999999992],[-48.5285838,-25.100789299999995],[-48.5412841,-25.097480700000002],[-48.5560079,-25.08655259999999],[-48.5565085,-25.0831837],[-48.5598759,-25.077961000000005],[-48.5601132,-25.075180199999995],[-48.5585076,-25.072915699999992],[-48.5592411,-25.070327299999988],[-48.55777129999999,-25.0686191],[-48.55905580000001,-25.067030599999995],[-48.5579385,-25.06397249999999],[-48.5589032,-25.061542299999996],[-48.56167219999999,-25.0603647],[-48.5619569,-25.05892800000001],[-48.5653143,-25.0583019],[-48.5670354,-25.0552682],[-48.5690178,-25.054308899999995],[-48.5690701,-25.051062299999998],[-48.573475300000005,-25.0509131],[-48.579632800000006,-25.05312739999999],[-48.5826617,-25.0516461],[-48.583029,-25.050004000000005],[-48.581392400000006,-25.049301899999996],[-48.58065770000001,-25.0468223],[-48.5823817,-25.042269000000005],[-48.5838052,-25.041584399999998],[-48.5815386,-25.034857199999998],[-48.58569510000001,-25.030306799999998],[-48.589583700000006,-25.0296891],[-48.5880042,-25.027737700000003],[-48.5906867,-25.026523699999984],[-48.58831680000001,-25.023931699999995],[-48.58886950000001,-25.019705700000003],[-48.5992472,-25.019271999999997],[-48.59941940000001,-25.017764499999984],[-48.5972112,-25.015416399999996],[-48.6008313,-25.010505700000003],[-48.600027700000005,-25.00611049999999],[-48.5952033,-24.996134200000007],[-48.591550000000005,-24.996671699999997],[-48.589232700000004,-24.994809900000003],[-48.5904155,-24.9889127],[-48.5884602,-24.986439299999994],[-48.5801343,-24.986941100000003],[-48.576287300000004,-24.9844367],[-48.5747282,-24.9800855],[-48.5710618,-24.977945899999995],[-48.5673709,-24.972266900000008],[-48.568641,-24.962800100000006],[-48.567946000000006,-24.96001719999999],[-48.572671099999994,-24.954929399999997],[-48.5704626,-24.95160600000001],[-48.5643226,-24.951466499999995],[-48.56298150000001,-24.9503259],[-48.5640324,-24.948785300000004],[-48.5689359,-24.946896100000004],[-48.56967480000001,-24.943481600000005],[-48.5628676,-24.939429299999993],[-48.5668393,-24.935393499999996],[-48.56737100000001,-24.931435199999996],[-48.57017930000001,-24.931541699999993],[-48.569363100000004,-24.92828950000001],[-48.5715891,-24.924731499999993],[-48.5712626,-24.9200089],[-48.5676632,-24.91994119999999],[-48.5652241,-24.917729199999997],[-48.5671711,-24.914342499999997],[-48.56714360000001,-24.903871199999994],[-48.5728345,-24.9028814],[-48.5720602,-24.895013100000003],[-48.56728410000001,-24.89394779999999],[-48.5637247,-24.894926699999992],[-48.5609235,-24.900695599999995],[-48.5593072,-24.90118319999999],[-48.5560909,-24.892803100000005],[-48.5594349,-24.889241399999985],[-48.558343900000004,-24.884585900000012],[-48.5548636,-24.881721300000002],[-48.54900520000001,-24.882328099999995],[-48.5447856,-24.87896379999999],[-48.545424100000005,-24.877014000000003],[-48.5470542,-24.879827700000003],[-48.5493901,-24.879163800000004],[-48.5468405,-24.873770300000004],[-48.549730100000005,-24.86749630000001],[-48.5637007,-24.86453479999999],[-48.565173900000005,-24.865039200000012],[-48.56667610000001,-24.863957699999993],[-48.5646683,-24.85983520000001],[-48.56447140000001,-24.856173599999998],[-48.5678141,-24.8474996],[-48.5639496,-24.83694410000001],[-48.5644721,-24.834280699999997],[-48.5613345,-24.826532899999993],[-48.5557543,-24.823793099999996],[-48.559199,-24.82109080000001],[-48.5572572,-24.81299119999999],[-48.5553936,-24.8101144],[-48.555754,-24.80620379999999],[-48.5488908,-24.7972137],[-48.53650720000001,-24.789547499999994],[-48.5344205,-24.786651499999998],[-48.5308073,-24.786446200000015],[-48.5273041,-24.783223099999997],[-48.5167241,-24.780182100000008],[-48.51581409999999,-24.77682749999999],[-48.5178093,-24.774398099999996],[-48.5167008,-24.7685602],[-48.512085400000004,-24.763963399999998],[-48.50729200000001,-24.76479110000001],[-48.5084933,-24.75722689999999],[-48.507698500000004,-24.7523722],[-48.5018968,-24.745975699999995],[-48.5039737,-24.7401382],[-48.5031997,-24.7390928],[-48.4993063,-24.73896759999999],[-48.503805899999996,-24.734946700000012],[-48.5066181,-24.735805499999998],[-48.5094728,-24.740149999999996],[-48.5115024,-24.740566099999995],[-48.522474700000004,-24.736067900000002],[-48.527861400000006,-24.739289099999993],[-48.530840000000005,-24.738389400000003],[-48.5317828,-24.73676659999999],[-48.529174700000006,-24.73158979999999],[-48.5306392,-24.7301345],[-48.5377522,-24.726263199999998],[-48.54259220000001,-24.725971200000004],[-48.545750700000006,-24.721854799999996],[-48.54458460000001,-24.717960100000003],[-48.5518104,-24.71661780000001],[-48.5521109,-24.709609599999993],[-48.5601134,-24.710709100000003],[-48.56169580000001,-24.70714769999999],[-48.5647293,-24.706237399999996],[-48.5691973,-24.700811599999998],[-48.5675053,-24.698102299999995],[-48.5683137,-24.695612900000004],[-48.571195900000006,-24.6939436],[-48.57088660000001,-24.692219499999993],[-48.57220280000001,-24.690638599999996],[-48.57519700000001,-24.68951339999999],[-48.57902889999999,-24.6855384],[-48.580751,-24.6715689],[-48.5820349,-24.670701599999994],[-48.584666899999995,-24.671786199999993],[-48.5865283,-24.678578999999992],[-48.589253,-24.680530299999997],[-48.593372200000005,-24.674293400000003],[-48.604029800000006,-24.6682968],[-48.607310600000005,-24.66856679999999],[-48.6114519,-24.67088370000001],[-48.6153648,-24.668404199999987],[-48.6166197,-24.668673200000004],[-48.6184471,-24.672161],[-48.6281735,-24.680510700000006],[-48.6308122,-24.6798306],[-48.6310607,-24.677300899999985],[-48.6378107,-24.67766829999999],[-48.6453145,-24.681525199999985],[-48.641087799999994,-24.686497000000006],[-48.641642,-24.689667500000006],[-48.643369099999994,-24.689124899999992],[-48.6581731,-24.692048000000007],[-48.6577807,-24.6943107],[-48.6608137,-24.6991355],[-48.6611681,-24.7041362],[-48.65934550000001,-24.705981799999986],[-48.6604873,-24.7067569],[-48.6644468,-24.706538200000004],[-48.6685094,-24.703370099999987],[-48.67128410000001,-24.703469199999997],[-48.6750089,-24.7017925],[-48.6771952,-24.69841109999999],[-48.6715092,-24.6986691],[-48.67705930000001,-24.692526799999992],[-48.672111799999996,-24.687308699999992],[-48.67495009999999,-24.684052999999995],[-48.671473199999994,-24.67930199999999],[-48.676892,-24.67537129999999],[-48.67697390000001,-24.6716112],[-48.684676,-24.67089099999999],[-48.68966820000001,-24.667872100000018],[-48.6925072,-24.668782299999993],[-48.69408750000001,-24.670683500000003],[-48.6934699,-24.67344889999999],[-48.6882825,-24.677464900000004],[-48.69084240000001,-24.683983799999993],[-48.6888384,-24.692537599999994],[-48.6915041,-24.694035999999997],[-48.69939459999999,-24.68531499999999],[-48.7011426,-24.680375499999997],[-48.703812,-24.68038209999999],[-48.707423500000004,-24.683594199999998],[-48.71074970000001,-24.682687399999995],[-48.7185899,-24.683014799999995],[-48.726363,-24.6848167],[-48.7301199,-24.687011699999996],[-48.7345363,-24.684481699999996],[-48.7399762,-24.68692499999999],[-48.744749899999995,-24.693249699999996],[-48.75242,-24.695180099999998],[-48.7557462,-24.692786799999997],[-48.7553718,-24.690116100000008],[-48.7531696,-24.687714699999997],[-48.7530864,-24.682393399999988],[-48.757286500000006,-24.679854299999995],[-48.758872100000005,-24.680275900000012],[-48.7626293,-24.687250299999988],[-48.7690558,-24.69527859999999],[-48.7752915,-24.6952382],[-48.7786516,-24.696732200000003],[-48.7821763,-24.688058100000003],[-48.78820670000001,-24.681189399999997],[-48.794698100000005,-24.678478699999985],[-48.79559350000001,-24.67644689999999],[-48.80078100000001,-24.67486050000001],[-48.803786699999996,-24.676622599999998],[-48.8096793,-24.675816500000003],[-48.8119239,-24.67414259999999],[-48.8163637,-24.664108599999995],[-48.8191442,-24.663572199999987],[-48.8207877,-24.657291799999992],[-48.8228368,-24.655296299999993],[-48.8273144,-24.654453300000004],[-48.8322833,-24.6568851],[-48.8404009,-24.66497679999999],[-48.8443671,-24.664213100000005],[-48.8497629,-24.657789400000002],[-48.853308999999996,-24.656163],[-48.85500830000001,-24.65570689999999],[-48.85850489999999,-24.657699899999997],[-48.8591986,-24.659100800000004],[-48.8563388,-24.6647032],[-48.8472364,-24.671119100000006],[-48.84787610000001,-24.673878200000004],[-48.8519011,-24.6750054],[-48.8538737,-24.6751457],[-48.8595675,-24.670169100000003],[-48.8653947,-24.667326199999998],[-48.8695416,-24.6696744],[-48.8784686,-24.6681917],[-48.8849778,-24.670439700000003],[-48.89066209999999,-24.669313399999997],[-48.9099285,-24.670715799999996],[-48.9127864,-24.6735082]]],[[[-47.9091807,-25.1669613],[-47.914661300000006,-25.167078000000007],[-47.9120215,-25.163080600000004],[-47.91001370000001,-25.163276999999994],[-47.9091807,-25.1669613]]],[[[-47.86025320000001,-25.130921600000008],[-47.8595609,-25.132120499999996],[-47.8606713,-25.133557700000004],[-47.8621138,-25.131783700000007],[-47.86025320000001,-25.130921600000008]]],[[[-47.8513055,-25.116738299999987],[-47.84947590000001,-25.120890499999994],[-47.8506552,-25.121456799999994],[-47.8524906,-25.120332700000002],[-47.8562386,-25.1250072],[-47.85846050000001,-25.1244879],[-47.8614558,-25.127561699999998],[-47.8648272,-25.128419599999997],[-47.866146,-25.123190599999994],[-47.865144900000004,-25.121818799999996],[-47.86188440000001,-25.1200706],[-47.86000690000001,-25.12053639999999],[-47.85861140000001,-25.117640000000005],[-47.8560226,-25.1165847],[-47.85374,-25.1169699],[-47.8531452,-25.115826499999997],[-47.8513055,-25.116738299999987]]]]}},{"type":"Feature","properties":{"id":"3509","nome":"Araraquara"},"geometry":{"type":"Polygon","coordinates":[[[-47.8422362,-22.444038299999995],[-47.8506974,-22.4417873],[-47.8565626,-22.443469200000003],[-47.8577983,-22.440918699999997],[-47.8529157,-22.4321439],[-47.8620121,-22.429246100000007],[-47.873597,-22.428902499999996],[-47.877126000000004,-22.431440600000006],[-47.8786422,-22.434430800000005],[-47.8817733,-22.432429],[-47.882631100000005,-22.429085099999995],[-47.8870646,-22.429142499999998],[-47.8905522,-22.42727269999999],[-47.8927521,-22.424329899999993],[-47.9005597,-22.4265573],[-47.905503,-22.4308417],[-47.91109190000001,-22.432442999999996],[-47.9147387,-22.42877440000001],[-47.915814,-22.424660299999996],[-47.914609899999995,-22.42318499999999],[-47.91522569999999,-22.419706600000005],[-47.9209627,-22.417487800000004],[-47.9235632,-22.410869],[-47.9238289,-22.406607499999996],[-47.9282444,-22.405678100000003],[-47.9388164,-22.4001217],[-47.94060460000001,-22.400619900000006],[-47.941142,-22.39903989999999],[-47.94435250000001,-22.40047209999999],[-47.9540448,-22.398141200000005],[-47.953450000000004,-22.394279800000007],[-47.95063079999999,-22.3912291],[-47.94911150000001,-22.3856156],[-47.9474385,-22.384259800000002],[-47.9433226,-22.383816799999998],[-47.9453022,-22.3808864],[-47.9514939,-22.376573099999995],[-47.95473770000001,-22.367137499999995],[-47.9598785,-22.36661259999999],[-47.95414190000001,-22.35760879999999],[-47.95460380000001,-22.3365693],[-47.9516838,-22.334519699999994],[-47.9526063,-22.331431000000006],[-47.9500805,-22.328042399999998],[-47.9494306,-22.320656100000004],[-47.945654,-22.320675],[-47.9319835,-22.329586],[-47.93745379999999,-22.322080599999996],[-47.9402301,-22.320420099999996],[-47.940019500000005,-22.314879700000006],[-47.93442540000001,-22.309885500000004],[-47.92881940000001,-22.30765839999999],[-47.9268179,-22.305411600000006],[-47.92653119999999,-22.288333099999996],[-47.9244793,-22.278879999999994],[-47.922473100000005,-22.27583169999999],[-47.9170183,-22.273934800000006],[-47.9150237,-22.2666757],[-47.9108691,-22.2642623],[-47.91102430000001,-22.26011559999999],[-47.9073888,-22.252941599999993],[-47.9079754,-22.242083499999993],[-47.906359,-22.2408521],[-47.9043445,-22.235552300000002],[-47.905531700000004,-22.230654300000005],[-47.901211200000006,-22.226910699999998],[-47.8979719,-22.217988200000004],[-47.88639860000001,-22.21421689999999],[-47.88100180000001,-22.213585299999988],[-47.8794698,-22.210738100000004],[-47.880050100000005,-22.205992200000008],[-47.8828539,-22.19932559999999],[-47.8914261,-22.190803100000004],[-47.902645,-22.17220259999999],[-47.9023764,-22.165383699999992],[-47.9003716,-22.16592369999999],[-47.90143630000001,-22.160491399999984],[-47.89992800000001,-22.1575758],[-47.9067868,-22.155745500000002],[-47.908452,-22.152775500000008],[-47.9143312,-22.1496599],[-47.9190784,-22.149728199999995],[-47.9197894,-22.15069989999999],[-47.9200858,-22.148348100000003],[-47.92136,-22.1486553],[-47.921654,-22.14705529999999],[-47.9227053,-22.147403699999998],[-47.9234571,-22.1453557],[-47.925473800000006,-22.14432690000001],[-47.9268221,-22.1395531],[-47.9279186,-22.1403601],[-47.92853650000001,-22.13966249999999],[-47.9292399,-22.136548599999994],[-47.92754070000001,-22.131125900000004],[-47.9310273,-22.1272451],[-47.93218050000001,-22.127781499999994],[-47.93136859999999,-22.12460550000001],[-47.933902999999994,-22.1237764],[-47.9345942,-22.1200369],[-47.9378115,-22.119476799999994],[-47.9413046,-22.1155304],[-47.94683460000001,-22.112689],[-47.9473797,-22.111123700000004],[-47.9494766,-22.11254539999999],[-47.9532964,-22.1126708],[-47.9535153,-22.11429529999999],[-47.956027000000006,-22.1134773],[-47.9620776,-22.116121700000008],[-47.9637889,-22.113311499999995],[-47.9662241,-22.11476319999999],[-47.9674413,-22.114184000000005],[-47.9692024,-22.115522700000007],[-47.9704161,-22.118943200000004],[-47.9714179,-22.117059699999988],[-47.97456880000001,-22.118999000000002],[-47.9751978,-22.114725000000004],[-47.9770265,-22.114577399999995],[-47.9778557,-22.115897100000005],[-47.9807466,-22.112501900000012],[-47.98407710000001,-22.114753799999995],[-47.98185389999999,-22.11619960000001],[-47.9828443,-22.116976499999996],[-47.9867103,-22.1168244],[-47.987498800000004,-22.117739399999998],[-47.991233400000006,-22.115557199999998],[-47.99311250000001,-22.116005600000005],[-47.9985231,-22.11013279999999],[-47.9987561,-22.104186500000008],[-48.00127810000001,-22.101161800000003],[-48.00337900000001,-22.101111799999998],[-48.003308700000005,-22.0993623],[-48.00633799999999,-22.099213],[-48.007418400000006,-22.097405700000007],[-48.0105902,-22.096865700000013],[-48.0157426,-22.088161699999993],[-48.0181374,-22.087348499999997],[-48.022466200000004,-22.079913900000005],[-48.0265796,-22.0769278],[-48.0298053,-22.078201000000004],[-48.0362303,-22.0781358],[-48.0440256,-22.07484010000001],[-48.04487209999999,-22.0732246],[-48.04797659999999,-22.077939400000005],[-48.04690120000001,-22.07902309999999],[-48.047039,-22.082755],[-48.0451066,-22.08445530000001],[-48.0436928,-22.088415299999994],[-48.0460382,-22.103217499999996],[-48.0444632,-22.1163139],[-48.0425926,-22.1220762],[-48.0437203,-22.1288703],[-48.04742890000001,-22.135216599999993],[-48.0524888,-22.140258000000003],[-48.0543192,-22.146688199999993],[-48.057818100000006,-22.150729200000008],[-48.060656400000006,-22.1513144],[-48.06303199999999,-22.1495023],[-48.06554259999999,-22.149854200000007],[-48.0713851,-22.15179030000001],[-48.0802878,-22.1570296],[-48.089944200000005,-22.1687201],[-48.0998848,-22.174701399999993],[-48.104719900000006,-22.180081099999995],[-48.1166988,-22.178648099999993],[-48.11959790000001,-22.182724399999994],[-48.1240979,-22.1815536],[-48.1303191,-22.183809300000004],[-48.1347001,-22.183235000000014],[-48.1385466,-22.179085000000004],[-48.15705880000001,-22.174855400000002],[-48.169946100000004,-22.167314700000006],[-48.1758824,-22.1664176],[-48.181898700000005,-22.155068100000005],[-48.18898300000001,-22.151086400000004],[-48.198622500000006,-22.148041400000004],[-48.2052482,-22.150338200000004],[-48.2087779,-22.156118099999997],[-48.21584140000001,-22.158824199999998],[-48.2265873,-22.15766310000001],[-48.2343128,-22.159493699999985],[-48.2444883,-22.15906270000001],[-48.25595359999999,-22.15464050000001],[-48.2550345,-22.163034200000002],[-48.2500566,-22.167640999999996],[-48.2493245,-22.17084289999999],[-48.2448177,-22.175590200000002],[-48.2447856,-22.177898000000006],[-48.2554989,-22.1772074],[-48.26951100000001,-22.181578000000005],[-48.2709217,-22.182488499999998],[-48.27428520000001,-22.192289499999998],[-48.2867399,-22.189146399999995],[-48.2920423,-22.18971579999999],[-48.298743,-22.1921813],[-48.3085713,-22.19215649999999],[-48.3122518,-22.193891799999992],[-48.314972000000004,-22.198768400000006],[-48.3160834,-22.193978299999998],[-48.3228223,-22.193560900000005],[-48.3232949,-22.192549599999996],[-48.3218744,-22.191221500000005],[-48.3233927,-22.189137],[-48.3291515,-22.187870000000004],[-48.33109410000001,-22.189101800000003],[-48.3329294,-22.1846569],[-48.3374105,-22.183834800000007],[-48.3384674,-22.181052000000008],[-48.3432303,-22.180676800000004],[-48.3427082,-22.1789858],[-48.34500950000001,-22.1781474],[-48.3432383,-22.173564999999996],[-48.3457144,-22.1713639],[-48.3482134,-22.172172000000003],[-48.3500397,-22.171655500000007],[-48.349956,-22.170381000000006],[-48.3508354,-22.17146160000001],[-48.3530112,-22.1709157],[-48.35547969999999,-22.166814400000007],[-48.360764800000005,-22.166928299999988],[-48.3621438,-22.164786199999995],[-48.3668279,-22.16553879999999],[-48.3681536,-22.1647043],[-48.3683268,-22.167144599999997],[-48.37168210000001,-22.16818069999999],[-48.3746583,-22.16697720000001],[-48.373045700000006,-22.16612889999999],[-48.3732229,-22.1645079],[-48.37592239999999,-22.1622608],[-48.3810025,-22.162547699999987],[-48.383556500000005,-22.15970870000001],[-48.3874387,-22.15961960000001],[-48.38755570000001,-22.156777899999998],[-48.385549100000006,-22.156469700000002],[-48.385987799999995,-22.1530514],[-48.38776560000001,-22.151744400000005],[-48.392560200000005,-22.151810600000005],[-48.390089800000005,-22.147943399999992],[-48.3953911,-22.1475066],[-48.3927451,-22.145399200000004],[-48.3937451,-22.143278000000006],[-48.3921926,-22.138817699999997],[-48.3927891,-22.135962699999993],[-48.3940621,-22.137126700000003],[-48.3957568,-22.136438599999998],[-48.39760950000001,-22.131891399999997],[-48.3967444,-22.129345500000003],[-48.3951148,-22.12976220000001],[-48.39721,-22.1262636],[-48.3962719,-22.120862299999995],[-48.3951179,-22.121248500000004],[-48.39769199999999,-22.1165756],[-48.394565699999994,-22.1145581],[-48.3982238,-22.114292599999995],[-48.39864690000001,-22.113208099999994],[-48.395780300000006,-22.112028400000007],[-48.4028341,-22.1084957],[-48.403423399999994,-22.106641200000002],[-48.4018443,-22.104909699999993],[-48.402023799999995,-22.1025534],[-48.406785000000006,-22.0992769],[-48.4052169,-22.097928400000004],[-48.4065212,-22.096211599999993],[-48.40780360000001,-22.09637049999999],[-48.4077472,-22.0949772],[-48.4086127,-22.09550349999999],[-48.4086971,-22.094104200000004],[-48.4137089,-22.093653],[-48.4150818,-22.089331099999995],[-48.4196837,-22.09019779999999],[-48.422473,-22.094145599999994],[-48.424332,-22.092468200000006],[-48.42441790000001,-22.089943899999998],[-48.4284693,-22.089890699999998],[-48.433119899999994,-22.087941599999997],[-48.4335011,-22.083698299999984],[-48.4359286,-22.084053299999997],[-48.4356827,-22.080368400000015],[-48.43385020000001,-22.077677299999998],[-48.4350747,-22.077061800000003],[-48.4374653,-22.0788754],[-48.4393577,-22.0778199],[-48.4383204,-22.074851599999995],[-48.43954740000001,-22.075433099999994],[-48.44486870000001,-22.073916699999995],[-48.4440713,-22.072690000000005],[-48.4462134,-22.0699355],[-48.4446904,-22.063575600000004],[-48.45012710000001,-22.058604000000006],[-48.4526123,-22.051454399999997],[-48.4575845,-22.048325300000005],[-48.4639229,-22.0490043],[-48.46670910000001,-22.045595999999996],[-48.4747832,-22.043420399999995],[-48.4768576,-22.04182680000001],[-48.48091130000001,-22.03220530000001],[-48.4873685,-22.0271133],[-48.4814822,-22.014171700000002],[-48.4845689,-22.014221200000016],[-48.4909572,-22.011327300000005],[-48.4965375,-22.011525700000004],[-48.5033114,-22.01942099999999],[-48.50704609999999,-22.0216133],[-48.5179863,-22.0247012],[-48.5216385,-22.027055200000003],[-48.5302752,-22.028841399999997],[-48.5365882,-22.035077699999995],[-48.5415904,-22.03551029999999],[-48.5427047,-22.0335805],[-48.544293200000006,-22.034539700000007],[-48.5458744,-22.0331186],[-48.54558260000001,-22.031227599999998],[-48.54695710000001,-22.030947400000002],[-48.5461919,-22.028411500000004],[-48.5471224,-22.0245987],[-48.549906,-22.02275300000001],[-48.55028759999999,-22.023821500000004],[-48.552170600000004,-22.0240504],[-48.55127819999999,-22.021947800000003],[-48.55271770000001,-22.020524700000003],[-48.5539176,-22.021030700000004],[-48.5534111,-22.01952779999999],[-48.5545575,-22.0192534],[-48.55383059999999,-22.0163731],[-48.5577897,-22.0140908],[-48.5574045,-22.01316619999999],[-48.563934,-22.0070936],[-48.564001,-22.005088500000006],[-48.5673446,-22.004750599999998],[-48.5690026,-22.0025936],[-48.5774128,-22.00221649999999],[-48.5834063,-22.000129300000005],[-48.58740910000001,-22.000414],[-48.5865204,-21.9995521],[-48.5893395,-21.999162300000005],[-48.59012500000001,-21.99667749999999],[-48.5932942,-21.9968896],[-48.59262340000001,-21.995367],[-48.594375,-21.994101199999996],[-48.5930051,-21.993023699999988],[-48.59606840000001,-21.988421699999993],[-48.5981889,-21.9870824],[-48.598346,-21.988738499999997],[-48.6058609,-21.987030600000004],[-48.606931,-21.9877363],[-48.6067792,-21.986192],[-48.608385500000004,-21.9870674],[-48.6104378,-21.984760699999995],[-48.61160829999999,-21.985909900000003],[-48.6134926,-21.984048700000002],[-48.6129079,-21.982192199999982],[-48.6114801,-21.981748500000002],[-48.6126935,-21.980815900000003],[-48.612757,-21.97819209999999],[-48.614984500000006,-21.977317899999992],[-48.61715409999999,-21.979255899999988],[-48.61797920000001,-21.9783448],[-48.61840070000001,-21.97952079999999],[-48.6201815,-21.978699399999996],[-48.619632200000005,-21.977212299999994],[-48.6246543,-21.974631399999993],[-48.626488200000004,-21.971228800000002],[-48.6289487,-21.969793699999997],[-48.6315592,-21.970112199999985],[-48.633635299999995,-21.967648800000003],[-48.6338908,-21.969297899999997],[-48.63587280000001,-21.96841639999999],[-48.636314,-21.969472200000006],[-48.6376599,-21.96825489999999],[-48.6384563,-21.969930799999997],[-48.6424244,-21.970061399999988],[-48.642876900000005,-21.9713046],[-48.644284,-21.969419700000007],[-48.64494830000001,-21.9704185],[-48.64486660000001,-21.968853200000005],[-48.6467082,-21.969300700000012],[-48.6458376,-21.96646730000001],[-48.6472422,-21.966032899999988],[-48.6485527,-21.963043599999995],[-48.6511803,-21.9640572],[-48.65043200000001,-21.962502299999997],[-48.6521776,-21.9628591],[-48.653092300000004,-21.960220799999995],[-48.65717720000001,-21.95933],[-48.656015200000006,-21.957214400000005],[-48.6579212,-21.955035600000002],[-48.6566311,-21.954178300000002],[-48.65982880000001,-21.95363569999999],[-48.661555,-21.951928900000002],[-48.6623285,-21.953266899999992],[-48.66492,-21.949911299999993],[-48.669801,-21.9498335],[-48.6694179,-21.9484978],[-48.67162669999999,-21.946632399999995],[-48.6721198,-21.943631199999995],[-48.6684803,-21.941407100000003],[-48.6703734,-21.9409262],[-48.6716911,-21.93739499999998],[-48.6722507,-21.938231800000004],[-48.674419900000004,-21.937460400000003],[-48.67581160000001,-21.932947799999997],[-48.6781376,-21.933107699999994],[-48.6776764,-21.930179999999986],[-48.67939690000001,-21.928793800000008],[-48.67904010000001,-21.927378299999994],[-48.680808899999995,-21.926988800000007],[-48.68011430000001,-21.925642000000007],[-48.6835132,-21.925021899999994],[-48.6836023,-21.92260949999999],[-48.6856153,-21.921735499999997],[-48.6849902,-21.919186400000005],[-48.6831533,-21.919809000000004],[-48.6839753,-21.917081199999988],[-48.68529180000001,-21.91693120000001],[-48.6884491,-21.912617200000003],[-48.6938575,-21.9117439],[-48.694521800000004,-21.913189],[-48.696848,-21.912882099999997],[-48.6977488,-21.912105899999997],[-48.69686440000001,-21.910970499999994],[-48.69883800000001,-21.9120877],[-48.69929760000001,-21.910235800000006],[-48.701339499999996,-21.912450299999993],[-48.702883099999994,-21.910453000000008],[-48.7052873,-21.9133143],[-48.70736680000001,-21.911845900000007],[-48.705826,-21.91098879999999],[-48.7067876,-21.909544900000004],[-48.70885380000001,-21.910693399999992],[-48.7085885,-21.909366100000007],[-48.71086300000001,-21.90869250000001],[-48.71161300000001,-21.910314599999996],[-48.71644400000001,-21.908127700000005],[-48.7154064,-21.90968840000001],[-48.7165464,-21.909736899999995],[-48.71804529999999,-21.9077209],[-48.71814040000001,-21.909797199999993],[-48.7197885,-21.90864120000001],[-48.71926010000001,-21.9070444],[-48.7210009,-21.908839999999994],[-48.7209289,-21.906612900000002],[-48.721938,-21.90622580000001],[-48.7206502,-21.906121],[-48.7206867,-21.904667599999996],[-48.721798500000006,-21.9045192],[-48.7209539,-21.903238200000004],[-48.7202091,-21.903959099999994],[-48.7200267,-21.900844700000007],[-48.7227573,-21.8998004],[-48.722737099999996,-21.89752469999999],[-48.7244348,-21.8979752],[-48.72407840000001,-21.896344200000005],[-48.72585260000001,-21.89670800000001],[-48.725447800000005,-21.8955163],[-48.72647580000001,-21.894961799999994],[-48.7245256,-21.893045499999992],[-48.7267132,-21.892768300000007],[-48.726689,-21.890998899999992],[-48.7307203,-21.890920000000005],[-48.7308999,-21.88947179999999],[-48.7328607,-21.889130399999996],[-48.73742909999999,-21.8903631],[-48.735930700000004,-21.888804099999994],[-48.7395316,-21.88778900000001],[-48.7400493,-21.889468299999997],[-48.742256100000006,-21.88671500000001],[-48.7453761,-21.889577199999994],[-48.7465961,-21.888517599999993],[-48.7458547,-21.8870393],[-48.7475658,-21.8874312],[-48.7504928,-21.884628399999993],[-48.7514068,-21.886694099999996],[-48.7529378,-21.8869782],[-48.7547117,-21.883805000000006],[-48.7609187,-21.884046],[-48.76218180000001,-21.885141299999997],[-48.7617114,-21.88664440000001],[-48.7630028,-21.886279299999998],[-48.76278899999999,-21.887568099999996],[-48.76620729999999,-21.889750899999996],[-48.7680744,-21.889663300000006],[-48.7672363,-21.891900299999996],[-48.7711424,-21.8931144],[-48.7729339,-21.8929207],[-48.77223370000001,-21.891865799999998],[-48.7738232,-21.892062000000003],[-48.7741278,-21.894085799999992],[-48.779058600000006,-21.89449649999999],[-48.7790878,-21.895767],[-48.78041890000001,-21.893888600000007],[-48.7828562,-21.895132499999992],[-48.78538240000001,-21.894015599999996],[-48.7857551,-21.896407999999994],[-48.7873168,-21.89460519999999],[-48.788229,-21.895955800000007],[-48.788931000000005,-21.89292649999999],[-48.7927223,-21.89291010000001],[-48.7942292,-21.891705100000006],[-48.7955569,-21.8943302],[-48.798965300000006,-21.895153400000005],[-48.7991009,-21.89235470000001],[-48.8004077,-21.894176],[-48.8018248,-21.892534999999995],[-48.8036099,-21.893289000000006],[-48.805868399999994,-21.8917807],[-48.806612400000006,-21.893105199999997],[-48.8089529,-21.890642299999993],[-48.807939,-21.893287399999984],[-48.809853700000005,-21.893622199999996],[-48.8108602,-21.891952900000003],[-48.8146348,-21.892475699999995],[-48.8172212,-21.890544400000003],[-48.8194934,-21.890658000000006],[-48.8208297,-21.892418],[-48.82181210000001,-21.8895926],[-48.82539979999999,-21.890274099999992],[-48.8273341,-21.892982899999996],[-48.83061420000001,-21.890420199999994],[-48.8317629,-21.8925785],[-48.83473490000001,-21.893290099999994],[-48.835508000000004,-21.894886500000005],[-48.8342103,-21.89580490000001],[-48.8325588,-21.894857199999986],[-48.83294670000001,-21.898805200000005],[-48.83615579999999,-21.899415299999994],[-48.839979,-21.898330000000005],[-48.8408291,-21.903134300000016],[-48.8450794,-21.90561999999999],[-48.8479384,-21.909874799999994],[-48.854811700000006,-21.911758600000002],[-48.85869,-21.914447599999995],[-48.8618726,-21.914622400000003],[-48.865455499999996,-21.916672700000014],[-48.867700000000006,-21.914765],[-48.8715254,-21.914458000000007],[-48.8767998,-21.92056869999999],[-48.879157000000006,-21.92086519999999],[-48.8878061,-21.91265969999999],[-48.892171,-21.906657000000006],[-48.8973576,-21.8949009],[-48.903426800000005,-21.87341639999999],[-48.9079893,-21.866314099999997],[-48.91807210000001,-21.860535899999988],[-48.969077000000006,-21.848169099999986],[-48.981934700000004,-21.839424899999994],[-48.9878402,-21.832034300000004],[-48.9900639,-21.824946300000004],[-48.9884971,-21.815411000000005],[-48.98280460000001,-21.807782600000003],[-48.9704238,-21.797306099999997],[-48.9619218,-21.7849945],[-48.9602298,-21.77173610000001],[-48.9619128,-21.766158599999983],[-48.96487390000001,-21.762534499999987],[-48.97312279999999,-21.7586122],[-48.98014090000001,-21.758961500000005],[-48.9998949,-21.7648418],[-49.00635050000001,-21.765409099999996],[-49.019105700000004,-21.77080729999999],[-49.0440737,-21.774224700000012],[-49.051698900000005,-21.76872870000001],[-49.0667174,-21.763747599999995],[-49.0762001,-21.757714499999995],[-49.08402699999999,-21.755594800000004],[-49.0966716,-21.7542954],[-49.1052112,-21.750685200000003],[-49.10849470000001,-21.74812580000001],[-49.1157764,-21.7380304],[-49.1243023,-21.72021469999999],[-49.1315059,-21.7153304],[-49.1395856,-21.7062882],[-49.1438275,-21.6942366],[-49.1511203,-21.6832834],[-49.152145700000005,-21.67715019999999],[-49.150331200000004,-21.673228599999998],[-49.1502552,-21.6616497],[-49.1548835,-21.654653900000003],[-49.1624404,-21.648392399999995],[-49.1675642,-21.646472899999996],[-49.1762673,-21.645434299999994],[-49.188341400000006,-21.6473355],[-49.1986811,-21.653078300000008],[-49.2079592,-21.655550800000007],[-49.2106579,-21.660604599999996],[-49.2100702,-21.66685470000001],[-49.2144241,-21.671642699999992],[-49.2274006,-21.659535900000005],[-49.2355096,-21.634688399999995],[-49.241217000000006,-21.624154599999994],[-49.2404568,-21.621496099999998],[-49.2366957,-21.622472399999992],[-49.2309799,-21.6208524],[-49.2253313,-21.610853500000005],[-49.2184286,-21.604305799999995],[-49.2122184,-21.60481509999999],[-49.20644789999999,-21.6021613],[-49.2043119,-21.599109200000004],[-49.2014754,-21.597495400000003],[-49.1874622,-21.595947000000002],[-49.1801263,-21.591135799999993],[-49.1779183,-21.587305800000003],[-49.1782122,-21.5827869],[-49.1765163,-21.57720970000001],[-49.165666099999996,-21.570488700000002],[-49.1636944,-21.560699600000003],[-49.157022600000005,-21.55690239999999],[-49.1547551,-21.554394700000003],[-49.1528487,-21.547452100000005],[-49.1544912,-21.541223999999996],[-49.149307400000005,-21.528935799999985],[-49.13928299999999,-21.5256706],[-49.133082300000005,-21.516380099999996],[-49.1304742,-21.51565490000001],[-49.12649590000001,-21.5168353],[-49.12126599999999,-21.516691100000006],[-49.1184533,-21.515472399999997],[-49.1167117,-21.512405],[-49.11414090000001,-21.498717099999986],[-49.1106748,-21.4968677],[-49.1061287,-21.490428899999998],[-49.0958366,-21.4825548],[-49.0871378,-21.46628359999999],[-49.0821645,-21.4645337],[-49.07247859999999,-21.4768467],[-49.0561669,-21.4877566],[-49.05080499999999,-21.489541999999997],[-49.04095960000001,-21.491572899999994],[-49.0406789,-21.48621999999999],[-49.0384967,-21.484807199999995],[-49.03084770000001,-21.482812599999995],[-49.019610400000005,-21.482431500000004],[-49.0163274,-21.478402599999992],[-49.0086645,-21.47324280000001],[-49.0037836,-21.4660383],[-48.993258299999994,-21.456263499999995],[-48.9899637,-21.455647300000006],[-48.98609770000001,-21.456497399999993],[-48.9829612,-21.455380499999993],[-48.9823962,-21.451422599999987],[-48.9865484,-21.438273400000007],[-48.98488100000001,-21.425580800000002],[-48.98109530000001,-21.41605009999999],[-48.979189,-21.416089500000002],[-48.9700415,-21.425148],[-48.9644135,-21.4255045],[-48.95550130000001,-21.423789099999997],[-48.9492886,-21.425989000000005],[-48.94574,-21.412615900000002],[-48.9459791,-21.4067163],[-48.9483302,-21.3991662],[-48.9317795,-21.38857309999999],[-48.92807320000001,-21.387465399999993],[-48.9224913,-21.38229000000001],[-48.9105963,-21.37711279999999],[-48.9027133,-21.371053300000003],[-48.8987952,-21.371175100000002],[-48.8963128,-21.376951500000004],[-48.8938071,-21.378927799999996],[-48.8924083,-21.383416800000003],[-48.890155799999995,-21.38573750000001],[-48.887100999999994,-21.3877339],[-48.8824975,-21.388019000000007],[-48.8796397,-21.389511499999998],[-48.8766187,-21.393407899999993],[-48.8729608,-21.394295100000004],[-48.8667562,-21.391824099999994],[-48.8638606,-21.391825799999992],[-48.8614553,-21.3931985],[-48.8537644,-21.391736099999992],[-48.8527412,-21.392849299999995],[-48.84918819999999,-21.390439899999993],[-48.8475457,-21.39264620000001],[-48.8451411,-21.393500000000007],[-48.8420205,-21.39273799999999],[-48.841448400000004,-21.394299899999993],[-48.8381764,-21.395534],[-48.8381216,-21.393170399999995],[-48.83606730000001,-21.3927607],[-48.831661499999996,-21.395614100000003],[-48.8321238,-21.396872699999992],[-48.8251124,-21.40456489999999],[-48.8238967,-21.407977100000004],[-48.8190665,-21.407418700000008],[-48.8154415,-21.409341900000005],[-48.814159000000004,-21.41163359999999],[-48.8046092,-21.413078499999994],[-48.8010923,-21.411920700000003],[-48.80160420000001,-21.410247400000006],[-48.7993375,-21.4106806],[-48.7992908,-21.40981929999999],[-48.79421320000001,-21.408781599999998],[-48.7925815,-21.411168499999995],[-48.7934498,-21.413373499999995],[-48.7906549,-21.416122299999994],[-48.790931400000005,-21.41800819999999],[-48.78836239999999,-21.417656700000002],[-48.78708240000001,-21.418505700000008],[-48.787863,-21.419351100000004],[-48.7821211,-21.4208882],[-48.7808479,-21.42303480000001],[-48.77487250000001,-21.42737999999999],[-48.7720381,-21.42707660000001],[-48.769787900000004,-21.4253076],[-48.7688806,-21.426391300000006],[-48.767378,-21.426092399999998],[-48.767187500000006,-21.4248062],[-48.765081,-21.4254987],[-48.7620943,-21.423384299999995],[-48.761165000000005,-21.424244900000005],[-48.7590105,-21.423068499999985],[-48.7568576,-21.424006099999996],[-48.7559564,-21.421627100000006],[-48.7534758,-21.420506200000005],[-48.749371200000006,-21.42157679999999],[-48.7473567,-21.42387889999999],[-48.7453041,-21.421613199999992],[-48.741615,-21.421684999999993],[-48.739888500000006,-21.4228045],[-48.737793700000005,-21.419810599999998],[-48.73296080000001,-21.4176186],[-48.7265868,-21.420322099999996],[-48.723061,-21.419459],[-48.72020690000001,-21.416260699999995],[-48.7205504,-21.412938699999998],[-48.71793769999999,-21.409870200000007],[-48.7175816,-21.407214599999996],[-48.7146167,-21.404798099999997],[-48.7167287,-21.402250999999985],[-48.7165917,-21.400628900000008],[-48.713666,-21.397540799999994],[-48.7028542,-21.392921100000002],[-48.693134099999995,-21.394886600000003],[-48.690817,-21.394330100000012],[-48.6847235,-21.388336799999994],[-48.68296,-21.37550619999999],[-48.67829580000001,-21.369038699999997],[-48.67679700000001,-21.361695500000003],[-48.66980890000001,-21.353644900000003],[-48.6689401,-21.3454645],[-48.67074970000001,-21.3412335],[-48.6697439,-21.337653399999994],[-48.6625145,-21.334067600000004],[-48.6626322,-21.325139199999995],[-48.6584263,-21.322382900000008],[-48.6541233,-21.316016300000005],[-48.6525935,-21.299245200000005],[-48.6487361,-21.2954779],[-48.646570600000004,-21.295390400000006],[-48.6447911,-21.296038900000003],[-48.6431424,-21.299429199999988],[-48.6399537,-21.302020699999993],[-48.633036999999995,-21.303618999999998],[-48.6269133,-21.297917999999992],[-48.62345139999999,-21.291411299999996],[-48.619296999999996,-21.2869331],[-48.61198079999999,-21.293070899999996],[-48.6050837,-21.307815900000005],[-48.6056683,-21.312655299999992],[-48.6039324,-21.315049299999988],[-48.5907103,-21.31407610000001],[-48.58836199999999,-21.3151513],[-48.585884899999996,-21.324265500000003],[-48.5806674,-21.3266915],[-48.5767212,-21.33023649999999],[-48.5756207,-21.336488899999992],[-48.577325699999996,-21.339741200000002],[-48.57385579999999,-21.3416838],[-48.5650267,-21.337878],[-48.555638200000004,-21.340439500000013],[-48.5530704,-21.339009100000002],[-48.5516764,-21.3429437],[-48.54547000000001,-21.351735500000007],[-48.53967110000001,-21.353818899999997],[-48.5352844,-21.353877399999988],[-48.52669740000001,-21.351763500000008],[-48.5128439,-21.344187000000016],[-48.5034481,-21.344581299999994],[-48.4945003,-21.347256100000006],[-48.4919857,-21.346066900000004],[-48.4900538,-21.341630200000008],[-48.486159,-21.3380727],[-48.4851402,-21.334682999999988],[-48.478482099999994,-21.331769499999986],[-48.4745309,-21.338044199999988],[-48.4654949,-21.342087099999993],[-48.461945500000006,-21.3417159],[-48.4542736,-21.343819200000002],[-48.4510234,-21.3465889],[-48.4420804,-21.342879599999993],[-48.43668190000001,-21.3418979],[-48.432451400000005,-21.336256499999994],[-48.43329940000001,-21.3249622],[-48.4284905,-21.319325999999997],[-48.4230768,-21.3186405],[-48.41670729999999,-21.3204217],[-48.4092503,-21.3174884],[-48.4000703,-21.319571799999995],[-48.39610770000001,-21.317253399999995],[-48.3914934,-21.3169049],[-48.3882134,-21.317483499999987],[-48.38376170000001,-21.322731699999988],[-48.3785523,-21.324780300000004],[-48.3757809,-21.323399199999994],[-48.3732395,-21.3238014],[-48.36963229999999,-21.3215293],[-48.35170569999999,-21.32115640000001],[-48.345352000000005,-21.325485600000004],[-48.3445726,-21.329125800000003],[-48.3416479,-21.3316636],[-48.3403236,-21.330331399999984],[-48.3365434,-21.331485199999992],[-48.33700040000001,-21.333797099999998],[-48.33424740000001,-21.3392301],[-48.3342369,-21.348137999999995],[-48.3233455,-21.357301700000004],[-48.3181318,-21.357829800000005],[-48.3118164,-21.3607467],[-48.3175487,-21.365122700000008],[-48.319599800000006,-21.369015499999993],[-48.324714,-21.372119700000006],[-48.33583960000001,-21.3852449],[-48.35168650000001,-21.39199120000001],[-48.3624797,-21.39289649999999],[-48.37153779999999,-21.401545700000003],[-48.38250109999999,-21.402314300000008],[-48.3871461,-21.39930859999999],[-48.395126399999995,-21.399822000000004],[-48.4033686,-21.3988138],[-48.4010746,-21.404249899999993],[-48.402140800000005,-21.4168834],[-48.4046306,-21.417746600000005],[-48.413644999999995,-21.427561000000004],[-48.42295730000001,-21.431335199999996],[-48.4270616,-21.434498999999995],[-48.4279036,-21.436213600000002],[-48.426811900000004,-21.439103299999996],[-48.4292468,-21.442866],[-48.42926889999999,-21.44687540000001],[-48.4349781,-21.4515846],[-48.436823000000004,-21.456477899999992],[-48.440523400000004,-21.460664100000002],[-48.449937,-21.4640222],[-48.460162600000004,-21.4715153],[-48.46242350000001,-21.476663600000002],[-48.46225470000001,-21.48477919999999],[-48.463937900000005,-21.48979049999999],[-48.4610374,-21.4905723],[-48.4599371,-21.49272210000001],[-48.4525687,-21.491546100000004],[-48.4466609,-21.488353500000006],[-48.4413045,-21.490084100000004],[-48.433533399999995,-21.489828199999998],[-48.432058,-21.490914200000002],[-48.4235341,-21.4897373],[-48.41857340000001,-21.483787899999996],[-48.4175521,-21.472998899999997],[-48.4073277,-21.472688200000004],[-48.3961746,-21.480654599999994],[-48.3940508,-21.492207800000003],[-48.3904917,-21.49551499999999],[-48.3876581,-21.496755699999998],[-48.3801875,-21.50427940000001],[-48.3705665,-21.505016800000007],[-48.3619197,-21.4988901],[-48.3560788,-21.496830799999994],[-48.351475799999996,-21.49228139999999],[-48.346927,-21.4920508],[-48.3389117,-21.495445800000006],[-48.330442299999994,-21.493296000000004],[-48.3272355,-21.491158299999995],[-48.3260422,-21.48670749999999],[-48.3239513,-21.484432099999996],[-48.3180381,-21.485743799999998],[-48.3108907,-21.4849256],[-48.30641910000001,-21.485788999999997],[-48.2949807,-21.482447999999994],[-48.283294,-21.481613],[-48.2346529,-21.473750400000004],[-48.2312611,-21.470813000000003],[-48.2297128,-21.47212120000001],[-48.221020900000006,-21.471223900000005],[-48.21469330000001,-21.46718909999999],[-48.197954,-21.4649606],[-48.19420579999999,-21.462606800000007],[-48.1882895,-21.4536207],[-48.1815808,-21.44775080000001],[-48.1778485,-21.437572499999998],[-48.175487,-21.4384534],[-48.17472109999999,-21.437201400000006],[-48.1714885,-21.436565699999992],[-48.1678399,-21.4387866],[-48.1662773,-21.435899100000004],[-48.1638286,-21.43552989999999],[-48.1640078,-21.4376657],[-48.1620699,-21.437583099999998],[-48.1601383,-21.4365426],[-48.160347200000004,-21.4349861],[-48.15809180000001,-21.432627899999993],[-48.1534933,-21.431729400000002],[-48.151563100000004,-21.430103099999997],[-48.1454322,-21.429872699999994],[-48.143567,-21.426622899999987],[-48.1350336,-21.429215300000006],[-48.1335379,-21.4316346],[-48.1313833,-21.4314424],[-48.1295657,-21.436156299999997],[-48.126261299999996,-21.435557700000007],[-48.123857900000004,-21.43675489999999],[-48.1224098,-21.435557199999995],[-48.1195663,-21.43578879999999],[-48.1176433,-21.435117000000005],[-48.1168718,-21.4306826],[-48.1122412,-21.42547980000001],[-48.1146755,-21.421375299999994],[-48.1135027,-21.4205857],[-48.1090493,-21.4282793],[-48.1090686,-21.444458399999984],[-48.103704300000004,-21.44854269999999],[-48.1030204,-21.453482000000008],[-48.087322500000006,-21.459013699999996],[-48.084714600000005,-21.461496600000004],[-48.0820824,-21.461572099999994],[-48.0815954,-21.463749999999997],[-48.08449670000001,-21.466543000000005],[-48.0850397,-21.468724799999993],[-48.07741519999999,-21.47045320000001],[-48.0761138,-21.476897099999995],[-48.074270000000006,-21.4792385],[-48.0717646,-21.478491599999995],[-48.07303850000001,-21.475275499999988],[-48.0720532,-21.474048699999994],[-48.070109300000006,-21.47455419999999],[-48.070195,-21.478110999999984],[-48.06872500000001,-21.479855999999998],[-48.061944,-21.475930999999992],[-48.05730200000001,-21.475271999999993],[-48.05812,-21.479398],[-48.05420900000001,-21.481363999999996],[-48.05619,-21.485769999999995],[-48.055355,-21.489225999999995],[-48.053435,-21.490360999999993],[-48.047343000000005,-21.490785999999986],[-48.044469199999995,-21.4940867],[-48.0448661,-21.495752500000002],[-48.0510604,-21.49555060000001],[-48.0519956,-21.49956369999999],[-48.05049350000001,-21.50137470000001],[-48.04545809999999,-21.501914799999994],[-48.03865830000001,-21.504624699999994],[-48.043070099999994,-21.510034099999995],[-48.0422279,-21.515652599999996],[-48.040187700000004,-21.516251100000005],[-48.0318256,-21.515013599999996],[-48.0283103,-21.513542699999995],[-48.028165800000004,-21.514828500000004],[-48.0318472,-21.519154200000006],[-48.0280289,-21.52264249999999],[-48.0317132,-21.524473899999997],[-48.033104400000006,-21.52661309999999],[-48.026405,-21.530039199999987],[-48.027869,-21.538805400000008],[-48.024018,-21.537661500000006],[-48.020353699999994,-21.5397598],[-48.0172817,-21.539616799999987],[-48.0172938,-21.533498600000012],[-48.0142287,-21.53232220000001],[-48.012026,-21.533174599999995],[-48.0119824,-21.53484519999999],[-48.0150983,-21.539129499999998],[-48.0147212,-21.542049399999996],[-48.0058357,-21.5445283],[-48.007488,-21.548739699999988],[-48.0064886,-21.5522427],[-48.009903900000005,-21.555618500000005],[-48.00913460000001,-21.559888899999986],[-48.0036694,-21.5591526],[-47.9956646,-21.561488300000008],[-47.9960051,-21.563447399999994],[-47.99913459999999,-21.566940399999993],[-47.9984681,-21.568515799999997],[-47.9947416,-21.564631699999993],[-47.99232200000001,-21.564447799999996],[-47.9909643,-21.565666099999994],[-47.99161,-21.570472600000013],[-47.9891022,-21.57709820000001],[-47.9950708,-21.5769483],[-47.9993722,-21.57921589999999],[-48.0003176,-21.580847599999995],[-47.9986691,-21.581704299999995],[-47.9936792,-21.579474799999996],[-47.992894,-21.5804554],[-47.993768100000004,-21.584532999999997],[-47.9897362,-21.585031899999993],[-47.99218960000001,-21.5889961],[-47.9878226,-21.58989860000001],[-47.99075090000001,-21.595587999999996],[-47.98418290000001,-21.595450099999997],[-47.9834175,-21.5937015],[-47.98476550000001,-21.5882906],[-47.9824212,-21.58661289999999],[-47.98102180000001,-21.588030800000002],[-47.9827194,-21.591525200000003],[-47.9817123,-21.592808199999997],[-47.9776233,-21.591275399999994],[-47.974271800000004,-21.594590099999994],[-47.9700787,-21.59439989999999],[-47.964246,-21.5982622],[-47.95518150000001,-21.590547199999993],[-47.9529833,-21.590965],[-47.953354899999994,-21.594309600000006],[-47.950138,-21.598399499999996],[-47.9422669,-21.598112900000004],[-47.9414309,-21.596319600000005],[-47.9455829,-21.59440950000001],[-47.9459342,-21.591762100000004],[-47.943427400000004,-21.5909355],[-47.9377332,-21.593166200000006],[-47.9369357,-21.591267999999996],[-47.941268699999995,-21.589799799999998],[-47.941566599999994,-21.5875131],[-47.9398098,-21.586730000000003],[-47.93631100000001,-21.5884011],[-47.9341461,-21.586953000000005],[-47.9356795,-21.58318660000001],[-47.938686,-21.580700499999992],[-47.9384189,-21.579503],[-47.9334895,-21.579987600000006],[-47.92435360000001,-21.573098999999985],[-47.925190799999996,-21.576680599999992],[-47.922519,-21.57916939999999],[-47.9238871,-21.583059099999993],[-47.923307,-21.584599100000002],[-47.918300900000006,-21.583336200000005],[-47.915999400000004,-21.587371099999995],[-47.9131682,-21.589308399999997],[-47.91021700000001,-21.588338300000007],[-47.9088659,-21.583120399999995],[-47.9050099,-21.57948170000001],[-47.9024988,-21.5801432],[-47.9047128,-21.58408379999999],[-47.9033273,-21.587778300000004],[-47.9004992,-21.589470700000003],[-47.8988531,-21.587909299999996],[-47.9009724,-21.583808200000004],[-47.89983079999999,-21.5815189],[-47.8985198,-21.581846500000005],[-47.898313,-21.58569269999999],[-47.8967232,-21.587050199999993],[-47.8948545,-21.586195100000005],[-47.892896,-21.582580400000012],[-47.8897108,-21.581986499999992],[-47.8850768,-21.586201000000006],[-47.88611319999999,-21.5905954],[-47.8846115,-21.591292700000004],[-47.88185090000001,-21.589277999999993],[-47.882519,-21.591532299999987],[-47.8781066,-21.594802100000003],[-47.878437600000005,-21.596492400000006],[-47.88099410000001,-21.598236900000014],[-47.87672980000001,-21.598973300000004],[-47.871340200000006,-21.6030018],[-47.87121619999999,-21.6060516],[-47.879504000000004,-21.608134299999993],[-47.8807243,-21.6110813],[-47.8789973,-21.612595300000002],[-47.87470580000001,-21.609833999999996],[-47.8723227,-21.610418400000004],[-47.871504,-21.614660399999998],[-47.86990380000001,-21.615815799999993],[-47.8687342,-21.614764699999995],[-47.8689538,-21.610784999999993],[-47.8649587,-21.612095399999994],[-47.862580200000004,-21.610949500000004],[-47.864462700000004,-21.606915699999984],[-47.8592371,-21.60912059999999],[-47.8561771,-21.6078183],[-47.8539272,-21.604145399999993],[-47.8576992,-21.602691300000004],[-47.858289400000004,-21.60132889999998],[-47.8535392,-21.597428300000004],[-47.8499626,-21.599815900000007],[-47.8462563,-21.597967999999987],[-47.8399135,-21.606789800000005],[-47.83917,-21.606227300000008],[-47.8412973,-21.602632800000006],[-47.8404799,-21.600330099999994],[-47.83921229999999,-21.6002969],[-47.8371443,-21.604519399999997],[-47.83184970000001,-21.600999399999992],[-47.830075,-21.6014573],[-47.8298295,-21.603069699999992],[-47.8326826,-21.605206499999998],[-47.8346077,-21.611596200000008],[-47.833968600000006,-21.614441400000004],[-47.830920299999995,-21.6160007],[-47.82784939999999,-21.612777499999996],[-47.8258602,-21.612347899999996],[-47.81855600000001,-21.614766799999995],[-47.816440099999994,-21.620995200000003],[-47.8177635,-21.624956199999996],[-47.8140393,-21.626963999999997],[-47.8111445,-21.63140899999999],[-47.803795300000004,-21.63031000000001],[-47.801613800000005,-21.633125599999985],[-47.80229130000001,-21.63538640000001],[-47.806827600000005,-21.635511500000003],[-47.8118218,-21.648393799999994],[-47.8137515,-21.648803500000007],[-47.816098100000005,-21.64687600000001],[-47.81817829999999,-21.6469522],[-47.82067560000001,-21.6500969],[-47.8256114,-21.65335439999999],[-47.82597410000001,-21.656701500000004],[-47.8188381,-21.6599715],[-47.816927799999995,-21.662541999999995],[-47.822454,-21.664163200000004],[-47.830578,-21.66946230000001],[-47.829480000000004,-21.671036799999996],[-47.8234193,-21.67261460000001],[-47.8122673,-21.679315399999986],[-47.811438,-21.6845617],[-47.8121742,-21.6898346],[-47.816997099999995,-21.695433699999988],[-47.81558960000001,-21.6973824],[-47.8118596,-21.699111699999992],[-47.8072265,-21.69878399999999],[-47.8032613,-21.695424299999992],[-47.7956533,-21.694626700000008],[-47.79009340000001,-21.69902829999999],[-47.78654420000001,-21.699829400000002],[-47.7847518,-21.698556700000005],[-47.783670900000004,-21.693833000000012],[-47.7814301,-21.691610900000004],[-47.76815220000001,-21.691463799999987],[-47.7647993,-21.694369699999996],[-47.75912309999999,-21.6956904],[-47.7561062,-21.700079699999993],[-47.7501621,-21.7014143],[-47.7478455,-21.7068413],[-47.74533910000001,-21.709300999999993],[-47.7374304,-21.711627599999996],[-47.73327350000001,-21.714045600000006],[-47.7315988,-21.710650200000007],[-47.72753199999999,-21.7095709],[-47.7241394,-21.706248199999994],[-47.72146540000001,-21.697929799999997],[-47.71787700000001,-21.694824599999983],[-47.7119629,-21.683659500000015],[-47.70885200000001,-21.6833003],[-47.7042949,-21.680000999999997],[-47.6991787,-21.678971500000003],[-47.6998136,-21.677231299999992],[-47.697952,-21.676522599999995],[-47.6968542,-21.677390999999997],[-47.694011100000004,-21.675775699999992],[-47.6858919,-21.667258399999994],[-47.6848796,-21.663318700000005],[-47.6789584,-21.657075700000004],[-47.68021860000001,-21.65286609999999],[-47.6772132,-21.631971699999994],[-47.67747390000001,-21.626003299999997],[-47.67616369999999,-21.623045100000002],[-47.6790867,-21.61469939999999],[-47.6780368,-21.6116692],[-47.6760175,-21.609278500000002],[-47.6713941,-21.607003200000005],[-47.67095140000001,-21.603108499999998],[-47.667243400000004,-21.600726600000005],[-47.66087180000001,-21.599361400000003],[-47.6581162,-21.597550399999996],[-47.650006700000006,-21.596238400000008],[-47.6472005,-21.593644999999988],[-47.64298910000001,-21.592925700000002],[-47.6392354,-21.589199299999997],[-47.631857,-21.58945179999999],[-47.6258063,-21.592259299999988],[-47.60783969999999,-21.582534799999998],[-47.60403910000001,-21.57450150000001],[-47.60524650000001,-21.56400560000001],[-47.600073,-21.556680499999995],[-47.59948810000001,-21.546772499999996],[-47.592012,-21.5483675],[-47.5870341,-21.551891799999986],[-47.5782159,-21.553739499999995],[-47.57115490000001,-21.55892830000001],[-47.5659535,-21.556768799999997],[-47.5646753,-21.5584646],[-47.5565715,-21.558066800000002],[-47.5482491,-21.55514760000001],[-47.5442632,-21.55136669999999],[-47.5433416,-21.5519048],[-47.544276,-21.556253000000005],[-47.542935400000005,-21.558545800000005],[-47.53957110000001,-21.561558799999997],[-47.5306829,-21.56546679999999],[-47.5267376,-21.565980499999988],[-47.5184547,-21.564605699999994],[-47.5117296,-21.561912],[-47.50170059999999,-21.56894360000001],[-47.49211939999999,-21.570058299999996],[-47.4709681,-21.57586580000001],[-47.465159,-21.575113300000012],[-47.455449300000005,-21.577387500000007],[-47.450366,-21.577043100000008],[-47.44434710000001,-21.588333999999985],[-47.4389822,-21.593861799999992],[-47.4417115,-21.601043399999995],[-47.4413457,-21.609573199999993],[-47.4427336,-21.611797400000004],[-47.441482300000004,-21.613131600000003],[-47.4372078,-21.613171499999996],[-47.4339509,-21.61065819999999],[-47.4300967,-21.604183700000004],[-47.42473640000001,-21.60174230000001],[-47.42196119999999,-21.6028304],[-47.41284910000001,-21.602550899999997],[-47.403762300000004,-21.611673899999996],[-47.399225200000004,-21.613740899999993],[-47.3997708,-21.622088600000012],[-47.3907228,-21.63360899999999],[-47.3854729,-21.636527099999988],[-47.3828874,-21.639362699999996],[-47.3806019,-21.649811700000004],[-47.37241050000001,-21.649844499999997],[-47.368043899999996,-21.646513000000002],[-47.35918980000001,-21.64297709999999],[-47.357192,-21.64302350000001],[-47.351398100000004,-21.64759110000001],[-47.34216130000001,-21.642210300000002],[-47.3338297,-21.6455832],[-47.3288141,-21.64453999999999],[-47.3220514,-21.650319600000014],[-47.322439900000006,-21.654676600000002],[-47.3256201,-21.657527599999998],[-47.323721,-21.659869100000012],[-47.3270542,-21.66885159999999],[-47.3328252,-21.66877849999999],[-47.33707820000001,-21.667316299999996],[-47.3383293,-21.681153],[-47.3373185,-21.6874385],[-47.3269226,-21.703771399999994],[-47.3233909,-21.7150052],[-47.323671100000006,-21.719708400000005],[-47.3295113,-21.723929799999997],[-47.3303403,-21.726582699999998],[-47.311020500000005,-21.737147899999993],[-47.3036808,-21.737311099999996],[-47.301068,-21.7439916],[-47.295038700000006,-21.748166499999993],[-47.293810500000006,-21.750434599999988],[-47.2932941,-21.75735559999999],[-47.2954074,-21.7621092],[-47.299656299999995,-21.763299500000002],[-47.3043021,-21.768038300000008],[-47.3124366,-21.77363980000001],[-47.31863880000001,-21.774812999999995],[-47.3209997,-21.776967700000007],[-47.3345673,-21.776530899999994],[-47.3322516,-21.784258400000006],[-47.33505650000001,-21.78896769999999],[-47.341995600000004,-21.795740800000004],[-47.3468981,-21.806531099999997],[-47.3451581,-21.80727199999999],[-47.345465000000004,-21.809252500000007],[-47.34381230000001,-21.810321300000005],[-47.3430254,-21.809254400000007],[-47.3421084,-21.8118454],[-47.338359000000004,-21.810516800000006],[-47.3351106,-21.814257099999995],[-47.3349196,-21.816116899999997],[-47.3364419,-21.816044100000003],[-47.3360977,-21.818926799999993],[-47.33764579999999,-21.8194239],[-47.3378367,-21.821544399999997],[-47.3348819,-21.823462099999993],[-47.3355256,-21.828769599999998],[-47.33822860000001,-21.82891860000001],[-47.3390017,-21.836421400000006],[-47.343073499999996,-21.8398669],[-47.3388061,-21.842455400000002],[-47.3320042,-21.842494799999994],[-47.3245419,-21.851254099999995],[-47.32406610000001,-21.860679999999988],[-47.3103738,-21.872690999999993],[-47.30269189999999,-21.872236799999996],[-47.2864058,-21.867213799999988],[-47.2839357,-21.869247],[-47.277927,-21.878848600000012],[-47.2785491,-21.8888439],[-47.280224700000005,-21.8944627],[-47.279367500000006,-21.8997064],[-47.28244170000001,-21.90405559999999],[-47.282749300000006,-21.908364399999986],[-47.282732,-21.909841999999998],[-47.2789547,-21.913280300000004],[-47.2786379,-21.914884000000008],[-47.282259800000006,-21.92046240000001],[-47.2794079,-21.923786499999995],[-47.2782395,-21.928262599999996],[-47.2753638,-21.930709399999994],[-47.27396190000001,-21.9359407],[-47.2743458,-21.93940340000001],[-47.273397800000005,-21.940766599999986],[-47.27056670000001,-21.940885899999998],[-47.269539599999995,-21.943573100000002],[-47.2674058,-21.944722700000007],[-47.26656969999999,-21.9481221],[-47.27026070000001,-21.954614899999996],[-47.2754922,-21.956427500000018],[-47.2880748,-21.9566429],[-47.2900158,-21.958141599999994],[-47.293427300000005,-21.96294230000001],[-47.29420580000001,-21.966718599999997],[-47.2986799,-21.97048759999999],[-47.2961352,-21.973628399999992],[-47.2964218,-21.9791424],[-47.293463800000005,-21.981872700000004],[-47.2900146,-21.981620999999997],[-47.29176420000001,-21.9782711],[-47.2848168,-21.971175999999986],[-47.2801703,-21.9695248],[-47.276187,-21.970962199999995],[-47.26425330000001,-21.969010899999997],[-47.2612488,-21.972429599999995],[-47.26024180000001,-21.975945199999998],[-47.258714,-21.975892599999998],[-47.25614569999999,-21.973522400000007],[-47.2551404,-21.9674994],[-47.2514493,-21.9651848],[-47.24836350000001,-21.966761400000003],[-47.2484002,-21.968436999999998],[-47.2472462,-21.967309700000012],[-47.2435732,-21.96779830000001],[-47.2416578,-21.966645199999995],[-47.241923,-21.9687928],[-47.238724700000006,-21.968469599999995],[-47.2377387,-21.9700062],[-47.2350982,-21.969996799999993],[-47.231635000000004,-21.97189999999999],[-47.2312731,-21.973188899999993],[-47.228575000000006,-21.9722318],[-47.2257594,-21.97339400000001],[-47.2237695,-21.9728092],[-47.22276910000001,-21.97608549999999],[-47.219812100000006,-21.9776695],[-47.2154947,-21.97648390000002],[-47.2146452,-21.9832931],[-47.2119503,-21.98654729999999],[-47.21229970000001,-22.0070383],[-47.20954249999999,-22.015449099999994],[-47.2021362,-22.0200119],[-47.203105900000004,-22.029452299999996],[-47.2009171,-22.029684499999984],[-47.2008806,-22.031295800000006],[-47.2023847,-22.034645599999998],[-47.2123175,-22.0354102],[-47.220634100000005,-22.040006399999985],[-47.226665000000004,-22.0485078],[-47.2337795,-22.05443709999999],[-47.233952900000006,-22.056407599999993],[-47.23075570000001,-22.058801100000007],[-47.23245899999999,-22.062037699999998],[-47.2305305,-22.060852200000003],[-47.2295661,-22.062442500000007],[-47.2284766,-22.06042619999999],[-47.2254224,-22.06227639999999],[-47.22235400000001,-22.06112119999999],[-47.2230517,-22.064190600000003],[-47.22059200000001,-22.06294189999999],[-47.2200164,-22.064512100000005],[-47.218501,-22.063793800000006],[-47.2177867,-22.066355700000003],[-47.219991099999994,-22.069755000000008],[-47.2186334,-22.072748699999998],[-47.2205108,-22.07566729999999],[-47.2200176,-22.07784300000001],[-47.2177566,-22.07837159999999],[-47.216489,-22.08203020000001],[-47.21512620000001,-22.0817889],[-47.215461,-22.083117300000005],[-47.214157500000006,-22.083661900000003],[-47.2127173,-22.087577599999996],[-47.21048330000001,-22.087520400000006],[-47.2069152,-22.092616800000002],[-47.2051066,-22.092648900000007],[-47.20168710000001,-22.096867100000008],[-47.1981904,-22.097444],[-47.1974889,-22.098716899999992],[-47.2323355,-22.093113799999994],[-47.2356288,-22.090557300000004],[-47.242357399999996,-22.090784699999997],[-47.247440100000006,-22.093098899999987],[-47.25519100000001,-22.091480800000006],[-47.2568799,-22.087857800000002],[-47.2574664,-22.088901700000005],[-47.25895609999999,-22.088742700000008],[-47.25844190000001,-22.091429000000005],[-47.2644234,-22.0964019],[-47.2688484,-22.096977699999993],[-47.269704000000004,-22.098503499999996],[-47.2718823,-22.098897400000016],[-47.2710997,-22.1029864],[-47.272870100000006,-22.103760700000002],[-47.2765436,-22.102336700000002],[-47.28373570000001,-22.103802699999996],[-47.2884092,-22.10145869999999],[-47.2933627,-22.104188000000008],[-47.3015174,-22.102809700000005],[-47.31100140000001,-22.097690899999993],[-47.312712,-22.09507710000001],[-47.315652699999994,-22.093526199999996],[-47.3195905,-22.092669899999994],[-47.3256528,-22.09359469999999],[-47.32772020000001,-22.09036079999999],[-47.3298317,-22.089314099999992],[-47.331883,-22.090593500000004],[-47.3366469,-22.090911699999996],[-47.3382654,-22.089808999999992],[-47.3413522,-22.0908705],[-47.3471148,-22.095339600000003],[-47.3514989,-22.094973299999992],[-47.35484829999999,-22.093239499999996],[-47.365911000000004,-22.09327579999999],[-47.3691612,-22.093816799999995],[-47.3725465,-22.096337800000004],[-47.377490900000005,-22.09578939999999],[-47.3922107,-22.0886446],[-47.3970273,-22.087732700000007],[-47.39966660000001,-22.084881700000007],[-47.442046,-22.063581599999996],[-47.445692900000004,-22.068258999999998],[-47.4488123,-22.075911999999995],[-47.4498897,-22.0758516],[-47.44971799999999,-22.078510699999995],[-47.452839700000006,-22.082015599999995],[-47.4553639,-22.082925099999994],[-47.471681100000005,-22.0826681],[-47.48185600000001,-22.086391500000012],[-47.4857138,-22.083347200000006],[-47.4921915,-22.082673399999997],[-47.4958425,-22.083737599999996],[-47.49971740000001,-22.0873823],[-47.5014131,-22.0875006],[-47.5066285,-22.081410700000003],[-47.5107319,-22.083144999999995],[-47.51498010000001,-22.082230400000004],[-47.5195434,-22.077780900000004],[-47.52225370000001,-22.072005099999984],[-47.52901169999999,-22.074005300000003],[-47.5381127,-22.083272899999994],[-47.5446542,-22.083529999999996],[-47.5457274,-22.085940100000002],[-47.55271179999999,-22.08852650000001],[-47.5589976,-22.0840974],[-47.56687660000001,-22.081945499999996],[-47.5744985,-22.0849345],[-47.5783867,-22.088927],[-47.5793307,-22.0871461],[-47.60680779999999,-22.0664141],[-47.61152250000001,-22.05897699999999],[-47.6120761,-22.0544214],[-47.62094170000001,-22.049460999999997],[-47.6247918,-22.0439911],[-47.6264662,-22.043603700000006],[-47.6302419,-22.047092699999997],[-47.6326436,-22.052291499999995],[-47.636384,-22.0550823],[-47.6433933,-22.051931400000004],[-47.64623430000001,-22.051670800000004],[-47.6482981,-22.053822899999993],[-47.6515759,-22.054264099999994],[-47.6544952,-22.051716299999992],[-47.6580761,-22.051797799999992],[-47.66038340000001,-22.04777599999999],[-47.6616775,-22.04782499999999],[-47.6629525,-22.0455903],[-47.6658653,-22.044066100000006],[-47.66893339999999,-22.03943320000001],[-47.6683226,-22.033440500000005],[-47.6721184,-22.026479800000004],[-47.6730993,-22.017046899999993],[-47.6756493,-22.013051100000002],[-47.6895258,-22.023787800000008],[-47.6916703,-22.0272274],[-47.69422850000001,-22.0286265],[-47.697627700000005,-22.027854],[-47.69840520000001,-22.0320199],[-47.7010436,-22.034105299999997],[-47.70885229999999,-22.033827599999995],[-47.714608,-22.0365194],[-47.716209799999994,-22.0350915],[-47.7212402,-22.0367366],[-47.72863970000001,-22.044377799999996],[-47.7354278,-22.047854700000002],[-47.73877290000001,-22.0534043],[-47.7449148,-22.055432899999985],[-47.7481812,-22.063808300000012],[-47.74576470000001,-22.07083460000001],[-47.746945700000005,-22.074678799999994],[-47.7461916,-22.078254899999997],[-47.7474675,-22.0797046],[-47.751117900000004,-22.079237400000004],[-47.7508119,-22.084607600000005],[-47.7526353,-22.089938399999998],[-47.75599239999999,-22.090807],[-47.7633202,-22.087690800000008],[-47.771717300000006,-22.0928357],[-47.776564300000004,-22.091364899999995],[-47.7840889,-22.09682339999999],[-47.78983230000001,-22.097822200000003],[-47.78811300000001,-22.101849600000005],[-47.7871556,-22.113189599999995],[-47.7888439,-22.1168466],[-47.79470640000001,-22.121070299999992],[-47.79976729999999,-22.1281515],[-47.78870299999999,-22.145878999999997],[-47.782661,-22.148145999999997],[-47.77960800000001,-22.151127000000002],[-47.77244,-22.152725999999998],[-47.76644100000001,-22.157437999999996],[-47.764264,-22.161034000000008],[-47.76045200000001,-22.16321699999999],[-47.758915,-22.170365000000004],[-47.756315,-22.174225],[-47.759551,-22.179461],[-47.75970800000001,-22.184291999999996],[-47.75450000000001,-22.191143000000004],[-47.750358,-22.193217],[-47.743381,-22.18899900000001],[-47.73322400000001,-22.18656499999999],[-47.730376,-22.186579],[-47.728437,-22.188237000000004],[-47.730078,-22.195542000000003],[-47.729239,-22.198671000000004],[-47.731187999999996,-22.202741999999997],[-47.7131789,-22.240091599999992],[-47.712865400000005,-22.247234000000002],[-47.710616,-22.2526207],[-47.713344799999994,-22.256253300000004],[-47.71332329999999,-22.258941000000004],[-47.717011400000004,-22.2656111],[-47.7232317,-22.272667199999994],[-47.7240468,-22.2796413],[-47.71700429999999,-22.292058599999994],[-47.7158213,-22.300040999999997],[-47.7136636,-22.301909900000002],[-47.71514200000001,-22.303077399999992],[-47.718195699999995,-22.303036899999995],[-47.7206573,-22.30662420000001],[-47.7217169,-22.304159900000005],[-47.7246879,-22.303841800000004],[-47.7269815,-22.300455500000005],[-47.73066570000001,-22.298697299999994],[-47.7357581,-22.302301899999996],[-47.7398668,-22.316561299999996],[-47.759603899999995,-22.328141800000004],[-47.7652056,-22.333189799999985],[-47.7647554,-22.336639200000008],[-47.7603345,-22.34041029999999],[-47.769691400000006,-22.350999500000007],[-47.76999140000001,-22.361649200000002],[-47.7729867,-22.363490500000005],[-47.7749907,-22.366577],[-47.77909019999999,-22.368414599999998],[-47.78048619999999,-22.3716055],[-47.7777676,-22.373859399999994],[-47.7749984,-22.3724998],[-47.77369230000001,-22.372980399999996],[-47.775209800000006,-22.375144499999983],[-47.779959,-22.377738200000003],[-47.78004380000001,-22.3786703],[-47.7785684,-22.37884589999999],[-47.77830349999999,-22.3811891],[-47.78297430000001,-22.384935299999995],[-47.78350090000001,-22.388403199999996],[-47.785387400000005,-22.389404300000002],[-47.78779010000001,-22.394045599999988],[-47.78796810000001,-22.396700799999998],[-47.7892578,-22.397728600000008],[-47.7879367,-22.402460400000006],[-47.790037000000005,-22.4045137],[-47.78887399999999,-22.4063326],[-47.7887537,-22.415563499999987],[-47.789851500000005,-22.419476899999992],[-47.7955844,-22.4266189],[-47.7941259,-22.434270900000005],[-47.78988699999999,-22.438209400000012],[-47.78499029999999,-22.438327599999994],[-47.77440020000001,-22.44514970000001],[-47.7730591,-22.447847300000003],[-47.7741393,-22.45019179999999],[-47.781836,-22.449721899999986],[-47.783967700000005,-22.4483881],[-47.786704,-22.4498194],[-47.791106199999994,-22.448330699999996],[-47.7973166,-22.448827400000006],[-47.8003512,-22.450417399999996],[-47.8049443,-22.450685599999996],[-47.8080712,-22.45461359999999],[-47.8135779,-22.4569678],[-47.8151807,-22.455475799999995],[-47.8186082,-22.456002299999987],[-47.8194329,-22.4492691],[-47.82270820000001,-22.447484599999992],[-47.826167,-22.448114600000004],[-47.8256622,-22.443194999999992],[-47.8324515,-22.4439408],[-47.8349313,-22.442176999999994],[-47.836182,-22.443330800000005],[-47.8422362,-22.444038299999995]]]}},{"type":"Feature","properties":{"id":"3507","nome":"São José do Rio Preto"},"geometry":{"type":"Polygon","coordinates":[[[-48.9035076,-21.371488000000006],[-48.9105963,-21.37711279999999],[-48.9224913,-21.38229000000001],[-48.92807320000001,-21.387465399999993],[-48.9317795,-21.38857309999999],[-48.9483302,-21.3991662],[-48.9459791,-21.4067163],[-48.94574,-21.412615900000002],[-48.9492886,-21.425989000000005],[-48.95550130000001,-21.423789099999997],[-48.9644135,-21.4255045],[-48.9700415,-21.425148],[-48.979189,-21.416089500000002],[-48.98109530000001,-21.41605009999999],[-48.98488100000001,-21.425580800000002],[-48.9865484,-21.438273400000007],[-48.9823962,-21.451422599999987],[-48.9829612,-21.455380499999993],[-48.98609770000001,-21.456497399999993],[-48.9899637,-21.455647300000006],[-48.993258299999994,-21.456263499999995],[-49.0037836,-21.4660383],[-49.0086645,-21.47324280000001],[-49.0163274,-21.478402599999992],[-49.019610400000005,-21.482431500000004],[-49.03084770000001,-21.482812599999995],[-49.0384967,-21.484807199999995],[-49.0406789,-21.48621999999999],[-49.04095960000001,-21.491572899999994],[-49.05080499999999,-21.489541999999997],[-49.0561669,-21.4877566],[-49.07247859999999,-21.4768467],[-49.0821645,-21.4645337],[-49.0871378,-21.46628359999999],[-49.0958366,-21.4825548],[-49.1061287,-21.490428899999998],[-49.1106748,-21.4968677],[-49.11414090000001,-21.498717099999986],[-49.1167117,-21.512405],[-49.1184533,-21.515472399999997],[-49.12126599999999,-21.516691100000006],[-49.12649590000001,-21.5168353],[-49.1304742,-21.51565490000001],[-49.133082300000005,-21.516380099999996],[-49.13928299999999,-21.5256706],[-49.149307400000005,-21.528935799999985],[-49.1544912,-21.541223999999996],[-49.1528487,-21.547452100000005],[-49.1547551,-21.554394700000003],[-49.157022600000005,-21.55690239999999],[-49.1636944,-21.560699600000003],[-49.165666099999996,-21.570488700000002],[-49.1765163,-21.57720970000001],[-49.1782122,-21.5827869],[-49.1779183,-21.587305800000003],[-49.1801263,-21.591135799999993],[-49.1874622,-21.595947000000002],[-49.2014754,-21.597495400000003],[-49.2043119,-21.599109200000004],[-49.20644789999999,-21.6021613],[-49.2122184,-21.60481509999999],[-49.2184286,-21.604305799999995],[-49.2253313,-21.610853500000005],[-49.2309799,-21.6208524],[-49.2366957,-21.622472399999992],[-49.23999330000001,-21.621102699999998],[-49.2410986,-21.6224333],[-49.241217000000006,-21.624154599999994],[-49.2355096,-21.634688399999995],[-49.2274006,-21.659535900000005],[-49.2160629,-21.670462800000006],[-49.2144241,-21.671642699999992],[-49.2132932,-21.671144399999992],[-49.216201000000005,-21.672981900000003],[-49.218249,-21.67328489999999],[-49.2294131,-21.67032439999999],[-49.2386356,-21.670803800000005],[-49.2535647,-21.66505109999999],[-49.2654256,-21.664352899999997],[-49.27823970000001,-21.655288099999993],[-49.282718300000006,-21.6501628],[-49.2889049,-21.636251400000003],[-49.2944429,-21.6298636],[-49.312129500000005,-21.61631209999999],[-49.3209208,-21.596430299999998],[-49.3223391,-21.583166799999994],[-49.327168,-21.561982099999994],[-49.335030800000006,-21.5500967],[-49.34156480000001,-21.545473199999996],[-49.3487182,-21.542635199999996],[-49.370392200000005,-21.53579459999999],[-49.37703390000001,-21.534898899999998],[-49.3815814,-21.535142500000003],[-49.40545589999999,-21.543993],[-49.411721400000005,-21.54443449999999],[-49.4179796,-21.543299600000005],[-49.4323664,-21.53532709999999],[-49.4492447,-21.521108100000003],[-49.462251900000005,-21.515818899999996],[-49.4844852,-21.5034626],[-49.4954782,-21.494168300000002],[-49.5041383,-21.483998599999996],[-49.5259124,-21.447344900000004],[-49.544556400000005,-21.431134699999998],[-49.5486076,-21.4187703],[-49.5523774,-21.41667399999999],[-49.5572379,-21.4165053],[-49.560841800000006,-21.413605099999995],[-49.569605700000004,-21.4030657],[-49.5806463,-21.383215900000003],[-49.587236000000004,-21.376439799999996],[-49.5923113,-21.374274],[-49.602068300000006,-21.374435599999998],[-49.628421800000005,-21.354433699999987],[-49.6391762,-21.352312000000012],[-49.6595232,-21.35209430000001],[-49.67148660000001,-21.3491992],[-49.678637800000004,-21.353010499999996],[-49.6855889,-21.363492099999995],[-49.688227299999994,-21.364531299999996],[-49.6943334,-21.36401890000001],[-49.6979523,-21.362041199999997],[-49.69994629999999,-21.358035499999996],[-49.699811,-21.353921300000014],[-49.696410400000005,-21.342835100000002],[-49.6978492,-21.338844000000005],[-49.700221000000006,-21.336883899999997],[-49.70650770000001,-21.33466209999999],[-49.71177260000001,-21.334973699999995],[-49.7192827,-21.338960100000005],[-49.72424959999999,-21.34561899999999],[-49.7261291,-21.346156999999994],[-49.72779270000001,-21.344924799999998],[-49.7458294,-21.315090499999993],[-49.7463611,-21.310895600000002],[-49.7430036,-21.301383799999996],[-49.743716,-21.298814999999998],[-49.7460949,-21.29679020000001],[-49.753804,-21.297015999999992],[-49.767712,-21.305914800000007],[-49.771821100000004,-21.3061846],[-49.7834089,-21.297731400000007],[-49.8029796,-21.2923192],[-49.80956700000001,-21.284294200000005],[-49.81674809999999,-21.279372499999994],[-49.825144300000005,-21.276410999999992],[-49.84765780000001,-21.271842099999994],[-49.8557555,-21.260496499999995],[-49.8636667,-21.261837],[-49.868912099999996,-21.2607268],[-49.8740323,-21.257602299999995],[-49.884669200000005,-21.248168400000004],[-49.91274030000001,-21.239572599999992],[-49.91509310000001,-21.23756510000001],[-49.9190632,-21.22732999999999],[-49.9211211,-21.225940000000016],[-49.9282596,-21.2267755],[-49.9330434,-21.23135479999999],[-49.9366518,-21.232700099999988],[-49.94382920000001,-21.232232299999996],[-49.9526572,-21.22923],[-49.9620609,-21.227712199999992],[-49.9779859,-21.22974690000001],[-49.9915675,-21.226666100000003],[-49.9895111,-21.2249621],[-49.9833493,-21.22342090000001],[-49.981901500000006,-21.2217894],[-49.98208100000001,-21.214795900000002],[-49.9796138,-21.206255699999996],[-49.979904700000006,-21.196163599999984],[-49.978010000000005,-21.192851200000003],[-49.97912120000001,-21.1865022],[-49.9770121,-21.1839927],[-49.978148,-21.1790116],[-49.974226800000004,-21.175339999999995],[-49.9737808,-21.169516799999993],[-49.9683552,-21.1685061],[-49.9632302,-21.161110599999997],[-49.9644361,-21.160407200000005],[-49.9638174,-21.15932699999999],[-49.9655424,-21.159622700000003],[-49.9646123,-21.15563379999999],[-49.9626674,-21.153969799999995],[-49.9646448,-21.150953499999986],[-49.963156600000005,-21.149093600000004],[-49.9625864,-21.144758299999992],[-49.95993949999999,-21.141822700000002],[-49.961229100000004,-21.139513899999997],[-49.9597896,-21.137874500000002],[-49.9591947,-21.139461000000004],[-49.958495,-21.139033299999998],[-49.95961379999999,-21.134386500000005],[-49.9603923,-21.135490999999995],[-49.9618703,-21.134681999999998],[-49.9616146,-21.133426400000005],[-49.960073,-21.13311519999999],[-49.9969295,-21.098973299999994],[-49.990081200000006,-21.098269199999997],[-49.9850402,-21.09472790000001],[-49.9806776,-21.087313299999995],[-49.9819006,-21.06383629999999],[-49.9850296,-21.060188600000007],[-49.98464250000001,-21.046688699999994],[-49.9863065,-21.043102],[-49.99213700000001,-21.039499599999996],[-49.9959501,-21.03280150000001],[-50.00563559999999,-21.029929299999992],[-50.0550375,-20.997333199999996],[-50.0465397,-20.991702599999996],[-50.0438293,-20.991310699999993],[-50.03982719999999,-20.981507699999998],[-50.03292170000001,-20.978390099999995],[-50.03273620000001,-20.97329009999999],[-50.0299028,-20.969708000000004],[-50.0293085,-20.965956200000008],[-50.02698790000001,-20.9620101],[-50.0272786,-20.95989370000001],[-50.022374,-20.943581699999992],[-50.02397340000001,-20.940417399999998],[-50.03154920000001,-20.9333744],[-50.032655000000005,-20.933559599999995],[-50.0337979,-20.937883999999997],[-50.0357928,-20.93980829999999],[-50.0366844,-20.94381850000001],[-50.04663500000001,-20.940329800000008],[-50.0511814,-20.933867600000003],[-50.0506798,-20.931474],[-50.0484153,-20.93106189999999],[-50.0502512,-20.9275051],[-50.0480673,-20.927322199999995],[-50.0456788,-20.923619999999996],[-50.0424202,-20.924118000000007],[-50.03857820000001,-20.919417499999998],[-50.041976600000005,-20.911912799999993],[-50.0387772,-20.911342900000008],[-50.0361321,-20.908160299999984],[-50.0373975,-20.903990899999986],[-50.0361261,-20.898009100000003],[-50.0312055,-20.89033709999999],[-50.0295953,-20.874917800000002],[-50.03288620000001,-20.871396599999994],[-50.03236960000001,-20.86768],[-50.034000400000004,-20.866453700000008],[-50.0353023,-20.86182790000001],[-50.0326075,-20.861446500000007],[-50.02929120000001,-20.8583404],[-50.0296128,-20.852434300000002],[-50.0279413,-20.851521899999995],[-50.029661600000004,-20.848638799999996],[-50.0250044,-20.844453999999992],[-50.0249596,-20.838554700000003],[-50.023822700000004,-20.838042500000007],[-50.0258094,-20.834747199999995],[-50.02432540000001,-20.831276900000006],[-50.02617370000001,-20.830062799999997],[-50.0263566,-20.828222299999993],[-50.0241431,-20.82395619999999],[-50.0258172,-20.823477499999996],[-50.0288639,-20.8186649],[-50.03038839999999,-20.818060899999992],[-50.04270230000001,-20.822603299999994],[-50.0513888,-20.8190236],[-50.063448400000006,-20.81866299999999],[-50.0681612,-20.825198599999997],[-50.0807199,-20.812225299999994],[-50.085312800000004,-20.8107115],[-50.09277339999999,-20.810961599999985],[-50.10226049999999,-20.817331700000004],[-50.111004799999996,-20.827994600000007],[-50.1151485,-20.827588900000006],[-50.1212881,-20.831116100000003],[-50.12040220000001,-20.825004399999994],[-50.1249589,-20.82291179999999],[-50.1255785,-20.81999259999999],[-50.1271109,-20.818765699999997],[-50.124512300000006,-20.818400500000003],[-50.1248012,-20.81556049999999],[-50.1229695,-20.813841999999994],[-50.1267598,-20.807025199999995],[-50.1252801,-20.804581699999993],[-50.12363369999999,-20.804377800000005],[-50.1204062,-20.798335899999994],[-50.117104100000006,-20.795890899999993],[-50.1155415,-20.7926096],[-50.1165913,-20.790146500000002],[-50.115412000000006,-20.7878026],[-50.11614840000001,-20.785232300000008],[-50.113829,-20.780439499999993],[-50.1101802,-20.778688400000004],[-50.1112593,-20.773170300000004],[-50.1150875,-20.766826999999992],[-50.1140653,-20.763454200000005],[-50.1165439,-20.764681400000004],[-50.12260139999999,-20.7723884],[-50.1259612,-20.773049300000004],[-50.1335948,-20.771040699999993],[-50.1373797,-20.7727731],[-50.145536,-20.781906100000004],[-50.149291000000005,-20.7794213],[-50.1567055,-20.777376999999998],[-50.16089970000001,-20.774230899999996],[-50.1687523,-20.771899099999985],[-50.1691501,-20.76744269999999],[-50.16601930000001,-20.761213400000013],[-50.1657281,-20.7541448],[-50.170895,-20.7480749],[-50.1774637,-20.744525600000003],[-50.188012300000004,-20.745715200000006],[-50.1924812,-20.749439799999998],[-50.1977119,-20.748831299999996],[-50.2008753,-20.746963299999997],[-50.20447130000001,-20.747196799999998],[-50.2090721,-20.749538],[-50.211195,-20.749105900000004],[-50.213618600000004,-20.753484],[-50.21598699999999,-20.7550356],[-50.21856890000001,-20.7547244],[-50.219891,-20.7469506],[-50.2222753,-20.7455439],[-50.226699,-20.739091399999996],[-50.23142789999999,-20.74614659999999],[-50.2337907,-20.7525755],[-50.2356768,-20.753671800000003],[-50.2385604,-20.745403399999997],[-50.2465717,-20.73800959999999],[-50.2505033,-20.736737100000003],[-50.24652150000001,-20.733392300000002],[-50.2396975,-20.730266800000003],[-50.2306422,-20.718798800000002],[-50.225292,-20.71575829999999],[-50.21857380000001,-20.714644399999994],[-50.21613959999999,-20.711744200000005],[-50.2129956,-20.70349099999999],[-50.2132811,-20.6935113],[-50.209864399999994,-20.69122069999999],[-50.2091491,-20.689406],[-50.2118788,-20.6800138],[-50.20724390000001,-20.675604399999987],[-50.2016354,-20.673911299999983],[-50.1975042,-20.67088250000001],[-50.195534499999994,-20.66163330000001],[-50.191344,-20.659189299999998],[-50.190082,-20.65683319999999],[-50.1927301,-20.653223299999993],[-50.194002700000006,-20.648417100000003],[-50.1893706,-20.642682900000004],[-50.1889485,-20.6400928],[-50.1827867,-20.6337495],[-50.1847784,-20.628860900000003],[-50.1837112,-20.6247472],[-50.182354,-20.622753299999992],[-50.17522460000001,-20.620254999999993],[-50.171645100000006,-20.616685299999993],[-50.165730599999996,-20.606236099999993],[-50.164623,-20.601423499999996],[-50.1590381,-20.59787419999999],[-50.1604602,-20.590830899999993],[-50.16235540000001,-20.589174],[-50.1581944,-20.579520099999996],[-50.1596613,-20.576649999999997],[-50.1564514,-20.57312080000001],[-50.1605952,-20.570581399999995],[-50.1591283,-20.565795900000005],[-50.160007799999995,-20.561817199999993],[-50.1515828,-20.5526505],[-50.1523729,-20.548877199999996],[-50.1515091,-20.546139400000005],[-50.1471587,-20.542257600000006],[-50.14108650000001,-20.540674600000003],[-50.138455099999995,-20.534889399999994],[-50.14004340000001,-20.524583099999994],[-50.1382522,-20.52109160000001],[-50.14164840000001,-20.513062800000004],[-50.143396,-20.511477399999997],[-50.141707200000006,-20.511059399999997],[-50.1407777,-20.505563599999995],[-50.1460712,-20.503800099999996],[-50.147194600000006,-20.50069269999999],[-50.1498314,-20.50086649999999],[-50.153614600000004,-20.505243899999996],[-50.1570661,-20.5029631],[-50.1598114,-20.506017299999993],[-50.16068810000001,-20.513126700000008],[-50.1672709,-20.513335300000005],[-50.16913610000001,-20.511953899999998],[-50.166227899999996,-20.507393199999996],[-50.167167000000006,-20.5015937],[-50.1715433,-20.498588399999992],[-50.1758926,-20.50061199999999],[-50.1776237,-20.497513499999997],[-50.1766541,-20.493115699999993],[-50.1778717,-20.4917326],[-50.1839099,-20.4912275],[-50.1860125,-20.48824760000002],[-50.1897776,-20.4904867],[-50.19117880000001,-20.483856599999996],[-50.20000629999999,-20.486931],[-50.201933100000005,-20.4861643],[-50.2028744,-20.48135209999999],[-50.2046608,-20.47942319999999],[-50.20917299999999,-20.476870699999992],[-50.2104064,-20.4783895],[-50.2134159,-20.476926500000005],[-50.2137041,-20.47972749999999],[-50.2154953,-20.479874499999994],[-50.2145804,-20.481303100000012],[-50.2165488,-20.480171699999996],[-50.2177151,-20.481163700000003],[-50.216924,-20.482665999999995],[-50.21870319999999,-20.48212579999999],[-50.2198653,-20.48394389999999],[-50.2194579,-20.48473879999999],[-50.2167223,-20.484192899999993],[-50.21664229999999,-20.4862028],[-50.2188843,-20.486176299999993],[-50.2251641,-20.4915845],[-50.2261912,-20.495594899999986],[-50.2305535,-20.49669619999999],[-50.2293333,-20.4940373],[-50.2334772,-20.492250099999993],[-50.237503999999994,-20.492150799999997],[-50.23914340000001,-20.49007469999999],[-50.2408983,-20.489738799999998],[-50.241009500000004,-20.487634000000007],[-50.2463155,-20.490866199999992],[-50.24845429999999,-20.481390799999993],[-50.246366900000005,-20.47703910000001],[-50.2476287,-20.4757074],[-50.25099720000001,-20.475305300000002],[-50.255439900000006,-20.478950099999995],[-50.26034789999999,-20.479453500000005],[-50.2609999,-20.474514700000007],[-50.263562300000004,-20.473962799999995],[-50.2651354,-20.47103080000001],[-50.2696986,-20.472634699999997],[-50.2772943,-20.46855250000001],[-50.277953,-20.467012799999985],[-50.28169170000001,-20.467013699999995],[-50.28058579999999,-20.4679741],[-50.2824326,-20.46782089999999],[-50.2851772,-20.469783900000003],[-50.2825669,-20.47565039999999],[-50.283514100000005,-20.478804999999994],[-50.2789034,-20.486074000000002],[-50.2804139,-20.490291499999994],[-50.2782032,-20.5005105],[-50.2796437,-20.50502240000001],[-50.2775979,-20.5086841],[-50.272996899999995,-20.513036900000003],[-50.2712741,-20.52096560000001],[-50.2721769,-20.52292840000001],[-50.2777149,-20.526358499999994],[-50.28148469999999,-20.535564700000005],[-50.2811372,-20.541561499999997],[-50.283725800000006,-20.54866459999999],[-50.2837254,-20.5539501],[-50.2799504,-20.5584792],[-50.2769589,-20.56829979999999],[-50.2736511,-20.5690548],[-50.2753174,-20.57584960000001],[-50.2858821,-20.58602589999999],[-50.289310900000004,-20.583379600000008],[-50.290843100000004,-20.583895599999995],[-50.2952772,-20.582351300000006],[-50.298267100000004,-20.578655099999995],[-50.305329,-20.576948900000005],[-50.3091111,-20.573472599999995],[-50.3151788,-20.571369600000008],[-50.3246402,-20.57059700000001],[-50.32636999999999,-20.565545300000007],[-50.3283004,-20.564295399999995],[-50.33278309999999,-20.5663019],[-50.3369566,-20.5666408],[-50.3385251,-20.569250500000003],[-50.3429216,-20.57038399999999],[-50.34579060000001,-20.569716700000008],[-50.34719170000001,-20.568081200000012],[-50.3524699,-20.5693351],[-50.36587819999999,-20.56905700000001],[-50.36897590000001,-20.5705562],[-50.3810989,-20.566747299999996],[-50.38823490000001,-20.569075200000007],[-50.395910300000004,-20.568268899999993],[-50.4010743,-20.565677200000003],[-50.4053844,-20.566385800000006],[-50.41129660000001,-20.5616186],[-50.414077500000005,-20.5610359],[-50.4126601,-20.556191800000004],[-50.4156469,-20.550404999999994],[-50.4206011,-20.547658499999997],[-50.42288030000001,-20.548185999999998],[-50.42499509999999,-20.546301300000003],[-50.426110300000005,-20.541682499999997],[-50.42908190000001,-20.5376937],[-50.4321463,-20.5358543],[-50.43534040000001,-20.536719999999992],[-50.436745,-20.538851800000003],[-50.44069519999999,-20.538806099999995],[-50.44237720000001,-20.537217899999995],[-50.4455703,-20.538220399999993],[-50.4500127,-20.53091909999999],[-50.4543924,-20.5316452],[-50.4564415,-20.534331200000004],[-50.4586503,-20.5330372],[-50.4587408,-20.5314728],[-50.4535342,-20.526777],[-50.45091390000001,-20.52021959999999],[-50.451561,-20.5138678],[-50.4485903,-20.50097799999999],[-50.4493384,-20.491907099999988],[-50.448235600000004,-20.486922100000008],[-50.4509548,-20.485942599999998],[-50.4615991,-20.4874471],[-50.466358299999996,-20.489777299999997],[-50.4669037,-20.48908629999999],[-50.4717079,-20.492476500000002],[-50.472191,-20.49413560000001],[-50.476182599999994,-20.4941294],[-50.480092400000004,-20.49596869999999],[-50.48299479999999,-20.49283209999999],[-50.48431000000001,-20.49279029999999],[-50.4868526,-20.494592500000003],[-50.48788329999999,-20.4972528],[-50.4919389,-20.4996661],[-50.4938663,-20.498655599999996],[-50.4923105,-20.4975326],[-50.4929347,-20.496481799999994],[-50.4951233,-20.497642199999994],[-50.4975441,-20.496188199999985],[-50.5009047,-20.4998616],[-50.5053155,-20.4968191],[-50.507102399999994,-20.500288699999995],[-50.510292299999996,-20.5023739],[-50.513604300000004,-20.502704799999993],[-50.518893500000004,-20.50092120000001],[-50.5214044,-20.5068714],[-50.5276672,-20.508957300000006],[-50.532409900000005,-20.508334199999993],[-50.536950999999995,-20.505042099999997],[-50.5447684,-20.5036227],[-50.54768620000001,-20.50608660000001],[-50.5491822,-20.509255799999984],[-50.547420200000005,-20.5198783],[-50.5489663,-20.519372600000008],[-50.551475399999994,-20.521096999999997],[-50.55149360000001,-20.522851499999994],[-50.5548665,-20.52375929999999],[-50.5529574,-20.5264665],[-50.5542862,-20.528516800000006],[-50.556816299999994,-20.528406300000007],[-50.5656909,-20.52119170000001],[-50.5684558,-20.520321300000003],[-50.569826400000004,-20.521333499999994],[-50.57141229999999,-20.52028479999999],[-50.5706321,-20.519032799999994],[-50.5738836,-20.5189531],[-50.5733435,-20.5178406],[-50.5802812,-20.517572400000002],[-50.583350700000004,-20.5187933],[-50.5833514,-20.5156572],[-50.5861163,-20.517615699999986],[-50.5860686,-20.51513010000001],[-50.5893509,-20.518025400000003],[-50.59172829999999,-20.52277539999999],[-50.59736339999999,-20.522189100000002],[-50.600646600000005,-20.5242853],[-50.6007306,-20.52240889999998],[-50.6045899,-20.521365100000004],[-50.6027568,-20.519058199999993],[-50.60424050000001,-20.5184182],[-50.6096136,-20.520111799999995],[-50.61327060000001,-20.51925],[-50.6171053,-20.515530300000005],[-50.6167125,-20.514345199999994],[-50.6206816,-20.512723699999984],[-50.6249217,-20.508061599999994],[-50.627355300000005,-20.50792409999999],[-50.6279703,-20.510374900000006],[-50.6293191,-20.5104379],[-50.6318285,-20.51495160000001],[-50.6342875,-20.5138748],[-50.634077000000005,-20.5151893],[-50.63687230000001,-20.5135496],[-50.6361248,-20.510842200000003],[-50.6371876,-20.508343200000002],[-50.639371000000004,-20.5091216],[-50.6407711,-20.507200999999988],[-50.64461670000001,-20.506540199999996],[-50.64625699999999,-20.507618],[-50.648092600000005,-20.507065699999995],[-50.64746149999999,-20.511016700000003],[-50.6499307,-20.512404299999996],[-50.64976620000001,-20.514598000000007],[-50.6579913,-20.517108999999987],[-50.6614156,-20.519467500000005],[-50.6625732,-20.522580499999993],[-50.6613902,-20.527387099999984],[-50.665377,-20.531655200000007],[-50.67321110000001,-20.5310314],[-50.6788256,-20.527608099999995],[-50.68001279999999,-20.528211400000007],[-50.679306999999994,-20.53009610000001],[-50.68217980000001,-20.529425099999994],[-50.6836871,-20.527139],[-50.68309120000001,-20.524512699999992],[-50.6891151,-20.5235468],[-50.6900647,-20.5272904],[-50.6884712,-20.533306899999992],[-50.6910092,-20.533566199999996],[-50.68795070000001,-20.535281399999995],[-50.691844800000005,-20.53851180000001],[-50.6934306,-20.531301299999996],[-50.69582830000001,-20.52887099999999],[-50.6994194,-20.532018100000005],[-50.70224279999999,-20.532173199999995],[-50.705700199999995,-20.534448299999994],[-50.7098839,-20.532343999999988],[-50.7127564,-20.5275023],[-50.717429200000005,-20.528186200000004],[-50.720447,-20.52665080000001],[-50.72499299999999,-20.526853400000004],[-50.73044920000001,-20.53112979999999],[-50.7293518,-20.533137199999995],[-50.7352461,-20.534000000000002],[-50.7372526,-20.536099400000005],[-50.7388636,-20.54091830000001],[-50.73853,-20.5447874],[-50.747763,-20.5426296],[-50.75435430000001,-20.539041100000006],[-50.755805,-20.541681400000005],[-50.7559481,-20.548419099999997],[-50.760417,-20.551613],[-50.7648312,-20.552983500000003],[-50.7702804,-20.5523327],[-50.76837019999999,-20.5481464],[-50.7693504,-20.5441677],[-50.7743219,-20.545635199999996],[-50.77914210000001,-20.545436200000005],[-50.7880177,-20.541861200000003],[-50.7905759,-20.54586089999999],[-50.7967567,-20.5442865],[-50.79955950000001,-20.5414564],[-50.8038828,-20.545116800000006],[-50.8078346,-20.5467675],[-50.81034819999999,-20.542438999999998],[-50.8064082,-20.541331699999997],[-50.807715200000004,-20.53530359999999],[-50.8132414,-20.531079399999996],[-50.8178804,-20.534840599999992],[-50.8190489,-20.533078999999987],[-50.82360340000001,-20.532674699999998],[-50.8320727,-20.532213700000007],[-50.8412619,-20.533345200000007],[-50.844460999999995,-20.535830400000002],[-50.8468043,-20.541065800000005],[-50.8471061,-20.547030799999998],[-50.8489762,-20.548469299999994],[-50.8548142,-20.54287179999999],[-50.860375700000006,-20.544868600000015],[-50.86827170000001,-20.545345700000006],[-50.877460500000005,-20.538514299999992],[-50.8818879,-20.543026799999996],[-50.87848019999999,-20.549853499999998],[-50.8843034,-20.549247199999993],[-50.8843115,-20.5563679],[-50.88722260000001,-20.558840100000005],[-50.8918153,-20.559063099999992],[-50.89641400000001,-20.557528600000005],[-50.897411500000004,-20.555443299999997],[-50.8947622,-20.5534515],[-50.8965057,-20.54943259999999],[-50.8935168,-20.546408],[-50.893468,-20.544218299999997],[-50.9025091,-20.538910400000006],[-50.913000399999994,-20.5408666],[-50.9153217,-20.54349790000001],[-50.9154372,-20.548372299999997],[-50.9170563,-20.550418000000015],[-50.92149589999999,-20.549809599999993],[-50.9224947,-20.546021199999988],[-50.9244468,-20.545293800000003],[-50.926714,-20.5473397],[-50.9276463,-20.552840299999996],[-50.931571100000006,-20.554758300000003],[-50.936487299999996,-20.5548187],[-50.9406641,-20.551656900000008],[-50.9468025,-20.5510706],[-50.95373310000001,-20.557092099999995],[-50.9576659,-20.55797940000001],[-50.9603133,-20.557117299999998],[-50.964695299999995,-20.549484900000007],[-50.9662849,-20.549228000000006],[-50.9755523,-20.553770499999985],[-50.9768644,-20.555952899999998],[-50.9767985,-20.56324740000001],[-50.9781062,-20.565108600000002],[-50.9803307,-20.563278299999997],[-50.98616520000001,-20.548567900000005],[-50.9884336,-20.5467368],[-50.9921598,-20.549590699999992],[-50.9955528,-20.550592300000016],[-50.99794369999999,-20.555099900000002],[-50.999816,-20.555965900000004],[-51.0044156,-20.554895999999996],[-51.00782290000001,-20.551298500000005],[-51.0142167,-20.554581499999998],[-51.0220698,-20.55396],[-51.0266267,-20.5557123],[-51.0304138,-20.5590563],[-51.0329382,-20.558934999999995],[-51.0471196,-20.552161700000003],[-51.0546949,-20.5509333],[-51.05959059999999,-20.553976100000007],[-51.0669968,-20.55519790000001],[-51.0706071,-20.551977000000008],[-51.0721109,-20.543527399999995],[-51.0741123,-20.542785199999997],[-51.0774924,-20.544756199999988],[-51.0827338,-20.545841800000005],[-51.0951988,-20.54180659999999],[-51.1013817,-20.538175399999993],[-51.1068289,-20.527118799999997],[-51.11039890000001,-20.52507309999999],[-51.11996959999999,-20.530133899999996],[-51.1251095,-20.527230300000006],[-51.134165,-20.527131900000004],[-51.13841790000001,-20.52100160000001],[-51.149918,-20.51879850000001],[-51.1504982,-20.512894499999998],[-51.1540328,-20.508422299999996],[-51.1611382,-20.5089275],[-51.16541620000001,-20.502961099999997],[-51.16941859999999,-20.50294419999999],[-51.171364399999995,-20.504438699999998],[-51.1736135,-20.503671200000003],[-51.1747006,-20.499284799999998],[-51.1790604,-20.496338799999993],[-51.1893666,-20.49646960000001],[-51.2031685,-20.489077799999993],[-51.20870899999999,-20.4755377],[-51.2169005,-20.470530599999996],[-51.221987799999994,-20.46471190000001],[-51.2304211,-20.459407100000004],[-51.23138060000001,-20.457213099999997],[-51.226665,-20.456871000000003],[-51.219846,-20.454129999999996],[-51.212859,-20.447219999999987],[-51.204634,-20.442239999999995],[-51.202939,-20.439230999999996],[-51.1971995,-20.437550100000006],[-51.1936469,-20.437970500000002],[-51.183203,-20.43610300000001],[-51.1789132,-20.434229599999995],[-51.17254179999999,-20.4354765],[-51.16505829999999,-20.434119299999992],[-51.156771,-20.435259],[-51.134996,-20.422973],[-51.130625,-20.416919999999994],[-51.0385668,-20.370924800000004],[-51.0496304,-20.36346049999999],[-51.05444850000001,-20.358626199999996],[-51.056806,-20.352341000000003],[-51.062086,-20.346977999999993],[-51.063919999999996,-20.341768999999992],[-51.06762100000001,-20.339693999999998],[-51.079238000000004,-20.327730000000003],[-51.08060929999999,-20.324216499999995],[-51.08062000000001,-20.318061999999998],[-51.08335999999999,-20.31085199999999],[-51.0826315,-20.306639400000005],[-51.085541,-20.301976999999997],[-51.085996,-20.298439999999996],[-51.088242,-20.296038000000006],[-51.0882695,-20.2940748],[-51.092991,-20.289901000000004],[-51.094401999999995,-20.285406999999992],[-51.104648,-20.28639199999999],[-51.1093896,-20.2800922],[-51.0691631,-20.250049500000006],[-51.0589327,-20.235160699999998],[-51.053858999999996,-20.22022270000001],[-51.048812,-20.1985769],[-51.037746500000004,-20.17465880000001],[-51.0215848,-20.133348899999994],[-51.007441500000006,-20.105599600000005],[-51.0011911,-20.096334800000005],[-51.000475,-20.085384400000006],[-50.9965342,-20.077314600000005],[-50.980839499999995,-20.05785640000001],[-50.96912940000001,-20.036445200000014],[-50.961895299999995,-20.031933300000006],[-50.9531779,-20.03387700000001],[-50.9470541,-20.03125230000001],[-50.9336598,-20.014929200000005],[-50.9247157,-20.011354599999994],[-50.9119029,-20.003078999999993],[-50.9108526,-19.997449299999996],[-50.9081347,-19.99425739999999],[-50.897199400000005,-19.990155199999997],[-50.8761761,-19.99082500000001],[-50.872873600000005,-19.9895966],[-50.8630526,-19.982228599999992],[-50.8546914,-19.9719871],[-50.851583,-19.969766599999996],[-50.8365524,-19.9660007],[-50.8173362,-19.958333200000002],[-50.7902435,-19.939585100000002],[-50.78360150000001,-19.93722949999999],[-50.7354129,-19.930189000000002],[-50.70899850000001,-19.9202217],[-50.6805462,-19.914811999999994],[-50.66132410000001,-19.909002],[-50.6521026,-19.901451300000005],[-50.6474082,-19.895317099999993],[-50.639793499999996,-19.880493499999993],[-50.6319448,-19.870916600000005],[-50.621810100000005,-19.864391299999994],[-50.6097686,-19.859736299999994],[-50.605545199999995,-19.856088299999996],[-50.5992127,-19.8447331],[-50.5779488,-19.816374399999994],[-50.5692111,-19.8127872],[-50.55762270000001,-19.813127400000003],[-50.5448736,-19.810144800000014],[-50.5267803,-19.799897200000007],[-50.5172129,-19.7964081],[-50.498970299999996,-19.795784300000005],[-50.4861992,-19.785650700000016],[-50.47818770000001,-19.781457800000002],[-50.4719182,-19.779655800000008],[-50.4598825,-19.78348360000001],[-50.44012479999999,-19.794096200000002],[-50.4268837,-19.7964572],[-50.4171328,-19.801136499999995],[-50.39475010000001,-19.820673200000005],[-50.38908910000001,-19.8292185],[-50.378965900000004,-19.83778499999999],[-50.37291940000001,-19.845365700000002],[-50.36788320000001,-19.8465026],[-50.364365899999996,-19.850791799999993],[-50.3570726,-19.854581900000003],[-50.35275889999999,-19.864602400000003],[-50.34566120000001,-19.867563400000005],[-50.3366308,-19.869792699999994],[-50.3290708,-19.869334299999988],[-50.3064103,-19.87408599999999],[-50.2960461,-19.8692347],[-50.285631,-19.867817900000002],[-50.24515589999999,-19.87675769999999],[-50.2375824,-19.8755719],[-50.2156518,-19.8666484],[-50.2072349,-19.8663751],[-50.19598390000001,-19.86724230000001],[-50.1762984,-19.872582200000007],[-50.17365770000001,-19.874806200000002],[-50.1624139,-19.878314299999996],[-50.1502607,-19.877458199999996],[-50.130412,-19.873671799999993],[-50.1099856,-19.873865300000006],[-50.0972433,-19.875479],[-50.0876689,-19.8802791],[-50.079521500000006,-19.885982],[-50.060511999999996,-19.902012500000005],[-50.0472392,-19.915389599999994],[-50.0152884,-19.9263578],[-50.00305289999999,-19.926446999999996],[-49.969882500000004,-19.920048400000006],[-49.9621547,-19.920224099999995],[-49.9460521,-19.923910999999997],[-49.905217900000004,-19.937451299999992],[-49.8883369,-19.945304899999993],[-49.860157900000004,-19.94438040000001],[-49.8555733,-19.946825000000004],[-49.8352745,-19.933314999999997],[-49.8225163,-19.931121300000004],[-49.80046250000001,-19.931175999999994],[-49.782456200000006,-19.924463100000004],[-49.749402200000006,-19.924696199999993],[-49.733956899999995,-19.926171300000004],[-49.7121496,-19.931261499999994],[-49.6892886,-19.930589900000005],[-49.68596869999999,-19.931557799999997],[-49.67762570000001,-19.929576300000004],[-49.6759759,-19.932827099999987],[-49.6572171,-19.931452599999993],[-49.6344053,-19.931932099999997],[-49.62540150000001,-19.928573000000007],[-49.6110265,-19.91878490000001],[-49.59722669999999,-19.913736400000005],[-49.579928300000006,-19.909441200000003],[-49.5592035,-19.911207299999987],[-49.5514852,-19.905840999999988],[-49.5398775,-19.9074445],[-49.5140049,-19.914311500000004],[-49.5034528,-19.91992939999999],[-49.49992520000001,-19.92596209999999],[-49.4951174,-19.946137499999995],[-49.492786200000005,-19.950421199999994],[-49.4799718,-19.961179500000004],[-49.463212799999994,-19.971540500000003],[-49.458242,-19.975931000000003],[-49.44451960000001,-19.9805118],[-49.43453920000001,-19.9823852],[-49.3964836,-19.98385040000001],[-49.3724417,-19.9866963],[-49.3564865,-19.9867173],[-49.3366022,-19.982084600000007],[-49.332779900000006,-19.980106999999993],[-49.3289855,-19.974943399999994],[-49.31162200000001,-19.964818200000007],[-49.29753780000001,-19.960545400000004],[-49.2905893,-19.96052299999999],[-49.2809835,-19.9627912],[-49.2651731,-19.962037999999996],[-49.259505000000004,-19.963842200000002],[-49.249647,-19.969554199999994],[-49.24643150000001,-19.975161299999996],[-49.24761939999999,-19.997745699999996],[-49.24833879999999,-19.999636999999996],[-49.25822840000001,-20.006101400000006],[-49.2625334,-20.006926199999995],[-49.2746302,-20.003623800000003],[-49.2839236,-20.004771700000003],[-49.2920758,-20.0107901],[-49.296311,-20.015573800000006],[-49.2982158,-20.03343460000001],[-49.3072553,-20.0603193],[-49.308538,-20.10389290000001],[-49.3002876,-20.143343499999993],[-49.2992464,-20.1670761],[-49.2857298,-20.191825000000005],[-49.283475300000006,-20.2000246],[-49.2738535,-20.213727800000008],[-49.2642762,-20.231263000000002],[-49.25908209999999,-20.248092],[-49.2602167,-20.2522506],[-49.259156,-20.260204200000004],[-49.2492177,-20.274820800000004],[-49.24862100000001,-20.2773038],[-49.2397014,-20.287249800000005],[-49.235807199999996,-20.294535100000008],[-49.22866820000001,-20.303357399999992],[-49.225294,-20.305343099999988],[-49.2170901,-20.3042503],[-49.2029996,-20.304671200000005],[-49.19556060000001,-20.308800799999997],[-49.1918788,-20.307614399999995],[-49.18898,-20.311181599999998],[-49.1835625,-20.314659799999998],[-49.1712797,-20.311745799999997],[-49.170317700000005,-20.306453999999995],[-49.1590287,-20.2979797],[-49.13401180000001,-20.284468100000005],[-49.1224111,-20.273545],[-49.1207187,-20.270528200000005],[-49.1113375,-20.275437100000005],[-49.0936309,-20.289555599999996],[-49.09454439999999,-20.2977582],[-49.0910075,-20.306812799999996],[-49.09003880000001,-20.314277199999985],[-49.09131659999999,-20.323097099999995],[-49.0912399,-20.3294921],[-49.08980940000001,-20.332855900000002],[-49.090346000000004,-20.338151199999995],[-49.0860538,-20.346406],[-49.08335960000001,-20.348155299999995],[-49.0820131,-20.351187300000007],[-49.0765821,-20.353995500000007],[-49.0755167,-20.356044399999988],[-49.0781749,-20.3696103],[-49.075810000000004,-20.374335700000003],[-49.0774528,-20.377070600000007],[-49.0775318,-20.383384299999992],[-49.080988600000005,-20.387723999999988],[-49.079814600000006,-20.393720500000004],[-49.0851962,-20.399266299999997],[-49.081414,-20.4084565],[-49.0862854,-20.412911699999995],[-49.0889594,-20.418981300000002],[-49.0846029,-20.425689100000007],[-49.0802048,-20.429087199999987],[-49.0864019,-20.437896999999992],[-49.0854525,-20.442266799999995],[-49.0868552,-20.4445825],[-49.0857137,-20.44752190000001],[-49.0891828,-20.4536816],[-49.0893172,-20.4622217],[-49.087805900000006,-20.464002199999996],[-49.0869759,-20.463600499999995],[-49.0853124,-20.45824470000001],[-49.082560300000004,-20.45467680000001],[-49.0745675,-20.451499700000006],[-49.068241,-20.452383799999996],[-49.0633456,-20.45614910000001],[-49.0536647,-20.456797200000004],[-49.0496606,-20.4603486],[-49.0482888,-20.464932999999995],[-49.0488156,-20.470442199999994],[-49.0459059,-20.4743263],[-49.0359199,-20.482793299999997],[-49.0389991,-20.488894000000002],[-49.0304288,-20.497365700000003],[-49.0302444,-20.502061999999984],[-49.01977509999999,-20.510252700000002],[-49.011036399999995,-20.511750699999993],[-49.0086537,-20.519783799999992],[-49.0045438,-20.52543550000001],[-49.0044198,-20.5312222],[-49.0090162,-20.54616100000001],[-49.01130520000001,-20.548171200000002],[-49.01906150000001,-20.549130399999996],[-49.02329569999999,-20.551516899999992],[-49.02043439999999,-20.55589859999999],[-49.01567610000001,-20.556616999999996],[-49.0137375,-20.558876100000003],[-49.0161354,-20.5655675],[-49.015917800000004,-20.568127199999996],[-49.00707250000001,-20.575673799999986],[-49.006134200000005,-20.578873799999993],[-49.00003290000001,-20.578881100000004],[-48.9940089,-20.582390200000006],[-48.990113400000006,-20.5817284],[-48.99436070000001,-20.59387539999999],[-48.9922305,-20.60324459999999],[-48.9953377,-20.610062099999993],[-48.9955839,-20.61576219999999],[-48.9995604,-20.624387100000003],[-48.99994530000001,-20.630575799999995],[-48.998891199999996,-20.63515030000001],[-49.0014958,-20.6376041],[-49.003521600000006,-20.636423299999997],[-49.0067427,-20.636881799999994],[-49.0152645,-20.650069799999997],[-49.0185827,-20.647914499999988],[-49.0202147,-20.6422693],[-49.0240756,-20.642982799999995],[-49.02588600000001,-20.640012099999993],[-49.0293732,-20.638434300000007],[-49.0301003,-20.635796300000003],[-49.0334522,-20.637132700000002],[-49.0351481,-20.63551959999999],[-49.0375884,-20.635899300000002],[-49.0385209,-20.6333771],[-49.0423976,-20.635224600000008],[-49.044519699999995,-20.634230599999988],[-49.04431050000001,-20.6308849],[-49.047712800000006,-20.630165200000008],[-49.048427,-20.6280321],[-49.0499718,-20.628436499999992],[-49.049635300000006,-20.6249286],[-49.05929750000001,-20.6148047],[-49.066670099999996,-20.61786180000001],[-49.0701571,-20.617980899999985],[-49.072366499999994,-20.615842299999997],[-49.07429690000001,-20.618724599999997],[-49.07331210000001,-20.6203035],[-49.0752651,-20.6243618],[-49.0770838,-20.6214194],[-49.0817937,-20.622796199999996],[-49.080355399999995,-20.617621199999988],[-49.0849406,-20.61639570000001],[-49.08556449999999,-20.613977799999997],[-49.087212300000004,-20.612998499999996],[-49.0886981,-20.608903499999997],[-49.08737610000001,-20.604674899999996],[-49.08842860000001,-20.6018467],[-49.0933006,-20.6026097],[-49.0937923,-20.604483699999996],[-49.0979307,-20.6038278],[-49.1002588,-20.60889460000001],[-49.1013956,-20.607115299999997],[-49.1059978,-20.606840799999986],[-49.11439570000001,-20.60251249999999],[-49.116349799999995,-20.6058464],[-49.118871600000006,-20.604417599999998],[-49.1232368,-20.608381299999994],[-49.1247283,-20.614737099999996],[-49.1225586,-20.6207603],[-49.1243166,-20.62316669999999],[-49.1232688,-20.623859699999997],[-49.1186204,-20.6229529],[-49.1160095,-20.624456500000008],[-49.1191164,-20.626505099999992],[-49.1206914,-20.6303552],[-49.1237932,-20.631577500000006],[-49.1232528,-20.632927800000004],[-49.1249544,-20.6380795],[-49.1098825,-20.647239599999985],[-49.1065712,-20.6516453],[-49.1219886,-20.657195999999995],[-49.13001930000001,-20.658241700000016],[-49.1283378,-20.660160899999997],[-49.12833599999999,-20.662717499999996],[-49.122609100000005,-20.66462509999999],[-49.1214414,-20.666824199999997],[-49.12735159999999,-20.67009040000001],[-49.1278989,-20.67123779999999],[-49.12642360000001,-20.670595600000002],[-49.1265276,-20.672286099999994],[-49.12968649999999,-20.674668499999996],[-49.12237760000001,-20.680628900000002],[-49.12357680000001,-20.681744299999988],[-49.1210766,-20.683584500000006],[-49.1242462,-20.692128899999993],[-49.1229841,-20.69555910000001],[-49.1240438,-20.697255399999996],[-49.122196300000006,-20.698179099999997],[-49.121952,-20.70289289999999],[-49.124903200000006,-20.705774700000006],[-49.12709730000001,-20.71056],[-49.12664349999999,-20.71210149999999],[-49.1236096,-20.713444099999997],[-49.1263287,-20.715567499999995],[-49.1255008,-20.7169347],[-49.1263143,-20.7212419],[-49.1248854,-20.7207437],[-49.1263923,-20.726741300000008],[-49.1249757,-20.7269215],[-49.1257882,-20.729063199999985],[-49.1217861,-20.7303306],[-49.121381,-20.734479300000004],[-49.11833370000001,-20.739841000000002],[-49.11472770000001,-20.73724199999999],[-49.11179250000001,-20.737261499999992],[-49.1084355,-20.739103000000014],[-49.110625399999996,-20.742451000000003],[-49.10928620000001,-20.7431112],[-49.1074932,-20.741276799999987],[-49.104558600000004,-20.74252670000001],[-49.1040164,-20.7437903],[-49.105654200000004,-20.744715099999997],[-49.10442220000001,-20.74586369999999],[-49.1022605,-20.744827699999995],[-49.1019209,-20.746243900000007],[-49.09935130000001,-20.747577899999996],[-49.098537,-20.7521206],[-49.0954638,-20.756488300000004],[-49.094839,-20.763153099999986],[-49.0965066,-20.764348999999996],[-49.0954672,-20.767047799999997],[-49.0987655,-20.769546600000005],[-49.0979871,-20.771333199999997],[-49.10145390000001,-20.773466599999995],[-49.1052536,-20.779661899999997],[-49.1027,-20.781851999999997],[-49.09491299999999,-20.784794599999998],[-49.09136650000001,-20.78926840000001],[-49.09012870000001,-20.794724],[-49.0916385,-20.796617199999993],[-49.093869100000006,-20.806393400000008],[-49.0930758,-20.8112961],[-49.0856897,-20.812490299999997],[-49.0840772,-20.813844],[-49.077777700000006,-20.811413800000008],[-49.07438880000001,-20.811272700000004],[-49.0684158,-20.813511899999998],[-49.068073,-20.812648199999995],[-49.064054500000005,-20.812215800000004],[-49.06399510000001,-20.8134751],[-49.0627818,-20.8133115],[-49.06199240000001,-20.8148822],[-49.06042850000001,-20.8147139],[-49.05853729999999,-20.817206800000008],[-49.0548663,-20.8187513],[-49.0543309,-20.822573800000008],[-49.0466757,-20.825585099999994],[-49.0459203,-20.82986419999999],[-49.04088000000001,-20.833375600000004],[-49.041663,-20.83549500000001],[-49.0343749,-20.837458799999986],[-49.02823570000001,-20.843260899999986],[-49.02315200000001,-20.850478400000007],[-49.0161368,-20.854424399999996],[-49.012623000000005,-20.853814400000008],[-49.0129176,-20.855111799999992],[-49.008272,-20.85523800000001],[-49.007971399999995,-20.853978300000005],[-49.0044776,-20.85355149999999],[-49.0027957,-20.850081999999993],[-49.00043070000001,-20.848346900000006],[-48.9944601,-20.848022700000005],[-48.99099189999999,-20.849148200000016],[-48.9889266,-20.848002700000006],[-48.9840723,-20.8484825],[-48.9703482,-20.857697099999996],[-48.970755600000004,-20.858597],[-48.96884740000001,-20.859168800000003],[-48.9655019,-20.862881199999993],[-48.960176,-20.86413889999999],[-48.9560833,-20.86824799999999],[-48.9525976,-20.866280399999997],[-48.9506089,-20.867097300000005],[-48.9500642,-20.86955339999999],[-48.9473372,-20.870824000000006],[-48.94788109999999,-20.87797539999999],[-48.942487699999994,-20.8834568],[-48.934254800000005,-20.883459800000008],[-48.9319433,-20.881715599999993],[-48.9296197,-20.8817892],[-48.9282201,-20.88008989999999],[-48.9292064,-20.879498500000004],[-48.925561300000005,-20.876154199999995],[-48.923576999999995,-20.878916899999997],[-48.92178700000001,-20.878649599999992],[-48.92138750000001,-20.880317400000003],[-48.9172776,-20.879702200000004],[-48.9172775,-20.881614],[-48.9144066,-20.881065199999995],[-48.9132234,-20.8832437],[-48.912248,-20.8830283],[-48.9122646,-20.881142199999992],[-48.909460800000005,-20.881568700000003],[-48.9037932,-20.887005400000003],[-48.90625239999999,-20.8871919],[-48.90500010000001,-20.88950429999999],[-48.9071156,-20.892289400000006],[-48.9050891,-20.894459899999998],[-48.9026925,-20.8933882],[-48.8997784,-20.895529500000002],[-48.8998453,-20.89804039999999],[-48.8969921,-20.902947999999988],[-48.8932017,-20.90267669999999],[-48.8866159,-20.904890199999997],[-48.88807220000001,-20.905250600000013],[-48.885215300000006,-20.906345100000003],[-48.887161400000004,-20.907205499999996],[-48.88745010000001,-20.91056679999999],[-48.8832842,-20.911746399999988],[-48.8830294,-20.91301569999999],[-48.87545120000001,-20.910013],[-48.8628235,-20.9131163],[-48.8603843,-20.912025599999996],[-48.8550048,-20.91352919999999],[-48.8522522,-20.911506],[-48.847895,-20.9108474],[-48.8442112,-20.91321470000001],[-48.8411077,-20.913407699999986],[-48.8394832,-20.916607700000004],[-48.8364939,-20.9182907],[-48.8359254,-20.920141999999995],[-48.8374086,-20.9214537],[-48.836242,-20.9211448],[-48.83250730000001,-20.9236624],[-48.83231680000001,-20.922628400000004],[-48.83093790000001,-20.9246038],[-48.8279804,-20.925495100000003],[-48.8265425,-20.92803689999999],[-48.82753480000001,-20.929136700000004],[-48.823600299999995,-20.931581399999995],[-48.8223596,-20.930097800000002],[-48.8216389,-20.931417599999996],[-48.8165788,-20.926303999999995],[-48.8146316,-20.928991399999997],[-48.8123382,-20.929392],[-48.8122792,-20.930683299999988],[-48.809687200000006,-20.929561099999994],[-48.8056246,-20.935563600000005],[-48.80382490000001,-20.9358107],[-48.80436660000001,-20.9364205],[-48.80262400000001,-20.937576899999993],[-48.801725000000005,-20.937593700000004],[-48.8018391,-20.936350999999988],[-48.8010256,-20.937455399999997],[-48.79800530000001,-20.937675300000002],[-48.795799,-20.93616480000001],[-48.7956447,-20.93445469999999],[-48.7940852,-20.9351853],[-48.79276900000001,-20.93349930000001],[-48.7923775,-20.934638199999988],[-48.7892356,-20.933011],[-48.787082100000006,-20.934504099999987],[-48.7858755,-20.933875699999998],[-48.783112300000006,-20.936358699999992],[-48.7833425,-20.937485799999987],[-48.7822746,-20.937022],[-48.777196,-20.939142500000003],[-48.77774740000001,-20.940573800000003],[-48.7757489,-20.9410045],[-48.77567760000001,-20.94280579999999],[-48.7746778,-20.94273029999999],[-48.7750539,-20.94546820000001],[-48.770373000000006,-20.94690179999999],[-48.769184300000006,-20.949627],[-48.767438399999996,-20.950534399999995],[-48.763903600000006,-20.948310399999997],[-48.76228389999999,-20.945270599999997],[-48.760119499999995,-20.94504859999999],[-48.759814,-20.946964299999994],[-48.7585245,-20.946592599999995],[-48.7592362,-20.948498900000004],[-48.7528266,-20.953226699999988],[-48.7440241,-20.955631900000004],[-48.7433108,-20.9581397],[-48.7469496,-20.961779799999984],[-48.7453295,-20.96621900000001],[-48.743416800000006,-20.966933500000003],[-48.7402108,-20.9631043],[-48.7373301,-20.9631815],[-48.7364289,-20.965456099999997],[-48.7375103,-20.968045200000006],[-48.736899,-20.970900599999997],[-48.73477720000001,-20.974110900000003],[-48.7290824,-20.97745380000001],[-48.7279591,-20.981146200000005],[-48.72638549999999,-20.98072080000001],[-48.7255456,-20.9782361],[-48.72087200000001,-20.974480699999997],[-48.71814100000001,-20.977835899999995],[-48.7165538,-20.976914899999997],[-48.70847990000001,-20.980997000000006],[-48.7073272,-20.984320900000004],[-48.709879,-20.9859456],[-48.7104167,-20.987775499999994],[-48.70833650000001,-20.989891799999995],[-48.7088371,-20.991063299999997],[-48.7063204,-20.992915500000002],[-48.7029038,-20.993345499999993],[-48.70139410000001,-20.992376599999997],[-48.697713,-20.994281499999992],[-48.7002689,-20.996558099999994],[-48.70142640000001,-21.000300099999997],[-48.6998714,-21.001530399999996],[-48.700952699999995,-21.0041452],[-48.69917770000001,-21.005693499999996],[-48.693813299999995,-21.006897500000004],[-48.68842279999999,-21.003066600000004],[-48.687643400000006,-21.005299100000002],[-48.688775400000004,-21.007600899999996],[-48.6870733,-21.010390599999987],[-48.679247200000006,-21.012541],[-48.6774359,-21.01189119999999],[-48.67389949999999,-21.0146907],[-48.6741695,-21.016594200000004],[-48.6694577,-21.019958300000006],[-48.666231800000006,-21.018410799999998],[-48.66454790000001,-21.018965899999998],[-48.6625446,-21.025558099999987],[-48.6594435,-21.029838299999998],[-48.6454807,-21.034355799999997],[-48.6412833,-21.033859399999994],[-48.6397838,-21.038417100000004],[-48.6380269,-21.0394683],[-48.636867499999994,-21.0395057],[-48.6369733,-21.037817399999998],[-48.63312590000001,-21.034519499999995],[-48.631938399999996,-21.037054999999995],[-48.6298892,-21.0374542],[-48.63112019999999,-21.04195719999999],[-48.626799500000004,-21.0427439],[-48.6198548,-21.039042799999994],[-48.617339799999996,-21.040917000000004],[-48.6148133,-21.040367700000004],[-48.6126722,-21.041671900000015],[-48.61219740000001,-21.0456836],[-48.6130935,-21.04632609999999],[-48.6111045,-21.0484473],[-48.6125471,-21.05047979999999],[-48.610374,-21.051130799999996],[-48.6080922,-21.0495813],[-48.6057476,-21.050733899999994],[-48.6002783,-21.050202300000006],[-48.5983852,-21.052010799999994],[-48.60012840000001,-21.054758199999995],[-48.5986714,-21.05698059999999],[-48.59571009999999,-21.056707899999996],[-48.589711900000005,-21.058952399999992],[-48.58815379999999,-21.061238099999994],[-48.578057300000005,-21.067975],[-48.57636819999999,-21.070691100000005],[-48.5739489,-21.070670400000004],[-48.5716186,-21.075484100000004],[-48.56825189999999,-21.075082399999996],[-48.5663727,-21.077709500000005],[-48.566640899999996,-21.082268299999996],[-48.5704618,-21.0913944],[-48.5744843,-21.094442100000002],[-48.5773541,-21.100865800000005],[-48.5771769,-21.10373360000001],[-48.574517699999994,-21.10704920000001],[-48.575246,-21.109205799999998],[-48.571732,-21.11078429999999],[-48.5717292,-21.11424],[-48.573805400000005,-21.115091199999995],[-48.579401,-21.122047099999993],[-48.5902096,-21.12509009999999],[-48.5928981,-21.135218700000003],[-48.59648270000001,-21.139443500000006],[-48.597695,-21.143117100000005],[-48.595482800000006,-21.143058499999984],[-48.58835609999999,-21.1480114],[-48.586367700000004,-21.158741400000007],[-48.5811682,-21.1656834],[-48.5839776,-21.184181200000005],[-48.580921,-21.203556400000004],[-48.5848421,-21.2131266],[-48.5911082,-21.214502400000004],[-48.5951052,-21.212329000000004],[-48.6002709,-21.211588900000002],[-48.6098082,-21.20094140000001],[-48.61776040000001,-21.19987790000001],[-48.6211288,-21.197504600000002],[-48.625892,-21.1964169],[-48.633759,-21.20051640000001],[-48.6389431,-21.207237899999996],[-48.6449528,-21.207474699999995],[-48.65248020000001,-21.211159499999994],[-48.66121780000001,-21.206253899999993],[-48.667052,-21.2056111],[-48.673218000000006,-21.20696729999999],[-48.6786102,-21.212508699999994],[-48.68306040000001,-21.2087078],[-48.68753250000001,-21.210841300000002],[-48.69601290000001,-21.212246800000006],[-48.7005769,-21.210824799999994],[-48.7069546,-21.206772900000004],[-48.7042091,-21.21290490000001],[-48.70055849999999,-21.213220399999994],[-48.69964550000001,-21.216480600000004],[-48.69554140000001,-21.220914299999997],[-48.69163879999999,-21.220906899999996],[-48.6867189,-21.218619],[-48.68080429999999,-21.2201931],[-48.6764757,-21.22326540000001],[-48.6729423,-21.2234385],[-48.6715451,-21.226080599999985],[-48.6681943,-21.228582000000003],[-48.661959,-21.2292422],[-48.66161420000001,-21.230622099999987],[-48.6594199,-21.231110999999988],[-48.6536394,-21.231095599999996],[-48.6505788,-21.232735200000008],[-48.6502326,-21.233828400000004],[-48.653479,-21.236486300000006],[-48.6541006,-21.238772200000007],[-48.6532051,-21.2398253],[-48.6453094,-21.24266859999999],[-48.6408385,-21.241180800000002],[-48.6389895,-21.246055600000005],[-48.6406413,-21.2481287],[-48.631319299999994,-21.2555109],[-48.63181,-21.258632200000005],[-48.629883,-21.2686498],[-48.619296999999996,-21.2869331],[-48.62345139999999,-21.291411299999996],[-48.6269133,-21.297917999999992],[-48.633036999999995,-21.303618999999998],[-48.6399537,-21.302020699999993],[-48.6431424,-21.299429199999988],[-48.6447911,-21.296038900000003],[-48.646570600000004,-21.295390400000006],[-48.6487361,-21.2954779],[-48.6525935,-21.299245200000005],[-48.6541233,-21.316016300000005],[-48.6584263,-21.322382900000008],[-48.6626322,-21.325139199999995],[-48.6625145,-21.334067600000004],[-48.6697439,-21.337653399999994],[-48.67074970000001,-21.3412335],[-48.6689401,-21.3454645],[-48.6700307,-21.354365800000004],[-48.67679700000001,-21.361695500000003],[-48.67829580000001,-21.369038699999997],[-48.6834465,-21.376963800000002],[-48.6847235,-21.388336799999994],[-48.688753600000005,-21.392698499999995],[-48.693134099999995,-21.394886600000003],[-48.7028542,-21.392921100000002],[-48.713666,-21.397540799999994],[-48.7165917,-21.400628900000008],[-48.7167287,-21.402250999999985],[-48.7146167,-21.404798099999997],[-48.7175816,-21.407214599999996],[-48.71793769999999,-21.409870200000007],[-48.7205504,-21.412938699999998],[-48.72020690000001,-21.416260699999995],[-48.723061,-21.419459],[-48.7265868,-21.420322099999996],[-48.73296080000001,-21.4176186],[-48.737793700000005,-21.419810599999998],[-48.739888500000006,-21.4228045],[-48.741615,-21.421684999999993],[-48.7453041,-21.421613199999992],[-48.7473567,-21.42387889999999],[-48.749371200000006,-21.42157679999999],[-48.7534758,-21.420506200000005],[-48.7559564,-21.421627100000006],[-48.7568576,-21.424006099999996],[-48.7590105,-21.423068499999985],[-48.761165000000005,-21.424244900000005],[-48.7620943,-21.423384299999995],[-48.765081,-21.4254987],[-48.767187500000006,-21.4248062],[-48.7686089,-21.4264603],[-48.769787900000004,-21.4253076],[-48.7736879,-21.427632199999994],[-48.7808479,-21.42303480000001],[-48.7821211,-21.4208882],[-48.787863,-21.419351100000004],[-48.78708240000001,-21.418505700000008],[-48.78836239999999,-21.417656700000002],[-48.790931400000005,-21.41800819999999],[-48.7906549,-21.416122299999994],[-48.7934498,-21.413373499999995],[-48.7925815,-21.411168499999995],[-48.79421320000001,-21.408781599999998],[-48.7992908,-21.40981929999999],[-48.7993375,-21.4106806],[-48.80160420000001,-21.410247400000006],[-48.8010923,-21.411920700000003],[-48.8046092,-21.413078499999994],[-48.814159000000004,-21.41163359999999],[-48.8154415,-21.409341900000005],[-48.8190665,-21.407418700000008],[-48.8238967,-21.407977100000004],[-48.8251124,-21.40456489999999],[-48.8321238,-21.396872699999992],[-48.831661499999996,-21.395614100000003],[-48.83606730000001,-21.3927607],[-48.8381216,-21.393170399999995],[-48.8381764,-21.395534],[-48.841448400000004,-21.394299899999993],[-48.8420205,-21.39273799999999],[-48.8451411,-21.393500000000007],[-48.8475457,-21.39264620000001],[-48.84918819999999,-21.390439899999993],[-48.8527412,-21.392849299999995],[-48.8537644,-21.391736099999992],[-48.8614553,-21.3931985],[-48.8638606,-21.391825799999992],[-48.8667562,-21.391824099999994],[-48.8729608,-21.394295100000004],[-48.8766187,-21.393407899999993],[-48.8796397,-21.389511499999998],[-48.8824975,-21.388019000000007],[-48.887100999999994,-21.3877339],[-48.891942500000006,-21.384076200000006],[-48.8938071,-21.378927799999996],[-48.8963128,-21.376951500000004],[-48.8987952,-21.371175100000002],[-48.9035076,-21.371488000000006]]]}},{"type":"Feature","properties":{"id":"3508","nome":"Ribeirão Preto"},"geometry":{"type":"Polygon","coordinates":[[[-47.9240426,-21.57328919999999],[-47.9341431,-21.58027899999999],[-47.9378982,-21.579275499999987],[-47.938764500000005,-21.580074299999996],[-47.9356795,-21.58318660000001],[-47.9341461,-21.586953000000005],[-47.93631100000001,-21.5884011],[-47.9402944,-21.5866646],[-47.9417242,-21.588296],[-47.940670999999995,-21.59027430000001],[-47.9369357,-21.591267999999996],[-47.9371093,-21.592845899999997],[-47.93928210000001,-21.593176700000004],[-47.9440529,-21.5908298],[-47.9459342,-21.591762100000004],[-47.9455829,-21.59440950000001],[-47.9414309,-21.596319600000005],[-47.9422669,-21.598112900000004],[-47.950138,-21.598399499999996],[-47.953354899999994,-21.594309600000006],[-47.9529833,-21.590965],[-47.95518150000001,-21.590547199999993],[-47.964246,-21.5982622],[-47.9700787,-21.59439989999999],[-47.974271800000004,-21.594590099999994],[-47.9776233,-21.591275399999994],[-47.9817123,-21.592808199999997],[-47.9827194,-21.591525200000003],[-47.98102180000001,-21.588030800000002],[-47.9824212,-21.58661289999999],[-47.98476550000001,-21.5882906],[-47.9834175,-21.5937015],[-47.98418290000001,-21.595450099999997],[-47.99075090000001,-21.595587999999996],[-47.9878226,-21.58989860000001],[-47.99218960000001,-21.5889961],[-47.9897362,-21.585031899999993],[-47.993768100000004,-21.584532999999997],[-47.992894,-21.5804554],[-47.9936792,-21.579474799999996],[-47.9986691,-21.581704299999995],[-48.0003176,-21.580847599999995],[-47.9993722,-21.57921589999999],[-47.9950708,-21.5769483],[-47.9891022,-21.57709820000001],[-47.99161,-21.570472600000013],[-47.9909643,-21.565666099999994],[-47.99232200000001,-21.564447799999996],[-47.9947416,-21.564631699999993],[-47.9984681,-21.568515799999997],[-47.99913459999999,-21.566940399999993],[-47.9960051,-21.563447399999994],[-47.9956646,-21.561488300000008],[-48.0036694,-21.5591526],[-48.00913460000001,-21.559888899999986],[-48.009903900000005,-21.555618500000005],[-48.0064886,-21.5522427],[-48.007488,-21.548739699999988],[-48.0058357,-21.5445283],[-48.0147212,-21.542049399999996],[-48.0150983,-21.539129499999998],[-48.0119824,-21.53484519999999],[-48.012026,-21.533174599999995],[-48.0142287,-21.53232220000001],[-48.0172938,-21.533498600000012],[-48.0172817,-21.539616799999987],[-48.020353699999994,-21.5397598],[-48.024018,-21.537661500000006],[-48.027869,-21.538805400000008],[-48.026405,-21.530039199999987],[-48.033104400000006,-21.52661309999999],[-48.0317132,-21.524473899999997],[-48.0280289,-21.52264249999999],[-48.0318472,-21.519154200000006],[-48.028165800000004,-21.514828500000004],[-48.0283103,-21.513542699999995],[-48.0318256,-21.515013599999996],[-48.040187700000004,-21.516251100000005],[-48.0422279,-21.515652599999996],[-48.043070099999994,-21.510034099999995],[-48.03865830000001,-21.504624699999994],[-48.04545809999999,-21.501914799999994],[-48.05049350000001,-21.50137470000001],[-48.0519956,-21.49956369999999],[-48.0510604,-21.49555060000001],[-48.0448661,-21.495752500000002],[-48.044469199999995,-21.4940867],[-48.047343000000005,-21.490785999999986],[-48.053435,-21.490360999999993],[-48.055355,-21.489225999999995],[-48.05619,-21.485769999999995],[-48.05420900000001,-21.481363999999996],[-48.05812,-21.479398],[-48.05730200000001,-21.475271999999993],[-48.061944,-21.475930999999992],[-48.06872500000001,-21.479855999999998],[-48.070195,-21.478110999999984],[-48.070109300000006,-21.47455419999999],[-48.0720532,-21.474048699999994],[-48.07303850000001,-21.475275499999988],[-48.0717646,-21.478491599999995],[-48.074270000000006,-21.4792385],[-48.0761138,-21.476897099999995],[-48.07741519999999,-21.47045320000001],[-48.0850397,-21.468724799999993],[-48.08449670000001,-21.466543000000005],[-48.0815954,-21.463749999999997],[-48.0820824,-21.461572099999994],[-48.084714600000005,-21.461496600000004],[-48.087322500000006,-21.459013699999996],[-48.1030204,-21.453482000000008],[-48.103704300000004,-21.44854269999999],[-48.1090686,-21.444458399999984],[-48.1090493,-21.4282793],[-48.1135027,-21.4205857],[-48.1146755,-21.421375299999994],[-48.1122412,-21.42547980000001],[-48.1168718,-21.4306826],[-48.1176433,-21.435117000000005],[-48.1195663,-21.43578879999999],[-48.1224098,-21.435557199999995],[-48.123857900000004,-21.43675489999999],[-48.126261299999996,-21.435557700000007],[-48.1295657,-21.436156299999997],[-48.1313833,-21.4314424],[-48.1335379,-21.4316346],[-48.1350336,-21.429215300000006],[-48.143567,-21.426622899999987],[-48.1454322,-21.429872699999994],[-48.151563100000004,-21.430103099999997],[-48.1534933,-21.431729400000002],[-48.15809180000001,-21.432627899999993],[-48.160347200000004,-21.4349861],[-48.1601383,-21.4365426],[-48.1620699,-21.437583099999998],[-48.1640078,-21.4376657],[-48.1638286,-21.43552989999999],[-48.1662773,-21.435899100000004],[-48.1678399,-21.4387866],[-48.1714885,-21.436565699999992],[-48.17472109999999,-21.437201400000006],[-48.175487,-21.4384534],[-48.1778485,-21.437572499999998],[-48.1815808,-21.44775080000001],[-48.1882895,-21.4536207],[-48.19420579999999,-21.462606800000007],[-48.197954,-21.4649606],[-48.21469330000001,-21.46718909999999],[-48.221020900000006,-21.471223900000005],[-48.2297128,-21.47212120000001],[-48.2312611,-21.470813000000003],[-48.2346529,-21.473750400000004],[-48.283294,-21.481613],[-48.2949807,-21.482447999999994],[-48.30641910000001,-21.485788999999997],[-48.3108907,-21.4849256],[-48.3180381,-21.485743799999998],[-48.3239513,-21.484432099999996],[-48.3260422,-21.48670749999999],[-48.3272355,-21.491158299999995],[-48.330442299999994,-21.493296000000004],[-48.3389117,-21.495445800000006],[-48.346927,-21.4920508],[-48.351475799999996,-21.49228139999999],[-48.3560788,-21.496830799999994],[-48.3619197,-21.4988901],[-48.3705665,-21.505016800000007],[-48.3801875,-21.50427940000001],[-48.3876581,-21.496755699999998],[-48.3904917,-21.49551499999999],[-48.3940508,-21.492207800000003],[-48.3961746,-21.480654599999994],[-48.4073277,-21.472688200000004],[-48.4175521,-21.472998899999997],[-48.41857340000001,-21.483787899999996],[-48.4235341,-21.4897373],[-48.432058,-21.490914200000002],[-48.433533399999995,-21.489828199999998],[-48.4413045,-21.490084100000004],[-48.4466609,-21.488353500000006],[-48.4525687,-21.491546100000004],[-48.4599371,-21.49272210000001],[-48.4610374,-21.4905723],[-48.463937900000005,-21.48979049999999],[-48.46225470000001,-21.48477919999999],[-48.46242350000001,-21.476663600000002],[-48.460162600000004,-21.4715153],[-48.449937,-21.4640222],[-48.440523400000004,-21.460664100000002],[-48.436823000000004,-21.456477899999992],[-48.4349781,-21.4515846],[-48.42926889999999,-21.44687540000001],[-48.4292468,-21.442866],[-48.426811900000004,-21.439103299999996],[-48.4279036,-21.436213600000002],[-48.4270616,-21.434498999999995],[-48.42295730000001,-21.431335199999996],[-48.413644999999995,-21.427561000000004],[-48.4046306,-21.417746600000005],[-48.402140800000005,-21.4168834],[-48.4010746,-21.404249899999993],[-48.4033686,-21.3988138],[-48.395126399999995,-21.399822000000004],[-48.3871461,-21.39930859999999],[-48.38250109999999,-21.402314300000008],[-48.37153779999999,-21.401545700000003],[-48.3624797,-21.39289649999999],[-48.35168650000001,-21.39199120000001],[-48.33583960000001,-21.3852449],[-48.324714,-21.372119700000006],[-48.319599800000006,-21.369015499999993],[-48.3175487,-21.365122700000008],[-48.3118164,-21.3607467],[-48.3181318,-21.357829800000005],[-48.3233455,-21.357301700000004],[-48.3342369,-21.348137999999995],[-48.33424740000001,-21.3392301],[-48.33700040000001,-21.333797099999998],[-48.3365434,-21.331485199999992],[-48.3403236,-21.330331399999984],[-48.3416479,-21.3316636],[-48.3445726,-21.329125800000003],[-48.345352000000005,-21.325485600000004],[-48.35170569999999,-21.32115640000001],[-48.36963229999999,-21.3215293],[-48.3732395,-21.3238014],[-48.3757809,-21.323399199999994],[-48.3785523,-21.324780300000004],[-48.38376170000001,-21.322731699999988],[-48.3882134,-21.317483499999987],[-48.3914934,-21.3169049],[-48.39610770000001,-21.317253399999995],[-48.4000703,-21.319571799999995],[-48.4092503,-21.3174884],[-48.41670729999999,-21.3204217],[-48.4230768,-21.3186405],[-48.4284905,-21.319325999999997],[-48.43329940000001,-21.3249622],[-48.432451400000005,-21.336256499999994],[-48.43668190000001,-21.3418979],[-48.4420804,-21.342879599999993],[-48.4510234,-21.3465889],[-48.4542736,-21.343819200000002],[-48.461945500000006,-21.3417159],[-48.4654949,-21.342087099999993],[-48.4745309,-21.338044199999988],[-48.478482099999994,-21.331769499999986],[-48.4851402,-21.334682999999988],[-48.486159,-21.3380727],[-48.4900538,-21.341630200000008],[-48.4919857,-21.346066900000004],[-48.4945003,-21.347256100000006],[-48.5034481,-21.344581299999994],[-48.51394,-21.3443594],[-48.5187177,-21.348112599999997],[-48.52669740000001,-21.351763500000008],[-48.5352844,-21.353877399999988],[-48.53967110000001,-21.353818899999997],[-48.54506260000001,-21.352081499999997],[-48.5532929,-21.338938900000006],[-48.555638200000004,-21.340439500000013],[-48.5650267,-21.337878],[-48.574286799999996,-21.34169049999999],[-48.577325699999996,-21.339741200000002],[-48.5756207,-21.336488899999992],[-48.5767212,-21.33023649999999],[-48.5806674,-21.3266915],[-48.585884899999996,-21.324265500000003],[-48.5888945,-21.314649800000005],[-48.599819100000005,-21.314498200000003],[-48.6033311,-21.3154297],[-48.604975200000005,-21.31396360000001],[-48.6050837,-21.307815900000005],[-48.6084035,-21.30026560000001],[-48.61198079999999,-21.293070899999996],[-48.620161,-21.286375499999988],[-48.6283148,-21.272350900000003],[-48.6314798,-21.261082200000004],[-48.6310865,-21.2559568],[-48.6354917,-21.251383200000003],[-48.6406413,-21.2481287],[-48.6389895,-21.246055600000005],[-48.6408385,-21.241180800000002],[-48.6453094,-21.24266859999999],[-48.6532051,-21.2398253],[-48.6541006,-21.238772200000007],[-48.653479,-21.236486300000006],[-48.650081500000006,-21.2335342],[-48.6536394,-21.231095599999996],[-48.6594199,-21.231110999999988],[-48.66161420000001,-21.230622099999987],[-48.661959,-21.2292422],[-48.6681943,-21.228582000000003],[-48.6715451,-21.226080599999985],[-48.6729423,-21.2234385],[-48.6764757,-21.22326540000001],[-48.68080429999999,-21.2201931],[-48.68616519999999,-21.218614099999996],[-48.69163879999999,-21.220906899999996],[-48.69554140000001,-21.220914299999997],[-48.69964550000001,-21.216480600000004],[-48.70055849999999,-21.213220399999994],[-48.7042091,-21.21290490000001],[-48.7069546,-21.206772900000004],[-48.7005769,-21.210824799999994],[-48.69601290000001,-21.212246800000006],[-48.68753250000001,-21.210841300000002],[-48.68306040000001,-21.2087078],[-48.6786102,-21.212508699999994],[-48.673218000000006,-21.20696729999999],[-48.667052,-21.2056111],[-48.66121780000001,-21.206253899999993],[-48.6538713,-21.210853199999992],[-48.6516649,-21.210999600000008],[-48.6449528,-21.207474699999995],[-48.6389431,-21.207237899999996],[-48.633759,-21.20051640000001],[-48.625892,-21.1964169],[-48.6211288,-21.197504600000002],[-48.61776040000001,-21.19987790000001],[-48.6098082,-21.20094140000001],[-48.6002709,-21.211588900000002],[-48.5951052,-21.212329000000004],[-48.5911082,-21.214502400000004],[-48.5848421,-21.2131266],[-48.580921,-21.203556400000004],[-48.5839776,-21.184181200000005],[-48.5811682,-21.1656834],[-48.586367700000004,-21.158741400000007],[-48.58835609999999,-21.1480114],[-48.595482800000006,-21.143058499999984],[-48.597695,-21.143117100000005],[-48.59648270000001,-21.139443500000006],[-48.5928981,-21.135218700000003],[-48.5902096,-21.12509009999999],[-48.579401,-21.122047099999993],[-48.573805400000005,-21.115091199999995],[-48.5717292,-21.11424],[-48.571732,-21.11078429999999],[-48.575246,-21.109205799999998],[-48.574517699999994,-21.10704920000001],[-48.5771769,-21.10373360000001],[-48.5773541,-21.100865800000005],[-48.5744843,-21.094442100000002],[-48.5704618,-21.0913944],[-48.5661082,-21.080266],[-48.566812600000006,-21.07617030000001],[-48.56825189999999,-21.075082399999996],[-48.5716186,-21.075484100000004],[-48.5739489,-21.070670400000004],[-48.57636819999999,-21.070691100000005],[-48.578057300000005,-21.067975],[-48.58815379999999,-21.061238099999994],[-48.589711900000005,-21.058952399999992],[-48.59571009999999,-21.056707899999996],[-48.5986714,-21.05698059999999],[-48.60012840000001,-21.054758199999995],[-48.5983852,-21.052010799999994],[-48.6002783,-21.050202300000006],[-48.6057476,-21.050733899999994],[-48.6080922,-21.0495813],[-48.610374,-21.051130799999996],[-48.6125471,-21.05047979999999],[-48.6111045,-21.0484473],[-48.6130935,-21.04632609999999],[-48.61219740000001,-21.0456836],[-48.6126722,-21.041671900000015],[-48.6148133,-21.040367700000004],[-48.617339799999996,-21.040917000000004],[-48.6198548,-21.039042799999994],[-48.626799500000004,-21.0427439],[-48.63112019999999,-21.04195719999999],[-48.6298892,-21.0374542],[-48.631938399999996,-21.037054999999995],[-48.63312590000001,-21.034519499999995],[-48.6369733,-21.037817399999998],[-48.636867499999994,-21.0395057],[-48.6380269,-21.0394683],[-48.6397838,-21.038417100000004],[-48.6412833,-21.033859399999994],[-48.6454807,-21.034355799999997],[-48.6594435,-21.029838299999998],[-48.6625446,-21.025558099999987],[-48.66454790000001,-21.018965899999998],[-48.666231800000006,-21.018410799999998],[-48.6694577,-21.019958300000006],[-48.6741695,-21.016594200000004],[-48.67389949999999,-21.0146907],[-48.6774359,-21.01189119999999],[-48.679247200000006,-21.012541],[-48.6870733,-21.010390599999987],[-48.688775400000004,-21.007600899999996],[-48.687643400000006,-21.005299100000002],[-48.68842279999999,-21.003066600000004],[-48.693813299999995,-21.006897500000004],[-48.69917770000001,-21.005693499999996],[-48.700952699999995,-21.0041452],[-48.6998714,-21.001530399999996],[-48.70142640000001,-21.000300099999997],[-48.7002689,-20.996558099999994],[-48.697713,-20.994281499999992],[-48.70139410000001,-20.992376599999997],[-48.7029038,-20.993345499999993],[-48.7063204,-20.992915500000002],[-48.7088371,-20.991063299999997],[-48.70833650000001,-20.989891799999995],[-48.7104167,-20.987775499999994],[-48.709879,-20.9859456],[-48.7073272,-20.984320900000004],[-48.70847990000001,-20.980997000000006],[-48.7165538,-20.976914899999997],[-48.71814100000001,-20.977835899999995],[-48.72087200000001,-20.974480699999997],[-48.7255456,-20.9782361],[-48.72638549999999,-20.98072080000001],[-48.7279591,-20.981146200000005],[-48.7290824,-20.97745380000001],[-48.73477720000001,-20.974110900000003],[-48.736899,-20.970900599999997],[-48.7375103,-20.968045200000006],[-48.7364289,-20.965456099999997],[-48.7373301,-20.9631815],[-48.7402108,-20.9631043],[-48.743416800000006,-20.966933500000003],[-48.7453295,-20.96621900000001],[-48.7469496,-20.961779799999984],[-48.7433108,-20.9581397],[-48.7440241,-20.955631900000004],[-48.7528266,-20.953226699999988],[-48.7592362,-20.948498900000004],[-48.7585245,-20.946592599999995],[-48.759814,-20.946964299999994],[-48.760119499999995,-20.94504859999999],[-48.76228389999999,-20.945270599999997],[-48.763903600000006,-20.948310399999997],[-48.767438399999996,-20.950534399999995],[-48.769184300000006,-20.949627],[-48.770373000000006,-20.94690179999999],[-48.7750539,-20.94546820000001],[-48.7746778,-20.94273029999999],[-48.77567760000001,-20.94280579999999],[-48.7757489,-20.9410045],[-48.77774740000001,-20.940573800000003],[-48.777196,-20.939142500000003],[-48.7822746,-20.937022],[-48.7833425,-20.937485799999987],[-48.783112300000006,-20.936358699999992],[-48.7858755,-20.933875699999998],[-48.787082100000006,-20.934504099999987],[-48.7892356,-20.933011],[-48.7923775,-20.934638199999988],[-48.79276900000001,-20.93349930000001],[-48.7940852,-20.9351853],[-48.7956447,-20.93445469999999],[-48.795799,-20.93616480000001],[-48.79800530000001,-20.937675300000002],[-48.8010256,-20.937455399999997],[-48.8018391,-20.936350999999988],[-48.801725000000005,-20.937593700000004],[-48.80262400000001,-20.937576899999993],[-48.80436660000001,-20.9364205],[-48.80382490000001,-20.9358107],[-48.8056246,-20.935563600000005],[-48.809687200000006,-20.929561099999994],[-48.8122792,-20.930683299999988],[-48.8123382,-20.929392],[-48.8146316,-20.928991399999997],[-48.8165788,-20.926303999999995],[-48.8216389,-20.931417599999996],[-48.8223596,-20.930097800000002],[-48.823600299999995,-20.931581399999995],[-48.82753480000001,-20.929136700000004],[-48.8265425,-20.92803689999999],[-48.8279804,-20.925495100000003],[-48.83093790000001,-20.9246038],[-48.83231680000001,-20.922628400000004],[-48.83250730000001,-20.9236624],[-48.836242,-20.9211448],[-48.8374086,-20.9214537],[-48.8359254,-20.920141999999995],[-48.8364939,-20.9182907],[-48.8394832,-20.916607700000004],[-48.8411077,-20.913407699999986],[-48.8442112,-20.91321470000001],[-48.847895,-20.9108474],[-48.8522522,-20.911506],[-48.8550048,-20.91352919999999],[-48.8603843,-20.912025599999996],[-48.8628235,-20.9131163],[-48.87545120000001,-20.910013],[-48.8830294,-20.91301569999999],[-48.8832842,-20.911746399999988],[-48.88745010000001,-20.91056679999999],[-48.887161400000004,-20.907205499999996],[-48.885215300000006,-20.906345100000003],[-48.88807220000001,-20.905250600000013],[-48.8866159,-20.904890199999997],[-48.8932017,-20.90267669999999],[-48.8969921,-20.902947999999988],[-48.8998453,-20.89804039999999],[-48.8997784,-20.895529500000002],[-48.9026925,-20.8933882],[-48.9050891,-20.894459899999998],[-48.9071156,-20.892289400000006],[-48.90500010000001,-20.88950429999999],[-48.90625239999999,-20.8871919],[-48.9037932,-20.887005400000003],[-48.909460800000005,-20.881568700000003],[-48.9122646,-20.881142199999992],[-48.912248,-20.8830283],[-48.9132234,-20.8832437],[-48.9144066,-20.881065199999995],[-48.9172775,-20.881614],[-48.9172776,-20.879702200000004],[-48.92138750000001,-20.880317400000003],[-48.92178700000001,-20.878649599999992],[-48.923576999999995,-20.878916899999997],[-48.925561300000005,-20.876154199999995],[-48.9292064,-20.879498500000004],[-48.9282201,-20.88008989999999],[-48.9296197,-20.8817892],[-48.9319433,-20.881715599999993],[-48.934254800000005,-20.883459800000008],[-48.942487699999994,-20.8834568],[-48.94788109999999,-20.87797539999999],[-48.9473372,-20.870824000000006],[-48.9500642,-20.86955339999999],[-48.9506089,-20.867097300000005],[-48.9525976,-20.866280399999997],[-48.9560833,-20.86824799999999],[-48.960176,-20.86413889999999],[-48.9655019,-20.862881199999993],[-48.96884740000001,-20.859168800000003],[-48.970755600000004,-20.858597],[-48.9703482,-20.857697099999996],[-48.9840723,-20.8484825],[-48.9889266,-20.848002700000006],[-48.99099189999999,-20.849148200000016],[-48.9944601,-20.848022700000005],[-49.00043070000001,-20.848346900000006],[-49.0027957,-20.850081999999993],[-49.0044776,-20.85355149999999],[-49.007971399999995,-20.853978300000005],[-49.008272,-20.85523800000001],[-49.0129176,-20.855111799999992],[-49.012623000000005,-20.853814400000008],[-49.0161368,-20.854424399999996],[-49.02315200000001,-20.850478400000007],[-49.02823570000001,-20.843260899999986],[-49.0343749,-20.837458799999986],[-49.041663,-20.83549500000001],[-49.04088000000001,-20.833375600000004],[-49.0459203,-20.82986419999999],[-49.0466757,-20.825585099999994],[-49.0543309,-20.822573800000008],[-49.0548663,-20.8187513],[-49.05853729999999,-20.817206800000008],[-49.06042850000001,-20.8147139],[-49.06199240000001,-20.8148822],[-49.0627818,-20.8133115],[-49.06399510000001,-20.8134751],[-49.064054500000005,-20.812215800000004],[-49.068073,-20.812648199999995],[-49.0684158,-20.813511899999998],[-49.07438880000001,-20.811272700000004],[-49.077777700000006,-20.811413800000008],[-49.0840772,-20.813844],[-49.0856897,-20.812490299999997],[-49.0930758,-20.8112961],[-49.093869100000006,-20.806393400000008],[-49.0916385,-20.796617199999993],[-49.09012870000001,-20.794724],[-49.09136650000001,-20.78926840000001],[-49.09491299999999,-20.784794599999998],[-49.1027,-20.781851999999997],[-49.1052536,-20.779661899999997],[-49.10145390000001,-20.773466599999995],[-49.0979871,-20.771333199999997],[-49.0987655,-20.769546600000005],[-49.0954672,-20.767047799999997],[-49.0965066,-20.764348999999996],[-49.094839,-20.763153099999986],[-49.0954638,-20.756488300000004],[-49.098537,-20.7521206],[-49.09935130000001,-20.747577899999996],[-49.1019209,-20.746243900000007],[-49.1022605,-20.744827699999995],[-49.10442220000001,-20.74586369999999],[-49.105654200000004,-20.744715099999997],[-49.1040164,-20.7437903],[-49.104558600000004,-20.74252670000001],[-49.1074932,-20.741276799999987],[-49.10928620000001,-20.7431112],[-49.110625399999996,-20.742451000000003],[-49.1084355,-20.739103000000014],[-49.11179250000001,-20.737261499999992],[-49.11472770000001,-20.73724199999999],[-49.11833370000001,-20.739841000000002],[-49.121381,-20.734479300000004],[-49.1217861,-20.7303306],[-49.1257882,-20.729063199999985],[-49.1249757,-20.7269215],[-49.1263923,-20.726741300000008],[-49.1248854,-20.7207437],[-49.1263143,-20.7212419],[-49.1255008,-20.7169347],[-49.1263287,-20.715567499999995],[-49.1236096,-20.713444099999997],[-49.12664349999999,-20.71210149999999],[-49.12709730000001,-20.71056],[-49.124903200000006,-20.705774700000006],[-49.121952,-20.70289289999999],[-49.122196300000006,-20.698179099999997],[-49.1240438,-20.697255399999996],[-49.1229841,-20.69555910000001],[-49.1242462,-20.692128899999993],[-49.1210766,-20.683584500000006],[-49.12357680000001,-20.681744299999988],[-49.12237760000001,-20.680628900000002],[-49.12968649999999,-20.674668499999996],[-49.1265276,-20.672286099999994],[-49.12642360000001,-20.670595600000002],[-49.1278989,-20.67123779999999],[-49.12735159999999,-20.67009040000001],[-49.1214414,-20.666824199999997],[-49.122609100000005,-20.66462509999999],[-49.12833599999999,-20.662717499999996],[-49.1283378,-20.660160899999997],[-49.13001930000001,-20.658241700000016],[-49.1219886,-20.657195999999995],[-49.1065712,-20.6516453],[-49.1098825,-20.647239599999985],[-49.1249544,-20.6380795],[-49.1232528,-20.632927800000004],[-49.1237932,-20.631577500000006],[-49.1206914,-20.6303552],[-49.1191164,-20.626505099999992],[-49.1160095,-20.624456500000008],[-49.1186204,-20.6229529],[-49.1232688,-20.623859699999997],[-49.1243166,-20.62316669999999],[-49.1225586,-20.6207603],[-49.1247283,-20.614737099999996],[-49.1232368,-20.608381299999994],[-49.118871600000006,-20.604417599999998],[-49.116349799999995,-20.6058464],[-49.11439570000001,-20.60251249999999],[-49.1059978,-20.606840799999986],[-49.1013956,-20.607115299999997],[-49.1002588,-20.60889460000001],[-49.0979307,-20.6038278],[-49.0937923,-20.604483699999996],[-49.0933006,-20.6026097],[-49.08842860000001,-20.6018467],[-49.08737610000001,-20.604674899999996],[-49.0886981,-20.608903499999997],[-49.087212300000004,-20.612998499999996],[-49.08556449999999,-20.613977799999997],[-49.0849406,-20.61639570000001],[-49.080355399999995,-20.617621199999988],[-49.0817937,-20.622796199999996],[-49.0770838,-20.6214194],[-49.0752651,-20.6243618],[-49.07331210000001,-20.6203035],[-49.07429690000001,-20.618724599999997],[-49.072366499999994,-20.615842299999997],[-49.0701571,-20.617980899999985],[-49.066670099999996,-20.61786180000001],[-49.05929750000001,-20.6148047],[-49.049635300000006,-20.6249286],[-49.0499718,-20.628436499999992],[-49.048427,-20.6280321],[-49.047712800000006,-20.630165200000008],[-49.04431050000001,-20.6308849],[-49.044519699999995,-20.634230599999988],[-49.0423976,-20.635224600000008],[-49.0385209,-20.6333771],[-49.0375884,-20.635899300000002],[-49.0351481,-20.63551959999999],[-49.0334522,-20.637132700000002],[-49.0301003,-20.635796300000003],[-49.0293732,-20.638434300000007],[-49.02588600000001,-20.640012099999993],[-49.0240756,-20.642982799999995],[-49.0202147,-20.6422693],[-49.0185827,-20.647914499999988],[-49.0152645,-20.650069799999997],[-49.0067427,-20.636881799999994],[-49.003521600000006,-20.636423299999997],[-49.0014958,-20.6376041],[-48.998891199999996,-20.63515030000001],[-48.99994530000001,-20.630575799999995],[-48.9995604,-20.624387100000003],[-48.9955839,-20.61576219999999],[-48.9953377,-20.610062099999993],[-48.9922305,-20.60324459999999],[-48.99436070000001,-20.59387539999999],[-48.990113400000006,-20.5817284],[-48.9940089,-20.582390200000006],[-49.00003290000001,-20.578881100000004],[-49.006134200000005,-20.578873799999993],[-49.00707250000001,-20.575673799999986],[-49.015917800000004,-20.568127199999996],[-49.0161354,-20.5655675],[-49.0137375,-20.558876100000003],[-49.01567610000001,-20.556616999999996],[-49.02043439999999,-20.55589859999999],[-49.02329569999999,-20.551516899999992],[-49.01906150000001,-20.549130399999996],[-49.01130520000001,-20.548171200000002],[-49.0090162,-20.54616100000001],[-49.0044198,-20.5312222],[-49.0045438,-20.52543550000001],[-49.0086537,-20.519783799999992],[-49.011036399999995,-20.511750699999993],[-49.01977509999999,-20.510252700000002],[-49.0302444,-20.502061999999984],[-49.0304288,-20.497365700000003],[-49.0389991,-20.488894000000002],[-49.0359199,-20.482793299999997],[-49.0459059,-20.4743263],[-49.0488156,-20.470442199999994],[-49.0482888,-20.464932999999995],[-49.0496606,-20.4603486],[-49.0536647,-20.456797200000004],[-49.0633456,-20.45614910000001],[-49.068241,-20.452383799999996],[-49.0745675,-20.451499700000006],[-49.082560300000004,-20.45467680000001],[-49.0853124,-20.45824470000001],[-49.0869759,-20.463600499999995],[-49.087805900000006,-20.464002199999996],[-49.0893172,-20.4622217],[-49.0891828,-20.4536816],[-49.0857137,-20.44752190000001],[-49.0868552,-20.4445825],[-49.0854525,-20.442266799999995],[-49.0864019,-20.437896999999992],[-49.0802048,-20.429087199999987],[-49.0846029,-20.425689100000007],[-49.0889594,-20.418981300000002],[-49.0862854,-20.412911699999995],[-49.081414,-20.4084565],[-49.0851962,-20.399266299999997],[-49.079814600000006,-20.393720500000004],[-49.080988600000005,-20.387723999999988],[-49.0775318,-20.383384299999992],[-49.0774528,-20.377070600000007],[-49.075810000000004,-20.374335700000003],[-49.0781749,-20.3696103],[-49.0755167,-20.356044399999988],[-49.0765821,-20.353995500000007],[-49.0820131,-20.351187300000007],[-49.08335960000001,-20.348155299999995],[-49.0860538,-20.346406],[-49.090346000000004,-20.338151199999995],[-49.08980940000001,-20.332855900000002],[-49.0912399,-20.3294921],[-49.09131659999999,-20.323097099999995],[-49.09003880000001,-20.314277199999985],[-49.0910075,-20.306812799999996],[-49.09454439999999,-20.2977582],[-49.0936309,-20.289555599999996],[-49.1113375,-20.275437100000005],[-49.1207187,-20.270528200000005],[-49.1122377,-20.250692600000004],[-49.1088698,-20.2473743],[-49.1021151,-20.236474499999996],[-49.0893002,-20.212174600000008],[-49.085781100000005,-20.200645099999996],[-49.076829100000005,-20.17994130000001],[-49.0718032,-20.16149720000001],[-49.0674798,-20.154743499999988],[-49.0648389,-20.152607100000004],[-49.0592211,-20.1511071],[-49.0329473,-20.15005590000001],[-49.0244734,-20.151149600000004],[-49.0004263,-20.16074809999999],[-48.9922507,-20.165384500000002],[-48.9840956,-20.173721699999998],[-48.97202320000001,-20.2077903],[-48.9617858,-20.263301200000008],[-48.962422600000004,-20.269607499999996],[-48.965783,-20.279291800000006],[-48.964189,-20.283385399999993],[-48.965878800000006,-20.303401399999995],[-48.9647007,-20.314684799999995],[-48.9650002,-20.328871899999996],[-48.968059700000005,-20.346076900000007],[-48.96566680000001,-20.36289929999999],[-48.970139700000004,-20.381871500000013],[-48.9703528,-20.38979049999999],[-48.96303030000001,-20.403121499999994],[-48.9517984,-20.410667100000005],[-48.9230117,-20.424784699999996],[-48.9133069,-20.4307596],[-48.9041722,-20.438723499999995],[-48.8982024,-20.44187309999999],[-48.8921333,-20.440719499999997],[-48.8816976,-20.433198000000004],[-48.8786069,-20.429669200000003],[-48.8715859,-20.41710270000001],[-48.8672304,-20.4024613],[-48.8692832,-20.3792756],[-48.872128,-20.370010599999997],[-48.8784296,-20.356137800000006],[-48.8800304,-20.348349099999997],[-48.879592900000006,-20.3377191],[-48.8754508,-20.318435000000008],[-48.8756657,-20.314998599999996],[-48.8772017,-20.310864099999996],[-48.885962500000005,-20.3010191],[-48.88876040000001,-20.29484719999999],[-48.8859252,-20.28535229999999],[-48.88654580000001,-20.271162600000007],[-48.8851116,-20.266456099999996],[-48.8781586,-20.2554312],[-48.872227300000006,-20.241869499999996],[-48.869389600000005,-20.23856739999999],[-48.859259800000004,-20.2323061],[-48.856758600000006,-20.226884],[-48.85336410000001,-20.213049499999993],[-48.8536414,-20.209224200000012],[-48.85724810000001,-20.202903399999997],[-48.8578879,-20.19934350000001],[-48.8566201,-20.1928111],[-48.8570159,-20.184796500000004],[-48.8553925,-20.180143999999988],[-48.8527791,-20.177507599999995],[-48.84307290000001,-20.17286139999999],[-48.8391382,-20.168653700000007],[-48.829330399999996,-20.163225099999995],[-48.8221267,-20.161547099999993],[-48.7811373,-20.163852499999997],[-48.7701125,-20.161831799999987],[-48.75372329999999,-20.153368300000007],[-48.74536530000001,-20.152642699999994],[-48.7386614,-20.150167099999997],[-48.7313411,-20.14938180000001],[-48.70710770000001,-20.160217199999995],[-48.688363700000004,-20.16368990000001],[-48.67428040000001,-20.16135359999999],[-48.6657523,-20.166200999999997],[-48.6627567,-20.166732599999996],[-48.642128699999994,-20.166496099999996],[-48.626797700000004,-20.16008960000001],[-48.6006412,-20.139710499999996],[-48.5932474,-20.1358117],[-48.5782332,-20.131248999999997],[-48.5546289,-20.13029899999999],[-48.546221200000005,-20.13267750000001],[-48.5268392,-20.133709000000003],[-48.5092316,-20.1387963],[-48.4911161,-20.138123199999995],[-48.4841129,-20.13530370000001],[-48.4762218,-20.134764899999993],[-48.4652499,-20.128738099999996],[-48.4549674,-20.128349500000002],[-48.4390266,-20.120220599999993],[-48.405776800000005,-20.11351099999998],[-48.39786670000001,-20.1142879],[-48.3907643,-20.1192892],[-48.3838646,-20.11898950000001],[-48.3810015,-20.121583200000003],[-48.3749359,-20.123103200000006],[-48.35305429999999,-20.12186659999999],[-48.34591929999999,-20.119863300000002],[-48.3419995,-20.11499720000001],[-48.3394509,-20.114189500000002],[-48.3344866,-20.1144339],[-48.32898990000001,-20.11272989999999],[-48.32407429999999,-20.11408700000001],[-48.31713440000001,-20.113347],[-48.3075326,-20.117747699999992],[-48.30372,-20.120922299999993],[-48.295493300000004,-20.124007599999988],[-48.2898703,-20.130608599999988],[-48.2870788,-20.13609669999999],[-48.2834224,-20.13884369999999],[-48.27495590000001,-20.1421127],[-48.2651001,-20.143796399999996],[-48.2546878,-20.143815799999995],[-48.2413328,-20.1401845],[-48.237411900000005,-20.13591869999999],[-48.2253433,-20.13417919999999],[-48.2186355,-20.127883999999998],[-48.2177475,-20.1252888],[-48.2189901,-20.1153868],[-48.2281268,-20.10421439999999],[-48.250084400000006,-20.0857677],[-48.25342510000001,-20.077920700000004],[-48.251277900000005,-20.068701800000007],[-48.2463856,-20.0587497],[-48.2441319,-20.047403800000005],[-48.2475319,-20.038978400000005],[-48.2476526,-20.035779799999997],[-48.2444689,-20.0314054],[-48.2408836,-20.0292844],[-48.228499,-20.028214199999997],[-48.22365799999999,-20.02931119999999],[-48.2170633,-20.03253480000001],[-48.20777149999999,-20.03937000000001],[-48.201253400000006,-20.047477399999988],[-48.197080099999994,-20.0552661],[-48.1910563,-20.060982299999992],[-48.1824659,-20.074626999999992],[-48.1820543,-20.089513099999998],[-48.178606,-20.09618019999999],[-48.1677493,-20.103810100000008],[-48.1583263,-20.103049900000006],[-48.15565999999999,-20.105301200000003],[-48.1514353,-20.1173958],[-48.1477216,-20.12413959999999],[-48.126546700000006,-20.131256499999996],[-48.116977500000004,-20.142068300000002],[-48.10548740000001,-20.146355999999994],[-48.09235519999999,-20.146206699999993],[-48.0907399,-20.147187300000002],[-48.0767758,-20.148429599999986],[-48.0704425,-20.146616100000003],[-48.0576396,-20.139602499999995],[-48.0493869,-20.137235500000003],[-48.04611810000001,-20.126875999999992],[-48.038843,-20.119949000000002],[-48.03291999999999,-20.11998100000001],[-48.024392,-20.124729],[-48.019954,-20.123848],[-48.016676,-20.118461999999994],[-48.0086066,-20.110873000000012],[-48.00424249999999,-20.1046628],[-48.0024175,-20.103969500000005],[-48.001055,-20.10125900000001],[-48.0003974,-20.094208899999998],[-47.99157760000001,-20.07970909999999],[-47.9897482,-20.072963000000005],[-47.991528,-20.049165899999988],[-47.9906062,-20.044226200000004],[-47.9885171,-20.040347999999998],[-47.98455570000001,-20.037386],[-47.9759693,-20.035372700000003],[-47.9567381,-20.047588299999994],[-47.948482000000006,-20.0557576],[-47.9460221,-20.060467799999998],[-47.94349629999999,-20.091998500000006],[-47.9341021,-20.107853599999988],[-47.929226400000005,-20.11186799999999],[-47.9223495,-20.114499600000013],[-47.9130718,-20.120273700000002],[-47.89940000000001,-20.12567449999999],[-47.895462800000004,-20.12525830000001],[-47.8885468,-20.114772399999996],[-47.879175,-20.10473499999999],[-47.8750773,-20.09837269999999],[-47.8698078,-20.076152299999997],[-47.8699656,-20.063694599999998],[-47.86657099999999,-20.058948600000004],[-47.861056299999994,-20.055469199999994],[-47.859383900000005,-20.052412100000005],[-47.8589921,-20.0499272],[-47.8614615,-20.045009599999993],[-47.871454400000005,-20.039648199999988],[-47.8732795,-20.037360199999984],[-47.8758201,-20.03241049999999],[-47.87583080000001,-20.021410100000004],[-47.8724421,-20.013030199999996],[-47.8687385,-20.008647],[-47.8597507,-19.992939700000004],[-47.856150199999995,-19.990544800000006],[-47.847778700000006,-19.98986099999999],[-47.8399938,-19.994948200000014],[-47.8346805,-19.996065599999998],[-47.8283015,-19.99210729999999],[-47.8056581,-19.985131699999997],[-47.7625837,-19.986021700000002],[-47.754214,-19.990052799999997],[-47.75110560000001,-19.9902891],[-47.7336817,-19.987928199999992],[-47.7283303,-19.984139699999997],[-47.7126917,-19.978148000000004],[-47.70840530000001,-19.978701600000004],[-47.69563320000001,-19.984401200000008],[-47.68798910000001,-19.9902445],[-47.6761499,-20.001915600000004],[-47.6742648,-20.00606979999999],[-47.6755795,-20.013679599999996],[-47.6706264,-20.022515900000002],[-47.6553862,-20.034851299999993],[-47.6507967,-20.037348699999985],[-47.63965610000001,-20.04721939999999],[-47.6347643,-20.049247799999996],[-47.63016019999999,-20.046958499999995],[-47.6249354,-20.042285999999997],[-47.6139901,-20.042109000000004],[-47.59965830000001,-20.032437500000004],[-47.5947481,-20.025891500000004],[-47.5936649,-20.02094320000001],[-47.5939842,-20.01094819999999],[-47.5909071,-20.003339999999987],[-47.5838246,-19.996664599999995],[-47.575624499999996,-19.99424760000001],[-47.5596441,-19.996619999999993],[-47.5526378,-19.996025899999996],[-47.5492377,-19.993769699999998],[-47.545315499999994,-19.987309300000003],[-47.5401584,-19.984324999999995],[-47.5316211,-19.98316419999999],[-47.52069240000001,-19.984169600000005],[-47.5085321,-19.98294059999999],[-47.506937,-19.982411599999992],[-47.50295690000001,-19.976124699999986],[-47.4977254,-19.971627600000012],[-47.4895907,-19.969303099999994],[-47.4792614,-19.968753300000003],[-47.4745178,-19.962116399999996],[-47.4705119,-19.960701699999984],[-47.463322,-19.965789000000004],[-47.4546268,-19.978116099999987],[-47.4525299,-19.9847288],[-47.45027619999999,-19.9878376],[-47.4475495,-19.990840799999997],[-47.4378066,-19.996985799999994],[-47.4352373,-20.00239880000001],[-47.429546,-20.0069667],[-47.424428000000006,-20.015319599999994],[-47.4255158,-20.0176965],[-47.4345585,-20.0244509],[-47.4442363,-20.027960499999992],[-47.4448424,-20.0303817],[-47.4402969,-20.0488295],[-47.4387084,-20.051088799999988],[-47.4267801,-20.057493899999983],[-47.418234,-20.064642599999996],[-47.41353990000001,-20.070471299999987],[-47.4081335,-20.0801963],[-47.4049592,-20.082735900000003],[-47.40145750000001,-20.0836394],[-47.3902967,-20.0814817],[-47.3745709,-20.083662699999994],[-47.37160300000001,-20.085942400000008],[-47.36501080000001,-20.098349400000004],[-47.3586764,-20.1039816],[-47.34753769999999,-20.105343600000005],[-47.3411228,-20.111249599999997],[-47.32328929999999,-20.11675349999999],[-47.3164798,-20.121798799999993],[-47.30967340000001,-20.124498400000004],[-47.30587109999999,-20.133264300000004],[-47.2964016,-20.14588809999999],[-47.289044700000005,-20.15136210000001],[-47.2794279,-20.152428799999996],[-47.2617804,-20.159924899999993],[-47.2570443,-20.166204000000004],[-47.2573479,-20.184670200000006],[-47.254100799999996,-20.194330299999997],[-47.2505709,-20.199670199999996],[-47.24012689999999,-20.20886789999999],[-47.2310736,-20.219152199999993],[-47.2325698,-20.227522300000004],[-47.2373173,-20.235221000000006],[-47.23910200000001,-20.243568100000008],[-47.2416627,-20.2461182],[-47.242283,-20.250118700000005],[-47.2473518,-20.25864379999999],[-47.2462664,-20.261444199999993],[-47.24851379999999,-20.263208700000003],[-47.25126780000001,-20.26217569999999],[-47.2528741,-20.263638000000007],[-47.2548509,-20.267555700000003],[-47.25743070000001,-20.26943440000001],[-47.2604338,-20.277568599999988],[-47.2635667,-20.27951059999999],[-47.2626956,-20.280244699999994],[-47.26347119999999,-20.281028199999994],[-47.264594300000006,-20.280494300000004],[-47.2646259,-20.282570200000006],[-47.2699275,-20.28282579999999],[-47.269518600000005,-20.2845453],[-47.2725852,-20.285657100000005],[-47.2712073,-20.286722299999997],[-47.273045100000004,-20.28826519999999],[-47.2743241,-20.2877597],[-47.2767287,-20.291638000000006],[-47.2798519,-20.301889299999996],[-47.2815939,-20.303481500000004],[-47.28182340000001,-20.31258279999999],[-47.282878200000006,-20.3152406],[-47.2839345,-20.313467599999992],[-47.28582,-20.3162865],[-47.2846552,-20.315964399999984],[-47.28398549999999,-20.317773699999993],[-47.2851533,-20.320170699999984],[-47.2840378,-20.320525299999993],[-47.2851488,-20.321624400000005],[-47.283815999999995,-20.322546599999985],[-47.2839871,-20.324169699999995],[-47.28595680000001,-20.3250707],[-47.28537600000001,-20.32697139999999],[-47.284072099999996,-20.32709420000001],[-47.2853387,-20.329712399999988],[-47.28496,-20.33199019999999],[-47.2858418,-20.333558599999996],[-47.28818460000001,-20.3318896],[-47.2878227,-20.333164299999996],[-47.290289200000004,-20.3337284],[-47.28999040000001,-20.33617819999998],[-47.2909985,-20.337043400000002],[-47.2894355,-20.337525599999996],[-47.29334720000001,-20.339640999999997],[-47.29251500000001,-20.340531999999985],[-47.2939279,-20.340993900000004],[-47.2933703,-20.3424714],[-47.2982081,-20.34843570000001],[-47.29556960000001,-20.35075309999999],[-47.2971505,-20.351675199999995],[-47.29559340000001,-20.3555533],[-47.2965359,-20.35733880000001],[-47.2933515,-20.364345599999996],[-47.2954892,-20.369205899999997],[-47.2925354,-20.370315200000007],[-47.2944618,-20.371210100000006],[-47.293482,-20.3733103],[-47.2950963,-20.374923899999995],[-47.29376859999999,-20.376159900000005],[-47.29478850000001,-20.377842399999995],[-47.292875699999996,-20.37928070000001],[-47.2944313,-20.38076800000001],[-47.290625,-20.383222899999996],[-47.2937612,-20.385690799999985],[-47.2922891,-20.3881712],[-47.2896376,-20.386618599999995],[-47.2872378,-20.3879204],[-47.2893468,-20.390507299999985],[-47.2880312,-20.393177799999993],[-47.2917543,-20.398027899999995],[-47.2914556,-20.40004629999999],[-47.2897948,-20.3996952],[-47.2854557,-20.405739999999998],[-47.2867669,-20.409034],[-47.2895896,-20.4098116],[-47.2884254,-20.416730000000012],[-47.2934821,-20.418024400000004],[-47.2928126,-20.41996669999999],[-47.290961,-20.421064799999996],[-47.2887666,-20.420674299999988],[-47.2887666,-20.4215549],[-47.2916504,-20.423336799999994],[-47.2935713,-20.4231372],[-47.29610019999999,-20.427256],[-47.29290760000001,-20.42820579999999],[-47.294473700000005,-20.431750499999996],[-47.2872891,-20.435149400000007],[-47.288262800000005,-20.43864080000001],[-47.286482500000005,-20.442450799999985],[-47.28796520000001,-20.444587799999997],[-47.2911866,-20.445230799999997],[-47.2927656,-20.447733599999985],[-47.2910735,-20.4482645],[-47.292120700000005,-20.4490397],[-47.2907085,-20.449575899999985],[-47.291011299999994,-20.450549900000002],[-47.28373799999999,-20.4554286],[-47.2843755,-20.457061500000005],[-47.2786149,-20.4581521],[-47.2790615,-20.460509100000003],[-47.2761022,-20.46094979999999],[-47.2742894,-20.462766999999992],[-47.2717062,-20.46276649999999],[-47.26987040000001,-20.46653169999999],[-47.2657917,-20.466223699999997],[-47.26374520000001,-20.468444299999994],[-47.259485,-20.468926999999997],[-47.2552092,-20.4735009],[-47.2556526,-20.474916999999998],[-47.2532124,-20.476613600000004],[-47.2536045,-20.477952299999995],[-47.25059730000001,-20.476745399999984],[-47.247405,-20.4805342],[-47.243157000000004,-20.481776200000002],[-47.24118810000001,-20.483594100000005],[-47.2296016,-20.486903900000005],[-47.2271191,-20.48852470000001],[-47.2268702,-20.491079300000003],[-47.224712,-20.490416099999997],[-47.22129060000001,-20.492960800000002],[-47.2193425,-20.494923900000007],[-47.2195406,-20.496521000000005],[-47.213038700000006,-20.498183900000004],[-47.2115101,-20.5023184],[-47.2043332,-20.503495799999982],[-47.2026513,-20.501566],[-47.1960159,-20.504021800000007],[-47.190764800000004,-20.507559099999995],[-47.1900014,-20.510424099999994],[-47.1856804,-20.510859200000013],[-47.184792,-20.51370489999999],[-47.182432600000006,-20.512643300000008],[-47.1808901,-20.513903700000004],[-47.1798568,-20.512907400000007],[-47.17770389999999,-20.514948100000012],[-47.17580220000001,-20.514105900000004],[-47.1634913,-20.51892790000001],[-47.1545174,-20.51955319999999],[-47.15114969999999,-20.522046500000002],[-47.148541400000006,-20.52974919999999],[-47.1447343,-20.532494200000006],[-47.1434598,-20.535323399999996],[-47.1452306,-20.54020920000001],[-47.1415205,-20.5410165],[-47.1418662,-20.543240900000004],[-47.138234000000004,-20.5545926],[-47.1376548,-20.5611054],[-47.1385129,-20.563845999999995],[-47.1428631,-20.5652175],[-47.1426277,-20.566014100000004],[-47.1387076,-20.571268800000006],[-47.13555000000001,-20.578842399999992],[-47.1323961,-20.590783899999998],[-47.125290099999994,-20.590431399999996],[-47.1227618,-20.594681300000005],[-47.12572990000001,-20.603006799999985],[-47.1252904,-20.608794600000003],[-47.1233443,-20.610623000000004],[-47.1233226,-20.612722500000004],[-47.1159019,-20.615276600000005],[-47.1087345,-20.620804799999995],[-47.1117086,-20.628173999999994],[-47.1126809,-20.638084300000003],[-47.111816,-20.6389879],[-47.10781560000001,-20.638232699999996],[-47.09745650000001,-20.643876799999997],[-47.0979316,-20.648647799999992],[-47.095922,-20.652233899999995],[-47.0967873,-20.6617832],[-47.102710200000004,-20.6698871],[-47.10278770000001,-20.6733038],[-47.1003175,-20.679111999999996],[-47.10123529999999,-20.683165799999994],[-47.1127937,-20.6966476],[-47.11273129999999,-20.7035713],[-47.1153009,-20.707204799999996],[-47.1266754,-20.70931849999999],[-47.1341217,-20.706432799999995],[-47.1380011,-20.707461499999994],[-47.1445373,-20.705700799999995],[-47.149065500000006,-20.70761659999999],[-47.1550156,-20.704151299999992],[-47.1632614,-20.703398000000004],[-47.16475620000001,-20.70145979999999],[-47.16924079999999,-20.703430800000003],[-47.1708969,-20.7092874],[-47.1731248,-20.711918599999994],[-47.1695692,-20.716153700000007],[-47.1695094,-20.717696600000004],[-47.1768825,-20.724350899999994],[-47.181620800000005,-20.726358799999986],[-47.1862607,-20.731134400000002],[-47.18465290000001,-20.734151800000003],[-47.18254199999999,-20.73521049999999],[-47.17663509999999,-20.735909299999992],[-47.17519250000001,-20.739261900000002],[-47.1822923,-20.741292999999995],[-47.1828463,-20.747496999999985],[-47.1846461,-20.750042199999996],[-47.18496590000001,-20.755064499999996],[-47.1866961,-20.757324900000008],[-47.1870347,-20.76579260000001],[-47.18881830000001,-20.7706247],[-47.1917118,-20.770918499999997],[-47.1952994,-20.774969000000002],[-47.20481579999999,-20.774343699999996],[-47.2070694,-20.775531100000002],[-47.211450500000005,-20.780653100000002],[-47.213865500000004,-20.792311499999993],[-47.2217578,-20.79653990000001],[-47.2247543,-20.800098900000002],[-47.2228395,-20.8088954],[-47.2187016,-20.816851500000006],[-47.21451750000001,-20.821226099999993],[-47.214484399999996,-20.8272194],[-47.2400443,-20.885281700000014],[-47.22457310000001,-20.9116135],[-47.2104581,-20.924138999999997],[-47.1900399,-20.928218100000006],[-47.192566,-20.94205300000001],[-47.186619400000005,-20.949493299999983],[-47.1830119,-20.951641999999996],[-47.1819813,-20.953646799999987],[-47.173619300000006,-20.9542566],[-47.1688419,-20.956493099999996],[-47.1680447,-20.962533799999992],[-47.1645367,-20.966052299999998],[-47.1606655,-20.966371400000003],[-47.15326410000001,-20.970894099999988],[-47.1512901,-20.971353399999995],[-47.1495699,-20.9699703],[-47.1478143,-20.972492899999995],[-47.1474209,-20.977740000000008],[-47.14373890000001,-20.982385699999988],[-47.1456828,-20.990797],[-47.150646,-20.99748199999999],[-47.1511234,-21.010314099999995],[-47.1538994,-21.012930800000007],[-47.1570299,-21.018824700000003],[-47.1548959,-21.02292599999999],[-47.152672,-21.024390300000004],[-47.1478615,-21.035460900000007],[-47.1469812,-21.03804179999999],[-47.1481212,-21.044855099999992],[-47.1459806,-21.0478688],[-47.146100800000006,-21.059051499999992],[-47.1394224,-21.06935410000001],[-47.1422962,-21.088235800000007],[-47.1370422,-21.088022899999995],[-47.1371818,-21.089778499999994],[-47.1335687,-21.09025489999999],[-47.1288437,-21.09538570000001],[-47.1281243,-21.099215300000008],[-47.1239796,-21.101366900000002],[-47.120269500000006,-21.101351200000003],[-47.11401300000001,-21.10539289999999],[-47.1131514,-21.104921500000007],[-47.1127893,-21.108639499999995],[-47.118477399999996,-21.109053299999996],[-47.11839640000001,-21.1101982],[-47.1215378,-21.112473799999997],[-47.1268745,-21.121670999999996],[-47.1262322,-21.125347299999998],[-47.1310544,-21.1291829],[-47.1335055,-21.1334556],[-47.1314877,-21.138202200000002],[-47.12682,-21.144273699999996],[-47.1224561,-21.1455331],[-47.1185995,-21.14904350000001],[-47.1173051,-21.153695900000002],[-47.1236478,-21.167909399999996],[-47.1185632,-21.1753462],[-47.1187879,-21.1857521],[-47.1143048,-21.187656600000004],[-47.107634600000004,-21.19642459999999],[-47.1028287,-21.20056769999999],[-47.09920120000001,-21.207401399999995],[-47.09925810000001,-21.214193399999996],[-47.09565140000001,-21.209673699999996],[-47.0883668,-21.209610999999988],[-47.08657310000001,-21.207417099999997],[-47.08306960000001,-21.2086345],[-47.07449160000001,-21.207905900000004],[-47.0688768,-21.209015399999988],[-47.0647067,-21.207093499999996],[-47.0622097,-21.209169900000006],[-47.0623125,-21.211538399999995],[-47.0679641,-21.214312299999996],[-47.0723327,-21.2258406],[-47.07891219999999,-21.2305951],[-47.0790111,-21.2334235],[-47.0762104,-21.2357158],[-47.0772882,-21.240223500000006],[-47.07607569999999,-21.241175599999995],[-47.0690657,-21.241619699999994],[-47.06309230000001,-21.239313100000004],[-47.05228170000001,-21.2465187],[-47.052119499999996,-21.2504959],[-47.0502848,-21.2534524],[-47.0513082,-21.257396500000002],[-47.0450512,-21.262954400000005],[-47.0451534,-21.266919099999996],[-47.044224299999996,-21.26735530000001],[-47.0480777,-21.268267899999998],[-47.0508914,-21.265603999999993],[-47.05509639999999,-21.2639663],[-47.057488,-21.2645458],[-47.0599583,-21.267569],[-47.0625465,-21.267639099999997],[-47.0654749,-21.269355200000007],[-47.0682613,-21.275524599999997],[-47.07165549999999,-21.27636409999999],[-47.0771076,-21.284906300000017],[-47.08389180000001,-21.288000600000004],[-47.094716,-21.286242199999997],[-47.088863100000005,-21.294620299999995],[-47.0897286,-21.297409000000002],[-47.10766660000001,-21.3158253],[-47.1188913,-21.319504799999994],[-47.127585700000004,-21.328815100000007],[-47.1300847,-21.328071299999998],[-47.13320039999999,-21.3228462],[-47.13663520000001,-21.32017990000001],[-47.14672749999999,-21.3054329],[-47.14379519999999,-21.29733269999999],[-47.1449153,-21.2943882],[-47.1466243,-21.294893099999996],[-47.1501559,-21.299676300000005],[-47.15733250000001,-21.302280099999997],[-47.1708576,-21.313488200000002],[-47.1751159,-21.319246599999996],[-47.1789034,-21.335606700000003],[-47.1807341,-21.3392564],[-47.18767149999999,-21.346767999999994],[-47.1918566,-21.3480149],[-47.1872661,-21.353152400000003],[-47.18702030000001,-21.358777599999996],[-47.1921271,-21.363709599999996],[-47.1925753,-21.367442000000008],[-47.19774840000001,-21.37313749999999],[-47.2002222,-21.3794565],[-47.2046167,-21.384991299999996],[-47.20369850000001,-21.389698400000004],[-47.2070083,-21.396105900000002],[-47.2061813,-21.3981382],[-47.2096837,-21.401814900000005],[-47.208969,-21.407273299999993],[-47.20612580000001,-21.409023999999988],[-47.2080815,-21.414328499999996],[-47.2147053,-21.415157800000003],[-47.2148099,-21.417253699999996],[-47.21673499999999,-21.4185424],[-47.217058,-21.4215888],[-47.21598519999999,-21.423196199999992],[-47.213701,-21.423692700000007],[-47.21492260000001,-21.426994499999996],[-47.219115,-21.429193999999992],[-47.2240122,-21.428149399999995],[-47.222682400000004,-21.426031900000005],[-47.22595200000001,-21.4252308],[-47.22561139999999,-21.421038099999993],[-47.2276522,-21.42014430000001],[-47.2313361,-21.42208849999999],[-47.23364769999999,-21.427233900000004],[-47.2319079,-21.431946],[-47.2328309,-21.43694929999999],[-47.2363726,-21.439284000000008],[-47.2369566,-21.443020199999996],[-47.240094600000006,-21.443795999999995],[-47.2424161,-21.44222599999999],[-47.2510634,-21.4453692],[-47.257118000000006,-21.450025699999998],[-47.264195400000006,-21.451316400000003],[-47.2638029,-21.4550298],[-47.27162190000001,-21.457501999999998],[-47.271722800000006,-21.45908310000001],[-47.27871830000001,-21.46843230000001],[-47.2761407,-21.478758299999996],[-47.2776816,-21.479691600000002],[-47.277577900000004,-21.481920499999994],[-47.2759553,-21.483279800000005],[-47.2745998,-21.487643999999996],[-47.277031199999996,-21.49106879999999],[-47.2761307,-21.4944654],[-47.2777941,-21.498650199999997],[-47.2774283,-21.5011768],[-47.282051800000005,-21.510274199999998],[-47.28229220000001,-21.515615200000006],[-47.27844120000001,-21.519363699999996],[-47.2782917,-21.5228299],[-47.2763683,-21.525669699999998],[-47.280320800000005,-21.540385399999995],[-47.2852509,-21.548342399999992],[-47.2890858,-21.552926999999997],[-47.29092070000001,-21.553599799999994],[-47.2942759,-21.552131899999992],[-47.2989045,-21.553849100000008],[-47.3028187,-21.5512989],[-47.3075038,-21.551225399999996],[-47.3108838,-21.5528413],[-47.3109064,-21.55426029999999],[-47.31594710000001,-21.558491799999995],[-47.3213397,-21.559996400000003],[-47.3248297,-21.55878480000001],[-47.3274809,-21.55938460000001],[-47.331625499999994,-21.564264999999985],[-47.3355597,-21.56472620000001],[-47.3375024,-21.56314089999999],[-47.3457938,-21.56217180000001],[-47.350315,-21.564456899999996],[-47.3570924,-21.570004799999992],[-47.35837500000001,-21.5795227],[-47.3602973,-21.5812121],[-47.3617968,-21.58620729999999],[-47.3651215,-21.588995800000003],[-47.3642764,-21.59369309999999],[-47.37671749999999,-21.599581999999995],[-47.3801718,-21.600604000000015],[-47.3818819,-21.59947989999999],[-47.399225200000004,-21.613740899999993],[-47.403762300000004,-21.611673899999996],[-47.41284910000001,-21.602550899999997],[-47.42196119999999,-21.6028304],[-47.42473640000001,-21.60174230000001],[-47.4300967,-21.604183700000004],[-47.4339509,-21.61065819999999],[-47.4372078,-21.613171499999996],[-47.441482300000004,-21.613131600000003],[-47.4427336,-21.611797400000004],[-47.4413457,-21.609573199999993],[-47.4417115,-21.601043399999995],[-47.4389822,-21.593861799999992],[-47.44434710000001,-21.588333999999985],[-47.450366,-21.577043100000008],[-47.455449300000005,-21.577387500000007],[-47.465159,-21.575113300000012],[-47.4709681,-21.57586580000001],[-47.49211939999999,-21.570058299999996],[-47.50170059999999,-21.56894360000001],[-47.5117296,-21.561912],[-47.5184547,-21.564605699999994],[-47.5267376,-21.565980499999988],[-47.5306829,-21.56546679999999],[-47.53957110000001,-21.561558799999997],[-47.542935400000005,-21.558545800000005],[-47.544276,-21.556253000000005],[-47.5433416,-21.5519048],[-47.5442632,-21.55136669999999],[-47.5482491,-21.55514760000001],[-47.5565715,-21.558066800000002],[-47.5646753,-21.5584646],[-47.5659535,-21.556768799999997],[-47.57115490000001,-21.55892830000001],[-47.5782159,-21.553739499999995],[-47.5870341,-21.551891799999986],[-47.592012,-21.5483675],[-47.59948810000001,-21.546772499999996],[-47.600073,-21.556680499999995],[-47.60524650000001,-21.56400560000001],[-47.60403910000001,-21.57450150000001],[-47.60783969999999,-21.582534799999998],[-47.6258063,-21.592259299999988],[-47.631857,-21.58945179999999],[-47.6392354,-21.589199299999997],[-47.64298910000001,-21.592925700000002],[-47.6472005,-21.593644999999988],[-47.650006700000006,-21.596238400000008],[-47.6581162,-21.597550399999996],[-47.66087180000001,-21.599361400000003],[-47.667243400000004,-21.600726600000005],[-47.67095140000001,-21.603108499999998],[-47.6713941,-21.607003200000005],[-47.6760175,-21.609278500000002],[-47.6780368,-21.6116692],[-47.6790867,-21.61469939999999],[-47.67616369999999,-21.623045100000002],[-47.67747390000001,-21.626003299999997],[-47.6772132,-21.631971699999994],[-47.68021860000001,-21.65286609999999],[-47.6789584,-21.657075700000004],[-47.6848796,-21.663318700000005],[-47.6858919,-21.667258399999994],[-47.694011100000004,-21.675775699999992],[-47.6968542,-21.677390999999997],[-47.697952,-21.676522599999995],[-47.6998136,-21.677231299999992],[-47.6991787,-21.678971500000003],[-47.7042949,-21.680000999999997],[-47.70885200000001,-21.6833003],[-47.7119629,-21.683659500000015],[-47.71787700000001,-21.694824599999983],[-47.72146540000001,-21.697929799999997],[-47.7241394,-21.706248199999994],[-47.72753199999999,-21.7095709],[-47.7315988,-21.710650200000007],[-47.73413000000001,-21.714278400000005],[-47.7368293,-21.71188279999999],[-47.74533910000001,-21.709300999999993],[-47.7478455,-21.7068413],[-47.7501621,-21.7014143],[-47.7561062,-21.700079699999993],[-47.75912309999999,-21.6956904],[-47.7647993,-21.694369699999996],[-47.76815220000001,-21.691463799999987],[-47.7814301,-21.691610900000004],[-47.783670900000004,-21.693833000000012],[-47.7847518,-21.698556700000005],[-47.78654420000001,-21.699829400000002],[-47.79009340000001,-21.69902829999999],[-47.7956533,-21.694626700000008],[-47.8032613,-21.695424299999992],[-47.8090995,-21.699287999999996],[-47.8118596,-21.699111699999992],[-47.81656480000001,-21.696606599999996],[-47.8166678,-21.694789299999997],[-47.8121742,-21.6898346],[-47.8118267,-21.6801192],[-47.8234193,-21.67261460000001],[-47.82998930000001,-21.670749900000004],[-47.830578,-21.66946230000001],[-47.822454,-21.664163200000004],[-47.816927799999995,-21.662541999999995],[-47.8188381,-21.6599715],[-47.82597410000001,-21.656701500000004],[-47.8256114,-21.65335439999999],[-47.82067560000001,-21.6500969],[-47.81817829999999,-21.6469522],[-47.816098100000005,-21.64687600000001],[-47.8137515,-21.648803500000007],[-47.8118218,-21.648393799999994],[-47.806827600000005,-21.635511500000003],[-47.80229130000001,-21.63538640000001],[-47.801613800000005,-21.633125599999985],[-47.803795300000004,-21.63031000000001],[-47.8111445,-21.63140899999999],[-47.8140393,-21.626963999999997],[-47.8177635,-21.624956199999996],[-47.816440099999994,-21.620995200000003],[-47.81855600000001,-21.614766799999995],[-47.8258602,-21.612347899999996],[-47.82784939999999,-21.612777499999996],[-47.830920299999995,-21.6160007],[-47.833968600000006,-21.614441400000004],[-47.8346077,-21.611596200000008],[-47.8326826,-21.605206499999998],[-47.8298295,-21.603069699999992],[-47.830075,-21.6014573],[-47.83184970000001,-21.600999399999992],[-47.8371443,-21.604519399999997],[-47.83921229999999,-21.6002969],[-47.8404799,-21.600330099999994],[-47.8412973,-21.602632800000006],[-47.83917,-21.606227300000008],[-47.8399135,-21.606789800000005],[-47.8462563,-21.597967999999987],[-47.8499626,-21.599815900000007],[-47.8535392,-21.597428300000004],[-47.858289400000004,-21.60132889999998],[-47.8576992,-21.602691300000004],[-47.8539272,-21.604145399999993],[-47.8561771,-21.6078183],[-47.8592371,-21.60912059999999],[-47.864462700000004,-21.606915699999984],[-47.862580200000004,-21.610949500000004],[-47.8649587,-21.612095399999994],[-47.8689538,-21.610784999999993],[-47.8687342,-21.614764699999995],[-47.86990380000001,-21.615815799999993],[-47.871504,-21.614660399999998],[-47.8723227,-21.610418400000004],[-47.87470580000001,-21.609833999999996],[-47.8789973,-21.612595300000002],[-47.8807243,-21.6110813],[-47.879504000000004,-21.608134299999993],[-47.87121619999999,-21.6060516],[-47.871340200000006,-21.6030018],[-47.87672980000001,-21.598973300000004],[-47.88099410000001,-21.598236900000014],[-47.878437600000005,-21.596492400000006],[-47.8781066,-21.594802100000003],[-47.882519,-21.591532299999987],[-47.88185090000001,-21.589277999999993],[-47.8846115,-21.591292700000004],[-47.88611319999999,-21.5905954],[-47.8850768,-21.586201000000006],[-47.8897108,-21.581986499999992],[-47.892896,-21.582580400000012],[-47.8948545,-21.586195100000005],[-47.8967232,-21.587050199999993],[-47.898313,-21.58569269999999],[-47.8985198,-21.581846500000005],[-47.89983079999999,-21.5815189],[-47.9009724,-21.583808200000004],[-47.8988531,-21.587909299999996],[-47.9004992,-21.589470700000003],[-47.9033273,-21.587778300000004],[-47.9047128,-21.58408379999999],[-47.9024988,-21.5801432],[-47.9050099,-21.57948170000001],[-47.9088659,-21.583120399999995],[-47.91021700000001,-21.588338300000007],[-47.912498199999995,-21.589447100000008],[-47.915999400000004,-21.587371099999995],[-47.918300900000006,-21.583336200000005],[-47.923307,-21.584599100000002],[-47.9238871,-21.583059099999993],[-47.922519,-21.57916939999999],[-47.9253154,-21.575818299999998],[-47.9240426,-21.57328919999999]]]}},{"type":"Feature","properties":{"id":"3505","nome":"Presidente Prudente"},"geometry":{"type":"Polygon","coordinates":[[[-51.4530961,-22.655750499999996],[-51.4660356,-22.6723534],[-51.4719041,-22.6771868],[-51.498901800000006,-22.69052930000001],[-51.5121899,-22.6919726],[-51.5161061,-22.690833999999995],[-51.51981000000001,-22.687926099999995],[-51.5257412,-22.686797699999985],[-51.5318383,-22.687157100000007],[-51.5434953,-22.689516499999996],[-51.55224330000001,-22.695388999999995],[-51.559569200000006,-22.697179300000005],[-51.5652493,-22.6955557],[-51.5773438,-22.689217100000008],[-51.59147780000001,-22.68519879999999],[-51.5977384,-22.678222800000004],[-51.6158422,-22.6625934],[-51.627878599999995,-22.658240599999985],[-51.6463861,-22.65634109999999],[-51.66235050000001,-22.657244100000003],[-51.6810926,-22.660738299999984],[-51.6874853,-22.662974999999996],[-51.69917089999999,-22.6693686],[-51.7058429,-22.670360399999993],[-51.71817360000001,-22.669021099999984],[-51.7226803,-22.66601479999999],[-51.72586739999999,-22.661464799999997],[-51.7288141,-22.645138999999997],[-51.7343452,-22.6254664],[-51.73699,-22.624122800000002],[-51.7454609,-22.62458090000001],[-51.7516244,-22.618081999999998],[-51.7613637,-22.615635899999997],[-51.774486499999995,-22.614417599999996],[-51.78141790000001,-22.615841999999994],[-51.78756839999999,-22.619329499999996],[-51.818100300000005,-22.623294400000006],[-51.8262157,-22.627305399999994],[-51.8386908,-22.628533900000004],[-51.8470961,-22.63222599999999],[-51.8686243,-22.63044559999999],[-51.87897280000001,-22.624353],[-51.89004469999999,-22.613406100000006],[-51.8921236,-22.6096605],[-51.9094981,-22.594677900000008],[-51.9168213,-22.586105700000005],[-51.93098109999999,-22.575997399999988],[-51.93437629999999,-22.571414299999997],[-51.940512600000005,-22.5673428],[-51.960874800000006,-22.563456399999996],[-51.9911832,-22.550766699999997],[-51.9968526,-22.546053300000015],[-52.00259500000001,-22.545500100000005],[-52.01265110000001,-22.541696199999993],[-52.0253578,-22.539741299999996],[-52.05187780000001,-22.539326300000003],[-52.06004780000001,-22.537765600000004],[-52.069433000000004,-22.533318100000002],[-52.07903829999999,-22.526201699999994],[-52.08961740000001,-22.521249900000008],[-52.1092124,-22.516295200000002],[-52.1186213,-22.516835000000004],[-52.12760219999999,-22.51992300000001],[-52.1388808,-22.531265200000004],[-52.14876189999999,-22.549253500000006],[-52.15195630000001,-22.568556599999997],[-52.1568725,-22.57731409999999],[-52.1609654,-22.589450900000003],[-52.1624923,-22.60117539999999],[-52.16193740000001,-22.6108749],[-52.156854,-22.628681899999993],[-52.1557117,-22.641377800000004],[-52.156678,-22.6447189],[-52.1668496,-22.65032569999999],[-52.1971818,-22.658930299999998],[-52.205464500000005,-22.663924000000005],[-52.2135732,-22.671958399999998],[-52.2185191,-22.674785699999997],[-52.222577199999996,-22.67553540000001],[-52.2273763,-22.670883999999997],[-52.2285462,-22.664614099999998],[-52.22809910000001,-22.64251690000001],[-52.2308583,-22.633520199999992],[-52.2350775,-22.6256796],[-52.240132,-22.6198836],[-52.2504131,-22.615426399999997],[-52.2606524,-22.616405199999992],[-52.278694699999996,-22.6203902],[-52.3004356,-22.635444999999994],[-52.3053745,-22.636816999999997],[-52.31313639999999,-22.636512399999997],[-52.3269348,-22.633134500000004],[-52.358741900000005,-22.6294186],[-52.3686111,-22.629336799999994],[-52.3804908,-22.6265448],[-52.41270060000001,-22.613447700000002],[-52.4330458,-22.607166500000005],[-52.4376297,-22.606848699999997],[-52.45154800000001,-22.60953120000001],[-52.46763430000001,-22.615878200000008],[-52.4901323,-22.630651899999997],[-52.4988236,-22.634229999999995],[-52.502676799999996,-22.634555699999996],[-52.5117811,-22.63031969999999],[-52.5234943,-22.61989659999999],[-52.53893850000001,-22.615749899999997],[-52.5453772,-22.6117435],[-52.553886600000006,-22.600724599999996],[-52.567128800000006,-22.589247399999994],[-52.5715463,-22.582895599999997],[-52.5757741,-22.5719736],[-52.581327800000004,-22.567380300000007],[-52.5849228,-22.565933200000007],[-52.589344399999995,-22.566096599999995],[-52.61135740000001,-22.574471599999992],[-52.6199489,-22.580307499999996],[-52.6300827,-22.5905494],[-52.6441646,-22.597539599999998],[-52.6630339,-22.611915600000007],[-52.69,-22.624356600000006],[-52.70169510000001,-22.627666700000006],[-52.72242920000001,-22.626752400000004],[-52.732422299999996,-22.6226451],[-52.7503018,-22.6123689],[-52.7753616,-22.604363799999994],[-52.7828639,-22.6020617],[-52.8154397,-22.59704319999999],[-52.8448621,-22.6092218],[-52.8583628,-22.608000999999994],[-52.90536250000001,-22.572207299999995],[-52.9247426,-22.565623999999996],[-52.972425,-22.57048429999999],[-52.98485850000001,-22.5763497],[-53.011673,-22.598795],[-53.0198359,-22.601660300000002],[-53.03080700000001,-22.6084114],[-53.0385254,-22.6184136],[-53.0557979,-22.6326227],[-53.069078,-22.63790940000001],[-53.0747239,-22.641340399999994],[-53.08394299999999,-22.6550742],[-53.08778689999999,-22.658444899999996],[-53.0945825,-22.63797870000001],[-53.101356,-22.6256076],[-53.1051872,-22.6219296],[-53.11011150000001,-22.610224999999996],[-53.10786230000001,-22.595511500000008],[-53.097789000000006,-22.58247630000001],[-53.0886475,-22.565849199999995],[-53.07380650000001,-22.5488576],[-53.0580024,-22.536930000000005],[-53.03980099999999,-22.527395600000006],[-53.0143612,-22.520665799999996],[-53.0070574,-22.51304699999999],[-52.99857909999999,-22.493181299999996],[-52.98824590000001,-22.486878299999987],[-52.9796933,-22.4835477],[-52.885837,-22.452873600000004],[-52.8578427,-22.441482699999995],[-52.8547612,-22.43911239999998],[-52.8398869,-22.415311],[-52.80821040000001,-22.388284799999997],[-52.7983309,-22.378273400000005],[-52.74583500000001,-22.343312999999995],[-52.7242686,-22.3351079],[-52.69513409999999,-22.314610599999995],[-52.6568881,-22.303798799999992],[-52.650276500000004,-22.301000999999992],[-52.6400356,-22.292988200000003],[-52.6333804,-22.284986099999994],[-52.6233564,-22.2790156],[-52.6019914,-22.271951399999992],[-52.5975207,-22.268788],[-52.5869392,-22.2567505],[-52.5791872,-22.251952800000005],[-52.571019099999994,-22.248427699999997],[-52.5420795,-22.240266299999995],[-52.523233899999994,-22.2290219],[-52.51238850000001,-22.225580699999988],[-52.50343560000001,-22.22538489999999],[-52.4877143,-22.217206],[-52.484216399999994,-22.213254300000006],[-52.4799657,-22.200881799999998],[-52.4606752,-22.188743400000003],[-52.4457419,-22.176946899999994],[-52.441532,-22.171276699999996],[-52.4330278,-22.1633649],[-52.41501889999999,-22.1488259],[-52.408188300000006,-22.141635200000003],[-52.40167939999999,-22.1263572],[-52.396403799999995,-22.1188671],[-52.39190640000001,-22.11467890000001],[-52.377218,-22.106678199999998],[-52.3706651,-22.096650400000005],[-52.3551312,-22.0772314],[-52.34543479999999,-22.061975400000005],[-52.3391918,-22.047826399999995],[-52.3324175,-22.020336400000005],[-52.326437999999996,-22.00230040000001],[-52.328045,-21.999959499999996],[-52.325601400000004,-21.9960985],[-52.31901940000001,-21.9721319],[-52.3088119,-21.951919599999997],[-52.30148470000001,-21.942168600000002],[-52.2802723,-21.9228248],[-52.2783762,-21.91863220000001],[-52.2749633,-21.914941900000006],[-52.2690461,-21.914497000000004],[-52.26369710000001,-21.912299199999996],[-52.2581841,-21.905924000000002],[-52.2484061,-21.9022804],[-52.233433,-21.883753999999996],[-52.2067288,-21.862138900000012],[-52.1905614,-21.846144699999996],[-52.183602900000004,-21.826365899999995],[-52.1839844,-21.8144605],[-52.1709621,-21.7863983],[-52.1612618,-21.77077369999998],[-52.147791999999995,-21.759588800000007],[-52.1400488,-21.755730200000002],[-52.125451,-21.7518299],[-52.1220989,-21.749461900000004],[-52.118213700000005,-21.748766900000007],[-52.11201439999999,-21.74959909999999],[-52.1028652,-21.745291199999993],[-52.09959310000001,-21.7376191],[-52.09386620000001,-21.73051439999999],[-52.07649239999999,-21.7148802],[-52.0558254,-21.677158799999997],[-52.050711199999995,-21.665766600000005],[-52.04834030000001,-21.6563421],[-52.0495204,-21.6430891],[-52.0520923,-21.636594200000008],[-52.06279,-21.620597699999994],[-52.0688756,-21.598107500000005],[-52.0724265,-21.593101300000004],[-52.0841835,-21.58334350000001],[-52.0915314,-21.580694200000007],[-52.0987673,-21.574985599999994],[-52.10216410000001,-21.56981349999999],[-52.1034019,-21.56455720000001],[-52.10229339999999,-21.554840599999995],[-52.0931069,-21.5377591],[-52.0879247,-21.532899699999994],[-52.0803229,-21.52156210000001],[-52.07778940000001,-21.5152225],[-52.06645240000001,-21.504591600000015],[-52.0620417,-21.503268500000008],[-52.0218416,-21.510915000000004],[-52.0003676,-21.516626500000008],[-51.9871536,-21.511700399999995],[-51.967903299999996,-21.501762099999993],[-51.9635281,-21.49601980000001],[-51.95829570000001,-21.483535300000003],[-51.9523993,-21.473603699999998],[-51.9444044,-21.465841499999993],[-51.9361268,-21.462316500000007],[-51.9286818,-21.4558161],[-51.922407299999996,-21.4404292],[-51.9182051,-21.4121824],[-51.91245750000001,-21.395661600000004],[-51.9075357,-21.386455799999997],[-51.8999285,-21.3776053],[-51.8877786,-21.366926399999986],[-51.8687621,-21.35353019999999],[-51.865261100000005,-21.348942500000003],[-51.8610618,-21.336671],[-51.861373300000004,-21.3171125],[-51.8569297,-21.289526200000008],[-51.8558805,-21.2859111],[-51.8514416,-21.28119569999999],[-51.84937300000001,-21.276190899999996],[-51.84851450000001,-21.266638400000005],[-51.8505189,-21.263645299999993],[-51.8543614,-21.260945499999995],[-51.8552002,-21.250265400000004],[-51.860926000000006,-21.238948600000004],[-51.8636776,-21.226711099999992],[-51.873816999999995,-21.211249100000007],[-51.87957370000001,-21.199430700000004],[-51.87576030000001,-21.1810441],[-51.8789848,-21.148137700000007],[-51.8769246,-21.139471000000004],[-51.8758619,-21.1361474],[-51.865473900000005,-21.1305401],[-51.844593200000006,-21.131462899999995],[-51.82359,-21.12683980000001],[-51.8144547,-21.1213892],[-51.8080062,-21.110023100000003],[-51.78967089999999,-21.102119499999997],[-51.775644500000006,-21.073093600000004],[-51.7724764,-21.051121300000002],[-51.765992700000005,-21.051361399999994],[-51.7677318,-21.056919299999993],[-51.7645915,-21.06005830000001],[-51.7638206,-21.059204],[-51.7651226,-21.055175600000013],[-51.7611769,-21.055498],[-51.761857799999994,-21.064267499999993],[-51.7556684,-21.065919],[-51.7545917,-21.061877600000003],[-51.7521675,-21.0608184],[-51.7515615,-21.061943299999992],[-51.7537103,-21.063525699999996],[-51.753134499999994,-21.064195700000006],[-51.7490301,-21.06639600000001],[-51.7456899,-21.066484099999997],[-51.74777240000001,-21.068719400000003],[-51.7476826,-21.0702073],[-51.7449759,-21.0698124],[-51.7445833,-21.06759809999999],[-51.743423299999996,-21.069182099999995],[-51.7408913,-21.068814800000002],[-51.739878600000004,-21.069249800000005],[-51.7413205,-21.0712661],[-51.7387051,-21.070912100000008],[-51.7375125,-21.07433609999999],[-51.7363405,-21.073492999999992],[-51.7366931,-21.071690800000002],[-51.7342349,-21.071473099999988],[-51.7314829,-21.069508000000003],[-51.729957600000006,-21.070310600000006],[-51.728613800000005,-21.074139700000007],[-51.72582100000001,-21.068749399999987],[-51.7222232,-21.072222699999998],[-51.719457999999996,-21.069624600000004],[-51.7167911,-21.073015599999998],[-51.7184723,-21.075709600000007],[-51.7146269,-21.0769003],[-51.7142765,-21.079224499999995],[-51.71110800000001,-21.079511800000002],[-51.71364419999999,-21.080727799999995],[-51.71371210000001,-21.083298199999994],[-51.7102425,-21.084643699999983],[-51.70823360000001,-21.083203699999995],[-51.706844800000006,-21.083535699999995],[-51.7064269,-21.0863038],[-51.70843490000001,-21.08753510000001],[-51.706065900000006,-21.0893588],[-51.7032891,-21.087269399999997],[-51.7019579,-21.0909809],[-51.6994977,-21.088198500000004],[-51.697849,-21.095408399999993],[-51.6944604,-21.09630960000001],[-51.697598,-21.09824099999999],[-51.698694599999996,-21.100807199999995],[-51.69784529999999,-21.103563999999995],[-51.7015148,-21.10618480000001],[-51.7014535,-21.10781850000001],[-51.6907559,-21.11609399999999],[-51.6913138,-21.119445300000006],[-51.68792069999999,-21.122525600000007],[-51.6928116,-21.123044],[-51.6911906,-21.127382899999994],[-51.6948905,-21.131859],[-51.6900549,-21.1344079],[-51.691929,-21.13664460000001],[-51.690634599999996,-21.139468500000003],[-51.6906032,-21.1446882],[-51.6875221,-21.146162200000006],[-51.6855359,-21.1497979],[-51.68138780000001,-21.149162199999992],[-51.67677990000001,-21.151399],[-51.673959800000006,-21.14911359999999],[-51.6721517,-21.149173],[-51.6714247,-21.150726499999994],[-51.6743961,-21.153313700000005],[-51.6674569,-21.156864399999993],[-51.6681595,-21.15845360000001],[-51.6718892,-21.1588042],[-51.67231410000001,-21.160498900000007],[-51.66085220000001,-21.1661323],[-51.65875979999999,-21.1695527],[-51.6537841,-21.167458100000005],[-51.64188140000001,-21.165549599999988],[-51.63800090000001,-21.160047800000005],[-51.638139,-21.151695899999996],[-51.6334569,-21.1523142],[-51.629226800000005,-21.149413099999993],[-51.6275231,-21.1461636],[-51.61943410000001,-21.147713699999994],[-51.61917269999999,-21.14505260000001],[-51.61683469999999,-21.144774000000005],[-51.615516,-21.142064599999994],[-51.6136783,-21.141653700000003],[-51.6016347,-21.14900449999999],[-51.6043163,-21.14481919999999],[-51.6035467,-21.143699699999996],[-51.6008366,-21.144257399999994],[-51.59145120000001,-21.1486358],[-51.5903093,-21.151836900000006],[-51.5904848,-21.153989299999992],[-51.59595780000001,-21.159020200000004],[-51.5935507,-21.162369200000008],[-51.5951258,-21.166070499999996],[-51.5934459,-21.170995],[-51.58438780000001,-21.1777208],[-51.5757044,-21.180843200000012],[-51.57779000000001,-21.184059200000004],[-51.575849,-21.185853599999998],[-51.576182,-21.189192999999996],[-51.5738862,-21.189187799999996],[-51.5737536,-21.187283],[-51.5710849,-21.18698760000001],[-51.570461,-21.184932300000003],[-51.5685362,-21.187326800000008],[-51.5647578,-21.1852646],[-51.5629542,-21.186640799999996],[-51.56460930000001,-21.1901455],[-51.555599300000004,-21.190870299999993],[-51.55219780000001,-21.190055999999984],[-51.5430206,-21.1916777],[-51.5441592,-21.194845000000004],[-51.5413556,-21.196785300000005],[-51.5405387,-21.194086700000007],[-51.5379635,-21.193807900000003],[-51.53850849999999,-21.198269],[-51.5355954,-21.200783700000006],[-51.5336164,-21.199928699999994],[-51.53570150000001,-21.199321799999993],[-51.5357919,-21.1973903],[-51.5328767,-21.195416000000005],[-51.5311106,-21.1956956],[-51.5305464,-21.197485099999994],[-51.5240126,-21.199188799999995],[-51.5230098,-21.20287179999999],[-51.5186599,-21.2044642],[-51.5181052,-21.20901999999999],[-51.51194640000001,-21.210709100000003],[-51.5097389,-21.216801300000007],[-51.5078095,-21.21770290000001],[-51.5044947,-21.216929900000004],[-51.5032952,-21.220234899999998],[-51.5018367,-21.221074399999985],[-51.498144,-21.219662999999994],[-51.4948896,-21.220298900000003],[-51.4942238,-21.2236866],[-51.49637950000001,-21.2265589],[-51.49273860000001,-21.230509699999995],[-51.4895533,-21.231080100000007],[-51.48669290000001,-21.233110999999994],[-51.4798269,-21.231747399999986],[-51.478948,-21.235429799999988],[-51.4744116,-21.235729699999997],[-51.47142819999999,-21.238569699999992],[-51.46996560000001,-21.2382084],[-51.471710599999994,-21.235450200000006],[-51.4712756,-21.234342200000004],[-51.4673896,-21.237800800000002],[-51.4632933,-21.236504399999998],[-51.45941200000001,-21.2371413],[-51.454504,-21.238824899999994],[-51.4517905,-21.241358500000015],[-51.44822200000001,-21.241882199999996],[-51.446585,-21.2436743],[-51.4435633,-21.2432777],[-51.435307400000006,-21.24573429999999],[-51.43280910000001,-21.249833599999988],[-51.42919390000001,-21.251173800000004],[-51.4313018,-21.2532563],[-51.4309863,-21.254849099999998],[-51.4252046,-21.258021700000008],[-51.4226378,-21.256122999999995],[-51.4204063,-21.259508300000004],[-51.4151947,-21.262600899999992],[-51.407667200000006,-21.263963299999997],[-51.40492400000001,-21.268758999999996],[-51.40289729999999,-21.265801700000004],[-51.3994479,-21.2669321],[-51.3978695,-21.2701329],[-51.4019788,-21.27103659999999],[-51.4017045,-21.272550999999996],[-51.395384500000006,-21.272748599999993],[-51.3955311,-21.274046199999997],[-51.39802160000001,-21.2749347],[-51.397551500000006,-21.276136300000008],[-51.394041800000004,-21.275661699999997],[-51.3926952,-21.277100299999994],[-51.3925495,-21.2799062],[-51.38534829999999,-21.284356500000005],[-51.3816001,-21.28289360000001],[-51.3772065,-21.285252300000007],[-51.3747977,-21.2852186],[-51.368726800000005,-21.29021379999999],[-51.365339,-21.288840899999997],[-51.36212439999999,-21.289565600000003],[-51.362604999999995,-21.2868242],[-51.360542,-21.285849900000006],[-51.358927800000004,-21.28623179999999],[-51.3580697,-21.288347599999994],[-51.352796700000006,-21.28924239999999],[-51.349700600000006,-21.28786930000001],[-51.3488116,-21.2887324],[-51.34933300000001,-21.29138039999999],[-51.3478448,-21.29210109999999],[-51.345922200000004,-21.2916092],[-51.3467492,-21.28799289999999],[-51.34329600000001,-21.2879086],[-51.34153950000001,-21.2920216],[-51.33789219999999,-21.293348000000005],[-51.3373491,-21.291840799999996],[-51.33911040000001,-21.2901621],[-51.3388276,-21.288361300000002],[-51.334685799999995,-21.292656099999995],[-51.325357,-21.2916894],[-51.326478400000006,-21.295079999999995],[-51.3241495,-21.293440300000004],[-51.3208619,-21.299136099999995],[-51.3190354,-21.2980434],[-51.3161681,-21.298557799999994],[-51.3155647,-21.2963797],[-51.314073400000005,-21.295716900000002],[-51.3125175,-21.298953999999995],[-51.3088606,-21.299889299999997],[-51.308827,-21.3030716],[-51.30487629999999,-21.3057296],[-51.30401890000001,-21.308641099999992],[-51.2970207,-21.310037899999998],[-51.2931267,-21.314363000000004],[-51.288250399999995,-21.313249200000012],[-51.287952,-21.317321100000004],[-51.2856486,-21.318227599999993],[-51.2863032,-21.3192723],[-51.28560050000001,-21.318342900000008],[-51.2829695,-21.318921499999988],[-51.2749927,-21.321923200000008],[-51.2709364,-21.321252899999998],[-51.2685395,-21.32740739999999],[-51.2651596,-21.33148169999999],[-51.264188499999996,-21.331424899999995],[-51.2633128,-21.328252699999993],[-51.261687900000005,-21.327578300000017],[-51.2377772,-21.326808000000003],[-51.236651,-21.328023200000004],[-51.2376703,-21.33126280000001],[-51.2327731,-21.332961300000008],[-51.231203699999995,-21.335808200000006],[-51.23207140000001,-21.3384168],[-51.2302204,-21.3393589],[-51.2301249,-21.340650899999996],[-51.2293182,-21.341395900000006],[-51.2268932,-21.340459600000006],[-51.22401459999999,-21.3457587],[-51.22156950000001,-21.347683],[-51.217894400000006,-21.349214499999995],[-51.2167829,-21.35112120000001],[-51.2119647,-21.352132099999995],[-51.214348799999996,-21.353551400000015],[-51.2141811,-21.354967299999995],[-51.2110913,-21.354977899999998],[-51.2102029,-21.357197399999997],[-51.207750700000005,-21.356808999999995],[-51.2039258,-21.361028600000008],[-51.2001295,-21.360008200000003],[-51.1961181,-21.3673425],[-51.1954046,-21.3718397],[-51.189726500000006,-21.377086800000004],[-51.1834425,-21.376225399999996],[-51.1798628,-21.379618699999995],[-51.1744792,-21.381150599999994],[-51.1718146,-21.383568000000007],[-51.1656989,-21.384148299999993],[-51.16411690000001,-21.38402229999999],[-51.15745869999999,-21.378571199999993],[-51.154742000000006,-21.378625900000007],[-51.1480784,-21.374586600000008],[-51.1396351,-21.373784799999996],[-51.1330046,-21.374951599999996],[-51.129553400000006,-21.37888829999999],[-51.12243599999999,-21.3815943],[-51.1150476,-21.377170200000002],[-51.107887,-21.3757886],[-51.1055825,-21.372935100000007],[-51.10095390000001,-21.3702268],[-51.09274260000001,-21.37097089999999],[-51.0899257,-21.372276699999997],[-51.0901054,-21.3793009],[-51.08592980000001,-21.382373699999995],[-51.08598560000001,-21.38409900000001],[-51.08111790000001,-21.385138599999994],[-51.0779842,-21.38931979999999],[-51.0771061,-21.38770789999999],[-51.075614900000005,-21.387739399999987],[-51.0748162,-21.391159499999986],[-51.0679644,-21.394202099999994],[-51.0634796,-21.394522300000013],[-51.0604101,-21.3964232],[-51.05425050000001,-21.404651200000004],[-51.0462449,-21.403852600000008],[-51.0454671,-21.406389400000002],[-51.0341283,-21.4084459],[-51.0334369,-21.411339499999997],[-51.028866300000004,-21.418223500000003],[-51.02502830000001,-21.421120099999992],[-51.02585169999999,-21.425607699999997],[-51.00481,-21.43833620000001],[-50.99856679999999,-21.439398800000006],[-50.99054000000001,-21.4367712],[-50.9895196,-21.43503270000001],[-50.987154700000005,-21.4349122],[-50.9848993,-21.432829500000004],[-50.98149780000001,-21.43186040000001],[-50.9758709,-21.432682499999995],[-50.9604205,-21.438637800000006],[-50.9469595,-21.447855399999995],[-50.94302720000001,-21.444907499999996],[-50.9398987,-21.44552699999999],[-50.93378570000001,-21.4435394],[-50.93112070000001,-21.444069100000004],[-50.9299875,-21.442489500000004],[-50.92780449999999,-21.442873400000003],[-50.9248712,-21.441359300000006],[-50.9241326,-21.444384600000006],[-50.9218215,-21.44555129999999],[-50.91861879999999,-21.452141700000002],[-50.9160192,-21.454266899999993],[-50.91693320000001,-21.455853],[-50.9199182,-21.4554649],[-50.921049800000006,-21.457348100000004],[-50.92016910000001,-21.460678400000006],[-50.9160121,-21.4649947],[-50.9086229,-21.469709900000005],[-50.9051362,-21.470517000000008],[-50.9070156,-21.476122499999992],[-50.9065777,-21.4777501],[-50.9024354,-21.481277500000008],[-50.9044807,-21.484771999999996],[-50.8992412,-21.487379799999996],[-50.8989837,-21.490736999999996],[-50.8948566,-21.48970719999999],[-50.89409510000001,-21.486381399999992],[-50.8880699,-21.485568000000008],[-50.87863800000001,-21.489542399999987],[-50.87428640000001,-21.4888984],[-50.8705081,-21.4932131],[-50.8691458,-21.497242000000007],[-50.8661223,-21.499010799999997],[-50.8678684,-21.5044953],[-50.86487530000001,-21.5073009],[-50.864720600000005,-21.5095796],[-50.8726849,-21.514169899999995],[-50.8716513,-21.517000100000008],[-50.8723694,-21.520220500000004],[-50.8695237,-21.52509259999999],[-50.864246099999995,-21.5281902],[-50.857859,-21.5300185],[-50.8552628,-21.52966479999999],[-50.8473851,-21.535662800000015],[-50.8449444,-21.5348049],[-50.8398712,-21.536901099999994],[-50.829441300000006,-21.53660379999999],[-50.8246983,-21.53764990000001],[-50.82307960000001,-21.539191399999993],[-50.81586000000001,-21.539886500000005],[-50.8137092,-21.542382399999997],[-50.8136041,-21.54798999999999],[-50.8149242,-21.550191699999996],[-50.8171791,-21.549453199999988],[-50.8193499,-21.55070080000001],[-50.8154091,-21.554272000000005],[-50.8207405,-21.555423800000007],[-50.8221753,-21.5575645],[-50.8168134,-21.5637989],[-50.8148828,-21.56349280000001],[-50.814594,-21.559405100000003],[-50.8118546,-21.555742499999997],[-50.80916529999999,-21.5560298],[-50.8108943,-21.557834800000013],[-50.808432399999994,-21.560919699999996],[-50.8064682,-21.56016329999999],[-50.8056277,-21.55816969999999],[-50.806575699999996,-21.55473519999999],[-50.80347590000001,-21.553106899999992],[-50.802457700000005,-21.5488797],[-50.7974785,-21.541726900000004],[-50.7933811,-21.543046099999998],[-50.7991567,-21.5549425],[-50.7950089,-21.5589377],[-50.78890129999999,-21.558874099999997],[-50.786273,-21.557546599999995],[-50.787875,-21.5535668],[-50.7872048,-21.551941199999998],[-50.7893367,-21.549380099999993],[-50.7858255,-21.547863699999997],[-50.7827995,-21.544103199999995],[-50.7774612,-21.542772000000003],[-50.7760305,-21.546244899999987],[-50.7740053,-21.544570500000003],[-50.7707402,-21.546303400000003],[-50.7692616,-21.548170299999995],[-50.7699707,-21.550519],[-50.7689319,-21.55351339999999],[-50.7705113,-21.55783560000001],[-50.77264950000001,-21.557894799999993],[-50.7749928,-21.561654499999996],[-50.7817072,-21.562931299999995],[-50.7821475,-21.563936699999992],[-50.78229279999999,-21.5674492],[-50.7798125,-21.56778399999999],[-50.777719999999995,-21.570542300000003],[-50.7763254,-21.56995820000001],[-50.7745737,-21.572998600000005],[-50.776788,-21.576016099999997],[-50.77652810000001,-21.581810099999984],[-50.77902590000001,-21.58337239999999],[-50.7767038,-21.585097300000005],[-50.7765151,-21.587051599999988],[-50.7822713,-21.588598199999993],[-50.7802858,-21.594032700000003],[-50.7821604,-21.595585100000008],[-50.7823833,-21.597501199999993],[-50.78484749999999,-21.598349599999995],[-50.789089,-21.609530600000003],[-50.793953599999995,-21.613856600000002],[-50.7932117,-21.620025699999996],[-50.7959518,-21.621249899999995],[-50.794485,-21.627249399999993],[-50.7976697,-21.628192999999996],[-50.7980648,-21.6318757],[-50.803172599999996,-21.635175500000003],[-50.8029691,-21.638931600000014],[-50.8076641,-21.641069500000004],[-50.80563239999999,-21.64680940000001],[-50.8085041,-21.6497486],[-50.8093724,-21.655868900000005],[-50.81430660000001,-21.656648200000003],[-50.8130796,-21.659407700000003],[-50.8158627,-21.663010800000002],[-50.8154202,-21.671714900000005],[-50.8175244,-21.673773900000004],[-50.8255611,-21.674641799999996],[-50.8283492,-21.677828699999996],[-50.8272339,-21.6788602],[-50.8275112,-21.6822366],[-50.8305935,-21.684397400000005],[-50.8263717,-21.689907899999994],[-50.82870390000001,-21.693272399999998],[-50.8308886,-21.694009500000003],[-50.8300727,-21.695645],[-50.8313131,-21.696181599999996],[-50.833482700000005,-21.701330099999996],[-50.8329647,-21.7061097],[-50.8360319,-21.71145199999999],[-50.834573600000006,-21.71350990000001],[-50.8352912,-21.715570499999984],[-50.834424600000006,-21.716929699999994],[-50.836344100000005,-21.721301],[-50.839353,-21.722447100000004],[-50.8417642,-21.725745299999996],[-50.839840900000006,-21.73163929999999],[-50.8438979,-21.734323699999994],[-50.8437307,-21.735725599999995],[-50.8480463,-21.739610399999997],[-50.85001350000001,-21.7448548],[-50.84901949999999,-21.748530500000005],[-50.85094110000001,-21.751795599999994],[-50.851111,-21.75762290000001],[-50.8551449,-21.76506419999999],[-50.8567673,-21.77132],[-50.8563273,-21.779062499999984],[-50.8541755,-21.779196799999998],[-50.8518707,-21.78142039999999],[-50.8474772,-21.78930860000001],[-50.8406691,-21.791284700000002],[-50.8331652,-21.79791669999999],[-50.82365560000001,-21.800778000000008],[-50.8236611,-21.806138400000002],[-50.8311101,-21.807070699999993],[-50.8335726,-21.810381700000004],[-50.8390815,-21.8293485],[-50.8416198,-21.831081300000005],[-50.8466178,-21.830483599999997],[-50.8535008,-21.832119899999995],[-50.858214,-21.836255299999994],[-50.8589713,-21.83840179999999],[-50.8613161,-21.837258],[-50.86852330000001,-21.836902399999996],[-50.8698873,-21.8412233],[-50.87384610000001,-21.842575200000006],[-50.8771219,-21.84870690000001],[-50.8796213,-21.850509100000004],[-50.8808581,-21.84996080000001],[-50.882937899999995,-21.853386599999986],[-50.8864388,-21.85408509999999],[-50.8873804,-21.856928599999996],[-50.8900354,-21.857312199999985],[-50.892761,-21.8600012],[-50.8938486,-21.863121500000005],[-50.89786029999999,-21.862324600000004],[-50.901833399999994,-21.868554799999995],[-50.9043202,-21.870008600000002],[-50.9047356,-21.872393399999993],[-50.90770620000001,-21.874288799999995],[-50.9079923,-21.878192399999993],[-50.91173340000001,-21.883427899999997],[-50.91222129999999,-21.888297500000007],[-50.913762,-21.890301199999996],[-50.916927799999996,-21.8900914],[-50.918003,-21.891754199999994],[-50.92202439999999,-21.892137900000016],[-50.9269448,-21.894695199999994],[-50.927422299999996,-21.8963166],[-50.931858,-21.899360999999992],[-50.9332847,-21.903625899999998],[-50.9383265,-21.903322499999998],[-50.9385019,-21.905260800000004],[-50.943492000000006,-21.908264100000004],[-50.94625310000001,-21.913915499999998],[-50.9501051,-21.914868199999994],[-50.95025540000001,-21.917123699999998],[-50.9525338,-21.9179585],[-50.9515579,-21.918604299999995],[-50.95552250000001,-21.922270599999997],[-50.95451,-21.9235934],[-50.9558132,-21.925676199999998],[-50.965858,-21.925750299999986],[-50.961173499999994,-21.928956199999995],[-50.9605443,-21.93068599999999],[-50.9615881,-21.932515799999997],[-50.9512365,-21.93804600000001],[-50.9480022,-21.941885299999996],[-50.94769,-21.946485999999993],[-50.9451769,-21.94631420000001],[-50.94093660000001,-21.948470999999998],[-50.939089,-21.950784700000003],[-50.932233499999995,-21.952053599999996],[-50.9159227,-21.951235700000005],[-50.9153165,-21.9541957],[-50.9092974,-21.9537578],[-50.9078215,-21.95783329999999],[-50.9018155,-21.9565024],[-50.897481600000006,-21.959095899999998],[-50.8895418,-21.96709059999999],[-50.8880823,-21.9652453],[-50.8851735,-21.9647851],[-50.8791142,-21.966930500000007],[-50.8700725,-21.964394300000002],[-50.86466190000001,-21.968986700000002],[-50.85863080000001,-21.96953570000001],[-50.85367800000001,-21.972293499999985],[-50.8454677,-21.973674499999998],[-50.8388666,-21.979514],[-50.8332873,-21.980621199999987],[-50.8323694,-21.986828400000004],[-50.82718330000001,-21.9887725],[-50.821874,-21.989220599999996],[-50.8165278,-21.992712700000006],[-50.8106464,-21.993382200000003],[-50.805708,-21.996606799999995],[-50.7930784,-21.99813150000001],[-50.7803838,-22.00247219999999],[-50.7532114,-22.004424399999998],[-50.746771100000004,-22.003238399999994],[-50.7430568,-22.007974999999995],[-50.7305772,-22.009175699999997],[-50.72684739999999,-22.011122799999992],[-50.72025300000001,-22.010163200000015],[-50.7179609,-22.013220699999998],[-50.710879,-22.01427889999999],[-50.7094477,-22.019845000000004],[-50.7042869,-22.021901699999994],[-50.6984307,-22.019383800000004],[-50.6962673,-22.023239299999997],[-50.6891735,-22.0247943],[-50.6834329,-22.0247363],[-50.6815032,-22.0274277],[-50.6730489,-22.02920469999999],[-50.668861,-22.028351099999988],[-50.66333169999999,-22.035709099999984],[-50.6603839,-22.0364261],[-50.65524450000001,-22.035349600000004],[-50.64834720000001,-22.043169599999995],[-50.6437703,-22.0461477],[-50.6392769,-22.046475900000004],[-50.6374901,-22.049998200000005],[-50.633952400000005,-22.05072270000001],[-50.628129,-22.0491883],[-50.6221904,-22.05657739999999],[-50.619761200000006,-22.061892600000004],[-50.611476599999996,-22.063539600000002],[-50.6058043,-22.061874200000002],[-50.60070259999999,-22.063659899999994],[-50.59985300000001,-22.064637200000007],[-50.6009383,-22.06909829999999],[-50.5971399,-22.0701999],[-50.5948254,-22.073380899999993],[-50.5900902,-22.072989099999994],[-50.5857585,-22.074074500000005],[-50.581454300000004,-22.071110700000002],[-50.5790704,-22.0711338],[-50.5772321,-22.072269300000002],[-50.575863700000006,-22.078873],[-50.57343800000001,-22.0823165],[-50.5719795,-22.082276099999994],[-50.5714287,-22.0790113],[-50.570161299999995,-22.07799929999999],[-50.55937740000001,-22.07844940000001],[-50.557200599999994,-22.079916199999996],[-50.5569238,-22.083171599999993],[-50.5549251,-22.0841017],[-50.5522931,-22.081890899999994],[-50.550146500000004,-22.0824733],[-50.5468535,-22.088388099999996],[-50.5505817,-22.09488870000001],[-50.5432488,-22.098486199999993],[-50.5407423,-22.10112140000001],[-50.535476599999996,-22.102031099999998],[-50.5343556,-22.1054484],[-50.5283824,-22.106772399999993],[-50.5187697,-22.112715699999992],[-50.51746270000001,-22.1187928],[-50.513362799999996,-22.120315500000007],[-50.513125,-22.125606399999995],[-50.5144125,-22.12990779999999],[-50.5111488,-22.135680300000004],[-50.5086976,-22.1366952],[-50.50517080000001,-22.13598660000001],[-50.4994764,-22.138160899999992],[-50.4996072,-22.14083729999999],[-50.49737300000001,-22.141885200000008],[-50.49602120000001,-22.144753299999998],[-50.4924864,-22.145962900000008],[-50.489042,-22.150381300000003],[-50.485246000000004,-22.152160000000002],[-50.48879689999999,-22.15632620000001],[-50.4893876,-22.158973900000003],[-50.4908283,-22.1598006],[-50.4921332,-22.159132299999992],[-50.492075500000006,-22.161412500000004],[-50.497377799999995,-22.165942],[-50.4973776,-22.177044000000002],[-50.4991667,-22.180247600000005],[-50.498552,-22.183191100000013],[-50.5042671,-22.1870676],[-50.5086352,-22.1970135],[-50.5127102,-22.201089399999994],[-50.5125533,-22.203923700000008],[-50.5148735,-22.205344099999998],[-50.5174663,-22.210314399999998],[-50.5215037,-22.214068399999995],[-50.5210246,-22.215958900000004],[-50.5234729,-22.21786739999999],[-50.5239315,-22.220357400000008],[-50.5299735,-22.223404399999993],[-50.5312176,-22.2222569],[-50.5332421,-22.222496599999992],[-50.5351369,-22.225140499999995],[-50.539504099999995,-22.226775400000005],[-50.5427099,-22.225841599999992],[-50.5448351,-22.227722299999993],[-50.5445128,-22.230316000000002],[-50.5516315,-22.233255599999993],[-50.5508292,-22.236523399999985],[-50.5519547,-22.245078300000003],[-50.5565219,-22.250874899999996],[-50.5533317,-22.2582255],[-50.5555537,-22.2735245],[-50.56095280000001,-22.2834758],[-50.558281,-22.289523300000013],[-50.5584677,-22.2952904],[-50.564885000000004,-22.297291000000005],[-50.571041,-22.304301000000002],[-50.576131,-22.300926999999994],[-50.581504,-22.301074],[-50.583321,-22.302478000000004],[-50.587421,-22.303090000000005],[-50.599294,-22.295986000000003],[-50.603530000000006,-22.297636999999984],[-50.618436,-22.296046],[-50.62137500000001,-22.294248999999994],[-50.622273,-22.288743999999994],[-50.623771,-22.288118],[-50.62682000000001,-22.294980999999993],[-50.626499,-22.302545999999996],[-50.63931000000001,-22.310564],[-50.645551,-22.312279],[-50.657673,-22.30644599999999],[-50.66753899999999,-22.303400000000003],[-50.666630000000005,-22.294535000000003],[-50.664106,-22.287927999999987],[-50.665527000000004,-22.282869],[-50.67059,-22.288162000000007],[-50.680814,-22.294734999999985],[-50.684902,-22.305569000000002],[-50.687451,-22.308608000000003],[-50.686507000000006,-22.31812500000001],[-50.689196,-22.32342999999999],[-50.68611400000001,-22.325522],[-50.682911,-22.330958999999996],[-50.68356500000001,-22.334758000000008],[-50.68952500000001,-22.347507000000004],[-50.688091,-22.350102999999997],[-50.687486,-22.36101599999999],[-50.69197599999999,-22.364413],[-50.694168,-22.36467399999999],[-50.696209,-22.369971999999994],[-50.693276,-22.379540999999996],[-50.696211000000005,-22.382961999999992],[-50.697587,-22.387696000000005],[-50.694045,-22.396145],[-50.695044,-22.399902],[-50.706239000000004,-22.404783000000002],[-50.711237,-22.402309],[-50.71857899999999,-22.403506],[-50.71928199999999,-22.408995000000004],[-50.723263,-22.413989000000008],[-50.729955999999994,-22.416700999999996],[-50.73354200000001,-22.416287000000004],[-50.736185000000006,-22.417660000000005],[-50.739641,-22.421161000000005],[-50.743878,-22.422624],[-50.75258900000001,-22.43253800000001],[-50.761284,-22.43285800000001],[-50.769791,-22.437493000000003],[-50.773233999999995,-22.435519000000006],[-50.782337,-22.434192999999997],[-50.7951422,-22.44306889999999],[-50.8001695,-22.443710600000003],[-50.8097106,-22.438522999999993],[-50.8167245,-22.43624369999999],[-50.8295581,-22.428279899999993],[-50.8316972,-22.431712699999995],[-50.8387632,-22.4354584],[-50.843651,-22.4451744],[-50.8398426,-22.456244199999993],[-50.840118200000006,-22.46041620000001],[-50.8435642,-22.4631167],[-50.84336960000001,-22.467155099999992],[-50.8449925,-22.468572400000003],[-50.84542470000001,-22.474073499999985],[-50.8440829,-22.4760715],[-50.83853800000001,-22.4777455],[-50.8324366,-22.481662600000007],[-50.8313471,-22.4840922],[-50.8370943,-22.4934086],[-50.8364357,-22.502827700000005],[-50.8381177,-22.504864100000002],[-50.8483198,-22.510569999999998],[-50.8495987,-22.5194623],[-50.85794489999999,-22.5287037],[-50.8511412,-22.536321499999993],[-50.8506519,-22.539885000000005],[-50.8464531,-22.5458782],[-50.8418058,-22.549690399999992],[-50.846486000000006,-22.556060499999997],[-50.84890299999999,-22.566563599999988],[-50.8530727,-22.574759299999997],[-50.8510598,-22.578722399999997],[-50.84787300000001,-22.581092800000004],[-50.842397999999996,-22.582076],[-50.8393195,-22.586250699999994],[-50.840560499999995,-22.593284999999998],[-50.8440662,-22.60087609999999],[-50.8461413,-22.617965699999996],[-50.8432527,-22.622992099999994],[-50.84379760000001,-22.626168500000002],[-50.83581439999999,-22.6283484],[-50.83390010000001,-22.630440399999998],[-50.83307730000001,-22.6353195],[-50.8276533,-22.64490039999999],[-50.8290543,-22.646393900000003],[-50.828599000000004,-22.6473603],[-50.8265099,-22.647329899999995],[-50.82678609999999,-22.648973499999993],[-50.82885600000001,-22.652191799999997],[-50.83112700000001,-22.652353799999997],[-50.8329204,-22.654313499999994],[-50.8327177,-22.6587735],[-50.8343888,-22.65860620000001],[-50.8351691,-22.656240799999992],[-50.8382107,-22.65503259999999],[-50.8400404,-22.656311400000003],[-50.8384809,-22.657633900000004],[-50.8399935,-22.659324900000005],[-50.844071,-22.6573342],[-50.8463633,-22.661172200000014],[-50.849848900000005,-22.66110039999999],[-50.8521372,-22.659445199999997],[-50.8526877,-22.6555677],[-50.8548734,-22.6551753],[-50.85966330000001,-22.660625700000008],[-50.86366,-22.655244000000007],[-50.864827,-22.656705199999998],[-50.8644535,-22.6610571],[-50.866201700000005,-22.661415800000007],[-50.86819200000001,-22.660080799999996],[-50.86906269999999,-22.656065599999998],[-50.872545,-22.655835800000002],[-50.87538250000001,-22.65296930000001],[-50.88294510000001,-22.64933580000001],[-50.8847869,-22.649480699999998],[-50.886092999999995,-22.651067500000018],[-50.8827558,-22.653064000000008],[-50.888881,-22.656201200000012],[-50.8938218,-22.652956500000005],[-50.8931864,-22.65127000000001],[-50.8945394,-22.650045000000002],[-50.8982974,-22.64940319999999],[-50.899199,-22.647044500000007],[-50.89756680000001,-22.644849799999992],[-50.901254,-22.642759599999998],[-50.90528050000001,-22.63773049999999],[-50.9085428,-22.63935039999999],[-50.9104399,-22.638885400000003],[-50.9104596,-22.643262700000008],[-50.9144232,-22.648387999999994],[-50.9179639,-22.647925599999994],[-50.91847250000001,-22.645459099999993],[-50.9218855,-22.642995099999997],[-50.9233578,-22.643301200000007],[-50.92568670000001,-22.646907299999995],[-50.92286880000001,-22.650043099999998],[-50.92587840000001,-22.650710599999993],[-50.9265361,-22.652241500000002],[-50.9234259,-22.656391100000008],[-50.925767300000004,-22.6576141],[-50.9256423,-22.659380699999993],[-50.9280266,-22.6617403],[-50.9254326,-22.662851599999996],[-50.9250617,-22.6642933],[-50.9279067,-22.66602750000001],[-50.93147290000001,-22.666320399999993],[-50.9299413,-22.669453000000008],[-50.9326845,-22.6725338],[-50.9389595,-22.669058800000006],[-50.942367299999994,-22.668946999999996],[-50.9430404,-22.6730482],[-50.94906709999999,-22.677916300000007],[-50.94852999999999,-22.679976399999997],[-50.949905400000006,-22.684632199999996],[-50.94884050000001,-22.685996699999997],[-50.9460645,-22.686520300000005],[-50.9458551,-22.687755799999998],[-50.9493387,-22.68890379999999],[-50.95287820000001,-22.694871000000006],[-50.948591,-22.69896799999999],[-50.9483144,-22.701165699999994],[-50.94223670000001,-22.703066900000007],[-50.9422942,-22.70652219999999],[-50.9451229,-22.708598699999996],[-50.94269070000001,-22.711152999999992],[-50.9397591,-22.710377100000013],[-50.9376219,-22.71126640000001],[-50.937384200000004,-22.713939300000007],[-50.94073850000001,-22.720659100000002],[-50.9395909,-22.722178900000007],[-50.9361987,-22.72292679999999],[-50.9339785,-22.7263006],[-50.9420727,-22.736910599999995],[-50.945032700000006,-22.744840300000003],[-50.950516199999996,-22.746647],[-50.9486608,-22.75156959999999],[-50.9502113,-22.755196800000004],[-50.9517476,-22.755260399999997],[-50.95307270000001,-22.753740299999993],[-50.953474,-22.752245],[-50.9516813,-22.750396699999992],[-50.9578927,-22.75051319999999],[-50.9617476,-22.747277500000017],[-50.9611591,-22.749886099999998],[-50.9639561,-22.752212599999996],[-50.96405879999999,-22.7543516],[-50.9675441,-22.756560299999993],[-50.963059400000006,-22.757309599999996],[-50.9631733,-22.762726300000004],[-50.96018719999999,-22.762421499999988],[-50.9590809,-22.7634306],[-50.95984860000001,-22.765087100000002],[-50.96222540000001,-22.764147200000007],[-50.96375650000001,-22.7656368],[-50.96444799999999,-22.77091829999999],[-50.9669575,-22.769262700000006],[-50.9674777,-22.764367799999995],[-50.9685944,-22.767028599999993],[-50.972090200000004,-22.768733099999995],[-50.975415100000006,-22.767723399999998],[-50.9777354,-22.768459199999995],[-50.9774371,-22.76635080000001],[-50.9802536,-22.76737290000001],[-50.98035740000001,-22.769649999999988],[-50.97745840000001,-22.773912799999994],[-50.9794175,-22.774645300000003],[-50.978645199999995,-22.777694400000012],[-50.9801932,-22.778209899999993],[-50.978535,-22.779907900000005],[-50.982271000000004,-22.78143089999999],[-50.9789453,-22.781270600000003],[-50.9786781,-22.7826098],[-50.9861925,-22.78599130000001],[-50.9945854,-22.792149500000015],[-51.005548600000004,-22.793821400000006],[-51.01114210000001,-22.792297000000005],[-51.057615,-22.7660571],[-51.066585999999994,-22.764589099999984],[-51.0753615,-22.765930799999992],[-51.089950900000005,-22.7627075],[-51.099125799999996,-22.76317650000001],[-51.11709830000001,-22.760238899999994],[-51.127923100000004,-22.7599926],[-51.15666790000001,-22.752528500000015],[-51.16441280000001,-22.748962799999994],[-51.1825346,-22.732262800000004],[-51.1870158,-22.7298921],[-51.2054493,-22.72744879999999],[-51.228336,-22.7160172],[-51.2377614,-22.7057579],[-51.24288030000001,-22.68957619999999],[-51.258704400000006,-22.671876],[-51.2651999,-22.667697399999998],[-51.2727929,-22.6662125],[-51.281427599999994,-22.666477399999994],[-51.2971917,-22.673206199999985],[-51.30649499999999,-22.674490200000005],[-51.3393163,-22.6653649],[-51.3534141,-22.663413699999996],[-51.3678375,-22.658658399999997],[-51.37364920000001,-22.6581329],[-51.37817600000001,-22.659523499999988],[-51.3861031,-22.665373799999983],[-51.4020163,-22.66790549999999],[-51.4099828,-22.664968299999998],[-51.4164254,-22.658701299999997],[-51.4247256,-22.653510800000003],[-51.4365604,-22.6520842],[-51.4464102,-22.6529523],[-51.4530961,-22.655750499999996]]]}},{"type":"Feature","properties":{"id":"3506","nome":"Araçatuba"},"geometry":{"type":"Polygon","coordinates":[[[-50.245283300000004,-21.69681539999999],[-50.24894900000001,-21.70007879999999],[-50.247734,-21.700599599999997],[-50.24827909999999,-21.702575399999994],[-50.2509806,-21.703442799999998],[-50.2511234,-21.704576300000003],[-50.2552003,-21.705698399999985],[-50.26106510000001,-21.70285219999999],[-50.2639581,-21.702996599999995],[-50.2649055,-21.704338399999997],[-50.2655365,-21.703281399999995],[-50.2716355,-21.709783999999992],[-50.2740251,-21.7089759],[-50.2743608,-21.707552100000004],[-50.2805545,-21.707703399999996],[-50.2842746,-21.70965570000001],[-50.2852948,-21.70918570000001],[-50.2919493,-21.715541599999995],[-50.2954368,-21.7144915],[-50.2944414,-21.717323199999996],[-50.2998028,-21.714203099999988],[-50.301296699999995,-21.715824699999995],[-50.3014788,-21.713742399999987],[-50.3040533,-21.713504699999998],[-50.304596800000006,-21.711094999999993],[-50.3051306,-21.71314559999999],[-50.30604799999999,-21.711846599999998],[-50.3078341,-21.712892000000004],[-50.307508000000006,-21.714030799999996],[-50.30935989999999,-21.714418599999995],[-50.31259920000001,-21.7109018],[-50.31501879999999,-21.71031249999999],[-50.315676,-21.708612199999994],[-50.31771580000001,-21.707304999999995],[-50.32123380000001,-21.707633699999988],[-50.3212553,-21.7063986],[-50.32334269999999,-21.709253000000007],[-50.32648480000001,-21.70871500000001],[-50.3259117,-21.7074993],[-50.3267722,-21.707451699999993],[-50.3297275,-21.711103499999993],[-50.3303387,-21.709154500000004],[-50.33231820000001,-21.714110700000006],[-50.335143,-21.717257599999993],[-50.335690500000005,-21.715556799999995],[-50.3392321,-21.714226099999994],[-50.342073199999994,-21.71554569999999],[-50.3424253,-21.712522399999994],[-50.34370940000001,-21.71352029999999],[-50.34426669999999,-21.7121093],[-50.3434256,-21.710559000000003],[-50.3487717,-21.709666499999987],[-50.3505843,-21.711866299999997],[-50.351276500000004,-21.710999199999986],[-50.3522742,-21.71176330000001],[-50.3523595,-21.713671299999998],[-50.3535815,-21.713266700000005],[-50.3530166,-21.7154207],[-50.35451040000001,-21.715455799999994],[-50.3544424,-21.716676100000008],[-50.355448,-21.71567140000001],[-50.3561324,-21.718319900000004],[-50.3540882,-21.7189259],[-50.3558661,-21.720160700000005],[-50.3579268,-21.7193648],[-50.3605119,-21.723274300000003],[-50.3606304,-21.725784799999992],[-50.3629554,-21.724931700000006],[-50.362177700000004,-21.7221294],[-50.3646981,-21.721744400000006],[-50.36537020000001,-21.720117],[-50.368383200000004,-21.719770399999994],[-50.3719255,-21.723608099999993],[-50.37957879999999,-21.7183436],[-50.391151400000005,-21.7193221],[-50.3908354,-21.718195299999998],[-50.39484600000001,-21.71683589999999],[-50.3947875,-21.71586360000001],[-50.3965019,-21.715519],[-50.3969488,-21.7171505],[-50.3996749,-21.716564499999993],[-50.4006149,-21.713962499999994],[-50.40420919999999,-21.712652000000002],[-50.4099906,-21.706942800000004],[-50.40999620000001,-21.703631799999993],[-50.4114447,-21.707094199999993],[-50.412374500000006,-21.705423700000015],[-50.4143162,-21.704926199999996],[-50.4134165,-21.706896499999996],[-50.4143143,-21.707308999999995],[-50.4169142,-21.7045919],[-50.4214229,-21.705652899999993],[-50.4206468,-21.704129899999998],[-50.422432300000004,-21.703565999999995],[-50.4210519,-21.70258909999999],[-50.422575200000004,-21.701081399999993],[-50.4243736,-21.701211900000004],[-50.4230339,-21.699803899999992],[-50.4255371,-21.697722200000005],[-50.4248629,-21.696155699999995],[-50.42661210000001,-21.694868000000003],[-50.4330339,-21.69461969999999],[-50.4335451,-21.695893199999993],[-50.43209540000001,-21.696619199999994],[-50.4339603,-21.697736499999994],[-50.4370923,-21.696796999999997],[-50.43762970000001,-21.695373499999988],[-50.4420543,-21.695231099999997],[-50.4455998,-21.693141800000006],[-50.450589599999994,-21.69312189999999],[-50.4517622,-21.691166899999995],[-50.4508826,-21.6900823],[-50.454119500000004,-21.6882437],[-50.454983,-21.6894453],[-50.4572668,-21.687296600000003],[-50.4587021,-21.688280699999993],[-50.4613171,-21.68749250000001],[-50.46177860000001,-21.6886476],[-50.4643881,-21.68815300000001],[-50.461453500000005,-21.689965599999987],[-50.46473550000001,-21.692554199999993],[-50.4624193,-21.69398950000001],[-50.4642559,-21.6964174],[-50.4628418,-21.700228199999994],[-50.46411690000001,-21.706488900000004],[-50.4665664,-21.7040117],[-50.4694221,-21.705891999999984],[-50.4697877,-21.704299799999987],[-50.4749272,-21.701904099999993],[-50.4808709,-21.7020398],[-50.4813482,-21.7041635],[-50.483058,-21.702835999999998],[-50.4843214,-21.7038486],[-50.48482740000001,-21.702329899999995],[-50.486751,-21.704678400000002],[-50.490010700000006,-21.7051819],[-50.49126660000001,-21.70837249999999],[-50.4896869,-21.708280000000006],[-50.4899009,-21.709713199999992],[-50.4919484,-21.71021649999999],[-50.4918041,-21.7112101],[-50.492822800000006,-21.710687],[-50.496467,-21.715390600000003],[-50.4987762,-21.714176500000004],[-50.50320249999999,-21.715796199999993],[-50.5044911,-21.7150489],[-50.5065422,-21.7122409],[-50.5065764,-21.7090835],[-50.5102903,-21.707194099999995],[-50.5094204,-21.7054008],[-50.5111642,-21.7031986],[-50.51506440000001,-21.706301799999995],[-50.5162834,-21.710307199999995],[-50.5182682,-21.707224799999995],[-50.520713,-21.705857799999993],[-50.5222825,-21.709027199999994],[-50.52336950000001,-21.706727899999997],[-50.5259903,-21.706552699999996],[-50.5263557,-21.704836099999998],[-50.5279039,-21.704986699999992],[-50.5318026,-21.70145279999999],[-50.53340490000001,-21.701757000000008],[-50.53776849999999,-21.69951789999999],[-50.539317000000004,-21.700209399999988],[-50.5441132,-21.698987299999995],[-50.5438324,-21.701223199999994],[-50.5451075,-21.70165039999999],[-50.5484912,-21.699569400000005],[-50.5498664,-21.702504099999995],[-50.5511225,-21.7010019],[-50.550094,-21.6997346],[-50.55180849999999,-21.699488900000006],[-50.5519538,-21.697751500000006],[-50.5544686,-21.698905800000002],[-50.55428799999999,-21.69661749999999],[-50.5530765,-21.69636579999999],[-50.55450760000001,-21.69388449999999],[-50.55639380000001,-21.695282700000003],[-50.559518800000006,-21.69196089999999],[-50.5607661,-21.693265299999997],[-50.56071,-21.691130800000007],[-50.5622045,-21.690900900000003],[-50.5634752,-21.692263800000006],[-50.5651482,-21.689856099999997],[-50.56696000000001,-21.69072330000001],[-50.56674360000001,-21.692476999999993],[-50.5690361,-21.692154000000002],[-50.5690953,-21.6906631],[-50.5705542,-21.691872900000003],[-50.57296130000001,-21.687135399999992],[-50.57913400000001,-21.686347199999997],[-50.5774437,-21.684040500000002],[-50.5833307,-21.6819137],[-50.585480100000005,-21.679602100000007],[-50.5888653,-21.680698],[-50.5872983,-21.678195900000002],[-50.58827639999999,-21.67526000000001],[-50.5952678,-21.672295099999996],[-50.596756,-21.673366199999993],[-50.5989698,-21.671112599999997],[-50.5986246,-21.668721699999995],[-50.6031655,-21.666664000000008],[-50.6021521,-21.665550600000003],[-50.6005867,-21.6661024],[-50.5977191,-21.662484600000006],[-50.6003902,-21.661569800000002],[-50.6010462,-21.65822399999999],[-50.6066578,-21.659114499999994],[-50.6084736,-21.658461],[-50.6091192,-21.656803300000007],[-50.6106795,-21.65810439999999],[-50.61407260000001,-21.656778399999993],[-50.6158991,-21.659450500000002],[-50.620570900000004,-21.6609669],[-50.6213242,-21.659388900000003],[-50.619928300000005,-21.655527300000006],[-50.6208553,-21.65386289999999],[-50.61890660000001,-21.651577999999997],[-50.6215992,-21.650458500000006],[-50.6203287,-21.645953099999996],[-50.6231041,-21.6429918],[-50.627606400000005,-21.642947299999996],[-50.63040170000001,-21.649733900000005],[-50.6300415,-21.65465619999999],[-50.632453700000006,-21.6565751],[-50.63493700000001,-21.655782399999985],[-50.64042740000001,-21.649568099999993],[-50.64353779999999,-21.651021000000004],[-50.6466327,-21.6506802],[-50.6497457,-21.638619199999997],[-50.654628200000005,-21.6340372],[-50.653803100000005,-21.6304199],[-50.652017900000004,-21.629317499999996],[-50.65195159999999,-21.627655099999995],[-50.6534006,-21.6265218],[-50.6521523,-21.6235328],[-50.656190300000006,-21.62269],[-50.660802100000005,-21.618506100000005],[-50.66119080000001,-21.614831000000002],[-50.6675145,-21.610748799999993],[-50.67037379999999,-21.604935599999994],[-50.6774756,-21.6010093],[-50.680855599999994,-21.602270899999997],[-50.682805,-21.5980323],[-50.6867153,-21.597809699999996],[-50.6922436,-21.5931685],[-50.697098,-21.5925819],[-50.69856,-21.590217699999997],[-50.7008524,-21.590071900000005],[-50.7078743,-21.585503799999998],[-50.7083499,-21.5836505],[-50.7061664,-21.5790322],[-50.7082688,-21.5769891],[-50.7145582,-21.577749900000004],[-50.72608739999999,-21.5769943],[-50.7300266,-21.572664099999994],[-50.7342919,-21.571950199999996],[-50.7391461,-21.57443840000001],[-50.742447600000006,-21.5779551],[-50.746326800000006,-21.578102099999988],[-50.7484424,-21.576519600000008],[-50.7490566,-21.574100500000007],[-50.744288499999996,-21.5665907],[-50.7449405,-21.564857],[-50.7465921,-21.566356000000006],[-50.7491651,-21.565496199999995],[-50.7544465,-21.5711294],[-50.7576404,-21.570382799999997],[-50.7613771,-21.56310059999999],[-50.7675004,-21.563597599999994],[-50.7691691,-21.568596099999997],[-50.7709948,-21.569484899999992],[-50.771558799999994,-21.568467899999998],[-50.7697555,-21.56602369999999],[-50.7738947,-21.5641417],[-50.7752993,-21.564754000000004],[-50.7731376,-21.566817200000003],[-50.7735681,-21.567578499999993],[-50.78229279999999,-21.5674492],[-50.7817072,-21.562931299999995],[-50.77456149999999,-21.561409800000007],[-50.77264950000001,-21.557894799999993],[-50.7705113,-21.55783560000001],[-50.7689319,-21.55351339999999],[-50.7699707,-21.550519],[-50.7692616,-21.548170299999995],[-50.7707402,-21.546303400000003],[-50.7740053,-21.544570500000003],[-50.7760305,-21.546244899999987],[-50.77691860000001,-21.5431094],[-50.77831460000001,-21.5426605],[-50.7827995,-21.544103199999995],[-50.7858255,-21.547863699999997],[-50.7893367,-21.549380099999993],[-50.7872048,-21.551941199999998],[-50.787875,-21.5535668],[-50.786273,-21.557546599999995],[-50.78890129999999,-21.558874099999997],[-50.7942118,-21.55905919999999],[-50.7991567,-21.5549425],[-50.7933811,-21.543046099999998],[-50.7974785,-21.541726900000004],[-50.802457700000005,-21.5488797],[-50.80347590000001,-21.553106899999992],[-50.806575699999996,-21.55473519999999],[-50.8056277,-21.55816969999999],[-50.8064682,-21.56016329999999],[-50.8075794,-21.561048299999996],[-50.8092427,-21.5600819],[-50.8108943,-21.557834800000013],[-50.80916529999999,-21.5560298],[-50.81066280000001,-21.555359199999995],[-50.814594,-21.559405100000003],[-50.8148828,-21.56349280000001],[-50.817594899999996,-21.5633483],[-50.8221753,-21.5575645],[-50.8207405,-21.555423800000007],[-50.8154091,-21.554272000000005],[-50.8193499,-21.55070080000001],[-50.8171791,-21.549453199999988],[-50.8149242,-21.550191699999996],[-50.8136041,-21.54798999999999],[-50.8137092,-21.542382399999997],[-50.81586000000001,-21.539886500000005],[-50.82307960000001,-21.539191399999993],[-50.8246983,-21.53764990000001],[-50.829441300000006,-21.53660379999999],[-50.8398712,-21.536901099999994],[-50.8449444,-21.5348049],[-50.8473851,-21.535662800000015],[-50.8552628,-21.52966479999999],[-50.857859,-21.5300185],[-50.864246099999995,-21.5281902],[-50.8695237,-21.52509259999999],[-50.8723694,-21.520220500000004],[-50.8716513,-21.517000100000008],[-50.8726849,-21.514169899999995],[-50.864720600000005,-21.5095796],[-50.86487530000001,-21.5073009],[-50.8678684,-21.5044953],[-50.8661223,-21.499010799999997],[-50.8691458,-21.497242000000007],[-50.8705081,-21.4932131],[-50.87428640000001,-21.4888984],[-50.87863800000001,-21.489542399999987],[-50.8880699,-21.485568000000008],[-50.89409510000001,-21.486381399999992],[-50.8948566,-21.48970719999999],[-50.8989837,-21.490736999999996],[-50.8992412,-21.487379799999996],[-50.9044807,-21.484771999999996],[-50.9024354,-21.481277500000008],[-50.9065777,-21.4777501],[-50.9070156,-21.476122499999992],[-50.9051362,-21.470517000000008],[-50.9086229,-21.469709900000005],[-50.9160121,-21.4649947],[-50.92016910000001,-21.460678400000006],[-50.921049800000006,-21.457348100000004],[-50.9199182,-21.4554649],[-50.91693320000001,-21.455853],[-50.9160192,-21.454266899999993],[-50.91861879999999,-21.452141700000002],[-50.9218215,-21.44555129999999],[-50.9241326,-21.444384600000006],[-50.9248712,-21.441359300000006],[-50.92780449999999,-21.442873400000003],[-50.9299875,-21.442489500000004],[-50.93112070000001,-21.444069100000004],[-50.93378570000001,-21.4435394],[-50.9398987,-21.44552699999999],[-50.94302720000001,-21.444907499999996],[-50.9469595,-21.447855399999995],[-50.9604205,-21.438637800000006],[-50.9758709,-21.432682499999995],[-50.98149780000001,-21.43186040000001],[-50.9848993,-21.432829500000004],[-50.987154700000005,-21.4349122],[-50.9895196,-21.43503270000001],[-50.99054000000001,-21.4367712],[-50.99856679999999,-21.439398800000006],[-51.00481,-21.43833620000001],[-51.02585169999999,-21.425607699999997],[-51.02502830000001,-21.421120099999992],[-51.028866300000004,-21.418223500000003],[-51.0334369,-21.411339499999997],[-51.0341283,-21.4084459],[-51.0454671,-21.406389400000002],[-51.0462449,-21.403852600000008],[-51.05425050000001,-21.404651200000004],[-51.0604101,-21.3964232],[-51.0634796,-21.394522300000013],[-51.0679644,-21.394202099999994],[-51.0748162,-21.391159499999986],[-51.075614900000005,-21.387739399999987],[-51.0771061,-21.38770789999999],[-51.0779842,-21.38931979999999],[-51.08111790000001,-21.385138599999994],[-51.08598560000001,-21.38409900000001],[-51.08592980000001,-21.382373699999995],[-51.0901054,-21.3793009],[-51.0899257,-21.372276699999997],[-51.09274260000001,-21.37097089999999],[-51.10095390000001,-21.3702268],[-51.1055825,-21.372935100000007],[-51.107887,-21.3757886],[-51.1150476,-21.377170200000002],[-51.12243599999999,-21.3815943],[-51.129553400000006,-21.37888829999999],[-51.1330046,-21.374951599999996],[-51.1396351,-21.373784799999996],[-51.1480784,-21.374586600000008],[-51.154742000000006,-21.378625900000007],[-51.15745869999999,-21.378571199999993],[-51.16411690000001,-21.38402229999999],[-51.1656989,-21.384148299999993],[-51.1718146,-21.383568000000007],[-51.1744792,-21.381150599999994],[-51.1798628,-21.379618699999995],[-51.1834425,-21.376225399999996],[-51.189726500000006,-21.377086800000004],[-51.1954046,-21.3718397],[-51.1961181,-21.3673425],[-51.2001295,-21.360008200000003],[-51.2039258,-21.361028600000008],[-51.207750700000005,-21.356808999999995],[-51.2102029,-21.357197399999997],[-51.2110913,-21.354977899999998],[-51.2141811,-21.354967299999995],[-51.214348799999996,-21.353551400000015],[-51.2119647,-21.352132099999995],[-51.2167829,-21.35112120000001],[-51.217894400000006,-21.349214499999995],[-51.22156950000001,-21.347683],[-51.22401459999999,-21.3457587],[-51.2268932,-21.340459600000006],[-51.2293182,-21.341395900000006],[-51.2301249,-21.340650899999996],[-51.2302204,-21.3393589],[-51.23207140000001,-21.3384168],[-51.231203699999995,-21.335808200000006],[-51.2327731,-21.332961300000008],[-51.2376703,-21.33126280000001],[-51.236651,-21.328023200000004],[-51.2377772,-21.326808000000003],[-51.261687900000005,-21.327578300000017],[-51.2633128,-21.328252699999993],[-51.264188499999996,-21.331424899999995],[-51.2651596,-21.33148169999999],[-51.2685395,-21.32740739999999],[-51.2709364,-21.321252899999998],[-51.2749927,-21.321923200000008],[-51.2829695,-21.318921499999988],[-51.28560050000001,-21.318342900000008],[-51.2863032,-21.3192723],[-51.2856486,-21.318227599999993],[-51.287952,-21.317321100000004],[-51.288250399999995,-21.313249200000012],[-51.2931267,-21.314363000000004],[-51.2970207,-21.310037899999998],[-51.30401890000001,-21.308641099999992],[-51.30487629999999,-21.3057296],[-51.308827,-21.3030716],[-51.3088606,-21.299889299999997],[-51.3125175,-21.298953999999995],[-51.314073400000005,-21.295716900000002],[-51.3155647,-21.2963797],[-51.3161681,-21.298557799999994],[-51.3190354,-21.2980434],[-51.3208619,-21.299136099999995],[-51.3241495,-21.293440300000004],[-51.326478400000006,-21.295079999999995],[-51.325357,-21.2916894],[-51.334685799999995,-21.292656099999995],[-51.3388276,-21.288361300000002],[-51.33911040000001,-21.2901621],[-51.3373491,-21.291840799999996],[-51.33789219999999,-21.293348000000005],[-51.34153950000001,-21.2920216],[-51.34329600000001,-21.2879086],[-51.3467492,-21.28799289999999],[-51.345922200000004,-21.2916092],[-51.3478448,-21.29210109999999],[-51.34933300000001,-21.29138039999999],[-51.3488116,-21.2887324],[-51.349700600000006,-21.28786930000001],[-51.352796700000006,-21.28924239999999],[-51.3580697,-21.288347599999994],[-51.358927800000004,-21.28623179999999],[-51.360542,-21.285849900000006],[-51.362604999999995,-21.2868242],[-51.36212439999999,-21.289565600000003],[-51.365339,-21.288840899999997],[-51.368726800000005,-21.29021379999999],[-51.3747977,-21.2852186],[-51.3772065,-21.285252300000007],[-51.3816001,-21.28289360000001],[-51.38534829999999,-21.284356500000005],[-51.3925495,-21.2799062],[-51.3926952,-21.277100299999994],[-51.394041800000004,-21.275661699999997],[-51.397551500000006,-21.276136300000008],[-51.39802160000001,-21.2749347],[-51.3955311,-21.274046199999997],[-51.395384500000006,-21.272748599999993],[-51.4017045,-21.272550999999996],[-51.4019788,-21.27103659999999],[-51.3978695,-21.2701329],[-51.3994479,-21.2669321],[-51.40289729999999,-21.265801700000004],[-51.40492400000001,-21.268758999999996],[-51.407667200000006,-21.263963299999997],[-51.4151947,-21.262600899999992],[-51.4204063,-21.259508300000004],[-51.4226378,-21.256122999999995],[-51.4252046,-21.258021700000008],[-51.4309863,-21.254849099999998],[-51.4313018,-21.2532563],[-51.42919390000001,-21.251173800000004],[-51.43280910000001,-21.249833599999988],[-51.435307400000006,-21.24573429999999],[-51.4435633,-21.2432777],[-51.446585,-21.2436743],[-51.44822200000001,-21.241882199999996],[-51.4517905,-21.241358500000015],[-51.454504,-21.238824899999994],[-51.45941200000001,-21.2371413],[-51.4632933,-21.236504399999998],[-51.4673896,-21.237800800000002],[-51.4712756,-21.234342200000004],[-51.471710599999994,-21.235450200000006],[-51.46996560000001,-21.2382084],[-51.47142819999999,-21.238569699999992],[-51.4744116,-21.235729699999997],[-51.478948,-21.235429799999988],[-51.4798269,-21.231747399999986],[-51.48669290000001,-21.233110999999994],[-51.4895533,-21.231080100000007],[-51.49273860000001,-21.230509699999995],[-51.49637950000001,-21.2265589],[-51.4942238,-21.2236866],[-51.4948896,-21.220298900000003],[-51.498144,-21.219662999999994],[-51.5018367,-21.221074399999985],[-51.5032952,-21.220234899999998],[-51.5044947,-21.216929900000004],[-51.5078095,-21.21770290000001],[-51.5097389,-21.216801300000007],[-51.51194640000001,-21.210709100000003],[-51.5181052,-21.20901999999999],[-51.5186599,-21.2044642],[-51.5230098,-21.20287179999999],[-51.5240126,-21.199188799999995],[-51.5305464,-21.197485099999994],[-51.5311106,-21.1956956],[-51.5328767,-21.195416000000005],[-51.5357919,-21.1973903],[-51.53570150000001,-21.199321799999993],[-51.5336164,-21.199928699999994],[-51.5355954,-21.200783700000006],[-51.53850849999999,-21.198269],[-51.5379635,-21.193807900000003],[-51.5405387,-21.194086700000007],[-51.5413556,-21.196785300000005],[-51.5441592,-21.194845000000004],[-51.5430206,-21.1916777],[-51.55219780000001,-21.190055999999984],[-51.555599300000004,-21.190870299999993],[-51.56460930000001,-21.1901455],[-51.5629542,-21.186640799999996],[-51.5647578,-21.1852646],[-51.5685362,-21.187326800000008],[-51.570461,-21.184932300000003],[-51.5710849,-21.18698760000001],[-51.5737536,-21.187283],[-51.5738862,-21.189187799999996],[-51.576182,-21.189192999999996],[-51.575849,-21.185853599999998],[-51.57779000000001,-21.184059200000004],[-51.5757044,-21.180843200000012],[-51.58438780000001,-21.1777208],[-51.5934459,-21.170995],[-51.5951258,-21.166070499999996],[-51.5935507,-21.162369200000008],[-51.59595780000001,-21.159020200000004],[-51.5904848,-21.153989299999992],[-51.5903093,-21.151836900000006],[-51.59145120000001,-21.1486358],[-51.6008366,-21.144257399999994],[-51.6035467,-21.143699699999996],[-51.6043163,-21.14481919999999],[-51.6016347,-21.14900449999999],[-51.6136783,-21.141653700000003],[-51.615516,-21.142064599999994],[-51.61683469999999,-21.144774000000005],[-51.61917269999999,-21.14505260000001],[-51.61943410000001,-21.147713699999994],[-51.6275231,-21.1461636],[-51.629226800000005,-21.149413099999993],[-51.6334569,-21.1523142],[-51.638139,-21.151695899999996],[-51.63800090000001,-21.160047800000005],[-51.64188140000001,-21.165549599999988],[-51.6537841,-21.167458100000005],[-51.65875979999999,-21.1695527],[-51.66085220000001,-21.1661323],[-51.67231410000001,-21.160498900000007],[-51.6718892,-21.1588042],[-51.6681595,-21.15845360000001],[-51.6674569,-21.156864399999993],[-51.6743961,-21.153313700000005],[-51.6714247,-21.150726499999994],[-51.6721517,-21.149173],[-51.673959800000006,-21.14911359999999],[-51.67677990000001,-21.151399],[-51.68138780000001,-21.149162199999992],[-51.6855359,-21.1497979],[-51.6875221,-21.146162200000006],[-51.6906032,-21.1446882],[-51.690634599999996,-21.139468500000003],[-51.691929,-21.13664460000001],[-51.6900549,-21.1344079],[-51.6948905,-21.131859],[-51.6911906,-21.127382899999994],[-51.6928116,-21.123044],[-51.68792069999999,-21.122525600000007],[-51.6913138,-21.119445300000006],[-51.6907559,-21.11609399999999],[-51.7014535,-21.10781850000001],[-51.7015148,-21.10618480000001],[-51.69784529999999,-21.103563999999995],[-51.698694599999996,-21.100807199999995],[-51.697598,-21.09824099999999],[-51.6944604,-21.09630960000001],[-51.697849,-21.095408399999993],[-51.6994977,-21.088198500000004],[-51.7019579,-21.0909809],[-51.7032891,-21.087269399999997],[-51.706065900000006,-21.0893588],[-51.70843490000001,-21.08753510000001],[-51.7064269,-21.0863038],[-51.706844800000006,-21.083535699999995],[-51.70823360000001,-21.083203699999995],[-51.7102425,-21.084643699999983],[-51.71371210000001,-21.083298199999994],[-51.71364419999999,-21.080727799999995],[-51.71110800000001,-21.079511800000002],[-51.7142765,-21.079224499999995],[-51.7146269,-21.0769003],[-51.7184723,-21.075709600000007],[-51.7167911,-21.073015599999998],[-51.719457999999996,-21.069624600000004],[-51.7222232,-21.072222699999998],[-51.72582100000001,-21.068749399999987],[-51.728613800000005,-21.074139700000007],[-51.729957600000006,-21.070310600000006],[-51.7314829,-21.069508000000003],[-51.7342349,-21.071473099999988],[-51.7366931,-21.071690800000002],[-51.7363405,-21.073492999999992],[-51.7375125,-21.07433609999999],[-51.7387051,-21.070912100000008],[-51.7413205,-21.0712661],[-51.739878600000004,-21.069249800000005],[-51.7408913,-21.068814800000002],[-51.743423299999996,-21.069182099999995],[-51.7445833,-21.06759809999999],[-51.7449759,-21.0698124],[-51.7476826,-21.0702073],[-51.74777240000001,-21.068719400000003],[-51.7456899,-21.066484099999997],[-51.7490301,-21.06639600000001],[-51.753134499999994,-21.064195700000006],[-51.7537103,-21.063525699999996],[-51.7515615,-21.061943299999992],[-51.7521675,-21.0608184],[-51.7545917,-21.061877600000003],[-51.7556684,-21.065919],[-51.761857799999994,-21.064267499999993],[-51.7611769,-21.055498],[-51.7651226,-21.055175600000013],[-51.7640065,-21.059826],[-51.76716729999999,-21.058141499999994],[-51.767574999999994,-21.05562099999999],[-51.765992700000005,-21.051361399999994],[-51.7724764,-21.051121300000002],[-51.7712582,-21.042660600000005],[-51.768482299999995,-21.036522099999996],[-51.7596476,-21.022196799999996],[-51.75239680000001,-21.01326299999999],[-51.746876400000005,-21.009071199999994],[-51.7379211,-20.995250700000003],[-51.72223040000001,-20.976768000000003],[-51.7136957,-20.971458],[-51.70568300000001,-20.970356399999996],[-51.696435900000004,-20.970479800000003],[-51.685621899999994,-20.973019199999996],[-51.67872640000001,-20.972944399999992],[-51.659646300000006,-20.968503499999994],[-51.64427570000001,-20.95552419999999],[-51.6328382,-20.951722899999996],[-51.6281707,-20.949029599999996],[-51.623587300000004,-20.944432899999995],[-51.62093170000001,-20.939365599999995],[-51.618998500000004,-20.9325906],[-51.6176192,-20.910614099999997],[-51.613677,-20.8963192],[-51.6134777,-20.890078399999986],[-51.6150883,-20.886085999999995],[-51.6266795,-20.8724955],[-51.62970150000001,-20.861452899999993],[-51.6329772,-20.82155819999999],[-51.6261492,-20.796265699999996],[-51.6278648,-20.789024899999998],[-51.6274829,-20.784696899999997],[-51.6223984,-20.776871999999997],[-51.6245322,-20.771797099999997],[-51.6326685,-20.7611254],[-51.6348992,-20.754848399999997],[-51.6315036,-20.736835299999996],[-51.62428750000001,-20.712518700000007],[-51.6114674,-20.685623300000003],[-51.603296,-20.661695500000008],[-51.5941482,-20.643847700000002],[-51.5883103,-20.6356507],[-51.5775049,-20.625172499999998],[-51.5522924,-20.608336499999982],[-51.5330051,-20.596993899999998],[-51.500222300000004,-20.568216299999985],[-51.4928561,-20.54650629999999],[-51.4661474,-20.508246699999994],[-51.46378270000001,-20.5014527],[-51.45661170000001,-20.4956598],[-51.449229100000004,-20.482815399999996],[-51.4353913,-20.4733253],[-51.4233065,-20.467966000000008],[-51.40927959999999,-20.4595706],[-51.3989579,-20.445761100000002],[-51.37511550000001,-20.396527000000006],[-51.361224400000005,-20.3845403],[-51.350868600000005,-20.363179400000007],[-51.3427054,-20.3546601],[-51.321445000000004,-20.339619199999994],[-51.2956845,-20.328482099999988],[-51.2708171,-20.32303039999999],[-51.2399055,-20.316935900000008],[-51.178059700000006,-20.309285600000003],[-51.1607664,-20.30522409999999],[-51.1324143,-20.295531500000006],[-51.117583,-20.286944600000005],[-51.1093896,-20.2800922],[-51.104648,-20.28639199999999],[-51.094401999999995,-20.285406999999992],[-51.092991,-20.289901000000004],[-51.0882695,-20.2940748],[-51.088242,-20.296038000000006],[-51.085996,-20.298439999999996],[-51.085541,-20.301976999999997],[-51.0826315,-20.306639400000005],[-51.08335999999999,-20.31085199999999],[-51.08062000000001,-20.318061999999998],[-51.08060929999999,-20.324216499999995],[-51.079238000000004,-20.327730000000003],[-51.06762100000001,-20.339693999999998],[-51.063919999999996,-20.341768999999992],[-51.062086,-20.346977999999993],[-51.056806,-20.352341000000003],[-51.05444850000001,-20.358626199999996],[-51.0496304,-20.36346049999999],[-51.0385668,-20.370924800000004],[-51.130625,-20.416919999999994],[-51.134996,-20.422973],[-51.156771,-20.435259],[-51.16505829999999,-20.434119299999992],[-51.17254179999999,-20.4354765],[-51.1789132,-20.434229599999995],[-51.183203,-20.43610300000001],[-51.1936469,-20.437970500000002],[-51.1971995,-20.437550100000006],[-51.202939,-20.439230999999996],[-51.204634,-20.442239999999995],[-51.212859,-20.447219999999987],[-51.219846,-20.454129999999996],[-51.226665,-20.456871000000003],[-51.23138060000001,-20.457213099999997],[-51.2304211,-20.459407100000004],[-51.221987799999994,-20.46471190000001],[-51.2169005,-20.470530599999996],[-51.20870899999999,-20.4755377],[-51.2067464,-20.478396200000013],[-51.204524000000006,-20.486817299999995],[-51.20058680000001,-20.4909106],[-51.1893666,-20.49646960000001],[-51.1790604,-20.496338799999993],[-51.1747006,-20.499284799999998],[-51.1736135,-20.503671200000003],[-51.171364399999995,-20.504438699999998],[-51.16941859999999,-20.50294419999999],[-51.16541620000001,-20.502961099999997],[-51.1611382,-20.5089275],[-51.1540328,-20.508422299999996],[-51.1504982,-20.512894499999998],[-51.149918,-20.51879850000001],[-51.13841790000001,-20.52100160000001],[-51.134165,-20.527131900000004],[-51.1251095,-20.527230300000006],[-51.11996959999999,-20.530133899999996],[-51.11039890000001,-20.52507309999999],[-51.1068289,-20.527118799999997],[-51.1013817,-20.538175399999993],[-51.0951988,-20.54180659999999],[-51.0827338,-20.545841800000005],[-51.0774924,-20.544756199999988],[-51.0741123,-20.542785199999997],[-51.0721109,-20.543527399999995],[-51.0706071,-20.551977000000008],[-51.0669968,-20.55519790000001],[-51.05959059999999,-20.553976100000007],[-51.0546949,-20.5509333],[-51.0471196,-20.552161700000003],[-51.0329382,-20.558934999999995],[-51.0304138,-20.5590563],[-51.0266267,-20.5557123],[-51.0220698,-20.55396],[-51.0142167,-20.554581499999998],[-51.00782290000001,-20.551298500000005],[-51.0044156,-20.554895999999996],[-50.999816,-20.555965900000004],[-50.99794369999999,-20.555099900000002],[-50.9955528,-20.550592300000016],[-50.9921598,-20.549590699999992],[-50.9884336,-20.5467368],[-50.98616520000001,-20.548567900000005],[-50.9803307,-20.563278299999997],[-50.9781062,-20.565108600000002],[-50.9767985,-20.56324740000001],[-50.9768644,-20.555952899999998],[-50.974475,-20.552773199999997],[-50.9692504,-20.5501986],[-50.964695299999995,-20.549484900000007],[-50.9603133,-20.557117299999998],[-50.9576659,-20.55797940000001],[-50.95373310000001,-20.557092099999995],[-50.9468025,-20.5510706],[-50.9406641,-20.551656900000008],[-50.936487299999996,-20.5548187],[-50.931571100000006,-20.554758300000003],[-50.9276463,-20.552840299999996],[-50.926714,-20.5473397],[-50.9244468,-20.545293800000003],[-50.9224947,-20.546021199999988],[-50.92149589999999,-20.549809599999993],[-50.9170563,-20.550418000000015],[-50.9154372,-20.548372299999997],[-50.9153217,-20.54349790000001],[-50.913000399999994,-20.5408666],[-50.9025091,-20.538910400000006],[-50.893468,-20.544218299999997],[-50.8935168,-20.546408],[-50.8965057,-20.54943259999999],[-50.8947622,-20.5534515],[-50.897411500000004,-20.555443299999997],[-50.89641400000001,-20.557528600000005],[-50.8918153,-20.559063099999992],[-50.88722260000001,-20.558840100000005],[-50.8843115,-20.5563679],[-50.8843034,-20.549247199999993],[-50.87848019999999,-20.549853499999998],[-50.8818879,-20.543026799999996],[-50.877460500000005,-20.538514299999992],[-50.86827170000001,-20.545345700000006],[-50.860375700000006,-20.544868600000015],[-50.8548142,-20.54287179999999],[-50.8489762,-20.548469299999994],[-50.8471061,-20.547030799999998],[-50.8468043,-20.541065800000005],[-50.844460999999995,-20.535830400000002],[-50.8412619,-20.533345200000007],[-50.8320727,-20.532213700000007],[-50.82360340000001,-20.532674699999998],[-50.8190489,-20.533078999999987],[-50.8178804,-20.534840599999992],[-50.8132414,-20.531079399999996],[-50.807715200000004,-20.53530359999999],[-50.8064082,-20.541331699999997],[-50.81034819999999,-20.542438999999998],[-50.8078346,-20.5467675],[-50.8038828,-20.545116800000006],[-50.79955950000001,-20.5414564],[-50.7967567,-20.5442865],[-50.7905759,-20.54586089999999],[-50.7880177,-20.541861200000003],[-50.77914210000001,-20.545436200000005],[-50.7743219,-20.545635199999996],[-50.7693504,-20.5441677],[-50.76837019999999,-20.5481464],[-50.7702804,-20.5523327],[-50.7648312,-20.552983500000003],[-50.760417,-20.551613],[-50.7559481,-20.548419099999997],[-50.755805,-20.541681400000005],[-50.75435430000001,-20.539041100000006],[-50.747763,-20.5426296],[-50.73853,-20.5447874],[-50.7388636,-20.54091830000001],[-50.7372526,-20.536099400000005],[-50.7352461,-20.534000000000002],[-50.7293518,-20.533137199999995],[-50.73044920000001,-20.53112979999999],[-50.72499299999999,-20.526853400000004],[-50.720447,-20.52665080000001],[-50.717429200000005,-20.528186200000004],[-50.7127564,-20.5275023],[-50.7098839,-20.532343999999988],[-50.705700199999995,-20.534448299999994],[-50.70224279999999,-20.532173199999995],[-50.6994194,-20.532018100000005],[-50.69582830000001,-20.52887099999999],[-50.6934306,-20.531301299999996],[-50.691844800000005,-20.53851180000001],[-50.68795070000001,-20.535281399999995],[-50.6910092,-20.533566199999996],[-50.6884712,-20.533306899999992],[-50.6900647,-20.5272904],[-50.6891151,-20.5235468],[-50.68309120000001,-20.524512699999992],[-50.6836871,-20.527139],[-50.68217980000001,-20.529425099999994],[-50.679306999999994,-20.53009610000001],[-50.68001279999999,-20.528211400000007],[-50.6788256,-20.527608099999995],[-50.67321110000001,-20.5310314],[-50.665377,-20.531655200000007],[-50.6613902,-20.527387099999984],[-50.6625732,-20.522580499999993],[-50.6619802,-20.520227499999994],[-50.6579913,-20.517108999999987],[-50.64976620000001,-20.514598000000007],[-50.6499307,-20.512404299999996],[-50.64746149999999,-20.511016700000003],[-50.6484527,-20.509263600000004],[-50.6478298,-20.506877299999992],[-50.64625699999999,-20.507618],[-50.64461670000001,-20.506540199999996],[-50.641872400000004,-20.506887700000007],[-50.639371000000004,-20.5091216],[-50.6371876,-20.508343200000002],[-50.6361248,-20.510842200000003],[-50.63687230000001,-20.5135496],[-50.634077000000005,-20.5151893],[-50.6342875,-20.5138748],[-50.6318285,-20.51495160000001],[-50.6293191,-20.5104379],[-50.6279703,-20.510374900000006],[-50.627355300000005,-20.50792409999999],[-50.6249217,-20.508061599999994],[-50.6206816,-20.512723699999984],[-50.6167125,-20.514345199999994],[-50.6171053,-20.515530300000005],[-50.61327060000001,-20.51925],[-50.6096136,-20.520111799999995],[-50.60424050000001,-20.5184182],[-50.6027568,-20.519058199999993],[-50.6045899,-20.521365100000004],[-50.6007306,-20.52240889999998],[-50.600646600000005,-20.5242853],[-50.59736339999999,-20.522189100000002],[-50.59172829999999,-20.52277539999999],[-50.5893509,-20.518025400000003],[-50.5860686,-20.51513010000001],[-50.5861163,-20.517615699999986],[-50.5833514,-20.5156572],[-50.583350700000004,-20.5187933],[-50.5802812,-20.517572400000002],[-50.5733435,-20.5178406],[-50.5738836,-20.5189531],[-50.5706321,-20.519032799999994],[-50.57141229999999,-20.52028479999999],[-50.569826400000004,-20.521333499999994],[-50.5684558,-20.520321300000003],[-50.5656909,-20.52119170000001],[-50.556816299999994,-20.528406300000007],[-50.5542862,-20.528516800000006],[-50.5529574,-20.5264665],[-50.5548665,-20.52375929999999],[-50.55149360000001,-20.522851499999994],[-50.551475399999994,-20.521096999999997],[-50.5489663,-20.519372600000008],[-50.547420200000005,-20.5198783],[-50.5491822,-20.509255799999984],[-50.54768620000001,-20.50608660000001],[-50.5447684,-20.5036227],[-50.536950999999995,-20.505042099999997],[-50.532409900000005,-20.508334199999993],[-50.5276672,-20.508957300000006],[-50.5214044,-20.5068714],[-50.518893500000004,-20.50092120000001],[-50.513604300000004,-20.502704799999993],[-50.510292299999996,-20.5023739],[-50.507102399999994,-20.500288699999995],[-50.5053155,-20.4968191],[-50.5009047,-20.4998616],[-50.4975441,-20.496188199999985],[-50.4951233,-20.497642199999994],[-50.4929347,-20.496481799999994],[-50.4923105,-20.4975326],[-50.4938663,-20.498655599999996],[-50.4919389,-20.4996661],[-50.48788329999999,-20.4972528],[-50.4868526,-20.494592500000003],[-50.48431000000001,-20.49279029999999],[-50.48299479999999,-20.49283209999999],[-50.480092400000004,-20.49596869999999],[-50.476182599999994,-20.4941294],[-50.472191,-20.49413560000001],[-50.4717079,-20.492476500000002],[-50.4669037,-20.48908629999999],[-50.466358299999996,-20.489777299999997],[-50.4615991,-20.4874471],[-50.4509548,-20.485942599999998],[-50.448235600000004,-20.486922100000008],[-50.4493384,-20.491907099999988],[-50.4485903,-20.50097799999999],[-50.451561,-20.5138678],[-50.45091390000001,-20.52021959999999],[-50.4535342,-20.526777],[-50.4587408,-20.5314728],[-50.4586503,-20.5330372],[-50.4564415,-20.534331200000004],[-50.4543924,-20.5316452],[-50.4500127,-20.53091909999999],[-50.4455703,-20.538220399999993],[-50.44237720000001,-20.537217899999995],[-50.44069519999999,-20.538806099999995],[-50.436745,-20.538851800000003],[-50.43534040000001,-20.536719999999992],[-50.4321463,-20.5358543],[-50.42908190000001,-20.5376937],[-50.426110300000005,-20.541682499999997],[-50.42499509999999,-20.546301300000003],[-50.42288030000001,-20.548185999999998],[-50.4206011,-20.547658499999997],[-50.4156469,-20.550404999999994],[-50.4126601,-20.556191800000004],[-50.414077500000005,-20.5610359],[-50.41129660000001,-20.5616186],[-50.4053844,-20.566385800000006],[-50.4010743,-20.565677200000003],[-50.395910300000004,-20.568268899999993],[-50.38823490000001,-20.569075200000007],[-50.3810989,-20.566747299999996],[-50.36897590000001,-20.5705562],[-50.36587819999999,-20.56905700000001],[-50.3524699,-20.5693351],[-50.34719170000001,-20.568081200000012],[-50.34579060000001,-20.569716700000008],[-50.3429216,-20.57038399999999],[-50.3385251,-20.569250500000003],[-50.3369566,-20.5666408],[-50.33278309999999,-20.5663019],[-50.3283004,-20.564295399999995],[-50.32636999999999,-20.565545300000007],[-50.3246402,-20.57059700000001],[-50.3151788,-20.571369600000008],[-50.3091111,-20.573472599999995],[-50.305329,-20.576948900000005],[-50.298267100000004,-20.578655099999995],[-50.2952772,-20.582351300000006],[-50.290843100000004,-20.583895599999995],[-50.289310900000004,-20.583379600000008],[-50.2858821,-20.58602589999999],[-50.2753174,-20.57584960000001],[-50.2736511,-20.5690548],[-50.2769589,-20.56829979999999],[-50.2799504,-20.5584792],[-50.2837254,-20.5539501],[-50.283725800000006,-20.54866459999999],[-50.2811372,-20.541561499999997],[-50.28148469999999,-20.535564700000005],[-50.2777149,-20.526358499999994],[-50.2721769,-20.52292840000001],[-50.2712741,-20.52096560000001],[-50.272996899999995,-20.513036900000003],[-50.2775979,-20.5086841],[-50.2796437,-20.50502240000001],[-50.2782032,-20.5005105],[-50.2804139,-20.490291499999994],[-50.2789034,-20.486074000000002],[-50.283514100000005,-20.478804999999994],[-50.2825669,-20.47565039999999],[-50.2851772,-20.469783900000003],[-50.2824326,-20.46782089999999],[-50.28058579999999,-20.4679741],[-50.28169170000001,-20.467013699999995],[-50.277953,-20.467012799999985],[-50.2772943,-20.46855250000001],[-50.2696986,-20.472634699999997],[-50.2651354,-20.47103080000001],[-50.263562300000004,-20.473962799999995],[-50.2609999,-20.474514700000007],[-50.26034789999999,-20.479453500000005],[-50.255439900000006,-20.478950099999995],[-50.25099720000001,-20.475305300000002],[-50.2476287,-20.4757074],[-50.246366900000005,-20.47703910000001],[-50.24845429999999,-20.481390799999993],[-50.2463155,-20.490866199999992],[-50.241009500000004,-20.487634000000007],[-50.2408983,-20.489738799999998],[-50.23914340000001,-20.49007469999999],[-50.237503999999994,-20.492150799999997],[-50.2334772,-20.492250099999993],[-50.2293333,-20.4940373],[-50.2305535,-20.49669619999999],[-50.2261912,-20.495594899999986],[-50.2251641,-20.4915845],[-50.2188843,-20.486176299999993],[-50.21664229999999,-20.4862028],[-50.2167223,-20.484192899999993],[-50.2194579,-20.48473879999999],[-50.2198653,-20.48394389999999],[-50.21870319999999,-20.48212579999999],[-50.216924,-20.482665999999995],[-50.2177151,-20.481163700000003],[-50.2165488,-20.480171699999996],[-50.2145804,-20.481303100000012],[-50.2154953,-20.479874499999994],[-50.2137041,-20.47972749999999],[-50.2134159,-20.476926500000005],[-50.2104064,-20.4783895],[-50.209654500000006,-20.476770600000002],[-50.2028744,-20.48135209999999],[-50.2014206,-20.486477000000004],[-50.1976183,-20.486686099999996],[-50.19182370000001,-20.483654899999998],[-50.19045979999999,-20.484869300000003],[-50.190843,-20.488723399999998],[-50.1897776,-20.4904867],[-50.1860125,-20.48824760000002],[-50.1839099,-20.4912275],[-50.1768319,-20.4923083],[-50.1768831,-20.499622600000002],[-50.174905800000005,-20.500892400000005],[-50.1709295,-20.4987682],[-50.16780740000001,-20.500822],[-50.16631360000001,-20.50352869999999],[-50.166227899999996,-20.507393199999996],[-50.16913610000001,-20.511953899999998],[-50.16809670000001,-20.513023499999996],[-50.16068810000001,-20.513126700000008],[-50.1598114,-20.506017299999993],[-50.1570661,-20.5029631],[-50.153614600000004,-20.505243899999996],[-50.1498314,-20.50086649999999],[-50.147194600000006,-20.50069269999999],[-50.1460712,-20.503800099999996],[-50.1411583,-20.505069800000005],[-50.141707200000006,-20.511059399999997],[-50.143396,-20.511477399999997],[-50.14164840000001,-20.513062800000004],[-50.1382522,-20.52109160000001],[-50.14004340000001,-20.524583099999994],[-50.138455099999995,-20.534889399999994],[-50.14108650000001,-20.540674600000003],[-50.1471587,-20.542257600000006],[-50.1515091,-20.546139400000005],[-50.1523729,-20.548877199999996],[-50.1515828,-20.5526505],[-50.160007799999995,-20.561817199999993],[-50.1591283,-20.565795900000005],[-50.1605952,-20.570581399999995],[-50.1564514,-20.57312080000001],[-50.1596613,-20.576649999999997],[-50.1581944,-20.579520099999996],[-50.16235540000001,-20.589174],[-50.1604602,-20.590830899999993],[-50.1590381,-20.59787419999999],[-50.164623,-20.601423499999996],[-50.165730599999996,-20.606236099999993],[-50.171645100000006,-20.616685299999993],[-50.17522460000001,-20.620254999999993],[-50.182354,-20.622753299999992],[-50.1837112,-20.6247472],[-50.1847784,-20.628860900000003],[-50.1827867,-20.6337495],[-50.1889485,-20.6400928],[-50.1893706,-20.642682900000004],[-50.194002700000006,-20.648417100000003],[-50.1927301,-20.653223299999993],[-50.190082,-20.65683319999999],[-50.191344,-20.659189299999998],[-50.195534499999994,-20.66163330000001],[-50.1975042,-20.67088250000001],[-50.2016354,-20.673911299999983],[-50.20724390000001,-20.675604399999987],[-50.2118788,-20.6800138],[-50.2091491,-20.689406],[-50.209864399999994,-20.69122069999999],[-50.2132811,-20.6935113],[-50.2129956,-20.70349099999999],[-50.21613959999999,-20.711744200000005],[-50.21857380000001,-20.714644399999994],[-50.225292,-20.71575829999999],[-50.2306422,-20.718798800000002],[-50.2396975,-20.730266800000003],[-50.24652150000001,-20.733392300000002],[-50.2505033,-20.736737100000003],[-50.2465717,-20.73800959999999],[-50.2385604,-20.745403399999997],[-50.2356768,-20.753671800000003],[-50.2337907,-20.7525755],[-50.23142789999999,-20.74614659999999],[-50.226699,-20.739091399999996],[-50.2222753,-20.7455439],[-50.219891,-20.7469506],[-50.21856890000001,-20.7547244],[-50.21598699999999,-20.7550356],[-50.213618600000004,-20.753484],[-50.211195,-20.749105900000004],[-50.2090721,-20.749538],[-50.20447130000001,-20.747196799999998],[-50.2008753,-20.746963299999997],[-50.1977119,-20.748831299999996],[-50.1924812,-20.749439799999998],[-50.188012300000004,-20.745715200000006],[-50.1774637,-20.744525600000003],[-50.170895,-20.7480749],[-50.1657281,-20.7541448],[-50.16601930000001,-20.761213400000013],[-50.1691501,-20.76744269999999],[-50.1687523,-20.771899099999985],[-50.16089970000001,-20.774230899999996],[-50.1567055,-20.777376999999998],[-50.149291000000005,-20.7794213],[-50.145536,-20.781906100000004],[-50.1373797,-20.7727731],[-50.1335948,-20.771040699999993],[-50.1259612,-20.773049300000004],[-50.12260139999999,-20.7723884],[-50.1165439,-20.764681400000004],[-50.1140653,-20.763454200000005],[-50.1150875,-20.766826999999992],[-50.1112593,-20.773170300000004],[-50.1101802,-20.778688400000004],[-50.113829,-20.780439499999993],[-50.11614840000001,-20.785232300000008],[-50.115412000000006,-20.7878026],[-50.1165913,-20.790146500000002],[-50.1155415,-20.7926096],[-50.117104100000006,-20.795890899999993],[-50.1204062,-20.798335899999994],[-50.12363369999999,-20.804377800000005],[-50.1252801,-20.804581699999993],[-50.1267598,-20.807025199999995],[-50.1229695,-20.813841999999994],[-50.1248012,-20.81556049999999],[-50.124512300000006,-20.818400500000003],[-50.1271109,-20.818765699999997],[-50.1255785,-20.81999259999999],[-50.1249589,-20.82291179999999],[-50.12040220000001,-20.825004399999994],[-50.1212881,-20.831116100000003],[-50.1151485,-20.827588900000006],[-50.111004799999996,-20.827994600000007],[-50.10226049999999,-20.817331700000004],[-50.09277339999999,-20.810961599999985],[-50.085312800000004,-20.8107115],[-50.0807199,-20.812225299999994],[-50.0681612,-20.825198599999997],[-50.063448400000006,-20.81866299999999],[-50.0513888,-20.8190236],[-50.04270230000001,-20.822603299999994],[-50.03038839999999,-20.818060899999992],[-50.0288639,-20.8186649],[-50.0258172,-20.823477499999996],[-50.0241431,-20.82395619999999],[-50.0263566,-20.828222299999993],[-50.02617370000001,-20.830062799999997],[-50.02432540000001,-20.831276900000006],[-50.0258094,-20.834747199999995],[-50.023822700000004,-20.838042500000007],[-50.0249596,-20.838554700000003],[-50.0250044,-20.844453999999992],[-50.029661600000004,-20.848638799999996],[-50.0279413,-20.851521899999995],[-50.0296128,-20.852434300000002],[-50.02929120000001,-20.8583404],[-50.0326075,-20.861446500000007],[-50.0353023,-20.86182790000001],[-50.034000400000004,-20.866453700000008],[-50.03236960000001,-20.86768],[-50.03288620000001,-20.871396599999994],[-50.0295953,-20.874917800000002],[-50.0312055,-20.89033709999999],[-50.0361261,-20.898009100000003],[-50.0373975,-20.903990899999986],[-50.0361321,-20.908160299999984],[-50.0387772,-20.911342900000008],[-50.041976600000005,-20.911912799999993],[-50.03857820000001,-20.919417499999998],[-50.0424202,-20.924118000000007],[-50.0456788,-20.923619999999996],[-50.0480673,-20.927322199999995],[-50.0502512,-20.9275051],[-50.0484153,-20.93106189999999],[-50.0506798,-20.931474],[-50.0511814,-20.933867600000003],[-50.04663500000001,-20.940329800000008],[-50.0366844,-20.94381850000001],[-50.0357928,-20.93980829999999],[-50.0337979,-20.937883999999997],[-50.032655000000005,-20.933559599999995],[-50.03154920000001,-20.9333744],[-50.02397340000001,-20.940417399999998],[-50.022374,-20.943581699999992],[-50.0272786,-20.95989370000001],[-50.02698790000001,-20.9620101],[-50.0293085,-20.965956200000008],[-50.0299028,-20.969708000000004],[-50.03273620000001,-20.97329009999999],[-50.03292170000001,-20.978390099999995],[-50.03982719999999,-20.981507699999998],[-50.0438293,-20.991310699999993],[-50.0465397,-20.991702599999996],[-50.0550375,-20.997333199999996],[-50.00563559999999,-21.029929299999992],[-49.9959501,-21.03280150000001],[-49.99213700000001,-21.039499599999996],[-49.9863065,-21.043102],[-49.98464250000001,-21.046688699999994],[-49.9850296,-21.060188600000007],[-49.9819006,-21.06383629999999],[-49.9806776,-21.087313299999995],[-49.9850402,-21.09472790000001],[-49.990081200000006,-21.098269199999997],[-49.9969295,-21.098973299999994],[-49.960073,-21.13311519999999],[-49.9616146,-21.133426400000005],[-49.9618703,-21.134681999999998],[-49.9603923,-21.135490999999995],[-49.95961379999999,-21.134386500000005],[-49.958495,-21.139033299999998],[-49.9591947,-21.139461000000004],[-49.9597896,-21.137874500000002],[-49.961229100000004,-21.139513899999997],[-49.95993949999999,-21.141822700000002],[-49.9625864,-21.144758299999992],[-49.963156600000005,-21.149093600000004],[-49.9646448,-21.150953499999986],[-49.9626674,-21.153969799999995],[-49.9646123,-21.15563379999999],[-49.9655424,-21.159622700000003],[-49.9638174,-21.15932699999999],[-49.9644361,-21.160407200000005],[-49.9632302,-21.161110599999997],[-49.9683552,-21.1685061],[-49.9737808,-21.169516799999993],[-49.974226800000004,-21.175339999999995],[-49.978148,-21.1790116],[-49.9770121,-21.1839927],[-49.97912120000001,-21.1865022],[-49.978010000000005,-21.192851200000003],[-49.979904700000006,-21.196163599999984],[-49.9796138,-21.206255699999996],[-49.98208100000001,-21.214795900000002],[-49.981901500000006,-21.2217894],[-49.9833493,-21.22342090000001],[-49.9895111,-21.2249621],[-49.9915675,-21.226666100000003],[-49.9779859,-21.22974690000001],[-49.9620609,-21.227712199999992],[-49.9526572,-21.22923],[-49.94382920000001,-21.232232299999996],[-49.9366518,-21.232700099999988],[-49.9330434,-21.23135479999999],[-49.9282596,-21.2267755],[-49.923415600000006,-21.225687900000004],[-49.920392400000004,-21.22622889999999],[-49.9174463,-21.230265900000006],[-49.91509310000001,-21.23756510000001],[-49.91274030000001,-21.239572599999992],[-49.884669200000005,-21.248168400000004],[-49.8740323,-21.257602299999995],[-49.868912099999996,-21.2607268],[-49.8636667,-21.261837],[-49.8557555,-21.260496499999995],[-49.84765780000001,-21.271842099999994],[-49.8316287,-21.2749525],[-49.8331372,-21.277264499999994],[-49.8319166,-21.276807600000012],[-49.8322044,-21.27866930000001],[-49.8305851,-21.27898320000001],[-49.830589399999994,-21.280817000000006],[-49.8254927,-21.280277000000005],[-49.8290624,-21.281732899999994],[-49.8317876,-21.284571],[-49.8296418,-21.285695200000003],[-49.8291102,-21.289478500000005],[-49.825907099999995,-21.29177339999999],[-49.826217400000004,-21.293463799999994],[-49.8251015,-21.293086699999993],[-49.82316990000001,-21.295308800000004],[-49.82443489999999,-21.299940399999997],[-49.8180553,-21.303103899999996],[-49.8191445,-21.304166700000007],[-49.8174373,-21.30821699999999],[-49.81826079999999,-21.3126015],[-49.8166182,-21.31559709999999],[-49.8239847,-21.318477800000004],[-49.8228711,-21.3235445],[-49.825949,-21.3256829],[-49.8239765,-21.3303331],[-49.826699,-21.331609999999998],[-49.8273252,-21.3334048],[-49.826072,-21.336769199999992],[-49.8268862,-21.339268500000006],[-49.83298150000001,-21.337738900000012],[-49.8362623,-21.347459999999998],[-49.84026279999999,-21.349739400000004],[-49.839410300000004,-21.3508472],[-49.8414371,-21.352026799999997],[-49.8413708,-21.353299099999997],[-49.8452963,-21.357657899999996],[-49.8450435,-21.3598258],[-49.8464239,-21.360653000000003],[-49.848126,-21.36568719999999],[-49.8520091,-21.3690095],[-49.8557317,-21.367865999999996],[-49.8562007,-21.371843999999996],[-49.8570431,-21.371923999999996],[-49.8562553,-21.372746199999995],[-49.8577443,-21.372741499999993],[-49.8615499,-21.37714620000001],[-49.8613913,-21.38178209999999],[-49.8640532,-21.389951399999998],[-49.8685525,-21.3926257],[-49.8668062,-21.395722400000007],[-49.86698669999999,-21.3990192],[-49.86482710000001,-21.400899699999997],[-49.8611332,-21.409487099999993],[-49.8623347,-21.410865299999994],[-49.8634445,-21.41841039999999],[-49.8613518,-21.4229695],[-49.8632963,-21.424698100000004],[-49.8619653,-21.428322599999984],[-49.862757,-21.429317200000003],[-49.8611456,-21.430480099999997],[-49.866301,-21.436443499999992],[-49.86617150000001,-21.438622100000003],[-49.8647586,-21.43961489999999],[-49.869181,-21.440653799999993],[-49.8707993,-21.44271240000001],[-49.87010790000001,-21.446057699999997],[-49.8671135,-21.4484379],[-49.8704268,-21.4490142],[-49.8713426,-21.451753799999988],[-49.868506000000004,-21.454192800000012],[-49.8705411,-21.457032299999995],[-49.8698701,-21.45909839999999],[-49.868592,-21.459482100000006],[-49.870633700000006,-21.46147099999999],[-49.8722429,-21.46886109999999],[-49.876059,-21.468250400000002],[-49.886316599999994,-21.471205799999993],[-49.8897108,-21.46823320000001],[-49.8925222,-21.4707153],[-49.8914839,-21.475894800000003],[-49.893583899999996,-21.477866299999995],[-49.89350519999999,-21.481938100000008],[-49.8993911,-21.491552900000006],[-49.902998,-21.49453400000001],[-49.9055501,-21.5026022],[-49.90859729999999,-21.5044517],[-49.9108995,-21.5104603],[-49.9103416,-21.513489100000005],[-49.9115436,-21.519104799999994],[-49.9104771,-21.522570099999985],[-49.9080285,-21.52356670000001],[-49.9049096,-21.5221634],[-49.9026341,-21.522841499999995],[-49.90260860000001,-21.526568399999995],[-49.90877840000001,-21.538653799999988],[-49.90839590000001,-21.54381879999999],[-49.9096319,-21.5494976],[-49.9152826,-21.557443399999997],[-49.9183389,-21.555940500000005],[-49.9248074,-21.55646269999999],[-49.926169400000006,-21.555143699999995],[-49.9335047,-21.553848500000004],[-49.93727450000001,-21.5562562],[-49.9405275,-21.563518199999994],[-49.9448675,-21.566443499999988],[-49.9466346,-21.570100500000002],[-49.95028560000001,-21.57211110000001],[-49.9540759,-21.577034100000006],[-49.9634667,-21.579598200000003],[-49.96754750000001,-21.576503699999993],[-49.9746248,-21.578344099999992],[-49.9798771,-21.57825080000001],[-49.982758700000005,-21.580860599999998],[-49.9866446,-21.587863399999993],[-49.9932526,-21.590919699999997],[-49.9967107,-21.588782300000002],[-50.004329500000004,-21.587264699999988],[-50.01326670000001,-21.5900433],[-50.02189220000001,-21.5903124],[-50.0282063,-21.589234899999994],[-50.0318117,-21.592263400000004],[-50.0385409,-21.595341699999995],[-50.0424967,-21.60041679999999],[-50.0448072,-21.607914000000008],[-50.0481975,-21.60992830000001],[-50.0553045,-21.608632500000006],[-50.0583501,-21.603202199999995],[-50.0607405,-21.595954999999996],[-50.0574215,-21.59014260000001],[-50.05774149999999,-21.58699740000001],[-50.05859279999999,-21.584881599999996],[-50.0608534,-21.583941499999998],[-50.06110940000001,-21.589435399999992],[-50.0639851,-21.59139660000001],[-50.070828999999996,-21.59318449999999],[-50.0736655,-21.595959599999993],[-50.076414099999994,-21.60525029999999],[-50.079796699999996,-21.610321999999996],[-50.0879782,-21.6162177],[-50.0943535,-21.617699799999993],[-50.10011879999999,-21.620998599999997],[-50.1001248,-21.643493800000005],[-50.1033015,-21.6461053],[-50.1032632,-21.650547500000002],[-50.1049304,-21.652877500000002],[-50.1060441,-21.6599839],[-50.10739850000001,-21.661155200000003],[-50.108564,-21.667414400000006],[-50.10795670000001,-21.671060699999998],[-50.1096253,-21.67320230000001],[-50.10670580000001,-21.677432899999985],[-50.106014,-21.681051999999998],[-50.1069601,-21.683502100000002],[-50.1102491,-21.685106399999995],[-50.108996,-21.68588419999999],[-50.110629200000005,-21.686310400000004],[-50.110454600000004,-21.689925899999984],[-50.113385199999996,-21.690544599999992],[-50.1145425,-21.692235500000002],[-50.1165307,-21.691818599999998],[-50.1189703,-21.687939100000012],[-50.118354700000005,-21.686537699999995],[-50.1201452,-21.68498319999999],[-50.1238474,-21.68679029999998],[-50.1246698,-21.690065899999993],[-50.1260375,-21.689991399999997],[-50.1254744,-21.6890479],[-50.12717980000001,-21.690803400000007],[-50.1290283,-21.689209700000003],[-50.12867550000001,-21.690684099999988],[-50.1301149,-21.690411500000007],[-50.1303055,-21.691465399999995],[-50.1331455,-21.68846459999999],[-50.1350086,-21.68968059999999],[-50.13681530000001,-21.687532999999995],[-50.1390221,-21.687973799999998],[-50.14387589999999,-21.686577999999997],[-50.1475098,-21.682436000000003],[-50.15234970000001,-21.681489600000006],[-50.15491490000001,-21.6823716],[-50.1553819,-21.68105530000001],[-50.1594523,-21.6826605],[-50.1583658,-21.683298999999998],[-50.1598083,-21.683520999999992],[-50.159643900000006,-21.6854625],[-50.1625516,-21.685763500000004],[-50.1633853,-21.69123829999999],[-50.1654447,-21.692402499999996],[-50.16456070000001,-21.693951899999995],[-50.165987699999995,-21.693090100000006],[-50.165664,-21.694895000000002],[-50.1682558,-21.696229699999996],[-50.16812740000001,-21.693826700000006],[-50.1699795,-21.695113799999994],[-50.17292220000001,-21.695087599999994],[-50.1739112,-21.6923733],[-50.1731586,-21.6919913],[-50.17531660000001,-21.691439799999998],[-50.1761347,-21.689920600000008],[-50.183018,-21.693236200000015],[-50.1848954,-21.691998299999995],[-50.18588720000001,-21.692647200000003],[-50.186938700000006,-21.690444199999998],[-50.1898304,-21.68972230000001],[-50.19553940000001,-21.69187679999999],[-50.1973889,-21.6896875],[-50.199891,-21.690200499999992],[-50.2043618,-21.688749899999998],[-50.2030503,-21.688551900000004],[-50.206407,-21.686786700000003],[-50.2109003,-21.6892105],[-50.2093615,-21.6905628],[-50.2122176,-21.692365399999993],[-50.2104139,-21.69416629999999],[-50.2115756,-21.69657039999999],[-50.2136172,-21.696481699999996],[-50.2139622,-21.69540989999999],[-50.2167307,-21.697460700000008],[-50.220219500000006,-21.69737160000001],[-50.2228134,-21.699152399999996],[-50.2216058,-21.701778900000008],[-50.2235827,-21.700515599999992],[-50.2249906,-21.701125400000002],[-50.2248204,-21.700224899999995],[-50.2277496,-21.698633600000008],[-50.231664,-21.69941240000001],[-50.231733199999994,-21.6972567],[-50.2334229,-21.69836859999999],[-50.234703,-21.697275500000007],[-50.2367718,-21.699094500000005],[-50.2407752,-21.697058100000003],[-50.2438706,-21.697115699999998],[-50.2444168,-21.699362100000002],[-50.245283300000004,-21.69681539999999]]]}},{"type":"Feature","properties":{"id":"3510","nome":"Campinas"},"geometry":{"type":"Polygon","coordinates":[[[-47.227802,-23.181838999999997],[-47.232383000000006,-23.180719],[-47.234266,-23.182455999999995],[-47.23746700000001,-23.182676999999998],[-47.238505,-23.184474],[-47.240528,-23.184088],[-47.245374,-23.182802999999996],[-47.24815300000001,-23.180343999999998],[-47.24884600000001,-23.17728899999998],[-47.25176,-23.176460999999993],[-47.250833,-23.175449999999998],[-47.251979,-23.174930999999994],[-47.251691,-23.17292799999999],[-47.254554,-23.16996899999999],[-47.255747,-23.170564],[-47.25739,-23.169346],[-47.25820900000001,-23.166998999999993],[-47.258101,-23.16182699999999],[-47.2553,-23.156451999999987],[-47.25687400000001,-23.15052199999999],[-47.260271,-23.146819000000004],[-47.266339,-23.145327000000005],[-47.270271,-23.145582],[-47.2748,-23.151603999999995],[-47.282865,-23.153764999999993],[-47.287027,-23.157654000000004],[-47.288954,-23.157923999999987],[-47.292051,-23.156282000000004],[-47.29501,-23.151867000000006],[-47.2953,-23.147992999999992],[-47.299017000000006,-23.139519999999997],[-47.30177299999999,-23.135998],[-47.305623999999995,-23.133952],[-47.304294999999996,-23.131841999999995],[-47.305041,-23.129121999999988],[-47.302576,-23.127019],[-47.303213,-23.124275999999995],[-47.300718,-23.112772999999994],[-47.320776,-23.124363000000002],[-47.324559,-23.12226400000001],[-47.325678,-23.118237],[-47.328608,-23.114123],[-47.335235,-23.111042000000005],[-47.33927599999999,-23.111152999999998],[-47.34208,-23.117187000000012],[-47.349641999999996,-23.117753999999998],[-47.349974,-23.127105000000004],[-47.35204,-23.132759000000004],[-47.36178,-23.141474999999993],[-47.372606000000005,-23.144455000000004],[-47.37498,-23.14882499999999],[-47.376708,-23.14785],[-47.375766,-23.151147],[-47.37809299999999,-23.15249100000001],[-47.378612999999994,-23.151101999999995],[-47.381563,-23.150716000000003],[-47.383828,-23.154488],[-47.387648,-23.152865999999996],[-47.388109,-23.154181000000005],[-47.3926909,-23.15555489999999],[-47.3983404,-23.161841300000003],[-47.403297800000004,-23.161619199999993],[-47.4130734,-23.164705699999995],[-47.4174529,-23.16689669999999],[-47.4185396,-23.1686776],[-47.4211066,-23.164496799999995],[-47.4233624,-23.156792099999997],[-47.422911,-23.149011799999993],[-47.4203428,-23.1451327],[-47.4200701,-23.140228099999984],[-47.414196100000005,-23.133469199999993],[-47.415592999999994,-23.126964799999985],[-47.4115361,-23.12005140000001],[-47.42027589999999,-23.113221799999994],[-47.4282105,-23.101092699999995],[-47.43394249999999,-23.1061102],[-47.4475045,-23.10718879999999],[-47.4517575,-23.10599639999999],[-47.4653002,-23.1098863],[-47.4683647,-23.116661699999995],[-47.4650262,-23.128061500000005],[-47.46939,-23.123977000000007],[-47.4750767,-23.1232134],[-47.48039250000001,-23.12499619999999],[-47.4823706,-23.119734400000002],[-47.4851697,-23.1169882],[-47.4888075,-23.107492999999995],[-47.4927075,-23.102317],[-47.5012506,-23.094323199999995],[-47.5065422,-23.093635599999985],[-47.5097134,-23.0913723],[-47.5200048,-23.094587800000003],[-47.528626100000004,-23.094813899999995],[-47.5292222,-23.100518800000007],[-47.5303594,-23.10139500000001],[-47.53827350000001,-23.101645600000005],[-47.54201630000001,-23.098377399999997],[-47.54937569999999,-23.097375100000004],[-47.5530373,-23.098626100000004],[-47.5632346,-23.090685699999995],[-47.5665659,-23.093982600000004],[-47.5656685,-23.096996600000008],[-47.56742779999999,-23.098678099999987],[-47.57277650000001,-23.098344800000003],[-47.57385630000001,-23.099916899999993],[-47.5813895,-23.1037254],[-47.585822400000005,-23.102211899999993],[-47.5873036,-23.103258],[-47.5895699,-23.101957000000006],[-47.5915314,-23.101905000000006],[-47.5921718,-23.103146399999996],[-47.597098700000004,-23.099545099999983],[-47.602791,-23.09972980000001],[-47.6037681,-23.098393699999992],[-47.6086872,-23.099263599999997],[-47.60769,-23.095203600000005],[-47.6035277,-23.089802400000004],[-47.60419939999999,-23.0873228],[-47.5942183,-23.079324100000004],[-47.5929378,-23.076382799999994],[-47.5943432,-23.074377999999996],[-47.5974853,-23.073935699999993],[-47.60284889999999,-23.0705493],[-47.613120800000004,-23.068829399999988],[-47.6264173,-23.0759739],[-47.6262806,-23.068229000000002],[-47.6290524,-23.0616455],[-47.628946,-23.057991],[-47.6315,-23.054840999999993],[-47.631546,-23.049979999999998],[-47.629137,-23.047149000000005],[-47.629074,-23.043668999999987],[-47.63896199999999,-23.043056999999997],[-47.645315000000004,-23.040406],[-47.649537,-23.04306599999999],[-47.652072999999994,-23.043204000000003],[-47.653992,-23.035938],[-47.66003090000001,-23.031235700000003],[-47.66131250000001,-23.028377199999998],[-47.660001799999996,-23.0249919],[-47.6628681,-23.018513699999996],[-47.66066440000001,-23.0138079],[-47.6614629,-23.008816200000002],[-47.658785,-23.006792500000003],[-47.65849020000001,-23.00177619999999],[-47.66027330000001,-23.000623499999996],[-47.6600447,-22.9975655],[-47.6682988,-22.993780500000003],[-47.6638127,-22.990470299999995],[-47.66575439999999,-22.984195099999997],[-47.6699929,-22.981799300000006],[-47.671711900000005,-22.972446399999995],[-47.674748300000005,-22.971510499999997],[-47.6772565,-22.9684666],[-47.6762827,-22.964510399999998],[-47.67788389999999,-22.95851900000001],[-47.6841726,-22.9528177],[-47.6868614,-22.947976099999988],[-47.691333,-22.943386700000012],[-47.69850710000001,-22.931197900000004],[-47.6983035,-22.92415189999999],[-47.70118790000001,-22.91866299999999],[-47.7076445,-22.916550199999996],[-47.7114951,-22.91207300000001],[-47.7143193,-22.912016999999995],[-47.7141575,-22.9138459],[-47.7225768,-22.9197056],[-47.7217339,-22.9232477],[-47.723343099999994,-22.9310056],[-47.7225267,-22.933234900000002],[-47.745903,-22.932832500000007],[-47.75048820000001,-22.927094299999997],[-47.75481739999999,-22.923897099999998],[-47.7602476,-22.922151000000007],[-47.7596811,-22.916645200000005],[-47.75757410000001,-22.914364099999993],[-47.7608253,-22.910555300000002],[-47.7633276,-22.90399589999999],[-47.806904900000006,-22.876903999999996],[-47.8088846,-22.877745099999984],[-47.8074892,-22.880971699999993],[-47.808444400000006,-22.88287389999999],[-47.8061864,-22.886298199999988],[-47.8085359,-22.886348800000004],[-47.8072707,-22.889712599999996],[-47.8099749,-22.891399400000008],[-47.80850050000001,-22.8942371],[-47.80943210000001,-22.89505109999999],[-47.80893460000001,-22.896977900000003],[-47.806255400000005,-22.899320999999997],[-47.8079428,-22.9018956],[-47.806974100000005,-22.904313099999992],[-47.808400799999994,-22.9049899],[-47.8100543,-22.90396309999999],[-47.8122265,-22.90515080000001],[-47.8144163,-22.909100100000003],[-47.8138044,-22.916023599999995],[-47.810554200000006,-22.91682109999999],[-47.81274290000001,-22.920603099999994],[-47.8121272,-22.9225514],[-47.8151084,-22.923293000000005],[-47.8156702,-22.92160519999999],[-47.81694039999999,-22.92139540000001],[-47.8232871,-22.924979600000007],[-47.8235155,-22.9264354],[-47.8218435,-22.926427300000004],[-47.8195907,-22.930085699999996],[-47.8227696,-22.9359385],[-47.82040670000001,-22.9428887],[-47.82128360000001,-22.9439263],[-47.8226885,-22.943569799999995],[-47.824357500000005,-22.940475999999997],[-47.82670490000001,-22.942223499999997],[-47.8249043,-22.947582999999998],[-47.82540240000001,-22.950102499999996],[-47.8210466,-22.954136200000004],[-47.81924459999999,-22.959472999999992],[-47.81628899999999,-22.962901699999993],[-47.817074000000005,-22.977753],[-47.81201660000001,-22.9812392],[-47.80577240000001,-22.98262319999999],[-47.79965719999999,-22.980484900000004],[-47.796651399999995,-22.9782131],[-47.78969000000001,-22.980697099999993],[-47.7830822,-22.97749590000001],[-47.77746570000001,-22.977557099999995],[-47.7725118,-22.975544200000005],[-47.7659915,-22.979994],[-47.7646047,-22.983250700000003],[-47.7657005,-22.98631159999999],[-47.7708965,-22.991065300000006],[-47.7782147,-23.001495399999996],[-47.7823243,-23.003968999999994],[-47.78254080000001,-23.006586299999995],[-47.7811385,-23.009138499999995],[-47.7693556,-23.003387000000007],[-47.76275640000001,-23.00240000000001],[-47.759992,-22.998792599999998],[-47.7571633,-22.997809299999997],[-47.7499524,-22.9990586],[-47.747617,-23.001701399999998],[-47.76692,-23.015066499999996],[-47.782024400000005,-23.014542699999996],[-47.79003310000001,-23.0162316],[-47.792263500000004,-23.01807319999999],[-47.7882723,-23.024647599999994],[-47.7871,-23.029309599999998],[-47.7837572,-23.0325809],[-47.7807951,-23.0327806],[-47.767708500000005,-23.029614200000015],[-47.7612828,-23.0362981],[-47.7619011,-23.0381353],[-47.782996700000005,-23.040358700000002],[-47.79004520000001,-23.042891599999994],[-47.7928592,-23.04623449999999],[-47.7918814,-23.048998500000003],[-47.8213329,-23.072412500000002],[-47.8217002,-23.0753307],[-47.8248919,-23.076471199999997],[-47.8264204,-23.080655],[-47.8299267,-23.0823725],[-47.83648670000001,-23.081338700000003],[-47.83904960000001,-23.082926699999987],[-47.83911990000001,-23.0857471],[-47.83729180000001,-23.0875476],[-47.8308551,-23.089231900000005],[-47.8295127,-23.0888082],[-47.8269773,-23.0844449],[-47.82160290000001,-23.085502899999998],[-47.81758859999999,-23.091252299999994],[-47.81062489999999,-23.096589799999997],[-47.8064258,-23.105144699999997],[-47.8096419,-23.10801769999999],[-47.80698300000001,-23.112715299999994],[-47.814753,-23.113560999999994],[-47.8122317,-23.117348500000002],[-47.8126989,-23.121910100000008],[-47.8138912,-23.12326519999998],[-47.8181129,-23.123300499999992],[-47.8201217,-23.125558800000004],[-47.825352,-23.123528800000006],[-47.8359848,-23.1229248],[-47.8359621,-23.1247199],[-47.8305446,-23.12891489999999],[-47.8270137,-23.1307927],[-47.8189123,-23.132455300000004],[-47.81714050000001,-23.152644399999993],[-47.827892500000004,-23.150287799999997],[-47.829813699999995,-23.15222879999999],[-47.8365556,-23.154336000000004],[-47.839424900000004,-23.156409200000002],[-47.8391956,-23.157997600000005],[-47.84318410000001,-23.15751419999999],[-47.8448487,-23.1588327],[-47.844210600000004,-23.164155500000003],[-47.84138680000001,-23.162982499999995],[-47.8409411,-23.1648772],[-47.839139900000006,-23.165531999999992],[-47.8392605,-23.167757999999996],[-47.836790799999996,-23.168685299999993],[-47.84077860000001,-23.172120600000007],[-47.83908989999999,-23.174281600000004],[-47.8444592,-23.174585099999998],[-47.8480612,-23.1729058],[-47.8514769,-23.1728147],[-47.8577577,-23.175925100000008],[-47.85977059999999,-23.17575230000001],[-47.85984460000001,-23.171700799999996],[-47.864808200000006,-23.17001730000001],[-47.8657824,-23.167631199999995],[-47.86879290000001,-23.166693000000002],[-47.8760669,-23.16008179999999],[-47.87940090000001,-23.160059700000005],[-47.885096,-23.164248900000004],[-47.885714899999996,-23.1618919],[-47.89115439999999,-23.16052919999999],[-47.89299880000001,-23.16145209999999],[-47.901351700000006,-23.160079399999997],[-47.9099639,-23.16091249999999],[-47.9091638,-23.15668320000001],[-47.9068898,-23.1530564],[-47.9096213,-23.148818199999997],[-47.9086636,-23.145132299999997],[-47.91354390000001,-23.14214229999999],[-47.91471090000001,-23.139550000000007],[-47.9074865,-23.125940999999994],[-47.90927069999999,-23.119352900000006],[-47.90727210000001,-23.111543499999996],[-47.90880250000001,-23.10933489999999],[-47.9122746,-23.080393099999995],[-47.915211,-23.081255899999988],[-47.9296804,-23.080506099999997],[-47.92791080000001,-23.075749500000004],[-47.9281645,-23.068709299999995],[-47.9293291,-23.064798],[-47.932737100000004,-23.0601252],[-47.93030929999999,-23.058319900000004],[-47.9267052,-23.059582499999998],[-47.9243563,-23.0572853],[-47.91512860000001,-23.0549757],[-47.9079325,-23.057143500000002],[-47.90442180000001,-23.060268199999996],[-47.8994584,-23.0605246],[-47.897971899999995,-23.05817130000001],[-47.90108330000001,-23.055628499999994],[-47.9066873,-23.047281999999996],[-47.9123296,-23.045170700000003],[-47.9155719,-23.041745699999993],[-47.915448899999994,-23.03860290000001],[-47.90879919999999,-23.033269900000008],[-47.916018,-23.030611599999997],[-47.91976989999999,-23.03056089999999],[-47.9187117,-23.026606900000004],[-47.9212471,-23.024880700000004],[-47.9251283,-23.018062900000007],[-47.92840530000001,-23.016274099999997],[-47.9402897,-23.013610899999993],[-47.9462189,-23.003412799999996],[-47.9451293,-22.997116599999995],[-47.9409901,-22.994973899999998],[-47.9392372,-22.989816800000007],[-47.9375936,-22.989078299999996],[-47.9381049,-22.985554799999996],[-47.9363707,-22.98312349999999],[-47.9304826,-22.9815881],[-47.9284663,-22.979843400000007],[-47.9291712,-22.9730896],[-47.9336811,-22.9703808],[-47.93517500000001,-22.967816599999995],[-47.9328603,-22.966025400000003],[-47.9325317,-22.961904899999997],[-47.9390956,-22.957812100000005],[-47.9405631,-22.955459299999994],[-47.93722220000001,-22.951297600000004],[-47.9354411,-22.9513556],[-47.93408959999999,-22.9498956],[-47.9337867,-22.945095799999983],[-47.9368205,-22.93941880000001],[-47.9400312,-22.936188299999998],[-47.9481449,-22.932334400000006],[-47.9515822,-22.925472500000005],[-47.9462385,-22.90754010000001],[-47.93888309999999,-22.90369400000001],[-47.9377154,-22.894411500000004],[-47.9320204,-22.8910506],[-47.927466300000006,-22.88524],[-47.931746,-22.8829475],[-47.9391818,-22.882892699999992],[-47.942509699999995,-22.883883300000004],[-47.9477791,-22.8886752],[-47.9590028,-22.88924020000001],[-47.9615431,-22.890348200000005],[-47.967681600000006,-22.898713],[-47.9702874,-22.900097599999995],[-47.97367740000001,-22.897435099999992],[-47.975597900000004,-22.89043319999999],[-47.97498050000001,-22.885207600000005],[-47.980985000000004,-22.877069300000002],[-47.982246,-22.870219399999996],[-47.9855367,-22.868653300000002],[-47.9890667,-22.870858899999995],[-47.9913144,-22.8758456],[-47.991128999999994,-22.879800900000006],[-47.98777119999999,-22.887946499999998],[-47.9926366,-22.895500299999995],[-47.9976179,-22.89860630000001],[-48.00122700000001,-22.899444899999995],[-48.010479600000004,-22.895285399999995],[-48.01528299999999,-22.88410869999999],[-48.00653510000001,-22.882841500000005],[-48.0024012,-22.880393299999994],[-48.0012258,-22.876753200000003],[-48.00308470000001,-22.872194900000004],[-48.0030887,-22.8657628],[-48.0079987,-22.8613838],[-48.01444349999999,-22.85225019999999],[-48.0365817,-22.848515099999993],[-48.0399224,-22.846887300000002],[-48.0465872,-22.835790899999996],[-48.04752860000001,-22.831892900000003],[-48.031998,-22.825744],[-48.033626,-22.817866000000006],[-48.030666,-22.805924],[-48.031856,-22.797038999999995],[-48.027203,-22.791853000000007],[-48.026837,-22.789147000000003],[-48.029399,-22.77841900000001],[-48.026799999999994,-22.76248000000001],[-48.027992000000005,-22.75511200000001],[-48.024739,-22.749278999999998],[-48.015973,-22.748729999999995],[-48.018185,-22.744538999999996],[-48.018273,-22.741369],[-48.017063,-22.737793000000003],[-48.01428,-22.734649000000008],[-48.018128000000004,-22.72866700000001],[-48.021731,-22.724085000000006],[-48.025251,-22.724035000000004],[-48.029749,-22.719619],[-48.03153900000001,-22.719249000000005],[-48.038356,-22.725162999999995],[-48.045877,-22.724661999999995],[-48.050485,-22.728992],[-48.058553,-22.733906999999988],[-48.070551,-22.73695],[-48.073464,-22.733169],[-48.075918,-22.726225999999997],[-48.081473,-22.725421],[-48.083882,-22.723929999999996],[-48.086453000000006,-22.71798],[-48.086357,-22.707112000000002],[-48.090616,-22.70614800000001],[-48.093891000000006,-22.70223899999999],[-48.09866399999999,-22.688782999999997],[-48.095708,-22.683859000000005],[-48.09533400000001,-22.67793699999999],[-48.093123,-22.676056000000003],[-48.092591,-22.67221199999999],[-48.08954,-22.667004],[-48.088288,-22.652262000000007],[-48.093884900000006,-22.651012399999995],[-48.0956658,-22.6488089],[-48.090343,-22.63238409999999],[-48.0910067,-22.6283043],[-48.0952588,-22.6237677],[-48.0978788,-22.6236001],[-48.1033974,-22.626149399999996],[-48.1160438,-22.629417999999994],[-48.1340273,-22.6286237],[-48.1417692,-22.629686399999997],[-48.1476726,-22.631725599999996],[-48.15630600000001,-22.637757699999998],[-48.1603772,-22.6378083],[-48.1641752,-22.635739899999994],[-48.1702916,-22.629676900000003],[-48.176189799999996,-22.6268276],[-48.17996339999999,-22.625667500000006],[-48.1904828,-22.6252735],[-48.2104662,-22.618113799999996],[-48.21471160000001,-22.613952800000007],[-48.2153121,-22.604301699999997],[-48.2177904,-22.59830549999999],[-48.2227278,-22.59498229999999],[-48.22723760000001,-22.593963300000006],[-48.2325374,-22.595000599999995],[-48.2361045,-22.598771499999998],[-48.239641199999994,-22.612757599999988],[-48.242629,-22.6179213],[-48.2501788,-22.619645100000003],[-48.25415110000001,-22.617782000000002],[-48.2614799,-22.605432199999996],[-48.25691140000001,-22.600141299999997],[-48.2518484,-22.58497709999999],[-48.2479893,-22.579637699999996],[-48.2479062,-22.573829100000005],[-48.248555,-22.569791399999996],[-48.2562287,-22.555900599999994],[-48.253009999999996,-22.55066160000001],[-48.2543905,-22.5469846],[-48.2606506,-22.541486099999993],[-48.252735,-22.535991100000004],[-48.247049000000004,-22.52629570000001],[-48.2393837,-22.520285499999996],[-48.231193,-22.521012999999982],[-48.229136999999994,-22.523637999999984],[-48.23044600000001,-22.529059000000004],[-48.228166,-22.53052299999999],[-48.22379899999999,-22.529559999999993],[-48.21696,-22.53644900000001],[-48.216064,-22.530873999999997],[-48.21809199999999,-22.518809999999995],[-48.213748,-22.517929999999993],[-48.213724000000006,-22.515610999999993],[-48.211861,-22.513858999999997],[-48.21322399999999,-22.510680000000004],[-48.210258,-22.510598],[-48.209614,-22.509344000000006],[-48.209053,-22.510994999999998],[-48.20726700000001,-22.511739],[-48.206386,-22.507781],[-48.20751,-22.502482999999994],[-48.202838,-22.504082999999998],[-48.200699,-22.502617000000004],[-48.19985100000001,-22.504181999999997],[-48.198016,-22.50366399999999],[-48.198775000000005,-22.508467999999993],[-48.19736699999999,-22.510711000000004],[-48.197824,-22.512664999999995],[-48.195449,-22.511716999999994],[-48.19421799999999,-22.50874],[-48.192932,-22.51284199999999],[-48.187924,-22.513963000000004],[-48.192915,-22.499432000000002],[-48.188250000000004,-22.49731200000001],[-48.191977,-22.492720000000013],[-48.192382,-22.48973],[-48.188805,-22.486090000000004],[-48.18325699999999,-22.483010000000004],[-48.181324000000004,-22.48910499999999],[-48.1751,-22.489725000000004],[-48.175151,-22.492709],[-48.177403999999996,-22.497263999999998],[-48.176777,-22.498584999999995],[-48.174312,-22.499335999999992],[-48.17386200000001,-22.495898999999994],[-48.170846,-22.492284000000012],[-48.172246,-22.490715999999992],[-48.171852,-22.488053999999998],[-48.176218,-22.483525999999998],[-48.17368700000001,-22.481690000000008],[-48.173345000000005,-22.479951],[-48.174601,-22.478387000000005],[-48.172617,-22.476003],[-48.170022,-22.478433000000006],[-48.16841,-22.478248999999995],[-48.165682,-22.482797999999995],[-48.161448,-22.480432999999987],[-48.160468,-22.478309999999997],[-48.15840699999999,-22.479664999999997],[-48.16002,-22.484200999999995],[-48.158148,-22.486487999999998],[-48.159110999999996,-22.49065600000001],[-48.155001,-22.48694],[-48.155033,-22.484588999999996],[-48.153026000000004,-22.484880999999987],[-48.14960000000001,-22.480974000000003],[-48.149015000000006,-22.483344999999982],[-48.147032,-22.483606999999996],[-48.148727,-22.48644100000001],[-48.14795800000001,-22.488816000000003],[-48.144967,-22.48872499999999],[-48.145411,-22.490488999999993],[-48.14451300000001,-22.490979000000006],[-48.139472000000005,-22.491252999999993],[-48.140952000000006,-22.494404999999993],[-48.14032399999999,-22.496862000000004],[-48.136939999999996,-22.50087699999999],[-48.134355000000006,-22.501020999999998],[-48.132077,-22.50305099999999],[-48.130776999999995,-22.505792000000007],[-48.133202999999995,-22.50956599999999],[-48.131729,-22.514244],[-48.134914,-22.514374],[-48.13586399999999,-22.516027999999995],[-48.139221,-22.515114999999994],[-48.141571000000006,-22.519121],[-48.138298,-22.527790000000007],[-48.134814,-22.527976999999996],[-48.133133,-22.525862000000004],[-48.133571,-22.523800000000005],[-48.12918,-22.522104999999993],[-48.12562200000001,-22.524688999999995],[-48.123411,-22.529199999999996],[-48.12093800000001,-22.515564999999995],[-48.124639,-22.511359000000002],[-48.124995,-22.509375999999996],[-48.12365700000001,-22.507048000000005],[-48.127081,-22.506340999999992],[-48.12890899999999,-22.504019000000007],[-48.128176,-22.499020000000012],[-48.129644,-22.494962000000005],[-48.127703,-22.493632999999996],[-48.125992000000004,-22.490024],[-48.123731,-22.494127999999996],[-48.122323,-22.492926],[-48.11962700000001,-22.495133],[-48.121146,-22.49874499999999],[-48.11893499999999,-22.501293999999998],[-48.114728,-22.50148299999999],[-48.111812,-22.503925],[-48.10529100000001,-22.498549999999987],[-48.103601000000005,-22.500931000000005],[-48.10428400000001,-22.50816999999999],[-48.10313300000001,-22.509299],[-48.098702,-22.509307],[-48.096185,-22.503532999999994],[-48.096255,-22.500385999999995],[-48.09364999999999,-22.498674000000005],[-48.092163000000006,-22.506534000000006],[-48.087008,-22.51025399999999],[-48.084464000000004,-22.506770999999993],[-48.081489,-22.510612000000005],[-48.079078,-22.515175],[-48.07901100000001,-22.518349000000008],[-48.076491000000004,-22.521799000000005],[-48.077168,-22.525900999999994],[-48.074391000000006,-22.52768599999999],[-48.073558,-22.523114000000007],[-48.071489,-22.521847999999995],[-48.071769,-22.519003999999992],[-48.06943,-22.518672999999993],[-48.067598,-22.516766999999998],[-48.067623000000005,-22.514434000000005],[-48.06554100000001,-22.515741999999992],[-48.061928,-22.512706],[-48.0543954,-22.514604999999985],[-48.0500258,-22.513771399999992],[-48.0438583,-22.5108852],[-48.04197529999999,-22.506200100000004],[-48.0380097,-22.5050249],[-48.033072,-22.50686600000001],[-48.0197098,-22.503295200000004],[-48.0100387,-22.496159299999995],[-48.0041378,-22.49739810000001],[-48.0019974,-22.496850100000007],[-48.00161430000001,-22.4918129],[-47.9978323,-22.494118499999992],[-47.994834700000006,-22.4938067],[-47.993753,-22.489340900000002],[-47.9953717,-22.4862562],[-47.9940829,-22.483429800000003],[-47.996818700000006,-22.480865100000003],[-47.996617300000004,-22.4788004],[-47.9896772,-22.476408399999993],[-47.98553179999999,-22.473642299999995],[-47.9795864,-22.4665078],[-47.9749393,-22.463637399999996],[-47.9825214,-22.455391900000002],[-47.97664720000001,-22.452799899999995],[-47.9733147,-22.449939699999987],[-47.9700692,-22.449916200000004],[-47.9655973,-22.44681200000001],[-47.957772799999994,-22.446403599999993],[-47.95402010000001,-22.44425069999999],[-47.9495371,-22.431472],[-47.9364019,-22.4245423],[-47.929861200000005,-22.42615149999999],[-47.9231001,-22.4262384],[-47.915814,-22.424660299999996],[-47.914012,-22.429938899999993],[-47.910421,-22.4325555],[-47.905503,-22.4308417],[-47.9005597,-22.4265573],[-47.8927521,-22.424329899999993],[-47.8905522,-22.42727269999999],[-47.8870646,-22.429142499999998],[-47.882631100000005,-22.429085099999995],[-47.8817733,-22.432429],[-47.8786422,-22.434430800000005],[-47.877126000000004,-22.431440600000006],[-47.872109800000004,-22.4286988],[-47.8643586,-22.429848400000004],[-47.8620121,-22.429246100000007],[-47.8548032,-22.432132700000004],[-47.853466,-22.4315271],[-47.852996000000005,-22.433119199999997],[-47.85642380000001,-22.4371936],[-47.8577983,-22.440918699999997],[-47.8565626,-22.443469200000003],[-47.8506974,-22.4417873],[-47.8417877,-22.44432889999999],[-47.836182,-22.443330800000005],[-47.8349313,-22.442176999999994],[-47.8324515,-22.4439408],[-47.8256622,-22.443194999999992],[-47.8264279,-22.4477351],[-47.821712899999994,-22.4476751],[-47.8192151,-22.44946579999999],[-47.817967900000006,-22.456317799999997],[-47.8151807,-22.455475799999995],[-47.8129816,-22.45695040000001],[-47.8080712,-22.45461359999999],[-47.8042452,-22.45035669999999],[-47.8003512,-22.450417399999996],[-47.7929288,-22.448189200000005],[-47.7876089,-22.449803799999998],[-47.783967700000005,-22.4483881],[-47.781836,-22.449721899999986],[-47.7741393,-22.45019179999999],[-47.7730591,-22.447847300000003],[-47.77440020000001,-22.44514970000001],[-47.78499029999999,-22.438327599999994],[-47.78988699999999,-22.438209400000012],[-47.7950765,-22.432532999999996],[-47.7955844,-22.4266189],[-47.789851500000005,-22.419476899999992],[-47.7887537,-22.415563499999987],[-47.78887399999999,-22.4063326],[-47.790037000000005,-22.4045137],[-47.7878518,-22.401793500000004],[-47.7892578,-22.397728600000008],[-47.7855531,-22.389633699999997],[-47.78350090000001,-22.388403199999996],[-47.78297430000001,-22.384935299999995],[-47.77830349999999,-22.3811891],[-47.7785684,-22.37884589999999],[-47.78004380000001,-22.3786703],[-47.779959,-22.377738200000003],[-47.775209800000006,-22.375144499999983],[-47.77369230000001,-22.372980399999996],[-47.7749984,-22.3724998],[-47.7774273,-22.373906600000005],[-47.7795438,-22.373037999999998],[-47.78048619999999,-22.3716055],[-47.77909019999999,-22.368414599999998],[-47.7749907,-22.366577],[-47.7729867,-22.363490500000005],[-47.76999140000001,-22.361649200000002],[-47.769691400000006,-22.350999500000007],[-47.7603345,-22.34041029999999],[-47.7647554,-22.336639200000008],[-47.7644964,-22.332189699999994],[-47.759603899999995,-22.328141800000004],[-47.7398668,-22.316561299999996],[-47.7357581,-22.302301899999996],[-47.73066570000001,-22.298697299999994],[-47.7269815,-22.300455500000005],[-47.7246879,-22.303841800000004],[-47.7217169,-22.304159900000005],[-47.7206573,-22.30662420000001],[-47.718195699999995,-22.303036899999995],[-47.7140573,-22.302746],[-47.7136636,-22.301909900000002],[-47.715968800000006,-22.29957009999999],[-47.71700429999999,-22.292058599999994],[-47.7240468,-22.2796413],[-47.7232317,-22.272667199999994],[-47.717011400000004,-22.2656111],[-47.71332329999999,-22.258941000000004],[-47.713344799999994,-22.256253300000004],[-47.710616,-22.2526207],[-47.712865400000005,-22.247234000000002],[-47.7131789,-22.240091599999992],[-47.731187999999996,-22.202741999999997],[-47.729239,-22.198671000000004],[-47.730078,-22.195542000000003],[-47.728223,-22.189510000000006],[-47.729084,-22.18723900000001],[-47.732783000000005,-22.186474],[-47.742798,-22.188816999999993],[-47.750358,-22.193217],[-47.75450000000001,-22.191143000000004],[-47.75970800000001,-22.184291999999996],[-47.759551,-22.179461],[-47.756315,-22.174225],[-47.758915,-22.170365000000004],[-47.76045200000001,-22.16321699999999],[-47.764264,-22.161034000000008],[-47.76644100000001,-22.157437999999996],[-47.77244,-22.152725999999998],[-47.77960800000001,-22.151127000000002],[-47.782661,-22.148145999999997],[-47.78870299999999,-22.145878999999997],[-47.79976729999999,-22.1281515],[-47.79470640000001,-22.121070299999992],[-47.7888439,-22.1168466],[-47.7871556,-22.113189599999995],[-47.78811300000001,-22.101849600000005],[-47.78983230000001,-22.097822200000003],[-47.7840889,-22.09682339999999],[-47.776564300000004,-22.091364899999995],[-47.771717300000006,-22.0928357],[-47.7633202,-22.087690800000008],[-47.75599239999999,-22.090807],[-47.7526353,-22.089938399999998],[-47.7508119,-22.084607600000005],[-47.751117900000004,-22.079237400000004],[-47.7474675,-22.0797046],[-47.7461916,-22.078254899999997],[-47.746945700000005,-22.074678799999994],[-47.74576470000001,-22.07083460000001],[-47.7481812,-22.063808300000012],[-47.74398359999999,-22.054477499999994],[-47.73877290000001,-22.0534043],[-47.7354278,-22.047854700000002],[-47.72863970000001,-22.044377799999996],[-47.7212402,-22.0367366],[-47.716209799999994,-22.0350915],[-47.714608,-22.0365194],[-47.70885229999999,-22.033827599999995],[-47.70364310000001,-22.034685799999995],[-47.7005771,-22.033847400000006],[-47.69840520000001,-22.0320199],[-47.697627700000005,-22.027854],[-47.69422850000001,-22.0286265],[-47.6916703,-22.0272274],[-47.6895258,-22.023787800000008],[-47.68275040000001,-22.019350600000003],[-47.6778414,-22.013846499999996],[-47.6756493,-22.013051100000002],[-47.6730993,-22.017046899999993],[-47.6732172,-22.023274299999997],[-47.6683226,-22.033440500000005],[-47.66893339999999,-22.03943320000001],[-47.6658653,-22.044066100000006],[-47.6629525,-22.0455903],[-47.6616775,-22.04782499999999],[-47.66038340000001,-22.04777599999999],[-47.6580761,-22.051797799999992],[-47.6544952,-22.051716299999992],[-47.6515759,-22.054264099999994],[-47.6482981,-22.053822899999993],[-47.64623430000001,-22.051670800000004],[-47.6433933,-22.051931400000004],[-47.636384,-22.0550823],[-47.6326436,-22.052291499999995],[-47.6302419,-22.047092699999997],[-47.6264662,-22.043603700000006],[-47.6247918,-22.0439911],[-47.62094170000001,-22.049460999999997],[-47.6120761,-22.0544214],[-47.61152250000001,-22.05897699999999],[-47.60680779999999,-22.0664141],[-47.5793307,-22.0871461],[-47.5783867,-22.088927],[-47.5744985,-22.0849345],[-47.56687660000001,-22.081945499999996],[-47.5589976,-22.0840974],[-47.55271179999999,-22.08852650000001],[-47.5457274,-22.085940100000002],[-47.5446542,-22.083529999999996],[-47.5381127,-22.083272899999994],[-47.52901169999999,-22.074005300000003],[-47.52225370000001,-22.072005099999984],[-47.5195434,-22.077780900000004],[-47.51498010000001,-22.082230400000004],[-47.5107319,-22.083144999999995],[-47.5066285,-22.081410700000003],[-47.5014131,-22.0875006],[-47.49971740000001,-22.0873823],[-47.4958425,-22.083737599999996],[-47.4921915,-22.082673399999997],[-47.4857138,-22.083347200000006],[-47.48185600000001,-22.086391500000012],[-47.471681100000005,-22.0826681],[-47.4553639,-22.082925099999994],[-47.452839700000006,-22.082015599999995],[-47.44971799999999,-22.078510699999995],[-47.4498897,-22.0758516],[-47.4488123,-22.075911999999995],[-47.445692900000004,-22.068258999999998],[-47.442046,-22.063581599999996],[-47.39966660000001,-22.084881700000007],[-47.3970273,-22.087732700000007],[-47.3922107,-22.0886446],[-47.377490900000005,-22.09578939999999],[-47.3725465,-22.096337800000004],[-47.3691612,-22.093816799999995],[-47.365911000000004,-22.09327579999999],[-47.35484829999999,-22.093239499999996],[-47.3514989,-22.094973299999992],[-47.3471148,-22.095339600000003],[-47.3413522,-22.0908705],[-47.3382654,-22.089808999999992],[-47.3366469,-22.090911699999996],[-47.331883,-22.090593500000004],[-47.3298317,-22.089314099999992],[-47.32772020000001,-22.09036079999999],[-47.3256528,-22.09359469999999],[-47.3195905,-22.092669899999994],[-47.315652699999994,-22.093526199999996],[-47.312712,-22.09507710000001],[-47.31100140000001,-22.097690899999993],[-47.3015174,-22.102809700000005],[-47.2933627,-22.104188000000008],[-47.2884092,-22.10145869999999],[-47.28373570000001,-22.103802699999996],[-47.2765436,-22.102336700000002],[-47.272870100000006,-22.103760700000002],[-47.2710997,-22.1029864],[-47.2718823,-22.098897400000016],[-47.269704000000004,-22.098503499999996],[-47.2688484,-22.096977699999993],[-47.2644234,-22.0964019],[-47.25844190000001,-22.091429000000005],[-47.25895609999999,-22.088742700000008],[-47.2574664,-22.088901700000005],[-47.2568799,-22.087857800000002],[-47.25519100000001,-22.091480800000006],[-47.247440100000006,-22.093098899999987],[-47.242357399999996,-22.090784699999997],[-47.2356288,-22.090557300000004],[-47.2323355,-22.093113799999994],[-47.1974889,-22.098716899999992],[-47.1981904,-22.097444],[-47.20168710000001,-22.096867100000008],[-47.2051066,-22.092648900000007],[-47.2069152,-22.092616800000002],[-47.21048330000001,-22.087520400000006],[-47.2127173,-22.087577599999996],[-47.214157500000006,-22.083661900000003],[-47.215461,-22.083117300000005],[-47.21512620000001,-22.0817889],[-47.216489,-22.08203020000001],[-47.2177566,-22.07837159999999],[-47.2200176,-22.07784300000001],[-47.2205108,-22.07566729999999],[-47.2186334,-22.072748699999998],[-47.219991099999994,-22.069755000000008],[-47.2177867,-22.066355700000003],[-47.218501,-22.063793800000006],[-47.2200164,-22.064512100000005],[-47.22059200000001,-22.06294189999999],[-47.2230517,-22.064190600000003],[-47.22235400000001,-22.06112119999999],[-47.2254224,-22.06227639999999],[-47.2284766,-22.06042619999999],[-47.2295661,-22.062442500000007],[-47.2305305,-22.060852200000003],[-47.23245899999999,-22.062037699999998],[-47.23075570000001,-22.058801100000007],[-47.233952900000006,-22.056407599999993],[-47.2337795,-22.05443709999999],[-47.226665000000004,-22.0485078],[-47.220634100000005,-22.040006399999985],[-47.2123175,-22.0354102],[-47.2023847,-22.034645599999998],[-47.2008806,-22.031295800000006],[-47.2009171,-22.029684499999984],[-47.203105900000004,-22.029452299999996],[-47.2021362,-22.0200119],[-47.20954249999999,-22.015449099999994],[-47.21229970000001,-22.0070383],[-47.2119503,-21.98654729999999],[-47.2146452,-21.9832931],[-47.2154947,-21.97648390000002],[-47.219812100000006,-21.9776695],[-47.22276910000001,-21.97608549999999],[-47.2237695,-21.9728092],[-47.2257594,-21.97339400000001],[-47.228575000000006,-21.9722318],[-47.2312731,-21.973188899999993],[-47.231635000000004,-21.97189999999999],[-47.2350982,-21.969996799999993],[-47.2377387,-21.9700062],[-47.238724700000006,-21.968469599999995],[-47.241923,-21.9687928],[-47.2416578,-21.966645199999995],[-47.2435732,-21.96779830000001],[-47.2472462,-21.967309700000012],[-47.2484002,-21.968436999999998],[-47.24836350000001,-21.966761400000003],[-47.2514493,-21.9651848],[-47.2551404,-21.9674994],[-47.25614569999999,-21.973522400000007],[-47.258714,-21.975892599999998],[-47.26024180000001,-21.975945199999998],[-47.2612488,-21.972429599999995],[-47.26425330000001,-21.969010899999997],[-47.276187,-21.970962199999995],[-47.2801703,-21.9695248],[-47.2848168,-21.971175999999986],[-47.29176420000001,-21.9782711],[-47.2900146,-21.981620999999997],[-47.293463800000005,-21.981872700000004],[-47.2964218,-21.9791424],[-47.2961352,-21.973628399999992],[-47.2986799,-21.97048759999999],[-47.29420580000001,-21.966718599999997],[-47.293427300000005,-21.96294230000001],[-47.2900158,-21.958141599999994],[-47.2880748,-21.9566429],[-47.2754922,-21.956427500000018],[-47.27026070000001,-21.954614899999996],[-47.26656969999999,-21.9481221],[-47.2674058,-21.944722700000007],[-47.269539599999995,-21.943573100000002],[-47.27056670000001,-21.940885899999998],[-47.273397800000005,-21.940766599999986],[-47.2743458,-21.93940340000001],[-47.27396190000001,-21.9359407],[-47.2753638,-21.930709399999994],[-47.2782395,-21.928262599999996],[-47.2794079,-21.923786499999995],[-47.282259800000006,-21.92046240000001],[-47.2786379,-21.914884000000008],[-47.2789547,-21.913280300000004],[-47.282732,-21.909841999999998],[-47.282749300000006,-21.908364399999986],[-47.28244170000001,-21.90405559999999],[-47.279367500000006,-21.8997064],[-47.280224700000005,-21.8944627],[-47.2785491,-21.8888439],[-47.277927,-21.878848600000012],[-47.2839357,-21.869247],[-47.2864058,-21.867213799999988],[-47.30269189999999,-21.872236799999996],[-47.3103738,-21.872690999999993],[-47.32406610000001,-21.860679999999988],[-47.3245419,-21.851254099999995],[-47.3320042,-21.842494799999994],[-47.3388061,-21.842455400000002],[-47.343073499999996,-21.8398669],[-47.3390017,-21.836421400000006],[-47.33822860000001,-21.82891860000001],[-47.3355256,-21.828769599999998],[-47.3348819,-21.823462099999993],[-47.3378367,-21.821544399999997],[-47.33764579999999,-21.8194239],[-47.3360977,-21.818926799999993],[-47.3364419,-21.816044100000003],[-47.3349196,-21.816116899999997],[-47.3351106,-21.814257099999995],[-47.338359000000004,-21.810516800000006],[-47.3421084,-21.8118454],[-47.3430254,-21.809254400000007],[-47.34381230000001,-21.810321300000005],[-47.345465000000004,-21.809252500000007],[-47.3451581,-21.80727199999999],[-47.3468981,-21.806531099999997],[-47.341995600000004,-21.795740800000004],[-47.33505650000001,-21.78896769999999],[-47.3322516,-21.784258400000006],[-47.3345673,-21.776530899999994],[-47.3209997,-21.776967700000007],[-47.31863880000001,-21.774812999999995],[-47.3124366,-21.77363980000001],[-47.3043021,-21.768038300000008],[-47.299656299999995,-21.763299500000002],[-47.2954074,-21.7621092],[-47.2932941,-21.75735559999999],[-47.293810500000006,-21.750434599999988],[-47.295038700000006,-21.748166499999993],[-47.301068,-21.7439916],[-47.3036808,-21.737311099999996],[-47.311020500000005,-21.737147899999993],[-47.3303403,-21.726582699999998],[-47.3295113,-21.723929799999997],[-47.323671100000006,-21.719708400000005],[-47.3233909,-21.7150052],[-47.3269226,-21.703771399999994],[-47.337498000000004,-21.6869864],[-47.3383293,-21.681153],[-47.3376193,-21.66923230000001],[-47.3365847,-21.666986599999984],[-47.3328252,-21.66877849999999],[-47.32681310000001,-21.668689099999987],[-47.323721,-21.659869100000012],[-47.3256201,-21.657527599999998],[-47.322439900000006,-21.654676600000002],[-47.3220514,-21.650319600000014],[-47.3288141,-21.64453999999999],[-47.3338297,-21.6455832],[-47.34216130000001,-21.642210300000002],[-47.351398100000004,-21.64759110000001],[-47.3578645,-21.6428435],[-47.368043899999996,-21.646513000000002],[-47.37241050000001,-21.649844499999997],[-47.3806019,-21.649811700000004],[-47.3828874,-21.639362699999996],[-47.3854729,-21.636527099999988],[-47.3907228,-21.63360899999999],[-47.3997708,-21.622088600000012],[-47.399225200000004,-21.613740899999993],[-47.3818819,-21.59947989999999],[-47.3801718,-21.600604000000015],[-47.37671749999999,-21.599581999999995],[-47.3642764,-21.59369309999999],[-47.3651215,-21.588995800000003],[-47.3617968,-21.58620729999999],[-47.3602973,-21.5812121],[-47.35837500000001,-21.5795227],[-47.3570924,-21.570004799999992],[-47.350315,-21.564456899999996],[-47.3457938,-21.56217180000001],[-47.3375024,-21.56314089999999],[-47.3355597,-21.56472620000001],[-47.331625499999994,-21.564264999999985],[-47.3274809,-21.55938460000001],[-47.3248297,-21.55878480000001],[-47.3213397,-21.559996400000003],[-47.31594710000001,-21.558491799999995],[-47.3109064,-21.55426029999999],[-47.3108838,-21.5528413],[-47.3075038,-21.551225399999996],[-47.3028187,-21.5512989],[-47.2989045,-21.553849100000008],[-47.2942759,-21.552131899999992],[-47.29092070000001,-21.553599799999994],[-47.2890858,-21.552926999999997],[-47.2852509,-21.548342399999992],[-47.280320800000005,-21.540385399999995],[-47.2763683,-21.525669699999998],[-47.2782917,-21.5228299],[-47.27844120000001,-21.519363699999996],[-47.28229220000001,-21.515615200000006],[-47.282051800000005,-21.510274199999998],[-47.2774283,-21.5011768],[-47.2777941,-21.498650199999997],[-47.2761307,-21.4944654],[-47.277031199999996,-21.49106879999999],[-47.2745998,-21.487643999999996],[-47.2759553,-21.483279800000005],[-47.277577900000004,-21.481920499999994],[-47.2776816,-21.479691600000002],[-47.2761407,-21.478758299999996],[-47.27871830000001,-21.46843230000001],[-47.271722800000006,-21.45908310000001],[-47.27162190000001,-21.457501999999998],[-47.2638029,-21.4550298],[-47.264195400000006,-21.451316400000003],[-47.257118000000006,-21.450025699999998],[-47.2510634,-21.4453692],[-47.2424161,-21.44222599999999],[-47.240094600000006,-21.443795999999995],[-47.2369566,-21.443020199999996],[-47.2363726,-21.439284000000008],[-47.2328309,-21.43694929999999],[-47.2319079,-21.431946],[-47.23364769999999,-21.427233900000004],[-47.2313361,-21.42208849999999],[-47.2276522,-21.42014430000001],[-47.22561139999999,-21.421038099999993],[-47.22595200000001,-21.4252308],[-47.222682400000004,-21.426031900000005],[-47.2240122,-21.428149399999995],[-47.219115,-21.429193999999992],[-47.21492260000001,-21.426994499999996],[-47.213701,-21.423692700000007],[-47.21598519999999,-21.423196199999992],[-47.217058,-21.4215888],[-47.21673499999999,-21.4185424],[-47.2148099,-21.417253699999996],[-47.2147053,-21.415157800000003],[-47.2080815,-21.414328499999996],[-47.20612580000001,-21.409023999999988],[-47.208969,-21.407273299999993],[-47.2096837,-21.401814900000005],[-47.2061813,-21.3981382],[-47.2070083,-21.396105900000002],[-47.20369850000001,-21.389698400000004],[-47.2046167,-21.384991299999996],[-47.2002222,-21.3794565],[-47.19774840000001,-21.37313749999999],[-47.1925753,-21.367442000000008],[-47.1921271,-21.363709599999996],[-47.18702030000001,-21.358777599999996],[-47.1872661,-21.353152400000003],[-47.1918566,-21.3480149],[-47.18767149999999,-21.346767999999994],[-47.1792804,-21.336753999999996],[-47.1767687,-21.3244183],[-47.1732521,-21.315918999999997],[-47.1586859,-21.303234999999994],[-47.1501559,-21.299676300000005],[-47.1466243,-21.294893099999996],[-47.1449153,-21.2943882],[-47.14379519999999,-21.29733269999999],[-47.14672749999999,-21.3054329],[-47.13663520000001,-21.32017990000001],[-47.13320039999999,-21.3228462],[-47.1300847,-21.328071299999998],[-47.127585700000004,-21.328815100000007],[-47.1188913,-21.319504799999994],[-47.10766660000001,-21.3158253],[-47.0897286,-21.297409000000002],[-47.088863100000005,-21.294620299999995],[-47.094716,-21.286242199999997],[-47.08389180000001,-21.288000600000004],[-47.079708200000006,-21.286401299999994],[-47.0767387,-21.2846073],[-47.07612780000001,-21.28207069999999],[-47.07214770000001,-21.27844859999999],[-47.07165549999999,-21.27636409999999],[-47.0682613,-21.275524599999997],[-47.0654749,-21.269355200000007],[-47.0625465,-21.267639099999997],[-47.0599583,-21.267569],[-47.057488,-21.2645458],[-47.05509639999999,-21.2639663],[-47.0508914,-21.265603999999993],[-47.0480777,-21.268267899999998],[-47.044224299999996,-21.26735530000001],[-47.0418962,-21.269742499999992],[-47.042482799999995,-21.27690510000001],[-47.0395333,-21.2809447],[-47.0416757,-21.282759199999994],[-47.04078940000001,-21.285020499999995],[-47.0423437,-21.288013599999996],[-47.0407303,-21.289187799999997],[-47.0423696,-21.289954900000005],[-47.037464,-21.2933068],[-47.0373514,-21.2955658],[-47.029773,-21.29955569999999],[-47.0301463,-21.303017699999998],[-47.035181099999996,-21.31102269999999],[-47.030544500000005,-21.3117318],[-47.0249645,-21.318985199999997],[-47.0209882,-21.321630799999998],[-47.02101760000001,-21.324099499999996],[-47.0234795,-21.32636400000001],[-47.0237595,-21.32851340000001],[-47.02104539999999,-21.330785300000006],[-47.020763900000006,-21.33526579999999],[-47.0180695,-21.3403032],[-47.01652700000001,-21.342362900000005],[-47.00809610000001,-21.34566119999999],[-47.0036292,-21.3494033],[-47.0009839,-21.349529099999987],[-46.99998130000001,-21.348536400000004],[-46.9972685,-21.351226399999998],[-46.99683889999999,-21.357698100000007],[-47.001270700000006,-21.3595156],[-46.99895,-21.36183110000001],[-47.0059584,-21.365054200000003],[-47.00953570000001,-21.370749699999994],[-47.00709729999999,-21.373953299999993],[-47.0073387,-21.378095999999985],[-47.0056335,-21.379606200000005],[-47.00605540000001,-21.381968],[-47.0045823,-21.3835687],[-47.0087321,-21.392884599999995],[-47.01419369999999,-21.3938788],[-47.01616800000001,-21.396503399999993],[-47.01594360000001,-21.398697500000008],[-47.0141514,-21.399679600000002],[-47.01376669999999,-21.4034093],[-47.0096194,-21.406460299999996],[-47.0107924,-21.409974299999995],[-47.007714099999994,-21.410673000000006],[-47.0101094,-21.41527599999999],[-47.01284150000001,-21.41634949999999],[-47.0115079,-21.4222728],[-47.01020720000001,-21.420823000000006],[-46.999674,-21.420995699999995],[-46.99328249999999,-21.423428299999998],[-46.9927293,-21.42530050000001],[-46.9903696,-21.4248772],[-46.9902567,-21.423245900000005],[-46.98687129999999,-21.421640099999998],[-46.9860628,-21.422150699999996],[-46.9872018,-21.423688199999997],[-46.9843674,-21.426695099999996],[-46.9808148,-21.426020799999986],[-46.9765946,-21.423303099999995],[-46.9743464,-21.417849899999997],[-46.97204349999999,-21.42182980000001],[-46.9704253,-21.42229229999999],[-46.96648059999999,-21.4211783],[-46.9647087,-21.418113499999997],[-46.9580686,-21.422430299999988],[-46.9566623,-21.424744399999998],[-46.9536186,-21.42423009999999],[-46.9517332,-21.421640899999986],[-46.9501715,-21.4220112],[-46.9490903,-21.419585899999987],[-46.94692100000001,-21.420020500000003],[-46.9459648,-21.421687900000002],[-46.9442079,-21.421000899999996],[-46.9435939,-21.422680699999997],[-46.94026169999999,-21.4220822],[-46.9390908,-21.424296499999997],[-46.9342496,-21.425253900000005],[-46.9329014,-21.424979199999996],[-46.931625800000006,-21.422647099999995],[-46.9254535,-21.42263779999999],[-46.920776,-21.427131300000003],[-46.916924,-21.420865100000004],[-46.91228460000001,-21.420069200000007],[-46.9083146,-21.42117839999999],[-46.906872,-21.4181756],[-46.90346160000001,-21.418597899999995],[-46.9002917,-21.4131927],[-46.8989851,-21.413239200000003],[-46.89876,-21.41550719999999],[-46.89596000000001,-21.41642289999999],[-46.8933056,-21.415614099999996],[-46.8911983,-21.411236199999998],[-46.8884154,-21.41055119999999],[-46.8826741,-21.4049495],[-46.87850769999999,-21.404683799999987],[-46.8767203,-21.405862000000003],[-46.874311500000005,-21.403780999999995],[-46.8732184,-21.4047379],[-46.868125,-21.403723400000004],[-46.8651719,-21.4007517],[-46.8653435,-21.3955693],[-46.8638671,-21.39597210000001],[-46.86091879999999,-21.3932817],[-46.8582549,-21.3940428],[-46.8557878,-21.389723100000005],[-46.853233900000006,-21.390626100000006],[-46.8503681,-21.3894137],[-46.84596530000001,-21.390004700000006],[-46.84208400000001,-21.389108299999986],[-46.8406546,-21.387327199999994],[-46.8410293,-21.3851915],[-46.83870389999999,-21.385467300000006],[-46.835237,-21.3825185],[-46.8352876,-21.380141900000012],[-46.8372289,-21.377692900000007],[-46.8362013,-21.376895899999997],[-46.8360715,-21.370727500000008],[-46.8321491,-21.366538200000004],[-46.817309400000006,-21.366438600000002],[-46.8048438,-21.371079299999995],[-46.7935628,-21.371577100000007],[-46.7917613,-21.373683000000007],[-46.789537300000006,-21.37295949999999],[-46.7862018,-21.3689319],[-46.7812878,-21.370756600000004],[-46.776398,-21.36282479999999],[-46.76470509999999,-21.360063599999993],[-46.763647500000005,-21.361876900000006],[-46.75883840000001,-21.3629046],[-46.7596065,-21.372205299999997],[-46.76213690000001,-21.374968699999997],[-46.75868450000001,-21.378788399999994],[-46.7505351,-21.3849177],[-46.74495490000001,-21.385397099999988],[-46.7407847,-21.387749799999998],[-46.739278799999994,-21.389558799999996],[-46.7389748,-21.39257230000001],[-46.73436980000001,-21.394169799999986],[-46.7314811,-21.392192299999998],[-46.725779800000005,-21.3929047],[-46.72247960000001,-21.389750299999996],[-46.71798089999999,-21.39070179999999],[-46.7147217,-21.392662099999992],[-46.7101706,-21.398652299999988],[-46.70747639999999,-21.404608500000002],[-46.7059624,-21.40484390000001],[-46.70063449999999,-21.4007889],[-46.693892,-21.390558700000003],[-46.692206500000005,-21.382747000000002],[-46.6840165,-21.376372],[-46.67392089999999,-21.374491799999998],[-46.6722467,-21.368826199999997],[-46.6667242,-21.361291699999992],[-46.665531200000004,-21.361158200000006],[-46.661394,-21.3637481],[-46.6557624,-21.364374200000015],[-46.650403000000004,-21.362919400000003],[-46.6471993,-21.364193099999998],[-46.64492260000001,-21.372396799999997],[-46.648308400000005,-21.375827099999995],[-46.6468811,-21.38523749999999],[-46.648721200000004,-21.388290799999996],[-46.6487303,-21.3917213],[-46.6388172,-21.4020096],[-46.63941710000001,-21.4074704],[-46.6373422,-21.410689600000005],[-46.6311484,-21.412851899999993],[-46.62656710000001,-21.411487400000002],[-46.618460199999994,-21.4212002],[-46.61805869999999,-21.422323500000005],[-46.6208128,-21.424596700000006],[-46.6206696,-21.425997100000007],[-46.61562240000001,-21.428838],[-46.620022199999994,-21.435423800000002],[-46.61525679999999,-21.4414682],[-46.6114188,-21.441545899999994],[-46.6064102,-21.444617900000008],[-46.6018899,-21.443960800000003],[-46.5942554,-21.439682099999995],[-46.59306959999999,-21.4358348],[-46.59031280000001,-21.436493699999993],[-46.58327330000001,-21.43323009999998],[-46.57651369999999,-21.42695720000001],[-46.572512800000005,-21.4314404],[-46.5703961,-21.436768599999994],[-46.5652803,-21.438405499999995],[-46.56022250000001,-21.442329999999995],[-46.55788220000001,-21.442657499999992],[-46.55320859999999,-21.440049199999997],[-46.5459288,-21.440332299999984],[-46.5357798,-21.449142199999994],[-46.52849359999999,-21.4449939],[-46.5253127,-21.4451562],[-46.51905270000001,-21.448953199999988],[-46.518021100000006,-21.453491899999996],[-46.5195598,-21.462018399999995],[-46.5165775,-21.464925799999982],[-46.51365140000001,-21.464667400000007],[-46.5092521,-21.4698989],[-46.512232899999994,-21.4771766],[-46.5107266,-21.47936139999999],[-46.50889000000001,-21.489127100000005],[-46.5114205,-21.489159900000004],[-46.5116431,-21.49307479999999],[-46.5137902,-21.496824199999992],[-46.5192505,-21.5008897],[-46.5196824,-21.50571869999999],[-46.5161021,-21.5113412],[-46.521223500000005,-21.5150345],[-46.5219012,-21.5202676],[-46.524029199999994,-21.5212984],[-46.522977700000006,-21.529937899999993],[-46.5200641,-21.53504069999999],[-46.5188953,-21.5339798],[-46.5111058,-21.535878299999993],[-46.5066947,-21.54378870000001],[-46.5007767,-21.549761099999998],[-46.50004870000001,-21.55453199999999],[-46.5040153,-21.562819000000008],[-46.5118411,-21.5653791],[-46.5121702,-21.572162000000002],[-46.5161109,-21.578064900000005],[-46.5199217,-21.580591900000005],[-46.52199420000001,-21.5845087],[-46.5214221,-21.587987099999992],[-46.518338,-21.5905906],[-46.51843589999999,-21.593055],[-46.52442889999999,-21.600958700000007],[-46.5159764,-21.605992500000006],[-46.518228,-21.6128219],[-46.5228967,-21.614067899999995],[-46.5342829,-21.62128699999999],[-46.53341270000001,-21.625216299999998],[-46.534868,-21.628681099999998],[-46.539704500000006,-21.6286553],[-46.5421712,-21.63113209999999],[-46.5473674,-21.630433800000006],[-46.5526155,-21.637039299999998],[-46.5519956,-21.642907900000004],[-46.5481577,-21.648182599999984],[-46.54826899999999,-21.649867800000006],[-46.5503644,-21.652593800000002],[-46.56030270000001,-21.65303449999999],[-46.5659174,-21.656938399999998],[-46.5666983,-21.6592018],[-46.5650845,-21.663679100000007],[-46.5664203,-21.668990400000006],[-46.5646313,-21.678679400000007],[-46.5727096,-21.681666999999997],[-46.5777676,-21.685057800000006],[-46.5791364,-21.682559499999982],[-46.593035799999996,-21.683178299999998],[-46.6053846,-21.680894399999993],[-46.6094188,-21.677208500000006],[-46.6215947,-21.675542999999998],[-46.6248372,-21.686830999999994],[-46.6238833,-21.692728899999995],[-46.62464859999999,-21.6940868],[-46.6286736,-21.694817599999997],[-46.6284517,-21.699758600000003],[-46.6299281,-21.702669499999995],[-46.62911630000001,-21.706412899999997],[-46.6230198,-21.712946199999994],[-46.62245050000001,-21.715538700000007],[-46.6231766,-21.71951339999999],[-46.6284763,-21.7296153],[-46.6255882,-21.734095400000008],[-46.6308415,-21.7408998],[-46.627402700000005,-21.747887099999993],[-46.6281149,-21.755036500000003],[-46.6260303,-21.76622649999999],[-46.62814350000001,-21.768936800000002],[-46.6394469,-21.76847199999999],[-46.6460393,-21.776051100000004],[-46.653991299999994,-21.779246400000005],[-46.6512016,-21.7894427],[-46.667725,-21.806965399999996],[-46.6708262,-21.816481199999995],[-46.68070440000001,-21.823355499999995],[-46.685498499999994,-21.828338400000007],[-46.6909705,-21.836963799999992],[-46.688838800000006,-21.841346400000003],[-46.68146409999999,-21.845118],[-46.68121200000001,-21.844419000000002],[-46.6765302,-21.850625500000003],[-46.673955,-21.850864999999995],[-46.67080810000001,-21.8488309],[-46.665285000000004,-21.848788],[-46.6651867,-21.853051400000005],[-46.663192,-21.857837999999997],[-46.655784000000004,-21.87047300000001],[-46.656074,-21.87296999999999],[-46.6575094,-21.872945000000012],[-46.6581055,-21.875272500000005],[-46.6575633,-21.877452499999997],[-46.653842,-21.8800231],[-46.6475365,-21.8804608],[-46.6486032,-21.8876218],[-46.6531678,-21.896012599999995],[-46.6655702,-21.8992967],[-46.6678104,-21.90304079999999],[-46.67316639999999,-21.908088999999997],[-46.6737785,-21.911052700000003],[-46.6682683,-21.918319499999996],[-46.665,-21.920692100000007],[-46.665310299999994,-21.926462300000008],[-46.66797530000001,-21.930578200000003],[-46.6673015,-21.932560200000008],[-46.66209909999999,-21.937906499999993],[-46.6556197,-21.93942789999999],[-46.6536443,-21.941704899999994],[-46.65382340000001,-21.953343200000003],[-46.65141380000001,-21.961452900000005],[-46.6433949,-21.9761066],[-46.63746510000001,-21.980803300000012],[-46.6309992,-21.98117659999999],[-46.6291748,-21.9862176],[-46.622829900000006,-21.994589100000006],[-46.61586859999999,-21.995544499999994],[-46.614668800000004,-21.996971199999994],[-46.612461100000004,-22.004865399999996],[-46.6132624,-22.014962699999995],[-46.6151356,-22.0173851],[-46.61782650000001,-22.017531500000008],[-46.6280815,-22.0154649],[-46.6403429,-22.008884300000002],[-46.6491764,-22.00928619999999],[-46.6533682,-22.01117139999999],[-46.654791,-22.017807199999993],[-46.659561,-22.02029],[-46.66220250000001,-22.02369610000001],[-46.67557490000001,-22.022374700000004],[-46.6835705,-22.0300431],[-46.685389,-22.03742209999999],[-46.6839312,-22.042076999999995],[-46.6794772,-22.048281699999997],[-46.6778528,-22.0540429],[-46.6763613,-22.0554395],[-46.67040540000001,-22.057846199999997],[-46.6577457,-22.060475699999998],[-46.66478600000001,-22.068863099999998],[-46.6798626,-22.07128129999999],[-46.6839542,-22.073865699999995],[-46.696398900000005,-22.072923400000004],[-46.70611769999999,-22.078972099999998],[-46.707653,-22.078789699999998],[-46.709592,-22.074749999999998],[-46.7131611,-22.075005900000008],[-46.71619470000001,-22.0735501],[-46.7221634,-22.074977799999996],[-46.72344300000001,-22.076821099999997],[-46.7211777,-22.078088299999997],[-46.72150849999999,-22.0803297],[-46.7193125,-22.083582399999994],[-46.718837300000004,-22.0886791],[-46.7158402,-22.089758599999993],[-46.7153704,-22.091361999999993],[-46.70081410000001,-22.095196899999998],[-46.69350000000001,-22.0900778],[-46.69147379999999,-22.0902939],[-46.68969830000001,-22.093107800000002],[-46.68794710000001,-22.093576699999986],[-46.68028650000001,-22.0910723],[-46.6744505,-22.096225299999997],[-46.6709261,-22.097341399999994],[-46.664948200000005,-22.096361999999996],[-46.662862700000005,-22.094057799999995],[-46.6620658,-22.0946238],[-46.6545358,-22.091872700000003],[-46.653368300000004,-22.092663500000004],[-46.651543000000004,-22.09131079999999],[-46.646755,-22.091893199999994],[-46.64464099999999,-22.095765800000002],[-46.6425605,-22.096556099999997],[-46.63989840000001,-22.100034299999997],[-46.63918850000001,-22.102427299999995],[-46.636119900000004,-22.1032595],[-46.6343404,-22.107665799999996],[-46.63045029999999,-22.107241900000002],[-46.62417,-22.10851690000001],[-46.6227309,-22.1099309],[-46.6203106,-22.115020000000005],[-46.620284000000005,-22.120310900000003],[-46.617686000000006,-22.123690799999995],[-46.6176468,-22.128254799999997],[-46.6161159,-22.130654700000004],[-46.6110844,-22.132426799999998],[-46.603593800000006,-22.13219739999999],[-46.6003687,-22.133515399999993],[-46.59853,-22.1363895],[-46.6010467,-22.139120599999995],[-46.6071718,-22.141685500000005],[-46.61304150000001,-22.150252500000008],[-46.62788810000001,-22.156429199999998],[-46.634967800000005,-22.154482999999992],[-46.6404581,-22.157719599999993],[-46.640339600000004,-22.165904500000007],[-46.64286620000001,-22.170396999999998],[-46.64356260000001,-22.174454700000005],[-46.6464271,-22.177946099999996],[-46.646292300000006,-22.181321899999993],[-46.6507987,-22.177534299999998],[-46.66313400000001,-22.1804011],[-46.6690093,-22.174737499999992],[-46.671283,-22.17415499999999],[-46.6738355,-22.1756175],[-46.67430160000001,-22.17630449999999],[-46.670702600000006,-22.180242099999997],[-46.67080080000001,-22.184260600000005],[-46.679666,-22.208353300000002],[-46.6806267,-22.214285800000003],[-46.678167800000004,-22.224041900000003],[-46.68186,-22.225583300000014],[-46.6845387,-22.229148799999997],[-46.6900357,-22.2323438],[-46.6931416,-22.237631499999992],[-46.68862540000001,-22.248768400000007],[-46.6897735,-22.2491393],[-46.6940399,-22.246666900000005],[-46.6962694,-22.249638699999984],[-46.706943,-22.257872299999995],[-46.710400699999994,-22.262390100000005],[-46.7106162,-22.269930000000002],[-46.705896599999996,-22.271842],[-46.7023373,-22.277879099999996],[-46.7032,-22.280653299999994],[-46.7105161,-22.284995100000003],[-46.70864689999999,-22.293791500000005],[-46.705810400000004,-22.293670199999998],[-46.7052841,-22.295824000000007],[-46.7112974,-22.301669099999998],[-46.712573600000006,-22.3045103],[-46.7157559,-22.3066133],[-46.72326030000001,-22.306623800000004],[-46.7179524,-22.316944300000007],[-46.7109826,-22.31278749999999],[-46.7118156,-22.31657960000001],[-46.710818200000006,-22.3193256],[-46.7089731,-22.3189855],[-46.705621699999995,-22.320881000000007],[-46.701199300000006,-22.321492999999993],[-46.70075320000001,-22.3253239],[-46.6980615,-22.32665889999999],[-46.6989492,-22.332313699999993],[-46.695242099999994,-22.335239000000012],[-46.6952583,-22.3363952],[-46.6975028,-22.337630600000004],[-46.6962057,-22.340575800000003],[-46.697619700000004,-22.343212299999994],[-46.69355900000001,-22.343029499999993],[-46.693312500000005,-22.34606389999999],[-46.69459530000001,-22.348550899999996],[-46.6907265,-22.346762299999995],[-46.6876144,-22.349411399999994],[-46.6870333,-22.357301399999994],[-46.6827863,-22.357492399999995],[-46.679561199999995,-22.3638558],[-46.6768694,-22.365985600000005],[-46.675907300000006,-22.369289399999996],[-46.660923499999996,-22.36604099999999],[-46.6622325,-22.37333529999999],[-46.6663078,-22.380990300000008],[-46.66639459999999,-22.381963800000012],[-46.66372890000001,-22.383291000000003],[-46.6650028,-22.386751099999994],[-46.663420099999996,-22.391543099999993],[-46.66412700000001,-22.3993588],[-46.668223,-22.4077727],[-46.6665163,-22.4151098],[-46.661835,-22.418811299999987],[-46.6579543,-22.4201291],[-46.655111000000005,-22.4227021],[-46.65075660000001,-22.423465999999998],[-46.6495875,-22.42688659999999],[-46.6470315,-22.428838600000002],[-46.6398892,-22.425574300000008],[-46.636954700000004,-22.431011099999996],[-46.63160740000001,-22.435835700000002],[-46.62351420000001,-22.437727299999995],[-46.6183141,-22.436987499999997],[-46.61660959999999,-22.4386625],[-46.61192280000001,-22.435442999999996],[-46.606140399999994,-22.441729699999993],[-46.603467900000005,-22.443074100000004],[-46.60067620000001,-22.441474700000008],[-46.5944183,-22.440963399999994],[-46.59173429999999,-22.4381139],[-46.5851339,-22.439447499999993],[-46.5736718,-22.445585799999993],[-46.5751423,-22.447877400000003],[-46.572654400000005,-22.45314159999999],[-46.56811450000001,-22.450876500000003],[-46.564834499999996,-22.4473925],[-46.554814,-22.44665],[-46.5488098,-22.455154500000006],[-46.5515534,-22.459979500000006],[-46.54986480000001,-22.46954889999999],[-46.5429516,-22.467763899999998],[-46.5393492,-22.468630699999995],[-46.5374765,-22.471267099999995],[-46.531758200000006,-22.4699647],[-46.5306674,-22.470852500000014],[-46.5360585,-22.483679700000003],[-46.5360624,-22.487756899999997],[-46.542146900000006,-22.494356],[-46.5069909,-22.50695889999999],[-46.5066133,-22.515453200000003],[-46.505289899999994,-22.5170472],[-46.5009488,-22.517006099999993],[-46.4983242,-22.513167000000003],[-46.4911793,-22.510386699999998],[-46.4889235,-22.516101099999993],[-46.4845699,-22.519241799999993],[-46.480141700000004,-22.518742899999992],[-46.4767741,-22.520714700000003],[-46.47113280000001,-22.5182933],[-46.46685730000001,-22.518529000000008],[-46.464924,-22.52280379999999],[-46.4549551,-22.5217324],[-46.4500844,-22.526516299999997],[-46.4491971,-22.530835000000003],[-46.4395191,-22.534699699999994],[-46.4388371,-22.536614499999985],[-46.439982400000005,-22.5400156],[-46.4325737,-22.5439263],[-46.4291722,-22.54370360000001],[-46.4263085,-22.5475688],[-46.4208124,-22.548597700000002],[-46.417945100000004,-22.547455699999997],[-46.417590999999994,-22.542951800000004],[-46.413276999999994,-22.540291699999997],[-46.411696000000006,-22.53670149999999],[-46.4069522,-22.539932499999992],[-46.4061476,-22.541464400000002],[-46.4078499,-22.548138599999987],[-46.409932,-22.550140600000002],[-46.4114167,-22.55431329999999],[-46.4146427,-22.5579277],[-46.419015,-22.559888],[-46.422451,-22.56452270000001],[-46.4275075,-22.5664035],[-46.4325856,-22.571228099999995],[-46.4337254,-22.574567899999995],[-46.4312604,-22.575964000000006],[-46.4289047,-22.57971109999999],[-46.42872270000001,-22.583926100000003],[-46.41951050000001,-22.582883400000004],[-46.4120617,-22.585765800000004],[-46.4152283,-22.590025600000008],[-46.421586100000006,-22.594160299999988],[-46.4214451,-22.59656160000001],[-46.4243364,-22.59944429999999],[-46.4221152,-22.6003274],[-46.4208383,-22.5985623],[-46.41870180000001,-22.602733999999998],[-46.4133732,-22.60734010000001],[-46.41121750000001,-22.612681899999995],[-46.4047579,-22.620893300000002],[-46.40597050000001,-22.6221789],[-46.42300550000001,-22.624844799999995],[-46.4246199,-22.633599099999998],[-46.4206295,-22.638079499999996],[-46.41469550000001,-22.640194299999994],[-46.4060486,-22.640577499999996],[-46.3963122,-22.645982],[-46.3923634,-22.653146799999995],[-46.394296100000005,-22.6589338],[-46.3930589,-22.662974100000003],[-46.398183100000004,-22.66568989999999],[-46.4022016,-22.670956899999993],[-46.405863000000004,-22.672559999999994],[-46.4079001,-22.6719316],[-46.4083804,-22.669327400000007],[-46.4055054,-22.6663489],[-46.4050052,-22.66343470000001],[-46.4095866,-22.6620009],[-46.4123367,-22.659785200000005],[-46.4178618,-22.66454220000001],[-46.4200012,-22.664985599999998],[-46.4277141,-22.66135769999999],[-46.4364555,-22.6643527],[-46.440168799999995,-22.668147299999987],[-46.4485016,-22.668260400000012],[-46.451583,-22.6705129],[-46.458779500000006,-22.671818999999992],[-46.46130730000001,-22.676012000000004],[-46.470422400000004,-22.67324270000001],[-46.480636600000004,-22.678315899999994],[-46.4785658,-22.68588610000001],[-46.4699762,-22.693975699999996],[-46.47388790000001,-22.696829599999994],[-46.478890400000004,-22.698276699999997],[-46.471672399999996,-22.7063406],[-46.4686395,-22.70130989999999],[-46.4658321,-22.7043711],[-46.462836100000004,-22.7054542],[-46.4630345,-22.706754199999995],[-46.4573342,-22.707057199999998],[-46.4561728,-22.709722300000003],[-46.45652629999999,-22.7150495],[-46.4550654,-22.717170999999997],[-46.4548604,-22.719297499999993],[-46.4561584,-22.719938100000007],[-46.4556503,-22.723584299999995],[-46.4527231,-22.727581900000004],[-46.450555800000004,-22.728067200000012],[-46.450106,-22.7270337],[-46.4453653,-22.726374999999997],[-46.443936,-22.728093999999995],[-46.4394538,-22.7267257],[-46.4367461,-22.731942100000005],[-46.4315299,-22.734412699999986],[-46.4295624,-22.734068799999996],[-46.4255821,-22.736325299999997],[-46.4226195,-22.733005100000003],[-46.4198838,-22.732890599999994],[-46.4187887,-22.734200499999993],[-46.4145357,-22.734622899999998],[-46.4130858,-22.738300499999998],[-46.406642100000006,-22.740920399999993],[-46.4046898,-22.739405800000004],[-46.3937809,-22.743972500000005],[-46.3882845,-22.740440499999995],[-46.3858053,-22.740304300000005],[-46.37913679999999,-22.74608469999999],[-46.3728114,-22.7468258],[-46.3693308,-22.7509494],[-46.3671929,-22.751853899999997],[-46.3675854,-22.753345199999995],[-46.363547200000006,-22.7556473],[-46.36048000000001,-22.761345400000007],[-46.35489160000001,-22.7570927],[-46.34636100000001,-22.759956900000006],[-46.33454149999999,-22.760300100000002],[-46.3325661,-22.766115799999998],[-46.3345547,-22.767912000000006],[-46.341646,-22.769340400000008],[-46.3408292,-22.773748699999985],[-46.34348870000001,-22.777458700000015],[-46.348054600000005,-22.777660000000008],[-46.35233709999999,-22.785124600000007],[-46.3567204,-22.78510800000001],[-46.3586431,-22.7875668],[-46.3616955,-22.7889414],[-46.36244380000001,-22.793878499999998],[-46.3672846,-22.801474600000002],[-46.37375610000001,-22.817056899999994],[-46.37681109999999,-22.827819500000004],[-46.373475600000006,-22.830453599999995],[-46.3731603,-22.832615800000003],[-46.370698000000004,-22.835071499999994],[-46.3710243,-22.838541199999995],[-46.37433910000001,-22.84390209999999],[-46.37472400000001,-22.85215509999999],[-46.3723642,-22.85705209999999],[-46.37257869999999,-22.8600974],[-46.37605130000001,-22.863573200000005],[-46.380841,-22.864046100000014],[-46.3841924,-22.8699661],[-46.3801683,-22.871758],[-46.3755013,-22.87100729999999],[-46.377022100000005,-22.8734148],[-46.376289400000005,-22.877079099999992],[-46.3778358,-22.8792401],[-46.3734745,-22.87882689999999],[-46.37240909999999,-22.883130399999995],[-46.36774849999999,-22.886181099999998],[-46.3637785,-22.89367359999999],[-46.35976469999999,-22.89550650000001],[-46.35631070000001,-22.900303299999994],[-46.35077989999999,-22.89941880000001],[-46.3486149,-22.9006856],[-46.344893000000006,-22.905224],[-46.343351,-22.902320000000007],[-46.337483,-22.896780999999997],[-46.315332,-22.886792999999997],[-46.31368599999999,-22.887063999999995],[-46.311648,-22.890567999999984],[-46.304646,-22.891542999999988],[-46.302704,-22.895214999999997],[-46.2960609,-22.898154100000003],[-46.29088980000001,-22.894055699999996],[-46.2879166,-22.887812699999998],[-46.2810564,-22.8842339],[-46.2790257,-22.8783476],[-46.2668638,-22.875687199999998],[-46.26263470000001,-22.8784565],[-46.258530699999994,-22.890574700000005],[-46.24831369999999,-22.889408200000013],[-46.24177130000001,-22.890271099999993],[-46.2381712,-22.894155600000005],[-46.23414459999999,-22.881822800000002],[-46.228585300000006,-22.881543299999993],[-46.2204198,-22.877610999999998],[-46.2149333,-22.876576400000005],[-46.204632700000005,-22.872178100000003],[-46.2028045,-22.870368400000007],[-46.199830999999996,-22.870947599999997],[-46.1921979,-22.865230599999997],[-46.1897196,-22.865735099999995],[-46.185499500000006,-22.869189700000007],[-46.1820612,-22.867010599999997],[-46.1672188,-22.865526699999993],[-46.1647528,-22.864142200000007],[-46.1553279,-22.864168199999995],[-46.1506441,-22.860015],[-46.1450279,-22.8571903],[-46.143830599999994,-22.858252999999994],[-46.141252,-22.868145999999992],[-46.14210979999999,-22.8809561],[-46.1379152,-22.884965599999994],[-46.1368863,-22.89054149999999],[-46.13828000000001,-22.8949706],[-46.1438367,-22.902984299999996],[-46.1468285,-22.905258100000005],[-46.1473937,-22.90761560000001],[-46.14975580000001,-22.910464899999997],[-46.1535484,-22.9110161],[-46.1539895,-22.9124004],[-46.1498819,-22.91654349999999],[-46.1464702,-22.9173682],[-46.139093700000004,-22.92275529999999],[-46.13730999999999,-22.922152699999994],[-46.1236125,-22.909544400000012],[-46.1209435,-22.909278399999998],[-46.1148311,-22.906071800000003],[-46.1086682,-22.905462199999988],[-46.1053362,-22.90154920000001],[-46.1016367,-22.9015165],[-46.0952183,-22.894428999999995],[-46.089521700000006,-22.895223099999992],[-46.08366190000001,-22.8915698],[-46.07539330000001,-22.8909635],[-46.0741105,-22.89117000000001],[-46.073891700000004,-22.893292099999993],[-46.071575,-22.893585600000005],[-46.0639447,-22.8916433],[-46.0595556,-22.8947076],[-46.050675000000005,-22.896974999999998],[-46.050211999999995,-22.903034999999996],[-46.04430000000001,-22.905333999999993],[-46.04388500000001,-22.911374000000002],[-46.04105500000001,-22.914334999999987],[-46.041075,-22.919173999999988],[-46.042807999999994,-22.926976999999994],[-46.04863400000001,-22.932792999999997],[-46.05124699999999,-22.940689000000006],[-46.050444000000006,-22.943816999999996],[-46.05324300000001,-22.950157],[-46.049097,-22.95513599999999],[-46.051557,-22.958976999999997],[-46.05062900000001,-22.96532199999999],[-46.051966,-22.968283],[-46.05591199999999,-22.970054000000005],[-46.05702000000001,-22.973059],[-46.063635,-22.97457099999999],[-46.067217,-22.980196],[-46.070926,-22.979267],[-46.073308,-22.979903999999987],[-46.077697,-22.977275999999996],[-46.081454,-22.98510400000001],[-46.08656,-22.985004999999997],[-46.089139,-22.989253],[-46.089695,-22.993326],[-46.09439999999999,-22.997241000000002],[-46.099969,-22.998840999999988],[-46.100501,-23.00016700000001],[-46.109044,-23.001776000000003],[-46.11760100000001,-23.00537399999999],[-46.12146400000001,-23.00895600000001],[-46.125167,-23.00899100000001],[-46.130086000000006,-23.020935999999995],[-46.133942000000005,-23.026243999999995],[-46.13861899999999,-23.028854999999997],[-46.14198600000001,-23.028503],[-46.139849,-23.035922999999997],[-46.140472,-23.038841],[-46.144261,-23.039332000000005],[-46.143828,-23.042279000000015],[-46.146643,-23.044172000000007],[-46.15102,-23.04451699999999],[-46.154861999999994,-23.049357000000008],[-46.158941000000006,-23.04992500000001],[-46.15854,-23.052760000000003],[-46.160268,-23.057318999999996],[-46.15886,-23.061528000000003],[-46.162292,-23.063157000000004],[-46.16144,-23.066121999999986],[-46.163927,-23.066700999999988],[-46.170390000000005,-23.071622999999995],[-46.173526,-23.070825000000006],[-46.175008,-23.075863999999992],[-46.180331,-23.07939299999999],[-46.182693,-23.07947],[-46.187598,-23.077272],[-46.194808,-23.077932000000004],[-46.19628199999999,-23.08035900000001],[-46.204872,-23.084424000000006],[-46.205219,-23.093061999999996],[-46.209088,-23.098779],[-46.20866399999999,-23.10197400000001],[-46.210483,-23.10460200000001],[-46.20886599999999,-23.106682000000003],[-46.212589,-23.106828000000004],[-46.215061,-23.108424000000003],[-46.21564200000001,-23.11109399999999],[-46.214259,-23.11442],[-46.2182,-23.117260999999996],[-46.21849439999999,-23.123798900000015],[-46.2199363,-23.12422309999998],[-46.2215501,-23.1230164],[-46.2267483,-23.127924800000002],[-46.227228,-23.1326703],[-46.2260462,-23.1368976],[-46.232215700000005,-23.1350956],[-46.23523440000001,-23.135443299999988],[-46.2374953,-23.1412971],[-46.2401634,-23.142753700000004],[-46.24318730000001,-23.149229799999997],[-46.2462119,-23.150868],[-46.2471255,-23.15510280000001],[-46.2536411,-23.156458300000008],[-46.2569649,-23.159554700000005],[-46.25638969999999,-23.163614500000005],[-46.257501600000005,-23.1674365],[-46.25567980000001,-23.168717700000006],[-46.2560852,-23.1718348],[-46.261502,-23.174004999999994],[-46.26057900000001,-23.176109],[-46.261762999999995,-23.178059000000005],[-46.259621,-23.180013999999993],[-46.26352700000001,-23.183594999999997],[-46.262198,-23.186387000000003],[-46.263096,-23.188018999999993],[-46.268737,-23.190467],[-46.270854,-23.187714000000003],[-46.273102,-23.187314999999998],[-46.27581000000001,-23.184938],[-46.282415,-23.18348699999999],[-46.286019,-23.190976],[-46.296933,-23.197011],[-46.298593999999994,-23.196391000000002],[-46.301641,-23.198275],[-46.303811,-23.197303],[-46.307736000000006,-23.198041],[-46.30901200000001,-23.199959999999994],[-46.307672,-23.203134999999996],[-46.30999899999999,-23.204750999999995],[-46.308714,-23.208804999999998],[-46.305809,-23.211105999999987],[-46.305542,-23.213004999999992],[-46.311501,-23.227427000000002],[-46.314401000000004,-23.228830000000002],[-46.317597000000006,-23.233709999999984],[-46.326665,-23.240792],[-46.329657,-23.24634299999999],[-46.33294,-23.246858000000003],[-46.337167,-23.250639],[-46.348066,-23.252645000000005],[-46.350202,-23.25843500000001],[-46.353944000000006,-23.262709],[-46.35381000000001,-23.264964],[-46.357916,-23.265623000000005],[-46.359771,-23.267790999999995],[-46.359286000000004,-23.271124999999998],[-46.356876,-23.272567000000002],[-46.37170400000001,-23.275666000000008],[-46.376292,-23.278384999999993],[-46.381483,-23.278079999999996],[-46.387420000000006,-23.286929],[-46.39033200000001,-23.287516],[-46.396249,-23.285817999999992],[-46.399970999999994,-23.288779],[-46.400639,-23.295317999999998],[-46.403438,-23.296154999999985],[-46.402736000000004,-23.299121000000003],[-46.405078,-23.300967999999997],[-46.4083,-23.300293999999997],[-46.41199000000001,-23.301669999999998],[-46.410499,-23.305790000000002],[-46.41320700000001,-23.307919999999996],[-46.418451,-23.316319000000007],[-46.42165,-23.307641999999998],[-46.42591500000001,-23.301850000000005],[-46.42543400000001,-23.297357999999996],[-46.427635,-23.294938000000002],[-46.427253,-23.29200000000001],[-46.429914,-23.289044000000008],[-46.43740900000001,-23.284552],[-46.43430300000001,-23.279628000000002],[-46.43974399999999,-23.273438999999996],[-46.446926000000005,-23.271495],[-46.44789200000001,-23.270023999999985],[-46.454015,-23.273105999999995],[-46.45938399999999,-23.270338],[-46.46184000000001,-23.272438999999984],[-46.460265,-23.275646999999996],[-46.460636,-23.278070999999997],[-46.462804,-23.280064999999993],[-46.467338000000005,-23.280717],[-46.470818,-23.282660000000003],[-46.472356,-23.280915999999998],[-46.472741,-23.276643000000014],[-46.476232,-23.274901],[-46.478456,-23.269392000000007],[-46.483138000000004,-23.26694800000001],[-46.482865000000004,-23.265321999999998],[-46.491828,-23.25525199999999],[-46.49989600000001,-23.252783],[-46.50232200000001,-23.250517000000006],[-46.503069,-23.247941999999988],[-46.514194999999994,-23.250163000000008],[-46.513474,-23.247481999999998],[-46.51532400000001,-23.24415900000001],[-46.5153801,-23.237501899999994],[-46.51677900000001,-23.238512999999998],[-46.520164,-23.237444],[-46.523799999999994,-23.238073],[-46.529002,-23.241544000000005],[-46.539578,-23.239766],[-46.546229000000004,-23.241378999999995],[-46.551501,-23.23933899999999],[-46.553512,-23.23624600000001],[-46.558956,-23.235208999999994],[-46.56360200000001,-23.236547999999992],[-46.566764,-23.235865],[-46.568253,-23.233734999999996],[-46.575295,-23.232543000000003],[-46.583386,-23.232775000000007],[-46.588294,-23.234787000000004],[-46.589858,-23.236680999999994],[-46.59371099999999,-23.236550000000005],[-46.601173,-23.234240999999994],[-46.604096000000006,-23.23516399999999],[-46.60526500000001,-23.228468000000007],[-46.609922,-23.22582300000001],[-46.615501,-23.227562999999986],[-46.61453,-23.23074799999999],[-46.61699999999999,-23.233300999999997],[-46.618323,-23.238499999999995],[-46.61760300000001,-23.240313],[-46.621961,-23.242418000000004],[-46.622762,-23.256729],[-46.62640600000001,-23.256211000000015],[-46.629639,-23.259089999999993],[-46.634297,-23.257462999999998],[-46.637660000000004,-23.258004999999994],[-46.642980400000006,-23.2545923],[-46.6524682,-23.259879399999996],[-46.6666941,-23.258810200000003],[-46.6690511,-23.256375899999988],[-46.672090000000004,-23.256025800000007],[-46.675774999999994,-23.261601800000005],[-46.6843128,-23.257106600000004],[-46.68656550000001,-23.258958199999995],[-46.6909392,-23.2570353],[-46.69420029999999,-23.259201],[-46.6957401,-23.257225],[-46.6988037,-23.256940100000005],[-46.6971794,-23.2549749],[-46.69793980000001,-23.253595899999993],[-46.7021117,-23.251812300000005],[-46.7053349,-23.251630699999993],[-46.7095646,-23.253315500000003],[-46.7185235,-23.2532958],[-46.7229292,-23.249070099999997],[-46.72536360000001,-23.248457600000005],[-46.7315717,-23.25323480000001],[-46.7388663,-23.252691099999996],[-46.7445536,-23.2502751],[-46.751160600000006,-23.25317099999999],[-46.7525611,-23.255744099999998],[-46.757163000000006,-23.25348300000001],[-46.760068,-23.256229999999988],[-46.760189,-23.258097999999993],[-46.763431000000004,-23.25776799999999],[-46.766504,-23.259306000000002],[-46.77235300000001,-23.259727999999992],[-46.778571,-23.256519999999995],[-46.78399099999999,-23.260878000000005],[-46.783686,-23.265378000000002],[-46.786203,-23.265003000000007],[-46.787637,-23.266469],[-46.790873,-23.266742],[-46.792796,-23.261191999999998],[-46.802440999999995,-23.257011000000002],[-46.80311,-23.270597999999996],[-46.80594700000001,-23.27248],[-46.80555400000001,-23.274753000000004],[-46.809716,-23.274625999999994],[-46.813905000000005,-23.276820000000004],[-46.81444,-23.282215000000004],[-46.816486,-23.28260999999999],[-46.819411,-23.280861000000005],[-46.83187,-23.27899],[-46.834676,-23.280627000000003],[-46.834489,-23.286227],[-46.838457,-23.287918],[-46.84437100000001,-23.282005999999985],[-46.846331,-23.282236999999988],[-46.846878,-23.28451300000001],[-46.84993899999999,-23.285617],[-46.860967,-23.281785999999993],[-46.862539,-23.278496],[-46.864790000000006,-23.279679999999995],[-46.867464000000005,-23.277938999999996],[-46.869642,-23.28218500000001],[-46.8758036,-23.283715499999992],[-46.877797300000005,-23.287572399999995],[-46.877194,-23.290948200000003],[-46.881614,-23.28912960000001],[-46.8855537,-23.2905306],[-46.8870433,-23.296171700000006],[-46.8900296,-23.299815499999994],[-46.89541950000001,-23.301796299999992],[-46.8971209,-23.304340300000003],[-46.9010357,-23.305244999999985],[-46.9019133,-23.30758289999999],[-46.9080837,-23.308995000000003],[-46.9154444,-23.30829560000001],[-46.9184298,-23.31072199999999],[-46.9224067,-23.307926599999995],[-46.926576,-23.3108793],[-46.9308956,-23.311669500000004],[-46.9335654,-23.317076999999998],[-46.93610780000001,-23.31815920000001],[-46.93897359999999,-23.323511800000002],[-46.9414475,-23.3202623],[-46.941409500000006,-23.321382499999995],[-46.94492189999999,-23.322819799999998],[-46.94533500000001,-23.325162899999995],[-46.94698650000001,-23.3247922],[-46.94866510000001,-23.32629289999999],[-46.9501721,-23.32421529999999],[-46.9523789,-23.32531729999999],[-46.9540358,-23.324844399999993],[-46.958547,-23.32639070000001],[-46.9592483,-23.328028199999995],[-46.96403409999999,-23.323574499999996],[-46.970340400000005,-23.32623549999999],[-46.97440730000001,-23.329986699999996],[-46.9765271,-23.328997900000005],[-46.97815289999999,-23.329632699999998],[-46.983667100000005,-23.33364039999999],[-46.987581500000005,-23.332703499999994],[-46.9889646,-23.3341547],[-46.99149620000001,-23.3326513],[-46.9914616,-23.3337341],[-46.9928057,-23.333752500000006],[-46.995719300000005,-23.331000299999996],[-46.9999975,-23.333245799999993],[-47.0005443,-23.338141700000005],[-47.00396979999999,-23.336858400000004],[-47.004933900000005,-23.337979199999996],[-47.0078391,-23.337448799999997],[-47.0089393,-23.338679],[-47.01535090000001,-23.340333400000002],[-47.0173298,-23.3453575],[-47.0212363,-23.344125699999996],[-47.02500109999999,-23.345776599999997],[-47.0312477,-23.346012799999993],[-47.0419167,-23.3522495],[-47.0451834,-23.351118199999995],[-47.0486567,-23.354867800000008],[-47.057073,-23.357247199999996],[-47.06632020000001,-23.354519399999994],[-47.06580410000001,-23.3577848],[-47.072383699999996,-23.359043999999997],[-47.076047900000006,-23.357535099999996],[-47.0821401,-23.357588300000003],[-47.0878128,-23.353230399999998],[-47.0921906,-23.356179900000004],[-47.0923733,-23.362717700000005],[-47.096225800000006,-23.36739519999999],[-47.0946348,-23.371229099999997],[-47.1026101,-23.3694847],[-47.1053189,-23.3716636],[-47.1033091,-23.374517000000004],[-47.1011014,-23.386821500000007],[-47.0976546,-23.387905599999996],[-47.09073370000001,-23.386400400000003],[-47.0875307,-23.383086299999995],[-47.083154,-23.380931700000005],[-47.081736,-23.3813248],[-47.080912000000005,-23.3876386],[-47.08353,-23.389587499999998],[-47.08387720000001,-23.391605399999996],[-47.0814311,-23.392480599999992],[-47.0806818,-23.3945086],[-47.0828269,-23.397825700000006],[-47.0831697,-23.401596200000007],[-47.085862600000006,-23.403240299999993],[-47.0902757,-23.403056999999993],[-47.09288840000001,-23.40148819999999],[-47.0940497,-23.398901400000007],[-47.0960909,-23.398391],[-47.097908000000004,-23.399231800000006],[-47.0983564,-23.402244200000005],[-47.1009242,-23.404582400000002],[-47.1052398,-23.401776399999992],[-47.12069220000001,-23.403719599999988],[-47.122419,-23.402946099999998],[-47.1230216,-23.400374999999997],[-47.1194516,-23.391338199999993],[-47.11919830000001,-23.385896700000004],[-47.1205365,-23.38322569999999],[-47.117081,-23.382029600000003],[-47.11767210000001,-23.376639400000006],[-47.12077440000001,-23.375655699999992],[-47.12957279999999,-23.3820467],[-47.1323781,-23.382053299999995],[-47.1335265,-23.380035099999997],[-47.131744700000006,-23.374937499999994],[-47.1380534,-23.369075200000015],[-47.1367999,-23.358642899999992],[-47.1387871,-23.354236200000003],[-47.14156590000001,-23.352828],[-47.142073200000006,-23.349109700000007],[-47.1568204,-23.34445019999999],[-47.1578923,-23.343122099999995],[-47.1654349,-23.34276769999999],[-47.171085899999994,-23.337846400000007],[-47.169939299999996,-23.33483959999999],[-47.173755699999994,-23.3256009],[-47.1645874,-23.32370369999999],[-47.161464800000005,-23.32054460000001],[-47.1617844,-23.318173800000004],[-47.16661909999999,-23.312504499999992],[-47.165606100000005,-23.311456000000003],[-47.1617821,-23.31159109999999],[-47.1612867,-23.307669099999995],[-47.1667567,-23.30416219999999],[-47.1684842,-23.294010899999996],[-47.17997270000001,-23.293866599999994],[-47.1864465,-23.285056700000002],[-47.1857491,-23.283060500000005],[-47.1892491,-23.277128399999988],[-47.1913559,-23.2700938],[-47.1909835,-23.246101400000008],[-47.189364600000005,-23.247786500000007],[-47.1855492,-23.248921199999995],[-47.18365240000001,-23.247596700000003],[-47.1823823,-23.248043299999992],[-47.179013,-23.2552452],[-47.1763552,-23.257227500000006],[-47.16525219999999,-23.257587400000002],[-47.1568926,-23.256931399999996],[-47.1495643,-23.2549784],[-47.1462778,-23.255707299999994],[-47.1443244,-23.253148900000003],[-47.14173970000001,-23.25389019999999],[-47.13794939999999,-23.249290600000005],[-47.133572900000004,-23.247953000000006],[-47.1290741,-23.243859800000006],[-47.126036,-23.2388929],[-47.1256022,-23.235460700000004],[-47.122899600000004,-23.2342802],[-47.1211116,-23.22903440000001],[-47.1180133,-23.227677599999993],[-47.116035399999994,-23.2250587],[-47.1180764,-23.2217604],[-47.1223444,-23.22001979999999],[-47.127714600000004,-23.214396199999992],[-47.127689200000006,-23.207677199999992],[-47.1302988,-23.203082500000008],[-47.1336074,-23.204220800000012],[-47.1396687,-23.204051699999997],[-47.15074059999999,-23.20117829999999],[-47.156628500000004,-23.2019471],[-47.167580300000004,-23.197678099999994],[-47.1789479,-23.196440799999994],[-47.1896219,-23.1933406],[-47.1942837,-23.1899299],[-47.195376,-23.186159000000004],[-47.212648,-23.182455000000004],[-47.214614,-23.184400000000007],[-47.225294000000005,-23.180792999999994],[-47.227802,-23.181838999999997]]]}},{"type":"Feature","properties":{"id":"3511","nome":"São José dos Campos"},"geometry":{"type":"MultiPolygon","coordinates":[[[[-45.6886177,-24.091690600000003],[-45.6879263,-24.098477600000002],[-45.6843664,-24.09637430000001],[-45.682683,-24.097517800000006],[-45.68046300000001,-24.096583399999993],[-45.6799297,-24.0977981],[-45.684603900000006,-24.102149900000004],[-45.6910891,-24.10554740000001],[-45.6964108,-24.106906499999994],[-45.6986621,-24.106366],[-45.7004813,-24.107824299999997],[-45.7002726,-24.109539],[-45.706277,-24.113172100000003],[-45.706589900000004,-24.1104593],[-45.703195599999994,-24.11078980000001],[-45.701975399999995,-24.109678499999998],[-45.7039837,-24.105907100000003],[-45.70097890000001,-24.106231999999995],[-45.6977703,-24.100958499999994],[-45.6919395,-24.096714000000002],[-45.69131130000001,-24.090901800000005],[-45.6886177,-24.091690600000003]]],[[[-45.70250870000001,-24.096427399999996],[-45.70161,-24.095859600000004],[-45.70249880000001,-24.096585499999996],[-45.70250870000001,-24.096427399999996]]],[[[-45.70530720000001,-24.093628799999998],[-45.7042455,-24.093883199999993],[-45.7053167,-24.093885899999993],[-45.70530720000001,-24.093628799999998]]],[[[-45.6590989,-24.088946400000005],[-45.65831380000001,-24.088689599999988],[-45.6590362,-24.089266900000002],[-45.6590989,-24.088946400000005]]],[[[-45.6635898,-24.0830771],[-45.66293240000001,-24.08346710000001],[-45.66317980000001,-24.083797900000004],[-45.6635898,-24.0830771]]],[[[-45.71639179999999,-24.0801519],[-45.71655969999999,-24.07934700000001],[-45.716105400000004,-24.079534600000002],[-45.71639179999999,-24.0801519]]],[[[-45.717952200000006,-24.077584100000003],[-45.71723620000001,-24.07610269999999],[-45.71660910000001,-24.0763002],[-45.717952200000006,-24.077584100000003]]],[[[-45.6562182,-24.0768989],[-45.6561463,-24.0754211],[-45.654344200000004,-24.074779700000015],[-45.654292399999996,-24.075807900000004],[-45.6562182,-24.0768989]]],[[[-45.7735628,-23.86033839999999],[-45.77632,-23.8679908],[-45.7807397,-23.870688],[-45.7869762,-23.868467199999998],[-45.786636800000004,-23.86247739999999],[-45.78423430000001,-23.859456999999995],[-45.7781045,-23.857768800000006],[-45.7743831,-23.859179999999995],[-45.7735628,-23.86033839999999]]],[[[-45.4177256,-23.853342600000005],[-45.4169898,-23.853077799999994],[-45.4168941,-23.853194599999995],[-45.4177256,-23.853342600000005]]],[[[-45.5208983,-23.847246599999995],[-45.5221763,-23.853703400000008],[-45.5253933,-23.856279000000004],[-45.52646910000001,-23.849933400000012],[-45.5233834,-23.845932900000005],[-45.5208983,-23.847246599999995]]],[[[-45.3324643,-23.916051799999995],[-45.33932300000001,-23.92081929999999],[-45.3390583,-23.92414709999998],[-45.3404085,-23.925402900000016],[-45.340075799999994,-23.924532500000005],[-45.34122599999999,-23.925032500000004],[-45.34183290000001,-23.923851200000005],[-45.345116600000004,-23.923506999999994],[-45.3429733,-23.919948499999993],[-45.3475029,-23.9160817],[-45.3513831,-23.919343799999993],[-45.351945400000005,-23.922518400000005],[-45.35729370000001,-23.927801199999987],[-45.3611161,-23.928302499999994],[-45.3642858,-23.930450299999997],[-45.36583360000001,-23.929857299999995],[-45.3700194,-23.93140629999999],[-45.37407600000001,-23.931292399999997],[-45.38102369999999,-23.9299491],[-45.38850740000001,-23.932296299999994],[-45.39814820000001,-23.932604999999985],[-45.4045733,-23.934727299999988],[-45.4078725,-23.9385004],[-45.42270260000001,-23.938431599999994],[-45.4267443,-23.9394145],[-45.428061299999996,-23.941180800000005],[-45.428042000000005,-23.939308399999994],[-45.43220290000001,-23.939100999999994],[-45.43476470000001,-23.9364515],[-45.438580300000005,-23.936790800000004],[-45.4443223,-23.934145600000008],[-45.447535,-23.927764499999995],[-45.45055210000001,-23.9267474],[-45.451409100000006,-23.922448899999992],[-45.4562816,-23.919534399999993],[-45.45619839999999,-23.91732869999999],[-45.45963660000001,-23.9158025],[-45.46035330000001,-23.912173699999993],[-45.4593753,-23.910467399999998],[-45.4607024,-23.9090467],[-45.458870499999996,-23.906618499999997],[-45.4591053,-23.903289899999994],[-45.4600325,-23.903035199999998],[-45.459481100000005,-23.898588699999994],[-45.4609952,-23.896469499999984],[-45.4614981,-23.891276899999994],[-45.46039210000001,-23.89023809999999],[-45.4621339,-23.888530000000006],[-45.4589438,-23.887152299999997],[-45.4576619,-23.884658999999992],[-45.4516883,-23.884900499999997],[-45.4483257,-23.881891299999996],[-45.4477537,-23.879447700000004],[-45.44419669999999,-23.877789899999993],[-45.4446071,-23.875797500000008],[-45.4431487,-23.875269399999997],[-45.4410422,-23.871529699999996],[-45.4348726,-23.870203000000004],[-45.4324196,-23.867318000000004],[-45.431338,-23.8646301],[-45.4318881,-23.8621125],[-45.430072200000005,-23.860175599999994],[-45.4265967,-23.858912699999987],[-45.423337800000006,-23.860079300000002],[-45.4220191,-23.859125200000012],[-45.4176217,-23.859356799999997],[-45.414288600000006,-23.854321999999996],[-45.41442430000001,-23.85134110000001],[-45.4127898,-23.8487449],[-45.4137543,-23.847835],[-45.40947349999999,-23.8461126],[-45.4075462,-23.843379899999995],[-45.4063389,-23.84436679999999],[-45.4024312,-23.842340099999994],[-45.39259580000001,-23.831575999999988],[-45.3869953,-23.82877950000001],[-45.37634430000001,-23.818359699999988],[-45.37588530000001,-23.81985699999999],[-45.3726816,-23.819433300000007],[-45.36569,-23.8088909],[-45.36492040000001,-23.80069],[-45.365754200000005,-23.79619079999999],[-45.3634668,-23.787284699999994],[-45.358365500000005,-23.78503109999999],[-45.3589776,-23.777177699999996],[-45.3524015,-23.772905699999995],[-45.352249,-23.768156599999998],[-45.348871700000004,-23.76535079999999],[-45.35137700000001,-23.759310999999997],[-45.34934750000001,-23.753670599999992],[-45.35027110000001,-23.752152399999993],[-45.3478043,-23.748040400000004],[-45.349389800000004,-23.742539899999997],[-45.34336600000001,-23.7366347],[-45.3414736,-23.727789499999993],[-45.33357190000001,-23.7225775],[-45.3292482,-23.722319700000007],[-45.3226633,-23.723853600000016],[-45.3185977,-23.723482500000006],[-45.31723079999999,-23.72451389999999],[-45.3171268,-23.726546400000007],[-45.314639500000006,-23.72606139999999],[-45.313047700000006,-23.72962300000001],[-45.308628199999994,-23.731687900000008],[-45.300552,-23.731598100000006],[-45.298440500000005,-23.734416399999986],[-45.2932283,-23.733165799999995],[-45.2934359,-23.7354961],[-45.29106790000001,-23.7373426],[-45.2862468,-23.736490200000006],[-45.285441,-23.734969599999996],[-45.283039800000005,-23.7343185],[-45.28152790000001,-23.735222799999995],[-45.27695,-23.7348806],[-45.27426899999999,-23.73863800000001],[-45.2716876,-23.738837899999986],[-45.27053620000001,-23.740495299999992],[-45.267653100000004,-23.739703699999996],[-45.2672556,-23.743328000000005],[-45.2630831,-23.741560499999988],[-45.2619054,-23.745010899999993],[-45.2558742,-23.749887900000004],[-45.260053400000004,-23.757836799999996],[-45.25736130000001,-23.760950399999995],[-45.25759860000001,-23.76218460000001],[-45.2486376,-23.763638099999998],[-45.24722,-23.761355399999996],[-45.2458367,-23.761491300000003],[-45.2385072,-23.7674986],[-45.2379248,-23.770145000000003],[-45.2339829,-23.7734582],[-45.2343335,-23.7765102],[-45.2298332,-23.776332699999998],[-45.2305911,-23.778287000000002],[-45.2351596,-23.782108199999993],[-45.232532,-23.785068199999987],[-45.2375128,-23.795588900000002],[-45.2354007,-23.796631999999985],[-45.2367333,-23.801836699999992],[-45.24091870000001,-23.804992800000004],[-45.2422038,-23.807749099999995],[-45.2423244,-23.8107622],[-45.2410763,-23.812161699999994],[-45.2368553,-23.810497600000005],[-45.238580500000005,-23.812395099999996],[-45.2368515,-23.813773800000003],[-45.2388172,-23.8191652],[-45.24124690000001,-23.821464699999993],[-45.245879699999996,-23.82197590000001],[-45.2483861,-23.824830199999997],[-45.2434504,-23.827887799999992],[-45.2446544,-23.8317241],[-45.240499400000004,-23.830020799999982],[-45.2382804,-23.830390499999996],[-45.2378415,-23.832440299999995],[-45.2393566,-23.834298300000007],[-45.24416819999999,-23.836166800000004],[-45.2439236,-23.83704589999999],[-45.24158309999999,-23.837155100000007],[-45.2412902,-23.8387141],[-45.2380074,-23.838468199999994],[-45.232639,-23.835617999999993],[-45.22680789999999,-23.837110999999997],[-45.2330155,-23.842065700000003],[-45.2385439,-23.843043599999998],[-45.2444684,-23.8373201],[-45.24710939999999,-23.838388000000005],[-45.2553328,-23.836051899999994],[-45.2563191,-23.83737929999999],[-45.258660500000005,-23.83636939999999],[-45.266561100000004,-23.838657600000005],[-45.26907309999999,-23.83722339999999],[-45.2738816,-23.83869899999999],[-45.2757239,-23.841368700000004],[-45.280716600000005,-23.8439682],[-45.281683400000006,-23.8497251],[-45.284402,-23.8488057],[-45.2868893,-23.851527799999992],[-45.28888950000001,-23.858431499999984],[-45.2879304,-23.862264400000008],[-45.286058499999996,-23.862095000000004],[-45.285427399999996,-23.863263500000002],[-45.28782830000001,-23.86545330000001],[-45.2909311,-23.866135699999997],[-45.290421800000004,-23.868237800000006],[-45.2893434,-23.867953900000003],[-45.29041960000001,-23.869442099999997],[-45.289168800000006,-23.870444300000003],[-45.2901052,-23.871545700000002],[-45.28885400000001,-23.873698],[-45.28499790000001,-23.8733173],[-45.2822218,-23.8742988],[-45.2764003,-23.87269450000001],[-45.2754548,-23.8738622],[-45.2724413,-23.87316270000001],[-45.2704227,-23.8744379],[-45.2687915,-23.879482399999997],[-45.270122,-23.88048509999999],[-45.2726139,-23.8798915],[-45.2752397,-23.8832997],[-45.2769835,-23.882911799999988],[-45.2778645,-23.884243499999997],[-45.276898800000005,-23.885631199999995],[-45.274202300000006,-23.88591519999999],[-45.27510800000001,-23.8899499],[-45.2728638,-23.892324899999984],[-45.267841,-23.893133099999993],[-45.2641391,-23.8920988],[-45.2626591,-23.89315729999999],[-45.2615215,-23.892141799999997],[-45.259449,-23.894890199999995],[-45.25474210000001,-23.896315599999987],[-45.252604500000004,-23.89831039999999],[-45.2522765,-23.900345099999985],[-45.249560300000006,-23.90084259999999],[-45.2497321,-23.902396200000002],[-45.24847830000001,-23.903237199999992],[-45.2441756,-23.9009425],[-45.2454855,-23.896277399999992],[-45.2413698,-23.892190200000005],[-45.2403463,-23.894363500000008],[-45.2358662,-23.8972499],[-45.2348777,-23.9006168],[-45.2289671,-23.89833799999999],[-45.2270411,-23.8998236],[-45.2264084,-23.90240999999999],[-45.223195700000005,-23.903416500000006],[-45.2263096,-23.907845900000005],[-45.2345648,-23.906390499999983],[-45.2379,-23.908917],[-45.2376117,-23.916502999999988],[-45.235531,-23.919202600000006],[-45.237795000000006,-23.922701400000005],[-45.2379464,-23.925319399999996],[-45.23224090000001,-23.930991100000007],[-45.234854600000006,-23.932092500000003],[-45.2369589,-23.9348898],[-45.23660379999999,-23.93651290000001],[-45.2347833,-23.937168200000002],[-45.2357542,-23.9439107],[-45.2322281,-23.944625999999985],[-45.2264811,-23.942623799999986],[-45.22918760000001,-23.946068599999997],[-45.2326819,-23.947391399999997],[-45.2348887,-23.949898],[-45.2382711,-23.960276099999994],[-45.2425186,-23.964142099999997],[-45.2518398,-23.9680822],[-45.254874900000004,-23.965979700000002],[-45.2674037,-23.9658539],[-45.268987,-23.964980099999995],[-45.2684938,-23.962226100000002],[-45.2705722,-23.9622537],[-45.273362399999996,-23.959661400000005],[-45.2732541,-23.957575100000003],[-45.2766737,-23.954406899999995],[-45.2795159,-23.9535627],[-45.2804915,-23.948358600000002],[-45.286482,-23.9432094],[-45.28709949999999,-23.940947199999986],[-45.28180220000001,-23.935872099999994],[-45.2801251,-23.928476999999997],[-45.2826377,-23.925591400000002],[-45.2836766,-23.921822500000008],[-45.2884226,-23.918771900000007],[-45.2880355,-23.917281599999995],[-45.28998370000001,-23.916134499999988],[-45.2911072,-23.9105886],[-45.29754570000001,-23.91240909999999],[-45.3010932,-23.915735999999995],[-45.3028584,-23.915588699999997],[-45.3016846,-23.91284749999998],[-45.3041333,-23.910862800000004],[-45.3027242,-23.90997219999999],[-45.304375,-23.907975000000004],[-45.3090945,-23.9121793],[-45.3112759,-23.911645599999996],[-45.3136036,-23.91394379999999],[-45.3171662,-23.915456399999997],[-45.31896749999999,-23.915086800000005],[-45.3205332,-23.916511],[-45.3213681,-23.9143714],[-45.3258042,-23.911921300000007],[-45.32857500000001,-23.91540529999999],[-45.3324643,-23.916051799999995]]],[[[-45.4430988,-23.8319101],[-45.4439555,-23.831303299999995],[-45.4431658,-23.831258699999992],[-45.4430988,-23.8319101]]],[[[-45.391644,-23.828947400000008],[-45.393530500000004,-23.829967399999997],[-45.39180790000001,-23.828617299999998],[-45.391644,-23.828947400000008]]],[[[-45.4126255,-23.828070899999997],[-45.413023,-23.82809380000001],[-45.41336940000001,-23.82836639999999],[-45.412908300000005,-23.827915400000002],[-45.4126255,-23.828070899999997]]],[[[-45.5424648,-23.827661100000007],[-45.54117990000001,-23.828374999999998],[-45.54268350000001,-23.828865800000003],[-45.5424648,-23.827661100000007]]],[[[-45.46984410000001,-23.823752500000005],[-45.4701957,-23.82380600000001],[-45.46992050000001,-23.8235003],[-45.46984410000001,-23.823752500000005]]],[[[-45.4063633,-23.81639989999999],[-45.40626900000001,-23.816180799999998],[-45.406149299999996,-23.816310700000002],[-45.4063633,-23.81639989999999]]],[[[-45.4070308,-23.81528649999998],[-45.4067327,-23.8149273],[-45.40648050000001,-23.815431800000002],[-45.4070308,-23.81528649999998]]],[[[-45.4057519,-23.813841999999994],[-45.40609069999999,-23.8140637],[-45.4062869,-23.813663700000003],[-45.4057519,-23.813841999999994]]],[[[-45.6675959,-23.803380199999992],[-45.67014340000001,-23.8070175],[-45.671480100000004,-23.807278699999994],[-45.6714101,-23.80555809999999],[-45.6675959,-23.803380199999992]]],[[[-45.7177502,-23.798966299999996],[-45.716307300000004,-23.802564199999996],[-45.7148072,-23.803365099999986],[-45.7163052,-23.80627019999999],[-45.7168645,-23.804139600000006],[-45.72144759999999,-23.804415100000003],[-45.726185300000004,-23.8022957],[-45.720300200000004,-23.798698499999993],[-45.7177502,-23.798966299999996]]],[[[-45.7043231,-23.7886879],[-45.7109197,-23.789902900000005],[-45.7142997,-23.793358600000005],[-45.7176626,-23.793544900000008],[-45.7168705,-23.791209400000003],[-45.714481,-23.790677000000002],[-45.711093,-23.787159799999994],[-45.7074044,-23.788359100000008],[-45.7046699,-23.786896399999993],[-45.7043231,-23.7886879]]],[[[-45.8007323,-23.773071499999997],[-45.7990139,-23.7733075],[-45.80040279999999,-23.773759100000007],[-45.8007323,-23.773071499999997]]],[[[-45.74694910000001,-23.771528400000005],[-45.7465287,-23.7718402],[-45.7472534,-23.77188010000001],[-45.74694910000001,-23.771528400000005]]],[[[-45.7537614,-23.769755300000007],[-45.75339269999999,-23.7694637],[-45.7535291,-23.769773499999992],[-45.7537614,-23.769755300000007]]],[[[-45.70350969999999,-23.6102868],[-45.7017785,-23.6092312],[-45.7030226,-23.60420339999999],[-45.7059471,-23.601589999999998],[-45.715327900000005,-23.608783],[-45.721454,-23.606336100000004],[-45.72226340000001,-23.604695299999996],[-45.7214957,-23.599933599999996],[-45.723916800000005,-23.598177999999997],[-45.73343440000001,-23.603154800000006],[-45.7403546,-23.603932600000004],[-45.7437527,-23.6020893],[-45.740004000000006,-23.598800199999992],[-45.73928610000001,-23.59600809999999],[-45.7340867,-23.5930682],[-45.7339321,-23.586713499999995],[-45.738176200000005,-23.586902499999997],[-45.7403813,-23.585047399999993],[-45.7356465,-23.578292299999994],[-45.7316616,-23.576985500000013],[-45.730937,-23.5744871],[-45.73337359999999,-23.57208750000001],[-45.741536100000005,-23.5721523],[-45.7461274,-23.56612829999999],[-45.7459848,-23.564793000000012],[-45.741246999999994,-23.561361499999997],[-45.7430319,-23.5581294],[-45.74709080000001,-23.5546333],[-45.7460907,-23.539828800000002],[-45.753980600000006,-23.531965999999997],[-45.75419800000001,-23.5261875],[-45.7605365,-23.52400919999999],[-45.7594071,-23.522669599999997],[-45.7596921,-23.5205328],[-45.7619432,-23.518480499999995],[-45.7592762,-23.513021100000003],[-45.75588450000001,-23.511334899999994],[-45.76360509999999,-23.511206],[-45.7720752,-23.507153],[-45.773893900000004,-23.50841659999999],[-45.7823714,-23.5099187],[-45.7884429,-23.509150699999992],[-45.7911483,-23.506327100000004],[-45.7886341,-23.50186050000001],[-45.7897907,-23.49669730000001],[-45.787603600000004,-23.495805600000008],[-45.789277,-23.49265370000001],[-45.7964433,-23.491217999999996],[-45.8000718,-23.494676599999995],[-45.8042017,-23.494304900000003],[-45.8133395,-23.499670100000003],[-45.8183034,-23.489635400000004],[-45.824138,-23.488872199999996],[-45.835352,-23.482867800000008],[-45.8373322,-23.479314000000013],[-45.83654800000001,-23.4752911],[-45.8402627,-23.472111700000003],[-45.84312499999999,-23.474274299999994],[-45.8467439,-23.474128599999997],[-45.84895349999999,-23.478476500000003],[-45.85210239999999,-23.480796500000007],[-45.85800540000001,-23.481548200000006],[-45.86078680000001,-23.483187200000003],[-45.865799,-23.483346500000003],[-45.86962510000001,-23.4863926],[-45.8716057,-23.489887500000005],[-45.87759140000001,-23.489958699999992],[-45.882723,-23.495391200000007],[-45.8876884,-23.492481399999996],[-45.89013980000001,-23.496396900000004],[-45.8989794,-23.498647700000003],[-45.90105100000001,-23.500598399999994],[-45.9021244,-23.504301899999998],[-45.9040639,-23.505310400000003],[-45.9113357,-23.5068342],[-45.913939,-23.505148800000004],[-45.917451400000004,-23.505789799999995],[-45.9215181,-23.500533100000002],[-45.92547340000001,-23.499021100000004],[-45.928796899999995,-23.499192900000004],[-45.930361600000005,-23.497325500000006],[-45.9341708,-23.497154500000004],[-45.939377699999994,-23.4943655],[-45.946605,-23.49597320000001],[-45.9497086,-23.5005082],[-45.96124100000001,-23.49864820000001],[-45.961650799999994,-23.4963364],[-45.9557529,-23.4937993],[-45.956984,-23.4888292],[-45.961983800000006,-23.4808538],[-45.9683534,-23.475452199999992],[-45.96181140000001,-23.47184850000001],[-45.96004670000001,-23.46824869999999],[-45.9569044,-23.468607200000005],[-45.9574651,-23.465185700000003],[-45.95283559999999,-23.4565649],[-45.952248700000005,-23.4497456],[-45.9595915,-23.442534799999997],[-45.9622918,-23.43641639999999],[-45.965496800000004,-23.43303299999999],[-45.9653247,-23.429593700000005],[-45.9670468,-23.427366900000006],[-45.9697462,-23.426505599999995],[-45.9765369,-23.42847180000001],[-45.978349699999995,-23.4261517],[-45.979706300000004,-23.418413399999995],[-45.98394179999999,-23.420463399999992],[-45.9911867,-23.417520100000008],[-45.99462389999999,-23.405810000000002],[-45.99710290000001,-23.402086499999992],[-45.9989793,-23.3939518],[-45.9983327,-23.391375300000007],[-46.001424699999994,-23.386106899999994],[-46.0064598,-23.383682499999995],[-46.01053979999999,-23.384272500000005],[-46.010948,-23.387054],[-46.0136763,-23.3874964],[-46.015694,-23.391174799999998],[-46.01842280000001,-23.388068899999997],[-46.0222132,-23.38763119999999],[-46.0266103,-23.3921001],[-46.0295291,-23.391757199999997],[-46.03464509999999,-23.38715179999998],[-46.0367249,-23.38814769999999],[-46.041287,-23.384357099999995],[-46.047902,-23.3761789],[-46.0514125,-23.368643700000014],[-46.0559487,-23.366244200000004],[-46.0574589,-23.361426300000005],[-46.059696,-23.360200699999996],[-46.060572900000004,-23.3577916],[-46.063506200000006,-23.3588264],[-46.06782720000001,-23.3549706],[-46.0669931,-23.352869],[-46.0679671,-23.348766700000002],[-46.0737088,-23.34215459999999],[-46.0768566,-23.340937600000007],[-46.079966299999995,-23.3415073],[-46.085208,-23.33664209999999],[-46.0905584,-23.333560899999988],[-46.09204429999999,-23.33069490000001],[-46.098993,-23.326004],[-46.099545,-23.323724],[-46.097879000000006,-23.320035000000008],[-46.098649,-23.309239000000005],[-46.101475,-23.308597999999996],[-46.100655,-23.305557999999998],[-46.102696,-23.302993000000004],[-46.110258,-23.301767],[-46.111152,-23.300208],[-46.113814,-23.299334999999996],[-46.115173,-23.295191999999997],[-46.112747,-23.288582999999996],[-46.113806999999994,-23.285691000000007],[-46.119359,-23.285482000000002],[-46.12339,-23.290214999999993],[-46.12731500000001,-23.287190999999996],[-46.136674,-23.287507],[-46.139216,-23.285013999999997],[-46.139513,-23.27976499999999],[-46.144245,-23.276378],[-46.145215,-23.273662999999992],[-46.150958,-23.274343],[-46.15196300000001,-23.267518],[-46.153543000000006,-23.265825],[-46.150668,-23.26424599999999],[-46.150622000000006,-23.261534999999984],[-46.145746,-23.25682700000001],[-46.15196,-23.257334],[-46.15694100000001,-23.254920000000002],[-46.155963,-23.25072199999999],[-46.158154,-23.246574],[-46.15750800000001,-23.242299999999993],[-46.154624,-23.240607999999995],[-46.153199,-23.235705000000003],[-46.165017000000006,-23.23514599999999],[-46.17022899999999,-23.230154999999996],[-46.174416,-23.231124000000005],[-46.17891500000001,-23.227216999999992],[-46.182101,-23.226470999999997],[-46.183962,-23.224183],[-46.189094000000004,-23.224375999999996],[-46.190915,-23.221228],[-46.19628300000001,-23.218792999999994],[-46.196077,-23.210268999999997],[-46.198511,-23.208295999999997],[-46.20237500000001,-23.20781699999998],[-46.204882,-23.209673999999993],[-46.207936000000004,-23.206466999999996],[-46.20794800000001,-23.205026000000004],[-46.21442,-23.200453000000007],[-46.217073000000006,-23.20000599999999],[-46.21858900000001,-23.19743399999999],[-46.224675000000005,-23.196238],[-46.227907,-23.189244999999985],[-46.232566,-23.189650999999994],[-46.23522899999999,-23.18670200000001],[-46.238885,-23.187513999999997],[-46.24425000000001,-23.185887999999995],[-46.250709,-23.18899200000001],[-46.257704000000004,-23.185774999999996],[-46.262531,-23.186285000000005],[-46.263659,-23.184249000000005],[-46.259621,-23.180013999999993],[-46.261762999999995,-23.178059000000005],[-46.26057900000001,-23.176109],[-46.26142300000001,-23.17382600000001],[-46.25620430000001,-23.17232879999999],[-46.25567980000001,-23.168717700000006],[-46.257501600000005,-23.1674365],[-46.25638969999999,-23.163614500000005],[-46.2569649,-23.159554700000005],[-46.2536411,-23.156458300000008],[-46.2471255,-23.15510280000001],[-46.2462119,-23.150868],[-46.24318730000001,-23.149229799999997],[-46.2401634,-23.142753700000004],[-46.2374953,-23.1412971],[-46.23523440000001,-23.135443299999988],[-46.232215700000005,-23.1350956],[-46.2260462,-23.1368976],[-46.227228,-23.1326703],[-46.2267483,-23.127924800000002],[-46.2215501,-23.1230164],[-46.2199363,-23.12422309999998],[-46.21849439999999,-23.123798900000015],[-46.2182,-23.117260999999996],[-46.214259,-23.11442],[-46.21564200000001,-23.11109399999999],[-46.215061,-23.108424000000003],[-46.212589,-23.106828000000004],[-46.20886599999999,-23.106682000000003],[-46.210483,-23.10460200000001],[-46.20866399999999,-23.10197400000001],[-46.209088,-23.098779],[-46.205219,-23.093061999999996],[-46.204872,-23.084424000000006],[-46.19628199999999,-23.08035900000001],[-46.194808,-23.077932000000004],[-46.187598,-23.077272],[-46.182693,-23.07947],[-46.180331,-23.07939299999999],[-46.175008,-23.075863999999992],[-46.173526,-23.070825000000006],[-46.170390000000005,-23.071622999999995],[-46.163927,-23.066700999999988],[-46.16144,-23.066121999999986],[-46.162292,-23.063157000000004],[-46.15886,-23.061528000000003],[-46.160268,-23.057318999999996],[-46.15854,-23.052760000000003],[-46.158941000000006,-23.04992500000001],[-46.154861999999994,-23.049357000000008],[-46.15102,-23.04451699999999],[-46.146643,-23.044172000000007],[-46.143828,-23.042279000000015],[-46.144261,-23.039332000000005],[-46.140472,-23.038841],[-46.139849,-23.035922999999997],[-46.14198600000001,-23.028503],[-46.13861899999999,-23.028854999999997],[-46.133942000000005,-23.026243999999995],[-46.130086000000006,-23.020935999999995],[-46.125167,-23.00899100000001],[-46.12146400000001,-23.00895600000001],[-46.11760100000001,-23.00537399999999],[-46.109044,-23.001776000000003],[-46.100501,-23.00016700000001],[-46.099969,-22.998840999999988],[-46.09439999999999,-22.997241000000002],[-46.089695,-22.993326],[-46.089139,-22.989253],[-46.08656,-22.985004999999997],[-46.081454,-22.98510400000001],[-46.077697,-22.977275999999996],[-46.073308,-22.979903999999987],[-46.070926,-22.979267],[-46.067217,-22.980196],[-46.063635,-22.97457099999999],[-46.05702000000001,-22.973059],[-46.05591199999999,-22.970054000000005],[-46.051766,-22.968038],[-46.050594000000004,-22.96428500000001],[-46.051557,-22.958976999999997],[-46.049096,-22.954915000000007],[-46.053231000000004,-22.949978000000012],[-46.050444000000006,-22.943816999999996],[-46.05124699999999,-22.940689000000006],[-46.04863400000001,-22.932792999999997],[-46.042557,-22.926390999999995],[-46.041,-22.915445000000002],[-46.041177,-22.913823999999995],[-46.04388500000001,-22.911374000000002],[-46.04430000000001,-22.905333999999993],[-46.049688,-22.903657999999997],[-46.051078,-22.901333000000015],[-46.050906,-22.897947999999992],[-46.042843,-22.891137],[-46.026798,-22.884875999999995],[-46.018734,-22.888459000000008],[-46.012793,-22.885990000000003],[-46.007734,-22.889382999999995],[-46.001451,-22.88003599999999],[-45.999119,-22.87872199999999],[-45.993811,-22.879105000000006],[-45.990384,-22.876021],[-45.99309199999999,-22.869809999999994],[-45.98339000000001,-22.868575999999994],[-45.980403,-22.866955999999995],[-45.974743,-22.868097],[-45.973461,-22.863116999999992],[-45.96807700000001,-22.859971],[-45.964191,-22.855422000000015],[-45.960332,-22.858241999999997],[-45.956529,-22.849841],[-45.951667,-22.848947999999993],[-45.951145,-22.845878999999996],[-45.943031,-22.845505000000003],[-45.938812000000006,-22.846471],[-45.935281,-22.842141],[-45.932491999999996,-22.841570999999995],[-45.928498000000005,-22.835464999999996],[-45.92391200000001,-22.831973999999995],[-45.923196,-22.824996999999996],[-45.918988,-22.820676999999996],[-45.91392900000001,-22.819080999999997],[-45.912302000000004,-22.816378],[-45.90906700000001,-22.816777000000005],[-45.90462600000001,-22.819654],[-45.904757000000004,-22.823587999999994],[-45.907404,-22.82550400000001],[-45.90905699999999,-22.829299000000006],[-45.903875,-22.836944],[-45.901019,-22.836058999999995],[-45.89665000000001,-22.839845],[-45.893673,-22.838953999999998],[-45.894283,-22.84197999999999],[-45.89115600000001,-22.845774],[-45.894211000000006,-22.848924999999998],[-45.892345000000006,-22.852642000000007],[-45.894321,-22.85694400000001],[-45.890201000000005,-22.858234],[-45.88938000000001,-22.860638999999995],[-45.887282,-22.872049999999994],[-45.888525,-22.87600600000001],[-45.879767,-22.875454000000005],[-45.87113600000001,-22.871675],[-45.8703851,-22.869413],[-45.8638522,-22.8687103],[-45.8573023,-22.858728099999997],[-45.8585536,-22.855322599999997],[-45.8572787,-22.851178999999995],[-45.85008169999999,-22.846924],[-45.85047310000001,-22.843457800000007],[-45.8481273,-22.837830700000005],[-45.839674200000005,-22.832522599999994],[-45.83724550000001,-22.8320719],[-45.83326900000001,-22.834695700000008],[-45.8294911,-22.834889000000004],[-45.82560470000001,-22.833642999999995],[-45.823366,-22.829887000000003],[-45.8165052,-22.832153600000005],[-45.816136,-22.83437980000001],[-45.8151872,-22.834403199999993],[-45.809802,-22.82938659999999],[-45.80835069999999,-22.831257200000014],[-45.80285000000001,-22.833793399999998],[-45.80142,-22.837716299999993],[-45.80059450000001,-22.847629399999995],[-45.7923785,-22.855227899999996],[-45.7918837,-22.858327900000003],[-45.78188409999999,-22.855257200000008],[-45.77946910000001,-22.850691199999993],[-45.77031970000001,-22.846807400000007],[-45.766964900000005,-22.842346499999987],[-45.7709451,-22.8059268],[-45.7668236,-22.802458700000017],[-45.7590213,-22.801029600000003],[-45.75491730000001,-22.792912199999996],[-45.750771099999994,-22.793388899999997],[-45.7486445,-22.7922964],[-45.7429038,-22.795356999999996],[-45.742691300000004,-22.806949799999998],[-45.741706900000004,-22.807916700000007],[-45.7287746,-22.810186499999997],[-45.7227755,-22.816317399999992],[-45.7171617,-22.817023100000007],[-45.713580900000004,-22.814785700000005],[-45.71304469999999,-22.8106157],[-45.7143286,-22.8086291],[-45.7203074,-22.808265899999995],[-45.722249,-22.802985600000003],[-45.7256327,-22.800022399999992],[-45.728689700000004,-22.800940799999992],[-45.7303336,-22.798594200000007],[-45.729029,-22.785237500000004],[-45.7251047,-22.784262000000005],[-45.7242384,-22.780684699999995],[-45.722494700000006,-22.779460100000005],[-45.71680320000001,-22.779979200000003],[-45.7151041,-22.774701499999985],[-45.71191760000001,-22.773227699999993],[-45.71181880000001,-22.771515900000004],[-45.71408000000001,-22.761848099999998],[-45.7134122,-22.756947200000003],[-45.7177547,-22.755181499999996],[-45.71654890000001,-22.750401700000012],[-45.717319999999994,-22.748141200000003],[-45.723545,-22.738397199999998],[-45.7241677,-22.733850299999993],[-45.726669900000005,-22.732686199999996],[-45.727196,-22.7292485],[-45.730441500000005,-22.726480300000002],[-45.7281403,-22.723683600000008],[-45.7325571,-22.7220027],[-45.7466916,-22.7231646],[-45.748801300000004,-22.721792599999993],[-45.75210380000001,-22.72262510000001],[-45.7564638,-22.72104000000001],[-45.7612383,-22.723103999999996],[-45.763612699999996,-22.72548990000001],[-45.7702442,-22.7271905],[-45.7759654,-22.73209419999999],[-45.78201399999999,-22.731789700000007],[-45.7903001,-22.735135700000008],[-45.7956339,-22.73902139999999],[-45.8014557,-22.738617699999995],[-45.8058373,-22.7369777],[-45.8151885,-22.730194599999997],[-45.81992780000001,-22.7227186],[-45.817693,-22.7161445],[-45.8179915,-22.7113676],[-45.811641,-22.698707700000014],[-45.7927989,-22.69302790000001],[-45.78785890000001,-22.6933565],[-45.78258100000001,-22.688874199999997],[-45.7788831,-22.68356680000001],[-45.7695242,-22.678886999999992],[-45.7610778,-22.6772422],[-45.7554836,-22.671074000000004],[-45.7505519,-22.67124250000001],[-45.7472862,-22.66679239999999],[-45.7478584,-22.664524099999994],[-45.7428067,-22.6591669],[-45.73740550000001,-22.6589193],[-45.7322301,-22.656835599999997],[-45.726994,-22.660295699999992],[-45.71618279999999,-22.6619924],[-45.7087327,-22.659060800000002],[-45.7043032,-22.655091000000006],[-45.6939927,-22.6517099],[-45.6979552,-22.649770299999997],[-45.697244700000006,-22.644993000000003],[-45.6996645,-22.6424264],[-45.708716800000005,-22.639467800000002],[-45.717469400000006,-22.621009799999996],[-45.720603,-22.619773700000003],[-45.728845,-22.620479599999996],[-45.73006279999999,-22.618715800000007],[-45.7298014,-22.613235300000007],[-45.7307129,-22.61188170000001],[-45.73669,-22.610150399999995],[-45.737428900000005,-22.608538699999997],[-45.7351232,-22.60358210000001],[-45.7345997,-22.597449000000005],[-45.7275893,-22.5943281],[-45.7292453,-22.59157289999999],[-45.7267937,-22.587023000000002],[-45.72076940000001,-22.58552290000001],[-45.71719720000001,-22.582105100000003],[-45.7184548,-22.5779914],[-45.7054844,-22.5812215],[-45.7017839,-22.5851391],[-45.69543920000001,-22.5863386],[-45.6839375,-22.575913700000005],[-45.67972139999999,-22.5734188],[-45.67429460000001,-22.575919500000005],[-45.6605737,-22.577840799999993],[-45.6598828,-22.58008179999999],[-45.6630756,-22.586699499999998],[-45.6588596,-22.598110099999992],[-45.664404100000006,-22.6000843],[-45.6649957,-22.604367700000015],[-45.668133600000004,-22.6096474],[-45.6661076,-22.6126952],[-45.6706361,-22.617521200000002],[-45.675537,-22.626205200000012],[-45.6736919,-22.6290448],[-45.6744187,-22.630699099999998],[-45.6810783,-22.6363357],[-45.6790644,-22.638954199999997],[-45.6733533,-22.6425905],[-45.6721622,-22.64694529999999],[-45.6661848,-22.651201200000003],[-45.65941409999999,-22.648449700000015],[-45.6477,-22.648233700000002],[-45.6440798,-22.646302400000003],[-45.6315814,-22.643579100000004],[-45.6246592,-22.6390162],[-45.61812810000001,-22.637914100000007],[-45.60879919999999,-22.624086399999996],[-45.6050788,-22.6204322],[-45.6010485,-22.61893330000001],[-45.589993,-22.619058000000006],[-45.584779100000006,-22.615508700000003],[-45.588469,-22.611665899999988],[-45.5879976,-22.610422599999993],[-45.5839913,-22.60699610000001],[-45.5793868,-22.605385499999993],[-45.576519600000005,-22.601702699999997],[-45.5754097,-22.606666199999996],[-45.57271920000001,-22.609316800000006],[-45.56365900000001,-22.612748300000003],[-45.55535540000001,-22.626440999999993],[-45.55993930000001,-22.6276023],[-45.5728336,-22.6412242],[-45.5773265,-22.640528200000002],[-45.5819883,-22.6446667],[-45.5843695,-22.6516886],[-45.576768900000005,-22.654031300000003],[-45.573577,-22.656970100000002],[-45.571101600000006,-22.655608700000002],[-45.56821480000001,-22.656882099999994],[-45.5659653,-22.656522799999998],[-45.559161200000005,-22.65359460000001],[-45.5540826,-22.654314999999997],[-45.5447906,-22.650838800000002],[-45.539908200000006,-22.65257980000001],[-45.5384458,-22.65001739999999],[-45.533047,-22.646754299999994],[-45.5287712,-22.646073200000007],[-45.52493100000001,-22.6468747],[-45.5164596,-22.641430200000002],[-45.5142148,-22.6373625],[-45.5083152,-22.63431809999999],[-45.50746170000001,-22.6317195],[-45.5045974,-22.630675700000005],[-45.4991285,-22.625011200000003],[-45.4888005,-22.628785199999985],[-45.485616799999995,-22.62357849999999],[-45.4835232,-22.615676499999985],[-45.4773818,-22.608669899999985],[-45.4768241,-22.602410699999997],[-45.4747742,-22.5995099],[-45.4785442,-22.591118400000003],[-45.4809037,-22.591917200000008],[-45.481285400000004,-22.591195399999986],[-45.4738566,-22.58889420000001],[-45.4580296,-22.60008970000001],[-45.4517085,-22.6063504],[-45.448051400000004,-22.604612699999993],[-45.4453783,-22.608647499999996],[-45.43749290000001,-22.611741799999994],[-45.43554720000001,-22.618320699999998],[-45.42613740000001,-22.621160699999987],[-45.4184902,-22.6209847],[-45.41293170000001,-22.622215499999996],[-45.4130965,-22.6285036],[-45.4087962,-22.633489400000002],[-45.4117392,-22.64106379999999],[-45.4087439,-22.644077899999996],[-45.4106262,-22.648438799999997],[-45.4105211,-22.651670999999993],[-45.40608159999999,-22.653309300000004],[-45.3978765,-22.653423800000002],[-45.3933045,-22.64976719999999],[-45.386432199999994,-22.648632499999994],[-45.381251500000005,-22.642309499999996],[-45.3753521,-22.640757799999985],[-45.3705979,-22.6373159],[-45.364984,-22.639345500000005],[-45.3609582,-22.638761399999993],[-45.3550759,-22.6340675],[-45.35386069999999,-22.630576099999995],[-45.34895360000001,-22.626511200000003],[-45.335797,-22.6227518],[-45.33296200000001,-22.6176392],[-45.32332610000001,-22.61651119999999],[-45.3173271,-22.614324600000003],[-45.301265699999995,-22.6156453],[-45.2938527,-22.61366859999999],[-45.2758652,-22.61695840000001],[-45.27424,-22.61623850000001],[-45.273155800000005,-22.613368500000004],[-45.271105600000006,-22.61177839999999],[-45.26612020000001,-22.6109498],[-45.261406900000004,-22.607115599999997],[-45.2642158,-22.604572999999995],[-45.2606317,-22.6012019],[-45.260487,-22.596600400000007],[-45.257126500000005,-22.590299199999997],[-45.260681,-22.585706400000003],[-45.2612966,-22.584020800000005],[-45.2601729,-22.58205339999999],[-45.2545407,-22.5816243],[-45.2437104,-22.575799399999998],[-45.240937200000005,-22.57574],[-45.2299612,-22.569693499999993],[-45.223095400000005,-22.563630699999997],[-45.2123522,-22.5628717],[-45.203737000000004,-22.557299299999993],[-45.1972029,-22.555759299999984],[-45.1932269,-22.556298400000006],[-45.1915964,-22.555782799999992],[-45.190012,-22.55235649999999],[-45.178045600000004,-22.5498769],[-45.1767697,-22.549011499999995],[-45.17718630000001,-22.546705800000005],[-45.1645153,-22.537928700000005],[-45.1667624,-22.530690200000006],[-45.16182310000001,-22.522799300000006],[-45.1600093,-22.51691679999999],[-45.15509539999999,-22.512617200000005],[-45.1520231,-22.511697799999997],[-45.1503233,-22.5073554],[-45.1438279,-22.506740199999996],[-45.1395955,-22.501693100000008],[-45.136076200000005,-22.502085099999995],[-45.1284594,-22.4971103],[-45.1221274,-22.497337799999993],[-45.1165643,-22.493529400000003],[-45.112001,-22.493476200000003],[-45.1034025,-22.49030840000001],[-45.097324,-22.4850684],[-45.091125500000004,-22.4830978],[-45.082645799999995,-22.486367700000002],[-45.071536900000005,-22.47736949999999],[-45.065817300000006,-22.47706459999999],[-45.06068710000001,-22.472554399999993],[-45.05492890000001,-22.470504000000002],[-45.0405443,-22.469271599999995],[-45.0284034,-22.463197699999988],[-45.025148900000005,-22.464871399999982],[-45.027149900000005,-22.470226799999995],[-45.02462210000001,-22.468772400000002],[-45.0097893,-22.466368700000004],[-44.9982363,-22.469164399999997],[-44.9918141,-22.4661729],[-44.9884831,-22.46935439999999],[-44.98159810000001,-22.468059299999993],[-44.969848400000004,-22.471944600000004],[-44.96585910000001,-22.475192800000002],[-44.9599255,-22.4666598],[-44.9516464,-22.46308319999999],[-44.94728580000001,-22.45885959999999],[-44.94231860000001,-22.456070099999994],[-44.9400702,-22.452669100000005],[-44.93556340000001,-22.453091500000003],[-44.93130169999999,-22.451794699999997],[-44.92858869999999,-22.4531509],[-44.914090099999996,-22.455063999999997],[-44.9082583,-22.452157399999994],[-44.9036245,-22.45422679999999],[-44.89784110000001,-22.452910300000006],[-44.8976822,-22.449113800000006],[-44.8953791,-22.446856],[-44.8945703,-22.442863000000003],[-44.8897111,-22.43585319999999],[-44.8897308,-22.432123999999995],[-44.88495720000001,-22.43084229999999],[-44.8829273,-22.429066900000013],[-44.879644400000004,-22.429650300000002],[-44.875289900000006,-22.428565500000005],[-44.87150580000001,-22.424085799999997],[-44.8659595,-22.4243883],[-44.8595994,-22.423043200000002],[-44.8545114,-22.428001300000005],[-44.849819600000004,-22.42653189999999],[-44.8446504,-22.427781099999986],[-44.83968370000001,-22.4272319],[-44.834933500000005,-22.43110130000001],[-44.832952600000006,-22.430989899999997],[-44.8302314,-22.428143399999993],[-44.8281806,-22.422800299999988],[-44.8241342,-22.419336900000005],[-44.81639429999999,-22.418130100000003],[-44.8079839,-22.414111200000004],[-44.8076736,-22.40966609999999],[-44.8096523,-22.4058742],[-44.805387,-22.403847900000002],[-44.8028576,-22.404466600000006],[-44.79979840000001,-22.40735519999999],[-44.7937922,-22.409076799999998],[-44.78359780000001,-22.40793340000001],[-44.7784846,-22.408896900000002],[-44.7763519,-22.412083099999993],[-44.7742578,-22.41228860000001],[-44.7700824,-22.415526099999997],[-44.7615518,-22.4170421],[-44.755333699999994,-22.415269199999997],[-44.75317530000001,-22.4178001],[-44.75058010000001,-22.41857099999999],[-44.74916519999999,-22.420978300000005],[-44.7414457,-22.424827600000004],[-44.7393259,-22.428257899999984],[-44.7339428,-22.432895799999997],[-44.73303070000001,-22.434129099999993],[-44.73385290000001,-22.436030500000008],[-44.7302235,-22.439634200000004],[-44.73150819999999,-22.441432799999994],[-44.728810300000006,-22.4486145],[-44.72699240000001,-22.45056090000001],[-44.72421740000001,-22.450830700000004],[-44.7236971,-22.45344510000001],[-44.7250139,-22.45656700000001],[-44.72373970000001,-22.4580144],[-44.7233116,-22.462149200000017],[-44.7192455,-22.4634211],[-44.719345,-22.466989400000006],[-44.717696000000004,-22.467359099999996],[-44.7179607,-22.470718400000003],[-44.7213653,-22.470724799999996],[-44.721084600000005,-22.472484300000005],[-44.7227656,-22.473381000000003],[-44.7238223,-22.476165700000003],[-44.722483000000004,-22.479335699999986],[-44.72496889999999,-22.483793799999997],[-44.7220169,-22.485078299999994],[-44.7200743,-22.492771499999986],[-44.7122661,-22.492822199999996],[-44.71125370000001,-22.496259800000004],[-44.7102411,-22.501110399999995],[-44.7136896,-22.503078900000002],[-44.71441190000001,-22.505968100000004],[-44.7127903,-22.509367000000005],[-44.71717739999999,-22.510476600000004],[-44.71528910000001,-22.512571500000004],[-44.7162208,-22.51423620000001],[-44.7145432,-22.514949299999994],[-44.70823270000001,-22.5119503],[-44.704086100000005,-22.512429],[-44.701387600000004,-22.51074529999999],[-44.698865700000006,-22.5114658],[-44.7001453,-22.5131678],[-44.696953500000006,-22.51544219999999],[-44.6974633,-22.51803360000001],[-44.6888605,-22.519807299999997],[-44.686538,-22.524018599999994],[-44.6808209,-22.525691400000007],[-44.678753099999994,-22.530615],[-44.6710072,-22.536664700000006],[-44.66992650000001,-22.539268299999993],[-44.67492270000001,-22.542946899999997],[-44.677124400000004,-22.54752839999999],[-44.678844399999996,-22.558901200000005],[-44.67742609999999,-22.561500099999993],[-44.67492250000001,-22.561342099999994],[-44.66787360000001,-22.55407380000001],[-44.66153270000001,-22.5509361],[-44.65939800000001,-22.554240600000007],[-44.6556505,-22.554169099999996],[-44.6503527,-22.557013199999997],[-44.6480853,-22.552493899999998],[-44.6444276,-22.55559859999999],[-44.64162340000001,-22.56020239999999],[-44.6428985,-22.564496500000004],[-44.64236819999999,-22.57763480000001],[-44.6465033,-22.581523900000004],[-44.64712020000001,-22.58464130000001],[-44.6434484,-22.600485500000005],[-44.6461165,-22.60338659999999],[-44.6402486,-22.608057899999995],[-44.63309879999999,-22.609327400000005],[-44.6248723,-22.606929600000008],[-44.6229872,-22.60512339999999],[-44.6172926,-22.6132592],[-44.612785,-22.617344800000005],[-44.610797399999996,-22.617384300000012],[-44.6046058,-22.613700899999998],[-44.60207599999999,-22.607771499999995],[-44.5969551,-22.609993799999998],[-44.5968842,-22.613739499999998],[-44.5928908,-22.616916200000013],[-44.593267700000006,-22.6216814],[-44.5918319,-22.62354800000001],[-44.58915770000001,-22.6234941],[-44.5836567,-22.626213200000013],[-44.583777000000005,-22.622855100000017],[-44.5797216,-22.6164336],[-44.5808624,-22.614541500000016],[-44.57990629999999,-22.61178560000001],[-44.5758404,-22.6066321],[-44.57405700000001,-22.601733600000003],[-44.57221379999999,-22.60143190000001],[-44.571607900000004,-22.605749799999998],[-44.5669858,-22.610556],[-44.5640868,-22.61199270000001],[-44.557918000000015,-22.611570899999997],[-44.5575959,-22.61047160000001],[-44.55508540000001,-22.61025690000001],[-44.5530569,-22.605611200000002],[-44.550278999999996,-22.603761199999983],[-44.549445600000006,-22.606190399999996],[-44.5460294,-22.606961700000003],[-44.545787100000005,-22.609497200000003],[-44.5413831,-22.611924200000004],[-44.54087450000001,-22.614380900000004],[-44.537537799999996,-22.618194100000007],[-44.5356286,-22.61834199999998],[-44.5329941,-22.615836100000013],[-44.5306506,-22.619119299999998],[-44.526303899999995,-22.619291599999993],[-44.528491,-22.623663500000003],[-44.5341849,-22.62640450000001],[-44.5378125,-22.633038400000004],[-44.5350049,-22.638107],[-44.53123140000001,-22.6394967],[-44.53453280000001,-22.633088099999995],[-44.5322718,-22.630727699999994],[-44.5266844,-22.629928100000004],[-44.52146369999999,-22.631796100000003],[-44.5156,-22.630106599999994],[-44.51072490000001,-22.640135800000003],[-44.50858840000001,-22.640947],[-44.5042161,-22.63588250000001],[-44.5003702,-22.6286882],[-44.4955209,-22.625619799999996],[-44.49593819999999,-22.622874800000005],[-44.49114420000001,-22.620685699999996],[-44.492990000000006,-22.61801189999999],[-44.48517499999999,-22.611051600000003],[-44.48560239999999,-22.609802799999994],[-44.48891600000001,-22.6091756],[-44.488666200000004,-22.6067556],[-44.48482080000001,-22.603872099999993],[-44.4815718,-22.607048999999993],[-44.4808265,-22.6109469],[-44.478469600000004,-22.6128489],[-44.471846899999996,-22.61342730000001],[-44.4648767,-22.615969599999996],[-44.45460920000001,-22.6094686],[-44.452409499999995,-22.608972499999997],[-44.450573600000006,-22.6106926],[-44.4467258,-22.610512499999995],[-44.44527660000001,-22.606330300000003],[-44.4423251,-22.60431249999999],[-44.4393019,-22.604730100000005],[-44.4344682,-22.599962499999997],[-44.4314745,-22.598651800000006],[-44.425925500000005,-22.600611699999995],[-44.42195250000001,-22.600270899999998],[-44.4154394,-22.6021044],[-44.4066197,-22.60884839999999],[-44.40348480000001,-22.6060956],[-44.401794200000005,-22.606685900000006],[-44.3981721,-22.60285279999999],[-44.4011244,-22.6032953],[-44.405945700000004,-22.598999100000004],[-44.4049285,-22.591432199999996],[-44.4096505,-22.5884303],[-44.403522599999995,-22.5880292],[-44.4009424,-22.58526710000001],[-44.4002478,-22.5821908],[-44.39570230000001,-22.581562100000003],[-44.3920078,-22.572355200000008],[-44.38959860000001,-22.5741985],[-44.38239780000001,-22.5734942],[-44.37121390000001,-22.5804062],[-44.36843240000001,-22.578668599999997],[-44.3638457,-22.5779555],[-44.36305240000001,-22.579542199999988],[-44.359914399999994,-22.581022899999986],[-44.36051820000001,-22.583171699999994],[-44.361584400000005,-22.582648400000004],[-44.3642408,-22.5844854],[-44.3646134,-22.5866374],[-44.3704205,-22.589746500000004],[-44.3657534,-22.5940385],[-44.3622511,-22.591839299999993],[-44.3598616,-22.593054100000003],[-44.3627906,-22.605407400000008],[-44.3600564,-22.608754200000007],[-44.36139610000001,-22.612473700000006],[-44.3597683,-22.613863699999992],[-44.35602370000001,-22.614899299999994],[-44.3526494,-22.6100436],[-44.3491951,-22.60903129999999],[-44.3485474,-22.60601159999999],[-44.35183,-22.600236600000002],[-44.35016670000001,-22.5982038],[-44.3501484,-22.59531419999999],[-44.348746500000004,-22.595161800000003],[-44.3463954,-22.597165999999998],[-44.34523910000001,-22.5966393],[-44.345576200000004,-22.5937779],[-44.3473739,-22.59156329999999],[-44.34544809999999,-22.58799399999999],[-44.3402425,-22.590204899999982],[-44.3336628,-22.59110329999999],[-44.327519,-22.58818339999999],[-44.32482139999999,-22.589414099999995],[-44.3200937,-22.59547],[-44.316988800000004,-22.597280099999995],[-44.31475600000001,-22.597617000000003],[-44.31326299999999,-22.595767200000015],[-44.304238999999995,-22.599096699999997],[-44.29915559999999,-22.59958230000001],[-44.29542969999999,-22.5984626],[-44.2952778,-22.601706199999995],[-44.28569060000001,-22.609730999999993],[-44.283360300000005,-22.608067899999998],[-44.2833338,-22.604381700000012],[-44.274442,-22.60168639999999],[-44.2720439,-22.602066200000003],[-44.2687356,-22.59877429999999],[-44.2679217,-22.6021587],[-44.26431480000001,-22.6041075],[-44.26033790000001,-22.609590599999997],[-44.2533882,-22.612470899999998],[-44.248975300000005,-22.609590599999994],[-44.2493584,-22.60727850000001],[-44.24823539999999,-22.6064857],[-44.2456062,-22.606419700000007],[-44.241933100000004,-22.609299900000014],[-44.238094999999994,-22.60754929999999],[-44.232638300000005,-22.60915459999999],[-44.2260189,-22.604560000000006],[-44.2244004,-22.60795560000001],[-44.22479270000001,-22.610761300000004],[-44.2210321,-22.616660199999995],[-44.21881290000001,-22.61766429999999],[-44.21638790000001,-22.617115899999998],[-44.21489890000001,-22.614202600000002],[-44.210033900000006,-22.6156073],[-44.2074259,-22.6120217],[-44.2039458,-22.61597099999999],[-44.204351,-22.618823400000004],[-44.2025834,-22.62286200000001],[-44.2046083,-22.625080199999996],[-44.20436780000001,-22.626343799999997],[-44.1985025,-22.630490500000004],[-44.1912054,-22.629934899999995],[-44.189779300000005,-22.63318409999999],[-44.1842763,-22.6372991],[-44.1861637,-22.64141749999999],[-44.1900687,-22.643371699999992],[-44.1908853,-22.647333900000003],[-44.18590150000001,-22.652001500000004],[-44.175191,-22.655754199999993],[-44.1714498,-22.659428399999992],[-44.1655332,-22.673649499999996],[-44.1613652,-22.678258399999997],[-44.168086,-22.683092399999992],[-44.1674243,-22.687139599999995],[-44.17681300000001,-22.692621399999993],[-44.17386080000001,-22.702108],[-44.1760611,-22.705657900000006],[-44.1820887,-22.708838100000012],[-44.185231900000005,-22.7120183],[-44.2010589,-22.7151431],[-44.2037069,-22.717417499999993],[-44.202608600000005,-22.725570899999994],[-44.1991823,-22.727196400000004],[-44.2003945,-22.7299549],[-44.19896030000001,-22.7352873],[-44.20439220000001,-22.734988299999994],[-44.205616500000005,-22.73647070000001],[-44.20935140000001,-22.737025399999986],[-44.218331000000006,-22.73237149999999],[-44.22704650000001,-22.733738999999986],[-44.2295279,-22.735541799999996],[-44.232111700000004,-22.74187630000001],[-44.2351117,-22.7451433],[-44.2424999,-22.748650899999994],[-44.23877749999999,-22.75572480000001],[-44.2426384,-22.754610999999997],[-44.2461647,-22.757443499999994],[-44.2504728,-22.757567500000004],[-44.2519766,-22.764691999999997],[-44.25710540000001,-22.76628300000001],[-44.2585747,-22.770700900000005],[-44.2550295,-22.77247929999999],[-44.2544581,-22.773932299999995],[-44.2571028,-22.778030000000008],[-44.253756100000004,-22.780756299999993],[-44.25661040000001,-22.7849907],[-44.2565232,-22.787490600000005],[-44.25532630000001,-22.7883963],[-44.2507297,-22.78830330000001],[-44.2478638,-22.790871400000007],[-44.24249150000001,-22.788233100000003],[-44.2401407,-22.792658],[-44.2415407,-22.798327800000006],[-44.24637920000001,-22.8039661],[-44.258182100000006,-22.806541200000005],[-44.2593423,-22.80429929999999],[-44.26131149999999,-22.806259200000003],[-44.2616489,-22.812069500000003],[-44.263316100000004,-22.814127000000006],[-44.2637105,-22.817796699999995],[-44.26587370000001,-22.818942999999997],[-44.267343700000005,-22.825284900000003],[-44.2695162,-22.8274112],[-44.2676787,-22.829243599999998],[-44.27225260000001,-22.832107499999996],[-44.2748042,-22.83184869999999],[-44.28336480000001,-22.8361567],[-44.2841783,-22.833013500000003],[-44.286471,-22.83207050000001],[-44.2856575,-22.828243200000003],[-44.291167300000005,-22.8293341],[-44.2965216,-22.82787660000001],[-44.301373500000004,-22.831016600000012],[-44.3057556,-22.831552800000008],[-44.3069085,-22.833040799999992],[-44.3081777,-22.832551300000006],[-44.3164591,-22.83907700000001],[-44.3180956,-22.841590599999996],[-44.3180567,-22.845095000000004],[-44.322434400000006,-22.84966669999999],[-44.3237806,-22.84923270000001],[-44.3210664,-22.8470838],[-44.32051800000001,-22.839914899999993],[-44.325274,-22.837761199999996],[-44.3290877,-22.8416647],[-44.332273300000004,-22.84296590000001],[-44.337881700000004,-22.840812199999995],[-44.3399905,-22.841395500000008],[-44.3413651,-22.845503099999995],[-44.345116,-22.845603900000004],[-44.3742233,-22.858086199999995],[-44.38119590000001,-22.858351299999995],[-44.3874379,-22.8564878],[-44.392059200000006,-22.852494600000004],[-44.3969498,-22.854805300000006],[-44.4005357,-22.855097499999996],[-44.403394199999994,-22.852925700000004],[-44.403149500000005,-22.84853899999999],[-44.410679300000005,-22.846359000000007],[-44.4181953,-22.8481123],[-44.4230592,-22.850496500000006],[-44.432664300000006,-22.8610755],[-44.4332925,-22.8688376],[-44.4376446,-22.873099999999994],[-44.4443299,-22.87653240000001],[-44.4523051,-22.877227800000007],[-44.4562198,-22.880032000000007],[-44.4582583,-22.8833065],[-44.4661916,-22.885371300000003],[-44.4699156,-22.88050309999999],[-44.47072320000001,-22.876151000000004],[-44.47732990000001,-22.873616000000002],[-44.4760269,-22.867800800000005],[-44.480134199999995,-22.8665045],[-44.478796700000004,-22.861776799999994],[-44.4753333,-22.857239299999986],[-44.47872079999999,-22.850868200000004],[-44.4819737,-22.8495894],[-44.4849432,-22.846201],[-44.49073309999999,-22.8480324],[-44.4954126,-22.846956299999995],[-44.50099380000001,-22.850488499999997],[-44.50527850000001,-22.85154929999999],[-44.50908110000001,-22.856269200000003],[-44.511786400000005,-22.8575649],[-44.5116725,-22.8604268],[-44.5154029,-22.861822199999995],[-44.5184214,-22.865324799999996],[-44.5237056,-22.865565100000012],[-44.5306093,-22.868087000000006],[-44.53889600000001,-22.873696900000006],[-44.54499,-22.88067359999999],[-44.5436516,-22.8849451],[-44.55595340000001,-22.888091700000004],[-44.5624033,-22.883649400000003],[-44.56620490000001,-22.882695400000003],[-44.5698635,-22.884001299999998],[-44.5721702,-22.880468300000008],[-44.5757295,-22.878017499999995],[-44.5828922,-22.883734800000013],[-44.5874413,-22.882688300000005],[-44.5928091,-22.884439599999997],[-44.5997787,-22.890768499999993],[-44.602334500000005,-22.890191899999998],[-44.6073108,-22.88523700000001],[-44.62271739999999,-22.90094679999999],[-44.6297554,-22.905697800000002],[-44.631700699999996,-22.9049815],[-44.6353676,-22.9063947],[-44.64017950000001,-22.912261000000008],[-44.6386735,-22.914153800000005],[-44.6396724,-22.915587800000004],[-44.655063299999995,-22.923356399999992],[-44.658994,-22.9279312],[-44.6640271,-22.926689099999994],[-44.6691227,-22.922724199999994],[-44.6716121,-22.922066299999997],[-44.671657800000006,-22.919286799999995],[-44.67333239999999,-22.91795779999999],[-44.67860730000001,-22.9262152],[-44.68014819999999,-22.925772100000007],[-44.682564000000006,-22.9303352],[-44.6854625,-22.9307664],[-44.6872237,-22.932519699999997],[-44.68773480000001,-22.936770000000006],[-44.69571659999999,-22.93205379999999],[-44.7003103,-22.93289089999999],[-44.701028,-22.9351967],[-44.7035452,-22.936102000000012],[-44.706635,-22.9316064],[-44.7101331,-22.931720299999995],[-44.71082119999999,-22.930101000000004],[-44.7134344,-22.92987540000001],[-44.71672029999999,-22.93493010000001],[-44.7194737,-22.9349205],[-44.72786510000001,-22.941820400000005],[-44.73460130000001,-22.945130799999998],[-44.7438207,-22.94720559999999],[-44.7450867,-22.951889699999988],[-44.7491275,-22.9537254],[-44.7482478,-22.956870700000003],[-44.7517661,-22.962638200000004],[-44.74942380000001,-22.96605559999999],[-44.7493697,-22.969973299999996],[-44.751031,-22.972011000000002],[-44.75679010000001,-22.974319899999998],[-44.756608500000006,-22.976550899999996],[-44.75435160000001,-22.978600299999993],[-44.75525950000001,-22.980312499999993],[-44.75934329999999,-22.97909539999999],[-44.76484049999999,-22.983313800000005],[-44.7699122,-22.980883400000003],[-44.7730654,-22.981455299999993],[-44.7767395,-22.978055499999993],[-44.7834684,-22.978954999999985],[-44.7875625,-22.982545399999992],[-44.7897624,-22.981350200000012],[-44.79189819999999,-22.981875899999995],[-44.793647299999996,-22.986329099999995],[-44.7925344,-22.988629199999988],[-44.7929014,-22.993413200000003],[-44.797412300000005,-22.995971000000004],[-44.8012564,-22.99650039999999],[-44.802635900000006,-22.999662],[-44.8004055,-23.002594400000007],[-44.7996352,-23.00647869999999],[-44.7954886,-23.007052399999996],[-44.7928172,-23.0098386],[-44.7986354,-23.0202623],[-44.7958656,-23.02531029999999],[-44.7984388,-23.029719100000012],[-44.8019625,-23.031587500000004],[-44.80058580000001,-23.03529149999999],[-44.8030442,-23.040060899999997],[-44.801274199999995,-23.044518799999995],[-44.802208400000005,-23.048780100000002],[-44.803404799999996,-23.0508124],[-44.8046176,-23.0492882],[-44.8065024,-23.0498618],[-44.81189460000001,-23.054516399999994],[-44.806994100000004,-23.063055399999993],[-44.8078463,-23.06443210000001],[-44.812419,-23.065595699999996],[-44.8147955,-23.067677199999995],[-44.811402900000004,-23.07136480000001],[-44.8140744,-23.081378799999996],[-44.817925900000006,-23.0857221],[-44.8188437,-23.091458399999997],[-44.8125338,-23.091687800000003],[-44.81118980000001,-23.096293299999996],[-44.812877900000004,-23.0982273],[-44.8088133,-23.099472899999995],[-44.80933780000001,-23.101390400000003],[-44.8164345,-23.107831499999996],[-44.8152708,-23.112453399999993],[-44.812976299999995,-23.112732000000012],[-44.810599800000006,-23.115534600000004],[-44.81489380000001,-23.1204023],[-44.8144185,-23.127466200000004],[-44.81925350000001,-23.131596299999995],[-44.81930259999999,-23.133825300000012],[-44.8158444,-23.137332700000005],[-44.8160575,-23.1403156],[-44.823482000000006,-23.14120059999999],[-44.82548150000001,-23.143741],[-44.82125299999999,-23.15352549999999],[-44.8227272,-23.16007690000001],[-44.8251537,-23.163047799999994],[-44.828448,-23.1620153],[-44.833512299999995,-23.16683379999999],[-44.8381014,-23.167243500000005],[-44.8393634,-23.165850399999997],[-44.842903500000006,-23.166686300000002],[-44.84528000000001,-23.168980800000003],[-44.844853900000004,-23.1723899],[-44.8479187,-23.17414349999999],[-44.8527373,-23.1738977],[-44.8530814,-23.176602000000003],[-44.856359299999994,-23.176683899999997],[-44.8604567,-23.180978],[-44.8727325,-23.182502199999984],[-44.8747484,-23.184698399999995],[-44.8741256,-23.189713600000005],[-44.876832400000005,-23.194487899999995],[-44.8749001,-23.1967461],[-44.8826453,-23.202712699999996],[-44.883720700000005,-23.2048051],[-44.883482400000005,-23.21100789999999],[-44.8801147,-23.213309700000003],[-44.88257020000001,-23.217614200000007],[-44.8876071,-23.221683100000007],[-44.88932059999999,-23.22659489999999],[-44.8859508,-23.23579029999999],[-44.8808676,-23.236589899999988],[-44.8783109,-23.242875300000005],[-44.87199280000001,-23.2489551],[-44.8694641,-23.249834],[-44.8521219,-23.248898800000006],[-44.8472107,-23.251343199999997],[-44.84213019999999,-23.255722399999996],[-44.8364313,-23.255834900000004],[-44.8362626,-23.25789699999999],[-44.8399931,-23.26338959999999],[-44.83451920000001,-23.267401300000003],[-44.82848289999999,-23.269557099999997],[-44.82884859999999,-23.276245500000005],[-44.8237589,-23.2806923],[-44.827186,-23.288842500000005],[-44.826720800000004,-23.291621400000004],[-44.8188487,-23.2897377],[-44.8071498,-23.283485499999994],[-44.8071621,-23.286875999999992],[-44.80536440000001,-23.2900491],[-44.7874214,-23.299106899999998],[-44.78626,-23.3014002],[-44.788005000000005,-23.305780499999994],[-44.7867846,-23.3100876],[-44.7783744,-23.3150353],[-44.7779827,-23.316712000000003],[-44.781611100000006,-23.325896900000004],[-44.776257300000005,-23.332387800000006],[-44.7771502,-23.3384988],[-44.77075260000001,-23.338254199999998],[-44.7633995,-23.341589099999993],[-44.759944,-23.34122750000001],[-44.7564282,-23.350207899999997],[-44.741461,-23.358886800000004],[-44.73575540000001,-23.365637200000002],[-44.7325409,-23.3659184],[-44.7280809,-23.368931999999994],[-44.72377440000001,-23.36734819999999],[-44.7238498,-23.36842240000001],[-44.728123,-23.37027700000001],[-44.7320108,-23.369045300000007],[-44.7351744,-23.3695482],[-44.7361388,-23.367869600000006],[-44.7418387,-23.365880500000003],[-44.7464463,-23.367486400000008],[-44.7505718,-23.366038800000002],[-44.76603990000001,-23.372629199999995],[-44.769232,-23.3722793],[-44.7850628,-23.378034200000005],[-44.7826279,-23.373920799999997],[-44.78423970000001,-23.3731479],[-44.78456570000001,-23.3704665],[-44.787108800000006,-23.369672899999998],[-44.7892769,-23.371648099999998],[-44.7893032,-23.370127999999994],[-44.790887,-23.369078500000004],[-44.794681100000005,-23.370344699999986],[-44.796592100000005,-23.368981199999993],[-44.800098,-23.370461299999995],[-44.80215460000001,-23.373126999999993],[-44.79967330000001,-23.375598399999994],[-44.8061261,-23.379176600000005],[-44.81911710000001,-23.381206699999996],[-44.826407,-23.383778799999995],[-44.8269312,-23.384784999999994],[-44.8255969,-23.38608360000001],[-44.82644059999999,-23.3876147],[-44.8296151,-23.38759179999999],[-44.8296997,-23.38551680000001],[-44.8319935,-23.384945299999995],[-44.8345398,-23.386979299999986],[-44.838573000000004,-23.386452699999996],[-44.8402694,-23.388403599999993],[-44.84201060000001,-23.388144799999996],[-44.844180200000004,-23.387261600000002],[-44.8430062,-23.384805299999996],[-44.84367910000001,-23.3830655],[-44.84222849999999,-23.38069740000001],[-44.8385705,-23.379399300000006],[-44.8384582,-23.37692459999999],[-44.8400047,-23.3751725],[-44.836835400000005,-23.3722938],[-44.836865100000004,-23.369588099999994],[-44.843188100000006,-23.363923999999997],[-44.849870499999994,-23.361074700000007],[-44.8651678,-23.356958800000005],[-44.8705685,-23.358734200000004],[-44.8706726,-23.360244399999992],[-44.8744384,-23.362936099999988],[-44.87473109999999,-23.364411900000004],[-44.8764638,-23.362879699999997],[-44.8822311,-23.363316499999993],[-44.8849367,-23.366785399999994],[-44.8847834,-23.369752799999993],[-44.890683800000005,-23.37247960000001],[-44.892170400000005,-23.369820400000005],[-44.8900712,-23.368811499999996],[-44.8873068,-23.364963999999993],[-44.88913970000001,-23.359666599999994],[-44.8907438,-23.359019099999994],[-44.88760190000001,-23.354025599999996],[-44.884017300000004,-23.3513059],[-44.8826319,-23.351560399999993],[-44.882841000000006,-23.346394],[-44.8876425,-23.3387171],[-44.900655900000004,-23.334863599999995],[-44.9080106,-23.334071599999998],[-44.90892430000001,-23.335563199999996],[-44.9120355,-23.3367253],[-44.9109635,-23.338604600000014],[-44.91289580000001,-23.34285699999999],[-44.92102990000001,-23.3509196],[-44.9254154,-23.353228399999992],[-44.9269025,-23.352458500000008],[-44.9421504,-23.357061399999985],[-44.9438415,-23.360287000000007],[-44.94848960000001,-23.36406439999999],[-44.94758620000001,-23.367109],[-44.95068530000001,-23.37272339999999],[-44.94928350000001,-23.3741657],[-44.9493341,-23.378644300000012],[-44.9607634,-23.38045440000001],[-44.961661,-23.38181379999999],[-44.96039939999999,-23.3831705],[-44.96316869999999,-23.384737],[-44.9630947,-23.386344699999995],[-44.9654631,-23.387099700000007],[-44.96683780000001,-23.386321399999996],[-44.9717599,-23.38953159999999],[-44.9726149,-23.39193490000001],[-44.9721292,-23.3929197],[-44.9708688,-23.3925978],[-44.970611500000004,-23.393945699999996],[-44.9737396,-23.395073599999996],[-44.977653,-23.40062189999999],[-44.981215600000006,-23.401161500000004],[-44.9806154,-23.3997975],[-44.9833552,-23.3971173],[-44.9880431,-23.3991357],[-44.9927748,-23.397309199999984],[-45.0088565,-23.4059326],[-45.0089813,-23.4124719],[-45.0124903,-23.413062300000007],[-45.0116187,-23.4157562],[-45.0135206,-23.418258800000007],[-45.0230138,-23.418748299999997],[-45.0221877,-23.4149246],[-45.02304600000001,-23.414226399999993],[-45.030451,-23.41500169999999],[-45.032271,-23.413851599999994],[-45.0390491,-23.419944300000004],[-45.038870900000006,-23.42307149999999],[-45.04200050000001,-23.4219915],[-45.0439406,-23.425609099999992],[-45.0479514,-23.425285499999998],[-45.04802110000001,-23.423635100000002],[-45.044948,-23.42076189999999],[-45.048903,-23.417345499999996],[-45.0545318,-23.416838599999995],[-45.0613964,-23.4202216],[-45.0646306,-23.426348499999996],[-45.0639153,-23.42789829999998],[-45.061502700000005,-23.427769199999993],[-45.059386599999996,-23.430090699999987],[-45.06035910000001,-23.431289099999997],[-45.064320099999996,-23.432214800000004],[-45.0651995,-23.431159399999995],[-45.0686085,-23.432609000000003],[-45.069377300000006,-23.4371313],[-45.067163900000004,-23.446781599999998],[-45.060043900000004,-23.4563112],[-45.055107199999995,-23.45918939999999],[-45.0547167,-23.4581074],[-45.0502269,-23.456551199999996],[-45.044466299999996,-23.4493588],[-45.0375774,-23.44787920000001],[-45.0354968,-23.449338],[-45.0362795,-23.451959099999993],[-45.0348834,-23.459669499999997],[-45.029962,-23.459228599999992],[-45.0282866,-23.461346499999998],[-45.022078,-23.459327400000003],[-45.0184744,-23.4598385],[-45.017945,-23.460855499999997],[-45.026512100000005,-23.463170600000012],[-45.03047130000001,-23.4626704],[-45.0324471,-23.465666399999996],[-45.03258300000001,-23.464474099999997],[-45.03504,-23.464536000000006],[-45.0383843,-23.46220020000001],[-45.04657319999999,-23.4613551],[-45.0514595,-23.465617300000005],[-45.0521548,-23.4679773],[-45.0533611,-23.467853799999997],[-45.0534966,-23.4655691],[-45.05626770000001,-23.464924099999998],[-45.0583922,-23.465711999999993],[-45.05836190000001,-23.4677317],[-45.0605879,-23.46652459999999],[-45.0626812,-23.467946400000006],[-45.070835300000006,-23.478625899999994],[-45.07369010000001,-23.485451699999988],[-45.0742822,-23.488926900000003],[-45.0726431,-23.4932912],[-45.0667985,-23.492899299999998],[-45.0675655,-23.49486939999999],[-45.0734616,-23.498992799999993],[-45.0737673,-23.500881099999997],[-45.0769389,-23.502547400000005],[-45.076879,-23.50687840000001],[-45.0810538,-23.509034500000002],[-45.081392199999996,-23.512796400000006],[-45.0797734,-23.513118999999996],[-45.081056700000005,-23.5149927],[-45.0802358,-23.516550300000002],[-45.08175430000001,-23.5215421],[-45.0841707,-23.52038989999999],[-45.08377099999999,-23.5171735],[-45.08501760000001,-23.5168904],[-45.08599230000001,-23.5131447],[-45.0833508,-23.496117499999997],[-45.08764330000001,-23.49352999999999],[-45.09858619999999,-23.4927214],[-45.1044262,-23.49809789999999],[-45.10470540000001,-23.496845699999987],[-45.1028237,-23.495172099999998],[-45.1037393,-23.491661899999986],[-45.1029214,-23.4900612],[-45.10679350000001,-23.4886937],[-45.10726840000001,-23.492700199999998],[-45.110284400000005,-23.495521699999998],[-45.11695170000001,-23.498322000000005],[-45.11917,-23.501238399999995],[-45.122599400000006,-23.501085300000007],[-45.1240668,-23.502879499999995],[-45.1239065,-23.50384080000001],[-45.1224306,-23.5034983],[-45.1232848,-23.504166599999998],[-45.1220693,-23.504228399999995],[-45.1223327,-23.5052405],[-45.1167466,-23.505003300000002],[-45.11354620000001,-23.507753199999993],[-45.11205220000001,-23.50802989999999],[-45.11155350000001,-23.5068664],[-45.1075322,-23.507906400000003],[-45.107204,-23.509870399999997],[-45.1101443,-23.5112829],[-45.1105461,-23.5128357],[-45.109593800000006,-23.514715599999995],[-45.1069218,-23.514343299999993],[-45.10886169999999,-23.517017999999997],[-45.107466900000006,-23.517468900000004],[-45.10755650000001,-23.520037199999997],[-45.1057174,-23.523645999999992],[-45.1126631,-23.526443300000004],[-45.1135867,-23.5254912],[-45.1122804,-23.520640099999994],[-45.113169,-23.519620700000004],[-45.1160984,-23.5190113],[-45.1204105,-23.521378700000003],[-45.1217855,-23.51976730000001],[-45.121705999999996,-23.516326699999997],[-45.1238129,-23.515028],[-45.1270873,-23.515128699999998],[-45.13244060000001,-23.509419300000005],[-45.1336144,-23.509039599999994],[-45.137816,-23.511803700000005],[-45.1387257,-23.51093149999999],[-45.138687100000006,-23.50909980000001],[-45.1349285,-23.508238099999993],[-45.134562100000004,-23.506632399999994],[-45.1353035,-23.503976799999997],[-45.1377984,-23.501515999999988],[-45.1422055,-23.500242900000003],[-45.1457427,-23.501921199999988],[-45.14374990000001,-23.499922299999994],[-45.14662140000001,-23.496592099999994],[-45.1534083,-23.499393399999995],[-45.1544157,-23.499391599999996],[-45.154744300000004,-23.497611400000014],[-45.157327,-23.4973753],[-45.1602159,-23.50002719999999],[-45.164247100000004,-23.497499699999988],[-45.16550300000001,-23.492898699999994],[-45.1690817,-23.49278919999999],[-45.1738852,-23.4963232],[-45.174899800000006,-23.500659299999995],[-45.171133700000006,-23.502636100000007],[-45.1733472,-23.504278399999997],[-45.1719316,-23.505702100000008],[-45.173359000000005,-23.508605699999993],[-45.17267220000001,-23.51186160000001],[-45.1661363,-23.512662299999988],[-45.1664419,-23.515800999999993],[-45.16269230000001,-23.516868899999995],[-45.163231,-23.5187467],[-45.16589470000001,-23.51938989999999],[-45.16666330000001,-23.521285699999996],[-45.167095,-23.525955899999996],[-45.1660244,-23.5293309],[-45.1620155,-23.5320466],[-45.1576559,-23.529435500000016],[-45.1597566,-23.533134700000005],[-45.157881,-23.5352369],[-45.162013200000004,-23.541894499999998],[-45.1656191,-23.541721900000002],[-45.1660234,-23.540377800000005],[-45.169211399999995,-23.539203800000006],[-45.17442669999999,-23.54301850000001],[-45.17833850000001,-23.5377921],[-45.1834641,-23.538907000000002],[-45.1853957,-23.5410252],[-45.1865226,-23.54057450000001],[-45.1859847,-23.536796000000002],[-45.1896047,-23.5332932],[-45.1866205,-23.528872800000002],[-45.1905618,-23.524238],[-45.190413299999996,-23.52161920000001],[-45.1948747,-23.52031119999999],[-45.202225399999996,-23.5208279],[-45.2096669,-23.523632699999997],[-45.2155124,-23.5284094],[-45.21935210000001,-23.528915600000005],[-45.22195090000001,-23.530624099999997],[-45.2274935,-23.537126299999994],[-45.230614800000005,-23.547582099999993],[-45.229826300000006,-23.55093399999999],[-45.222829,-23.551470499999994],[-45.2188863,-23.557613299999996],[-45.2143785,-23.556052099999988],[-45.2189909,-23.559365799999995],[-45.2180161,-23.562590299999997],[-45.2148188,-23.565496299999996],[-45.210888,-23.56396030000001],[-45.2095718,-23.564757799999988],[-45.21158689999999,-23.565011900000002],[-45.2154068,-23.568620899999996],[-45.2101542,-23.57069619999999],[-45.2113468,-23.57209479999999],[-45.2098098,-23.5776767],[-45.2076898,-23.5782984],[-45.209807,-23.579798800000003],[-45.210962800000004,-23.582734999999996],[-45.215993499999996,-23.58054839999999],[-45.2201717,-23.5826423],[-45.2219583,-23.5811954],[-45.2242505,-23.583309399999997],[-45.2286508,-23.5840834],[-45.22814619999999,-23.581890299999998],[-45.2305579,-23.581689199999996],[-45.234995999999995,-23.5832458],[-45.24133100000001,-23.587867599999996],[-45.244225,-23.5937286],[-45.248425700000006,-23.5924156],[-45.2530183,-23.5945362],[-45.2527777,-23.591434700000004],[-45.25546810000001,-23.5895249],[-45.257260200000005,-23.5895997],[-45.261629500000005,-23.596400999999986],[-45.2632638,-23.59664009999999],[-45.2610328,-23.591876199999994],[-45.264015300000004,-23.588839199999992],[-45.2689394,-23.587798499999998],[-45.2704396,-23.589196899999994],[-45.2726537,-23.5864209],[-45.2784216,-23.588254399999997],[-45.280130500000006,-23.5844762],[-45.2775914,-23.583054600000015],[-45.2764905,-23.577505699999993],[-45.2787821,-23.574065900000008],[-45.285082200000005,-23.57232689999999],[-45.293308700000004,-23.5749133],[-45.294444,-23.572500699999996],[-45.29761400000001,-23.5722414],[-45.30419280000001,-23.574493099999998],[-45.3065241,-23.576395799999986],[-45.3085653,-23.575182599999994],[-45.3114123,-23.575665299999994],[-45.313825,-23.577672399999997],[-45.32028880000001,-23.579706999999996],[-45.3280714,-23.584818099999996],[-45.3434037,-23.600671999999985],[-45.3573437,-23.624330599999997],[-45.360499,-23.625951200000006],[-45.365735900000004,-23.626635899999997],[-45.3690326,-23.630358600000008],[-45.37776569999999,-23.624498299999992],[-45.38053279999999,-23.626108399999993],[-45.38825450000001,-23.634703500000004],[-45.3900832,-23.633881200000005],[-45.389972500000006,-23.6315278],[-45.3975017,-23.629494],[-45.39725810000001,-23.627135699999997],[-45.4004085,-23.6232366],[-45.4074729,-23.624340399999998],[-45.41629360000001,-23.6327805],[-45.4234495,-23.64443239999999],[-45.4283085,-23.657906400000005],[-45.4304909,-23.674225400000008],[-45.4301285,-23.68813249999999],[-45.42689270000001,-23.7055252],[-45.4271883,-23.709331199999987],[-45.4197973,-23.725661399999993],[-45.41519960000001,-23.725958799999997],[-45.412789200000006,-23.7234854],[-45.411699,-23.724956699999982],[-45.409139,-23.724118799999996],[-45.40661320000001,-23.726366999999993],[-45.40446330000001,-23.72487959999999],[-45.3995639,-23.7247447],[-45.3979387,-23.722998399999994],[-45.397099000000004,-23.723818200000007],[-45.3972132,-23.727654199999996],[-45.3994877,-23.729118899999985],[-45.3980264,-23.73263759999999],[-45.398765999999995,-23.736744200000004],[-45.4012092,-23.7379018],[-45.4021965,-23.7407843],[-45.407255000000006,-23.744476599999995],[-45.4089345,-23.748366600000008],[-45.4113294,-23.749432700000003],[-45.412482700000005,-23.75366919999999],[-45.4065192,-23.7641957],[-45.40256130000001,-23.768103699999998],[-45.4030277,-23.770886999999995],[-45.4002226,-23.77367999999999],[-45.400773400000006,-23.776617200000004],[-45.396868,-23.780571499999994],[-45.3989221,-23.784231600000002],[-45.3972692,-23.787912200000008],[-45.3995387,-23.79608329999999],[-45.3976624,-23.7992807],[-45.3984551,-23.80016],[-45.39638930000001,-23.807191600000003],[-45.3986873,-23.807851599999992],[-45.3962758,-23.808126299999998],[-45.39613450000001,-23.809113800000002],[-45.3989798,-23.810150399999987],[-45.39658,-23.810712000000006],[-45.3988035,-23.811166099999998],[-45.4005544,-23.8140019],[-45.40652970000001,-23.809592099999982],[-45.40839429999999,-23.811969199999997],[-45.40877720000001,-23.815475999999997],[-45.40484260000001,-23.819867399999993],[-45.4108241,-23.821599100000004],[-45.4119405,-23.824757399999996],[-45.41362790000001,-23.824968099999996],[-45.4135999,-23.823706399999985],[-45.4160708,-23.823185199999994],[-45.41927870000001,-23.82400309999999],[-45.421901,-23.825656499999997],[-45.421215800000006,-23.828313499999993],[-45.42310719999999,-23.82812669999999],[-45.4232966,-23.829670100000005],[-45.4254049,-23.82891],[-45.43225619999999,-23.833134600000008],[-45.43114930000001,-23.830511899999987],[-45.4319897,-23.82953539999999],[-45.4407393,-23.826702900000004],[-45.441702400000004,-23.82997479999999],[-45.4432117,-23.829897899999995],[-45.4463627,-23.833066600000002],[-45.447734499999996,-23.830203699999995],[-45.44732320000001,-23.827167],[-45.4607932,-23.820814099999996],[-45.466976900000006,-23.819068199999982],[-45.46882680000001,-23.819977299999994],[-45.469019100000004,-23.822731899999994],[-45.4716076,-23.823078400000004],[-45.4734933,-23.825607299999998],[-45.4749183,-23.824099499999992],[-45.4783408,-23.828375599999998],[-45.4856666,-23.8302462],[-45.4900736,-23.830065599999994],[-45.49185550000001,-23.834811000000006],[-45.49144160000001,-23.83754599999999],[-45.49928250000001,-23.838583300000003],[-45.502385200000006,-23.841118200000004],[-45.5026446,-23.842637500000006],[-45.509776200000005,-23.84021479999999],[-45.5143291,-23.84215940000001],[-45.51432679999999,-23.840129000000008],[-45.511099900000005,-23.836535000000012],[-45.5125616,-23.831723399999998],[-45.5185761,-23.832748000000002],[-45.5205813,-23.831295699999995],[-45.5209748,-23.832688500000007],[-45.5228436,-23.833202800000002],[-45.5218486,-23.8310576],[-45.523339,-23.82913099999999],[-45.5283056,-23.829750599999993],[-45.5333596,-23.8288313],[-45.53715530000001,-23.830802],[-45.53970460000001,-23.82883199999999],[-45.53339199999999,-23.823356399999994],[-45.5346228,-23.818307200000007],[-45.538256,-23.813547700000004],[-45.5444862,-23.809072299999993],[-45.5479708,-23.810321200000004],[-45.549108800000006,-23.809276200000003],[-45.5547411,-23.81040519999999],[-45.552069,-23.805029399999988],[-45.5539556,-23.800945700000003],[-45.55660950000001,-23.8010978],[-45.55403650000001,-23.797127500000002],[-45.55514889999999,-23.7950143],[-45.560195500000006,-23.7925316],[-45.5875578,-23.792674400000006],[-45.5902539,-23.796564399999994],[-45.5925273,-23.795141900000008],[-45.5967838,-23.798704600000008],[-45.59804750000001,-23.797180300000008],[-45.6007667,-23.797346299999987],[-45.6071903,-23.800371299999995],[-45.60941780000001,-23.798695399999993],[-45.6158193,-23.7992353],[-45.61702739999999,-23.800080800000014],[-45.61782180000001,-23.804122300000007],[-45.6204302,-23.803364599999988],[-45.62310680000001,-23.80508130000001],[-45.6236216,-23.802908799999994],[-45.6266185,-23.799992100000004],[-45.6240498,-23.795831399999994],[-45.6258056,-23.794782800000007],[-45.624507900000005,-23.791488600000008],[-45.6275285,-23.790738000000005],[-45.6251373,-23.78994009999999],[-45.6255157,-23.787101200000002],[-45.6279656,-23.785102199999997],[-45.63309279999999,-23.783639500000007],[-45.63866169999999,-23.783265699999998],[-45.64213050000001,-23.784578699999997],[-45.6406421,-23.781893000000004],[-45.64153610000001,-23.778771399999997],[-45.6436035,-23.777592400000007],[-45.646441599999996,-23.777848500000005],[-45.646397,-23.779515600000003],[-45.647892600000006,-23.7801667],[-45.64923240000001,-23.777991499999995],[-45.6582287,-23.778972999999997],[-45.6600924,-23.7820463],[-45.6627099,-23.782350699999988],[-45.6629026,-23.785078800000004],[-45.6659314,-23.78595010000001],[-45.6666398,-23.78511170000001],[-45.664078,-23.778985800000008],[-45.667635700000005,-23.776262499999998],[-45.6727562,-23.774801800000002],[-45.684453100000006,-23.775306799999996],[-45.6848767,-23.7784862],[-45.6888177,-23.77837259999999],[-45.69057719999999,-23.781980300000004],[-45.692612999999994,-23.7827354],[-45.6949359,-23.782425899999993],[-45.696845,-23.780337000000003],[-45.69376570000001,-23.776734999999995],[-45.6949866,-23.774929200000006],[-45.7013447,-23.7726602],[-45.702745900000004,-23.774508899999997],[-45.7052678,-23.7732313],[-45.7057863,-23.771442399999998],[-45.709324699999996,-23.770686399999995],[-45.713698,-23.771727399999993],[-45.7175248,-23.7746348],[-45.722503,-23.771113399999997],[-45.7401193,-23.7676597],[-45.7523328,-23.767653000000003],[-45.75704100000001,-23.7706355],[-45.758657,-23.768691],[-45.76243230000001,-23.767564799999995],[-45.76082650000001,-23.7668401],[-45.76147960000001,-23.764091899999997],[-45.767515800000005,-23.76243230000001],[-45.7764009,-23.7630577],[-45.7796515,-23.766138700000006],[-45.7814014,-23.764227400000003],[-45.7837538,-23.764760999999996],[-45.7850002,-23.766683300000004],[-45.78632730000001,-23.765282200000005],[-45.7906738,-23.766050100000015],[-45.792517399999994,-23.76926080000001],[-45.79639809999999,-23.769837],[-45.798038600000005,-23.767918500000004],[-45.800667999999995,-23.769685200000005],[-45.8041089,-23.76987259999999],[-45.8044632,-23.7677608],[-45.80173370000001,-23.762940599999997],[-45.8035972,-23.760743200000004],[-45.8077114,-23.759107200000003],[-45.8241645,-23.7573482],[-45.84240230000001,-23.758196000000005],[-45.80733200000001,-23.724833999999994],[-45.79934800000001,-23.72062799999999],[-45.794878,-23.715684000000007],[-45.797071,-23.705187999999996],[-45.796588,-23.700415],[-45.798074,-23.694042],[-45.799599,-23.693202],[-45.796058,-23.682972000000007],[-45.79138600000001,-23.683131],[-45.786411,-23.678393999999997],[-45.78444400000001,-23.681609],[-45.777657,-23.68306099999999],[-45.77536099999999,-23.680903999999995],[-45.76943240000001,-23.6785313],[-45.7678637,-23.675347200000008],[-45.76483890000001,-23.674216600000005],[-45.763488,-23.671052999999997],[-45.7534978,-23.671315600000007],[-45.7451522,-23.668271799999996],[-45.7416925,-23.6681687],[-45.7336567,-23.656421000000005],[-45.7277672,-23.655667199999993],[-45.726237600000005,-23.6530302],[-45.720982799999994,-23.650382300000004],[-45.7138286,-23.643039899999998],[-45.7114276,-23.642197099999986],[-45.7103015,-23.645293099999993],[-45.7074982,-23.644773200000007],[-45.701674100000005,-23.6354678],[-45.6948141,-23.630828100000006],[-45.6977668,-23.62503229999999],[-45.697523100000005,-23.620194500000007],[-45.6997698,-23.617984699999994],[-45.70350969999999,-23.6102868]]],[[[-45.300307800000006,-23.922610600000006],[-45.3009201,-23.922645199999995],[-45.300342400000005,-23.922279700000008],[-45.300307800000006,-23.922610600000006]]],[[[-45.2981763,-23.92074459999999],[-45.296934900000004,-23.9195065],[-45.296565,-23.919456499999985],[-45.2981763,-23.92074459999999]]],[[[-45.29603650000001,-23.9183639],[-45.297122800000004,-23.918966399999995],[-45.2962439,-23.91811699999999],[-45.29603650000001,-23.9183639]]],[[[-45.3253483,-23.917643],[-45.3223954,-23.9146308],[-45.325457,-23.9194898],[-45.3253483,-23.917643]]],[[[-45.2626672,-23.889575400000002],[-45.2644152,-23.889934599999986],[-45.2650706,-23.888662199999988],[-45.262812,-23.887842300000006],[-45.2626672,-23.889575400000002]]],[[[-45.2593086,-23.8893361],[-45.25952430000001,-23.88842250000001],[-45.258545700000006,-23.88826600000001],[-45.2593086,-23.8893361]]],[[[-45.2855532,-23.86000189999999],[-45.2869704,-23.8608858],[-45.2856371,-23.85961680000001],[-45.2855532,-23.86000189999999]]],[[[-45.2781142,-23.85009139999999],[-45.2773843,-23.851530499999996],[-45.2789849,-23.8509557],[-45.2781142,-23.85009139999999]]],[[[-45.1532408,-23.8281431],[-45.15493179999999,-23.8290272],[-45.155892,-23.828605],[-45.153206700000005,-23.82591749999998],[-45.1532408,-23.8281431]]],[[[-45.226141,-23.811793699999992],[-45.2262472,-23.8134646],[-45.2283261,-23.8144447],[-45.2279664,-23.8133793],[-45.22943780000001,-23.812211599999998],[-45.2273568,-23.811050199999993],[-45.226141,-23.811793699999992]]],[[[-45.137836,-23.7898757],[-45.1404159,-23.794766000000003],[-45.14001220000001,-23.7971273],[-45.1375606,-23.797062299999993],[-45.13647019999999,-23.798277600000002],[-45.1307744,-23.7979039],[-45.1241659,-23.800524199999998],[-45.123133,-23.802923500000002],[-45.117571500000004,-23.802689399999995],[-45.11493250000001,-23.803805899999993],[-45.1168786,-23.806244900000006],[-45.116173,-23.808994699999996],[-45.117188000000006,-23.8122729],[-45.1213032,-23.813789899999993],[-45.124490900000005,-23.8109217],[-45.1324183,-23.8093069],[-45.1362169,-23.811921700000003],[-45.141794600000004,-23.8136876],[-45.14412130000001,-23.81671199999998],[-45.1470621,-23.817619200000006],[-45.1479406,-23.8136915],[-45.1515647,-23.8121773],[-45.1520481,-23.810816199999998],[-45.1564497,-23.81045369999999],[-45.1569735,-23.804328200000004],[-45.15760910000001,-23.80325120000001],[-45.1613145,-23.803005100000004],[-45.1606547,-23.801779399999997],[-45.148004,-23.791398799999996],[-45.138917,-23.789714900000003],[-45.137836,-23.7898757]]],[[[-45.28932180000001,-23.59231759999999],[-45.2851493,-23.594297100000006],[-45.2809998,-23.592816799999994],[-45.27990650000001,-23.595858099999987],[-45.28279620000001,-23.598912700000007],[-45.2827254,-23.60110729999999],[-45.285087100000005,-23.59934689999999],[-45.2896516,-23.602021300000004],[-45.29557470000001,-23.601616699999997],[-45.2956534,-23.5986824],[-45.2933909,-23.59516699999999],[-45.28932180000001,-23.59231759999999]]],[[[-45.30949689999999,-23.58715920000001],[-45.310136099999994,-23.5858027],[-45.3092748,-23.5860502],[-45.30949689999999,-23.58715920000001]]],[[[-45.3115247,-23.5812044],[-45.3104506,-23.5837457],[-45.3119046,-23.584274899999997],[-45.312557299999995,-23.5835972],[-45.3115247,-23.5812044]]],[[[-45.1553624,-23.56016320000001],[-45.1514293,-23.5640015],[-45.1520367,-23.565631100000004],[-45.15011319999999,-23.565542],[-45.14869430000001,-23.567613299999994],[-45.1463859,-23.567265099999997],[-45.1446452,-23.569528899999995],[-45.1452028,-23.57133829999999],[-45.1470531,-23.571792599999995],[-45.14820660000001,-23.569866500000007],[-45.151468099999995,-23.569162100000003],[-45.1514947,-23.568231999999988],[-45.1572929,-23.573614399999997],[-45.1580062,-23.5707077],[-45.1626803,-23.569962900000004],[-45.163314,-23.567558],[-45.1584785,-23.56244759999999],[-45.15775459999999,-23.559994600000003],[-45.1553624,-23.56016320000001]]],[[[-45.07582000000001,-23.563179400000003],[-45.077587,-23.564760100000008],[-45.07937890000001,-23.563405399999997],[-45.0769188,-23.562026999999997],[-45.07582000000001,-23.563179400000003]]],[[[-45.1515533,-23.558029400000002],[-45.1509765,-23.559660299999994],[-45.1519495,-23.5591699],[-45.1515533,-23.558029400000002]]],[[[-45.15557570000001,-23.550301800000003],[-45.155235,-23.550760999999984],[-45.1553535,-23.550765999999992],[-45.15557570000001,-23.550301800000003]]],[[[-45.2153916,-23.54978539999999],[-45.21671760000001,-23.550974399999994],[-45.2189982,-23.550538499999988],[-45.2159797,-23.548563800000004],[-45.2153916,-23.54978539999999]]],[[[-45.155852100000004,-23.547230699999993],[-45.1544385,-23.547996800000004],[-45.15458900000001,-23.548395199999998],[-45.155852100000004,-23.547230699999993]]],[[[-45.0763152,-23.529087800000006],[-45.0777514,-23.53610510000001],[-45.0703167,-23.53957779999999],[-45.06406140000001,-23.538628299999992],[-45.06068690000001,-23.534043199999996],[-45.0609179,-23.530117900000015],[-45.0587444,-23.526741599999998],[-45.0575325,-23.52794200000001],[-45.0508482,-23.5276633],[-45.0482471,-23.531214599999988],[-45.0445511,-23.5315032],[-45.0452112,-23.5346365],[-45.0401312,-23.53316269999999],[-45.0392255,-23.534538999999988],[-45.0410417,-23.5413772],[-45.04616,-23.54302719999999],[-45.04973,-23.54596339999999],[-45.05671550000001,-23.5455456],[-45.05946720000001,-23.5501162],[-45.06521630000001,-23.555511499999994],[-45.067029299999994,-23.555174200000003],[-45.070368300000005,-23.557323299999997],[-45.07238709999999,-23.556831999999996],[-45.07723829999999,-23.5613755],[-45.0789503,-23.560221200000008],[-45.07979610000001,-23.556956899999992],[-45.0812391,-23.556499199999998],[-45.08074200000001,-23.5543732],[-45.0819026,-23.554013199999996],[-45.080306300000004,-23.5529188],[-45.08097800000001,-23.55106930000001],[-45.07765049999999,-23.54620999999999],[-45.0796352,-23.54539059999999],[-45.0798321,-23.540857100000007],[-45.0835777,-23.5387676],[-45.0826134,-23.535730099999995],[-45.0797008,-23.533704299999997],[-45.08124879999999,-23.52833909999999],[-45.080439,-23.5259467],[-45.0781509,-23.527392100000007],[-45.078175200000004,-23.5287761],[-45.0763152,-23.529087800000006]]],[[[-45.1543659,-23.533868200000004],[-45.1538276,-23.5335127],[-45.154198,-23.534164499999992],[-45.1543659,-23.533868200000004]]],[[[-45.2108592,-23.53334479999999],[-45.21379400000001,-23.533131299999997],[-45.2142943,-23.531886099999987],[-45.211704,-23.53186679999999],[-45.2108592,-23.53334479999999]]],[[[-45.0414526,-23.516574200000004],[-45.039900100000004,-23.517179100000003],[-45.04204769999999,-23.5187181],[-45.0422908,-23.517854499999995],[-45.0414526,-23.516574200000004]]],[[[-45.101950300000006,-23.499021000000003],[-45.102619000000004,-23.499286200000004],[-45.1025087,-23.498653600000008],[-45.101950300000006,-23.499021000000003]]],[[[-45.05262690000001,-23.468218399999998],[-45.0522844,-23.468501699999997],[-45.052658900000004,-23.468600900000006],[-45.05262690000001,-23.468218399999998]]],[[[-45.0584084,-23.468346400000012],[-45.0586021,-23.467861399999993],[-45.0581219,-23.4679094],[-45.0584084,-23.468346400000012]]],[[[-45.0175449,-23.738752599999998],[-45.013680300000004,-23.741879699999988],[-45.0166901,-23.748961299999998],[-45.00844,-23.7474967],[-45.00702710000001,-23.751696399999997],[-45.007544499999995,-23.754743800000004],[-45.0100948,-23.75833010000001],[-45.0147512,-23.761257699999998],[-45.0149584,-23.759615499999995],[-45.01876529999999,-23.758584699999997],[-45.0167547,-23.754934599999995],[-45.017272899999995,-23.750707299999984],[-45.0216329,-23.749138400000003],[-45.0238479,-23.7462758],[-45.0219748,-23.743518299999995],[-45.023237400000006,-23.7404696],[-45.0175449,-23.738752599999998]]],[[[-45.0339112,-23.738673700000014],[-45.0302057,-23.736373900000007],[-45.0293646,-23.737001400000008],[-45.033160800000005,-23.739641500000005],[-45.0339112,-23.738673700000014]]],[[[-45.0246748,-23.7392655],[-45.02537970000001,-23.737167499999995],[-45.0209252,-23.7343824],[-45.0203617,-23.737452999999995],[-45.0228154,-23.738973099999992],[-45.0225161,-23.7399526],[-45.0246748,-23.7392655]]],[[[-45.0245079,-23.54966929999999],[-45.0244672,-23.55005470000001],[-45.02473150000001,-23.549966299999998],[-45.0245079,-23.54966929999999]]],[[[-45.0259786,-23.547041199999995],[-45.0293652,-23.54862189999999],[-45.03212340000001,-23.549039200000003],[-45.03298540000001,-23.548219399999994],[-45.026336500000006,-23.544115300000005],[-45.0244903,-23.5442771],[-45.0259786,-23.547041199999995]]],[[[-45.02279839999999,-23.5434182],[-45.023144,-23.543403399999995],[-45.02280820000001,-23.543319500000003],[-45.02279839999999,-23.5434182]]],[[[-44.9058292,-23.426571900000003],[-44.90136270000001,-23.424167299999997],[-44.9009435,-23.424746199999998],[-44.9024423,-23.42733829999999],[-44.90448520000001,-23.4274599],[-44.9058292,-23.426571900000003]]],[[[-44.861173099999995,-23.4237016],[-44.8614645,-23.4222933],[-44.859707,-23.421741299999994],[-44.8601163,-23.423310400000005],[-44.861173099999995,-23.4237016]]],[[[-44.85226800000001,-23.408685300000005],[-44.85367230000001,-23.4163617],[-44.8495413,-23.42097719999998],[-44.8523884,-23.422641700000007],[-44.853596800000005,-23.426601],[-44.85770120000001,-23.424301299999993],[-44.8596421,-23.425129900000012],[-44.859412400000004,-23.423748000000003],[-44.85648290000001,-23.423136400000008],[-44.8543641,-23.42011969999999],[-44.855752,-23.416428399999997],[-44.853948300000006,-23.4148571],[-44.85287859999999,-23.410834900000005],[-44.8536215,-23.40993520000001],[-44.85226800000001,-23.408685300000005]]],[[[-45.0086231,-23.413687300000003],[-45.008138300000006,-23.41316649999999],[-45.0081267,-23.4136116],[-45.0086231,-23.413687300000003]]],[[[-44.935931000000004,-23.412324800000007],[-44.935697,-23.412527600000004],[-44.9360558,-23.412629000000003],[-44.935931000000004,-23.412324800000007]]],[[[-44.8501937,-23.403743500000004],[-44.8498554,-23.40514350000001],[-44.8505025,-23.405202700000014],[-44.8501937,-23.403743500000004]]],[[[-44.897834700000004,-23.402726299999994],[-44.89721600000001,-23.402489699999986],[-44.8970574,-23.403420500000003],[-44.897834700000004,-23.402726299999994]]],[[[-44.856591900000005,-23.3999358],[-44.8555889,-23.398710499999993],[-44.854734300000004,-23.3991184],[-44.85486900000001,-23.399458100000004],[-44.856591900000005,-23.3999358]]],[[[-44.852979,-23.402503699999993],[-44.85419639999999,-23.398100299999992],[-44.8471884,-23.394527900000003],[-44.846687,-23.396304100000005],[-44.8513397,-23.399918299999996],[-44.85062179999999,-23.403038999999996],[-44.852979,-23.402503699999993]]],[[[-44.9387999,-23.391110400000006],[-44.93871540000001,-23.39079059999999],[-44.93836830000001,-23.390850399999994],[-44.9387999,-23.391110400000006]]],[[[-44.8888185,-23.38866389999999],[-44.8870247,-23.388852899999996],[-44.8884734,-23.38946560000001],[-44.8888185,-23.38866389999999]]],[[[-44.9389792,-23.388004099999996],[-44.9381343,-23.3869583],[-44.9358049,-23.387251700000004],[-44.9378123,-23.388980300000007],[-44.9389792,-23.388004099999996]]],[[[-44.9465815,-23.3827799],[-44.9404447,-23.383355900000005],[-44.940629300000005,-23.384420199999997],[-44.943142400000006,-23.3871335],[-44.948715400000005,-23.387289500000012],[-44.9507442,-23.388567600000002],[-44.946871300000005,-23.3846804],[-44.9465815,-23.3827799]]],[[[-44.9352849,-23.38491249999999],[-44.9348924,-23.38461869999999],[-44.934884600000004,-23.384891699999997],[-44.9352849,-23.38491249999999]]],[[[-44.88939860000001,-23.385244699999998],[-44.8888258,-23.383718300000016],[-44.88713560000001,-23.3838681],[-44.8885098,-23.3855844],[-44.88939860000001,-23.385244699999998]]],[[[-44.89782439999999,-23.375802400000005],[-44.902092800000005,-23.377686199999992],[-44.9037564,-23.3797504],[-44.907121399999994,-23.380237000000015],[-44.9065876,-23.377744999999994],[-44.90278910000001,-23.375244099999993],[-44.89782439999999,-23.375802400000005]]],[[[-44.89274460000001,-23.353326899999995],[-44.8929193,-23.352675799999986],[-44.8924373,-23.35278449999999],[-44.89274460000001,-23.353326899999995]]],[[[-44.904318200000006,-23.35317999999999],[-44.9047874,-23.35227610000001],[-44.9027789,-23.351074199999996],[-44.90301840000001,-23.352608200000002],[-44.904318200000006,-23.35317999999999]]],[[[-44.9081969,-23.3365344],[-44.908878900000005,-23.337388199999996],[-44.9089382,-23.336407500000004],[-44.9081969,-23.3365344]]]]}}]}