{"type":"FeatureCollection","features":[{"type":"Feature","properties":{"id":"zee-01","nome":"Bauru, Marília e Presidente Prudente"},"geometry":{"type":"Polygon","coordinates":[[[-51.77168427699996,-21.049681753999998],[-51.765341406000005,-21.051682203999952],[-51.76779482699993,-21.05631161299994],[-51.765112080999934,-21.059831828999958],[-51.76388536099994,-21.059650926000007],[-51.764175895,-21.055210174999985],[-51.76119676899999,-21.054963917000006],[-51.76169828899998,-21.057245152999997],[-51.760345703999974,-21.059313113999963],[-51.76235618300001,-21.061699932000003],[-51.76120946699996,-21.06525641899992],[-51.75902120199999,-21.064502386999997],[-51.755758312999944,-21.06560274599996],[-51.75481743099999,-21.06255337099992],[-51.75260341099994,-21.061681408999956],[-51.75288759,-21.064392697999967],[-51.748644461000026,-21.066357759000013],[-51.74587397899995,-21.066234364000007],[-51.74758726999994,-21.068847894999976],[-51.74701411599996,-21.070289945999935],[-51.74384013499997,-21.068079311000016],[-51.744350834999985,-21.072519091999993],[-51.74135500099998,-21.068683744999987],[-51.740024396000024,-21.069593591999997],[-51.74128886800003,-21.07140850199992],[-51.73874627699996,-21.07111047499996],[-51.73759135399997,-21.074131127999987],[-51.73561824099994,-21.071307707000013],[-51.73416482799997,-21.071151051999927],[-51.73284179500001,-21.07511209900003],[-51.73026964399998,-21.073404938000007],[-51.73304404599998,-21.070514161000013],[-51.73040977199997,-21.07016274199995],[-51.728234652000026,-21.073998239999973],[-51.72463022199992,-21.066823509000024],[-51.724577841999974,-21.07066480399992],[-51.72181286299997,-21.07200107199993],[-51.71929219899994,-21.069675551999968],[-51.71695517099994,-21.073095797999997],[-51.71827950699992,-21.0764430649999],[-51.71515466500001,-21.076659706999916],[-51.71427514800001,-21.079791195999977],[-51.711520330999974,-21.07973103799992],[-51.713972092999946,-21.081399362999914],[-51.71267276399999,-21.084152570000015],[-51.709197639999964,-21.084974323999976],[-51.70897410100002,-21.08361801900002],[-51.70557370099999,-21.083326778000004],[-51.708123892999936,-21.08812505200001],[-51.70254283100002,-21.088981779000004],[-51.70293410099998,-21.08739354699999],[-51.70142677599994,-21.086101863999932],[-51.700779051999916,-21.08890062399997],[-51.69847853099992,-21.08850311700001],[-51.69733792499994,-21.094777008999966],[-51.69813345799998,-21.09723960400001],[-51.69594933500002,-21.096250583000035],[-51.69514555699993,-21.098714509999965],[-51.695600694999996,-21.099632473999925],[-51.69683732400001,-21.098207129000002],[-51.69836407099996,-21.099121674000006],[-51.69775103499995,-21.101673054999985],[-51.69989976599999,-21.102287774999983],[-51.69861045400001,-21.103006691000015],[-51.69877584,-21.10570240199997],[-51.701678533999996,-21.10737002399991],[-51.69694234799999,-21.107221052999932],[-51.70029605100001,-21.109030560000008],[-51.699298715,-21.11001470100001],[-51.697745451999936,-21.10937899699998],[-51.697030340000026,-21.11201736599996],[-51.69567844799996,-21.11100622799995],[-51.695068952999975,-21.11405631899998],[-51.69326559799999,-21.11419634399993],[-51.69264366799996,-21.11229678999998],[-51.690884421999954,-21.113275343999927],[-51.69338742299993,-21.116039042999997],[-51.69098191699993,-21.116252539999987],[-51.69067543500001,-21.119505285],[-51.692035710000034,-21.120925629999924],[-51.69054308799997,-21.121352168999987],[-51.69463413599999,-21.128088830000003],[-51.69649948799998,-21.126095174999996],[-51.69546445200001,-21.130380891999945],[-51.697649002999924,-21.130308203999963],[-51.69891683299994,-21.13273605699994],[-51.69297197499992,-21.130465136],[-51.69391163999995,-21.13256887799997],[-51.69187002699999,-21.132025111000004],[-51.692252235000005,-21.13371351799992],[-51.68938751500002,-21.135093683999962],[-51.691131886999926,-21.13933915099999],[-51.68957390099996,-21.14639489799998],[-51.68644088000002,-21.14640599699999],[-51.687870456999974,-21.14828132700001],[-51.68715404099999,-21.151006446999997],[-51.68534457800002,-21.14881791400002],[-51.68394656199996,-21.149947310000016],[-51.68115878799995,-21.149299916000018],[-51.678146188000035,-21.15029337399993],[-51.67539670299999,-21.15023065100002],[-51.67507874599994,-21.14890597500001],[-51.67322036299993,-21.151192007999956],[-51.671689744999924,-21.15012366500002],[-51.671855232999974,-21.152034200999985],[-51.673985517999995,-21.152528575999963],[-51.67261457400003,-21.152985955999934],[-51.672364103999946,-21.15460476900001],[-51.66896963999994,-21.15413638799992],[-51.667735929,-21.154999427999922],[-51.669540247999976,-21.15615815699997],[-51.66875259400001,-21.15762227499999],[-51.67168775099997,-21.157582933000022],[-51.67092582699996,-21.159204681000013],[-51.669068665,-21.159163868000007],[-51.670603314,-21.161686961999923],[-51.66818132700001,-21.162358555999997],[-51.668321767000016,-21.160898255999975],[-51.666594955999926,-21.160871993999933],[-51.66716796700001,-21.162957882999912],[-51.66558397199992,-21.163627259999995],[-51.66493371499996,-21.161489585000027],[-51.66440775999997,-21.166105679999998],[-51.662562406999946,-21.165310046999934],[-51.65704658499993,-21.16942946299991],[-51.65622552699995,-21.16830264799994],[-51.65312145799999,-21.168208594999932],[-51.65229513899998,-21.166245128999947],[-51.650753260999984,-21.167508095000006],[-51.64773924299999,-21.166445306000014],[-51.64959793999992,-21.164961962999943],[-51.64851320599996,-21.16341381600001],[-51.64401979600001,-21.166744534999957],[-51.64313111399997,-21.165732841999954],[-51.64533200099993,-21.16520333599999],[-51.64558484499997,-21.163675785000002],[-51.64092652800003,-21.165322644999982],[-51.640055760999985,-21.161923272000053],[-51.63856080999994,-21.162142439999965],[-51.63921943499997,-21.15984699299991],[-51.63651774200003,-21.156238744999992],[-51.631357363000006,-21.157049426000015],[-51.62969236699996,-21.151842139000003],[-51.63175834899994,-21.15416811899999],[-51.63546232199997,-21.154829093999975],[-51.63798074400001,-21.153773879999935],[-51.636712036000006,-21.150922679999955],[-51.63268568299992,-21.151609001999994],[-51.628075384999924,-21.14796309099996],[-51.62666984700002,-21.14527082499995],[-51.61802365800003,-21.14836225300002],[-51.61893232699999,-21.145387032999963],[-51.61392070300001,-21.141903090000028],[-51.60197951399999,-21.14887830100004],[-51.603709519000006,-21.146529656999906],[-51.60346937600002,-21.144554561000007],[-51.60097879699999,-21.143995775999993],[-51.59783204699994,-21.14591287999997],[-51.597799404,-21.147358354999955],[-51.59478203999993,-21.146935298],[-51.59450840499994,-21.149116450999998],[-51.59157865600002,-21.148430496000003],[-51.590102251999944,-21.15233369200001],[-51.59024880800001,-21.15671688499991],[-51.593432873999916,-21.154335665000037],[-51.593463113999974,-21.15632027],[-51.597966418,-21.15881355899995],[-51.593621681999934,-21.162380303999992],[-51.59427020700002,-21.165275494999957],[-51.59663202799999,-21.166357364000003],[-51.59702386799996,-21.167831655999976],[-51.594543483999985,-21.166616550999958],[-51.59353724799997,-21.170264900999936],[-51.592077202999974,-21.17058867499996],[-51.592041981999955,-21.173888385999973],[-51.58969323499997,-21.173579669999924],[-51.589533636,-21.17578301700002],[-51.58757890700002,-21.175519048000005],[-51.586802979000026,-21.17738462499999],[-51.58485233699997,-21.174369996999978],[-51.58134548700002,-21.176863905000005],[-51.58298484400001,-21.179700256999904],[-51.58160444399993,-21.178566701000022],[-51.57891688799997,-21.17862580600002],[-51.57811131199993,-21.180155773000006],[-51.57563426599996,-21.18032642100004],[-51.57629642400002,-21.183637085999976],[-51.57757237800001,-21.184576622999998],[-51.577150430000025,-21.187391333999983],[-51.57568604599999,-21.18695511299995],[-51.574814094999965,-21.18946132799991],[-51.57379657899998,-21.188005353000005],[-51.571861378999984,-21.187715511999997],[-51.573135455000006,-21.185532288999926],[-51.572546035999956,-21.184485526000007],[-51.57117440600002,-21.186569417999916],[-51.567998877999976,-21.18520371800003],[-51.568091658000014,-21.18698021199998],[-51.56417975099998,-21.18524636999994],[-51.562699511000005,-21.18823135099996],[-51.56397374699998,-21.190374620999993],[-51.56107899900001,-21.19097232700001],[-51.560299273999995,-21.192860436999982],[-51.55931141699995,-21.192361614999907],[-51.56011958599998,-21.190805488999953],[-51.56209700699998,-21.190070887999926],[-51.56042885099998,-21.187446312000038],[-51.55872360000001,-21.191119592999993],[-51.550143515,-21.189910338999937],[-51.54938665800001,-21.191438323999975],[-51.545047522999994,-21.19123473299993],[-51.54322982799994,-21.19223082899994],[-51.543474194,-21.195502605999998],[-51.54216706300002,-21.196052515999956],[-51.54020370699994,-21.19579896900001],[-51.53917583099997,-21.193983343999996],[-51.537761171,-21.195619578999928],[-51.537644273999994,-21.199256065999972],[-51.535693039999956,-21.200232929999977],[-51.53420386200003,-21.199674812999984],[-51.53534678699997,-21.197454632999943],[-51.532589710999964,-21.195070953000037],[-51.532074093999995,-21.19702709199991],[-51.53016681600002,-21.195889544999943],[-51.528220594,-21.198930032000003],[-51.52696192399998,-21.19757592599996],[-51.52647632299994,-21.19918540100003],[-51.524865449,-21.198611433999915],[-51.52370244399993,-21.200533731000007],[-51.52188296399993,-21.199758568999986],[-51.52252149999992,-21.20202715099991],[-51.52098381999997,-21.205347157000006],[-51.51919721699994,-21.203952378000015],[-51.51804217799992,-21.206519650000025],[-51.52076303100001,-21.206997686999955],[-51.522148507000004,-21.208556367999968],[-51.51866108799999,-21.21092382],[-51.51784914400003,-21.213361717],[-51.51693449299996,-21.213398885999993],[-51.517077700000016,-21.210019438999957],[-51.51371067899993,-21.210235754000003],[-51.51287287599996,-21.21196659599998],[-51.51059228600002,-21.212924064999974],[-51.512203526,-21.21530627099998],[-51.51104734799993,-21.21576452199995],[-51.50987265499998,-21.21446109999993],[-51.50818507499997,-21.215168802999973],[-51.51017273799994,-21.215692464999975],[-51.50837119599993,-21.218636913999944],[-51.503329834,-21.217266212000045],[-51.50028796999999,-21.221026353000013],[-51.497321308999915,-21.21965169199997],[-51.49399573900001,-21.22060323999999],[-51.49324272999997,-21.22221220900001],[-51.49448113899995,-21.222938063999987],[-51.494287213999996,-21.22450853899995],[-51.496525015999964,-21.225866219999983],[-51.493713076999995,-21.22587470299999],[-51.49545731799998,-21.228579884],[-51.492676311000025,-21.22782693699996],[-51.49325995900001,-21.22952650499995],[-51.490786223999976,-21.229309019000024],[-51.490990700000005,-21.230673234999912],[-51.48908075499998,-21.231949648000008],[-51.48814161299998,-21.23120459299992],[-51.48976792100001,-21.228602503999905],[-51.486435230999916,-21.22760135200002],[-51.48765776099999,-21.229617894999993],[-51.48446417600002,-21.229720100999945],[-51.485013141000024,-21.23278387599991],[-51.48083983999999,-21.23077725500003],[-51.48110356699994,-21.232122305000008],[-51.47871399299993,-21.23310122800001],[-51.47690364499999,-21.236716856999916],[-51.474486034999984,-21.23505954199994],[-51.474081732,-21.236219160999955],[-51.47047599299998,-21.237164588999903],[-51.46909356300001,-21.235280101000004],[-51.46876469699998,-21.238458745999978],[-51.46709280800002,-21.239566914999994],[-51.46623549599997,-21.239270201000007],[-51.467181632,-21.235790939999966],[-51.465549206999924,-21.237944722999988],[-51.463271717999994,-21.23643644100002],[-51.46442154900001,-21.234339534999968],[-51.46099402400001,-21.234779038999985],[-51.45992188700001,-21.236221179999976],[-51.46249816,-21.237503487000016],[-51.46113363299997,-21.241395291999943],[-51.460961546999954,-21.23739645500001],[-51.456115676000024,-21.237124818999924],[-51.45660727400002,-21.241702369],[-51.45535599599999,-21.243201108999962],[-51.45502662599994,-21.239780768999925],[-51.45307195099997,-21.239319054999946],[-51.45178144999995,-21.241061560000006],[-51.44596140099998,-21.24300968300003],[-51.445509311999956,-21.245716162000004],[-51.44480233100001,-21.243856048999966],[-51.44337827599997,-21.24346575200003],[-51.440808301999944,-21.24395225799998],[-51.441062304000006,-21.24540236799995],[-51.438071245999936,-21.24492973899993],[-51.43697944799993,-21.24613805499996],[-51.43493219399994,-21.245306443999976],[-51.433009003999985,-21.247458004999945],[-51.43434979399996,-21.248106546999967],[-51.43162076700003,-21.248551550999988],[-51.43056253999998,-21.25197120799999],[-51.42851752899998,-21.252727089000015],[-51.43026930500003,-21.254453346999924],[-51.429817826999965,-21.255404986999967],[-51.42731956799997,-21.256292057000003],[-51.42780149199996,-21.25402694100001],[-51.425929365999934,-21.251750764999944],[-51.425347716999966,-21.25297856600001],[-51.426799356000004,-21.25482782799998],[-51.42461859899993,-21.257583094999973],[-51.419280525999966,-21.256060633999947],[-51.42109634000002,-21.25734757800001],[-51.41968585199993,-21.260994085999936],[-51.416090810000014,-21.258234236999996],[-51.417495069999916,-21.25933807999996],[-51.417440861999985,-21.26164504799999],[-51.413909636000035,-21.263163415999998],[-51.409408526999925,-21.26179702799992],[-51.410857454999984,-21.26421846300001],[-51.410509204999926,-21.26625067399992],[-51.409574588,-21.266179154999975],[-51.40919925700001,-21.263977602999937],[-51.40661196899999,-21.264489169000015],[-51.406189370999925,-21.268333530999943],[-51.40307223100002,-21.268214031000017],[-51.401899423999964,-21.26594834699995],[-51.39966468099999,-21.266682904999996],[-51.39770456000002,-21.26857989500002],[-51.400954368999976,-21.27180546199997],[-51.40095059499998,-21.273114842999988],[-51.39997326399993,-21.27368378899997],[-51.39866688299997,-21.271671704000024],[-51.39604437299994,-21.27235361199996],[-51.39695995499995,-21.276217049999964],[-51.39316521099995,-21.276438553999974],[-51.39593485400002,-21.27699556900001],[-51.395788684000024,-21.278321086999995],[-51.39474794199998,-21.27913692899995],[-51.39217296200002,-21.27853118699994],[-51.389721835999985,-21.281784234999968],[-51.38725628199995,-21.281109565999934],[-51.387725202999945,-21.28300135399996],[-51.386406888,-21.284340824999965],[-51.384826438000005,-21.283107959999988],[-51.383539766999945,-21.28490947799993],[-51.38053579199999,-21.283227877999977],[-51.378180265999966,-21.285142601999947],[-51.37601049900002,-21.284740736000014],[-51.37463955499993,-21.28591750499993],[-51.371937494000015,-21.284003507000023],[-51.373613192999926,-21.287491066999994],[-51.371826614999975,-21.28739398899995],[-51.36985828899992,-21.289534752999998],[-51.36766522699992,-21.289976248000016],[-51.36648745000002,-21.28971275800001],[-51.36843238299997,-21.288641412000025],[-51.36688315899994,-21.285628627000015],[-51.36563601000001,-21.285790163999977],[-51.36694064400002,-21.28820555599998],[-51.36444844399995,-21.28967253600001],[-51.36170387799996,-21.288365439999946],[-51.36147495499995,-21.28598133799999],[-51.35994537899996,-21.28529489700004],[-51.35698924899998,-21.28897845399996],[-51.35342595399993,-21.288605721999932],[-51.35213431599999,-21.28956853300003],[-51.34945791599994,-21.288573558999992],[-51.34898978399997,-21.289971639999912],[-51.351116945999934,-21.29159810300001],[-51.34905479499992,-21.29089395400001],[-51.347216667,-21.29220080399993],[-51.34592669900002,-21.287309143999956],[-51.342399747999934,-21.288155371000016],[-51.34271832000002,-21.290744823999947],[-51.337577652999926,-21.29342052200002],[-51.337504631999934,-21.29124054200002],[-51.33927588400002,-21.289626870000024],[-51.33817864700001,-21.288623504999915],[-51.334332497999924,-21.292762498999984],[-51.33078022199999,-21.292745983999968],[-51.32837831499995,-21.294457475999995],[-51.32900693900002,-21.292209948000004],[-51.32581756399997,-21.292546524999953],[-51.32580042400002,-21.296290415999984],[-51.32538561599995,-21.29479598199991],[-51.323843515000036,-21.295350954000014],[-51.32341709299999,-21.293948887],[-51.32201532099998,-21.295057069999903],[-51.322497682000005,-21.297179218999936],[-51.319255892999934,-21.296497336000005],[-51.32038318899993,-21.297560841999985],[-51.31997117199995,-21.298840376999966],[-51.31661755499993,-21.297056222999956],[-51.315972628000004,-21.300039513999987],[-51.31568066999994,-21.297311291000035],[-51.313867952,-21.296155014000014],[-51.31189906099996,-21.301347398000022],[-51.31050590299998,-21.29933250900001],[-51.30641889599997,-21.30069289799994],[-51.308875215,-21.302932194999972],[-51.30500984399998,-21.30583469699995],[-51.30447739700003,-21.308381338],[-51.30288269599993,-21.30718405699998],[-51.302368226,-21.30986049299998],[-51.296884543999965,-21.30981745399999],[-51.29664655300002,-21.312002895999957],[-51.295015869,-21.31175674599996],[-51.29365746199994,-21.314674722000007],[-51.29132106399998,-21.314340574999957],[-51.29016591099997,-21.31691340999994],[-51.288988790000026,-21.31595898900004],[-51.28943999399997,-21.31333610999998],[-51.28711548899992,-21.315200138000026],[-51.28794284899998,-21.315878756000004],[-51.28723030800001,-21.31845468699998],[-51.28601759700001,-21.317310206000002],[-51.28605635799994,-21.31911581499999],[-51.28127570800002,-21.319237977999986],[-51.28125619499996,-21.322679204999993],[-51.27978371299992,-21.321856360000012],[-51.27776519499997,-21.32287187200001],[-51.27699762599997,-21.321121402000017],[-51.270678135000026,-21.321943167999972],[-51.26570126600001,-21.331143058000002],[-51.263776940999946,-21.330588120999995],[-51.261230846,-21.32759697799996],[-51.23782893600003,-21.326648890999987],[-51.236496164999956,-21.32803253499997],[-51.23738976999999,-21.33147165399991],[-51.23299096099993,-21.332652058999994],[-51.23214645799993,-21.335539926000028],[-51.22938283799999,-21.33600914200002],[-51.23171571799992,-21.337340922],[-51.23123384899992,-21.339389471999937],[-51.22543821599994,-21.341315509999955],[-51.22569278799995,-21.34304967899997],[-51.22402804799999,-21.345431026999957],[-51.216913900000016,-21.34961381199992],[-51.216757874999985,-21.351119141000016],[-51.212389089,-21.35134878399992],[-51.214137402999995,-21.354716606999972],[-51.20990211700001,-21.355920696999934],[-51.20885968499999,-21.35808169799999],[-51.206856209999955,-21.357081036000015],[-51.20387007900002,-21.36084355799993],[-51.19982112700001,-21.359615365999986],[-51.196216639,-21.36674956],[-51.19524040499999,-21.37236922099993],[-51.18947798399996,-21.376826154999943],[-51.18316028800001,-21.375930268999994],[-51.17925426199997,-21.37966982099994],[-51.174224642999995,-21.38090976399997],[-51.171488436,-21.383278669999914],[-51.16412659499997,-21.383645533999935],[-51.15674091499994,-21.377868927000026],[-51.154536323,-21.378367298000004],[-51.147682130999954,-21.37444195299991],[-51.139060964999935,-21.373842712999988],[-51.132939915,-21.375275572000017],[-51.12904596400001,-21.378802236000002],[-51.12155519499993,-21.381500521999996],[-51.11961238099996,-21.379341177999937],[-51.113937229999976,-21.376564309999925],[-51.10712908800002,-21.375358999999932],[-51.10507990199994,-21.372546122000003],[-51.10018052700002,-21.37032087099994],[-51.09282541299996,-21.371230114000003],[-51.08970997699993,-21.372559204000027],[-51.09014185699999,-21.378757122000003],[-51.08519708199992,-21.38301446499992],[-51.086449265,-21.384632405999973],[-51.08102048299998,-21.384941551999912],[-51.08126783000001,-21.387686265999946],[-51.07969334199998,-21.386377091999986],[-51.077540854000006,-21.389258117999987],[-51.07498946700002,-21.388391142000003],[-51.074053592999924,-21.391489254000035],[-51.06778745399998,-21.39408394899993],[-51.063120923999975,-21.394575406999998],[-51.059280366999985,-21.397398309999957],[-51.054654399999954,-21.404464266999923],[-51.052330566999956,-21.405026374999974],[-51.04533298199999,-21.403794328999922],[-51.045901287999925,-21.40644995399992],[-51.033744969,-21.40882527399999],[-51.03333656199993,-21.411534373000013],[-51.02909207800002,-21.41818059799999],[-51.02521942499999,-21.420901980999922],[-51.02554803099997,-21.426178258999986],[-51.004257231999986,-21.43848120999996],[-50.997918518999995,-21.438978854999995],[-50.99627583399996,-21.436917226000002],[-50.99353624999993,-21.437533755999986],[-50.992078952999975,-21.435689668999995],[-50.989513994999925,-21.435813663999962],[-50.98836406999998,-21.434209629999934],[-50.98149144899997,-21.431798162999993],[-50.97503614700003,-21.432675314999997],[-50.960448198999934,-21.438509034999978],[-50.946982197000004,-21.447420826999974],[-50.94297727100002,-21.444407176999995],[-50.939734131999955,-21.445059387999944],[-50.93213705299996,-21.442704741999947],[-50.93078108999992,-21.44348708299997],[-50.92800067899992,-21.441157429999976],[-50.92738699399996,-21.442391100999995],[-50.924315509,-21.441641650000008],[-50.92417977200001,-21.444283971999955],[-50.92058214799994,-21.446657067999922],[-50.92098873100002,-21.448515000999986],[-50.916579668,-21.45416041499999],[-50.91710556999999,-21.455439168],[-50.92006197399998,-21.455098976999906],[-50.92145635499997,-21.45652992499994],[-50.92058652499992,-21.46015291100002],[-50.91677454199994,-21.464339949000024],[-50.90853744599997,-21.469657127],[-50.905680870999966,-21.470264865999983],[-50.90725726699992,-21.47672707499992],[-50.903176866000024,-21.480173274999952],[-50.90451519299996,-21.484915057],[-50.89980868700001,-21.487054059],[-50.898787916999936,-21.488897327999993],[-50.89938122,-21.490392900000018],[-50.894974174999966,-21.48933760400002],[-50.894159538999986,-21.48618634699994],[-50.88867156999993,-21.485311511999967],[-50.878393621999976,-21.489406126000013],[-50.874228555999935,-21.48854635599992],[-50.87062395999993,-21.49279155299996],[-50.86938876799996,-21.49665280199997],[-50.86628082899995,-21.49876892700001],[-50.86739116299998,-21.50396708899995],[-50.86438908600002,-21.509162839000002],[-50.87262067599993,-21.514402840999942],[-50.871625574999946,-21.516996439000025],[-50.87245528199998,-21.52020181599995],[-50.869292643999934,-21.525334993999923],[-50.86436226299992,-21.527995820000008],[-50.854647555999925,-21.52980260999992],[-50.84732195599992,-21.535533296999954],[-50.84438146499998,-21.53474240100002],[-50.83814614300001,-21.53697786599999],[-50.828659958999985,-21.536321064999964],[-50.83069944300002,-21.53880243800001],[-50.83028133800002,-21.540838891000025],[-50.82638794299993,-21.53745288099992],[-50.82217683499994,-21.539298644999988],[-50.818422287999965,-21.539268159000024],[-50.81674557999998,-21.54136437299995],[-50.81551765500002,-21.539822557999965],[-50.81344209100001,-21.543618735000003],[-50.813559134999934,-21.54807263300001],[-50.81578747399993,-21.551174944000042],[-50.81679217300001,-21.549493278999982],[-50.81929749400001,-21.550301838000014],[-50.815878891999944,-21.554132874999993],[-50.820985679999986,-21.555537151999992],[-50.821962136000025,-21.557338296999994],[-50.82163910599997,-21.55900287999998],[-50.817215816999976,-21.56336266599999],[-50.81493564199997,-21.56374083999989],[-50.81455146999998,-21.559433561999988],[-50.81247662300001,-21.556449186999927],[-50.81012053799992,-21.55561577499994],[-50.809565641,-21.556758693000013],[-50.812824541000005,-21.55985249799998],[-50.80996627799993,-21.564591549000003],[-50.80969393699997,-21.561491648999983],[-50.811164096000034,-21.560671647999982],[-50.810916899000006,-21.559564706999996],[-50.80960228100003,-21.558687326999966],[-50.807939421000015,-21.560239288999917],[-50.806089570999916,-21.55964790500002],[-50.806372840999984,-21.55461986900002],[-50.803513278000025,-21.55306261499999],[-50.801994252999975,-21.54797017199996],[-50.79718475399994,-21.541579560999935],[-50.79325246399992,-21.543378084999972],[-50.79815570599999,-21.551074055],[-50.798826374,-21.555566996999968],[-50.79436705899997,-21.558766450999997],[-50.78873879099995,-21.558777478000025],[-50.78607981800002,-21.557193550000022],[-50.78792865499998,-21.55211426900002],[-50.78512793699997,-21.549056800000017],[-50.78795909899992,-21.55096266399993],[-50.78923980399992,-21.54966035000001],[-50.785494159999985,-21.54764649399999],[-50.78183857800002,-21.54303255899998],[-50.78103660800003,-21.543960228999996],[-50.777508743,-21.542849380999936],[-50.775958375999956,-21.54604392700001],[-50.773871294999935,-21.544800451999983],[-50.77234369400003,-21.54529744],[-50.77029936499998,-21.546867072],[-50.76905804400002,-21.553947094999977],[-50.77118736699998,-21.55814656799998],[-50.773871456999935,-21.556587711999967],[-50.773141812999995,-21.559122698000028],[-50.77475049200001,-21.561347959999928],[-50.781827175,-21.56319714299996],[-50.78209732999994,-21.56738593699998],[-50.77376869899996,-21.567509917999924],[-50.77323574100001,-21.566633781999997],[-50.77535642599998,-21.564456719000027],[-50.774174450999965,-21.56388438300001],[-50.77018375400001,-21.566128631999952],[-50.771362458999995,-21.568702488999932],[-50.770407276000014,-21.56913079100002],[-50.76885407200001,-21.568064900999993],[-50.767535668999926,-21.563482526999962],[-50.764759389000005,-21.563415221000025],[-50.76438021499996,-21.561949549999948],[-50.760112069999934,-21.564006815000013],[-50.75883473099998,-21.569015354999983],[-50.755798012999946,-21.571136439999993],[-50.75349690600002,-21.570591469000014],[-50.748915747999945,-21.565275971000023],[-50.74644109500002,-21.565947757999993],[-50.74450337600001,-21.56462318699998],[-50.74448687199998,-21.56636552899992],[-50.749239896000006,-21.574089503999954],[-50.74867486699998,-21.576020275999934],[-50.74565088999998,-21.577990990999904],[-50.742669485999954,-21.577618956999977],[-50.73838029999996,-21.57339420699992],[-50.73420575400002,-21.57149447599994],[-50.72974808499993,-21.572493666],[-50.72579370699998,-21.576716948999913],[-50.713793119,-21.57736320999993],[-50.70892104199993,-21.576302861999988],[-50.706298264000004,-21.578326924999995],[-50.708489197,-21.583344120999914],[-50.708020031999986,-21.585020416999964],[-50.70552840099998,-21.585752339999928],[-50.701444917999986,-21.589392174000015],[-50.699019050999986,-21.589581843999998],[-50.697254155999985,-21.592119852999954],[-50.692600804999984,-21.592588475000014],[-50.686992325999995,-21.59728974999996],[-50.68301433099992,-21.597522964999996],[-50.68083590800001,-21.601946787999935],[-50.67755239399992,-21.60062165999994],[-50.670870191999995,-21.60417676700001],[-50.66760962699999,-21.610445740999918],[-50.661265180999926,-21.614331097999965],[-50.66077373099995,-21.618237600999976],[-50.65644660399994,-21.62213076199998],[-50.65302614500002,-21.622974666],[-50.65236228599998,-21.62492449199992],[-50.65367515599996,-21.627283262999978],[-50.652384369,-21.629188211999914],[-50.654101056999934,-21.63053043899997],[-50.654799775000015,-21.63392032499993],[-50.65040796599999,-21.63786027599998],[-50.64668611600001,-21.65046013399996],[-50.64337863099996,-21.65090382900001],[-50.64026907699997,-21.64943914599997],[-50.63504041499999,-21.655477140999935],[-50.632611177,-21.656223346999976],[-50.63008089999999,-21.654143539000017],[-50.63059546599993,-21.65016723999996],[-50.627817166,-21.642890567999995],[-50.623286568000026,-21.642910958000034],[-50.62050437399995,-21.645484190999905],[-50.62139188399994,-21.65009155899991],[-50.61908278599992,-21.65142962299995],[-50.621368587999996,-21.65901115999997],[-50.620383375000024,-21.66097234099993],[-50.619208510999954,-21.661390892999965],[-50.61810925499999,-21.659525074999927],[-50.61593949000002,-21.65915889500003],[-50.614028069999954,-21.65657006899994],[-50.61072894099999,-21.657839756999937],[-50.60884411699994,-21.65726461099996],[-50.607665052000016,-21.658944537999947],[-50.601165379000015,-21.658283597999954],[-50.60048131899999,-21.661136152999912],[-50.59816149599999,-21.663008974999936],[-50.60038885999995,-21.665666132000013],[-50.603119396999936,-21.66667935700003],[-50.59896593799999,-21.668757882999998],[-50.59783971000002,-21.672751127999998],[-50.594846218999926,-21.672452373000006],[-50.589318135999974,-21.674423025000028],[-50.58786570000001,-21.67756746899999],[-50.58854637000002,-21.680682289000003],[-50.58574875699993,-21.67991455699997],[-50.578230746999964,-21.683712475],[-50.57748147199999,-21.684882399999918],[-50.578684859999946,-21.686492336000015],[-50.57277175899992,-21.687390332000007],[-50.570748213,-21.691632636999998],[-50.56877887099995,-21.69137616799998],[-50.56875817100002,-21.693179992000005],[-50.566880523000016,-21.69212896699991],[-50.566736960000014,-21.690329974999933],[-50.565119595,-21.68987916600001],[-50.563441194000006,-21.69210644899994],[-50.56140400700003,-21.690985128999962],[-50.56063620800001,-21.69281302199995],[-50.55920155699994,-21.692164627999947],[-50.55644634300001,-21.694877348999963],[-50.554508571999975,-21.694006764999973],[-50.55335767899999,-21.69576092399997],[-50.55426002699999,-21.698611006999947],[-50.55182433900001,-21.697810025999942],[-50.55047400299992,-21.69981430099996],[-50.55102158099993,-21.70115543899998],[-50.54951128999995,-21.702210278999996],[-50.548594709999975,-21.699571790999983],[-50.545285654,-21.701263121000014],[-50.54407897499999,-21.700799624999945],[-50.544114820000004,-21.69881941400002],[-50.53871859399993,-21.699739366999996],[-50.540887286999975,-21.698015720999944],[-50.540579101999924,-21.69650795200001],[-50.537189635000004,-21.69686193099993],[-50.536438454000006,-21.698394021999928],[-50.534631255999955,-21.697454672999974],[-50.53123298499998,-21.70040101799992],[-50.529916404000005,-21.69915630599996],[-50.52781079699997,-21.699372729999936],[-50.52743492999997,-21.70039040499995],[-50.529748954999945,-21.700676447999967],[-50.52867714600001,-21.70110838599993],[-50.528003119999994,-21.704368916999954],[-50.52217611499998,-21.70828552699994],[-50.52034040299999,-21.705909677000008],[-50.516288710000026,-21.70997986699995],[-50.515164583,-21.706586601999955],[-50.51113962900002,-21.703650848999985],[-50.51007173299997,-21.704427779999953],[-50.51125162799997,-21.70599333500001],[-50.50925149699992,-21.705820551999974],[-50.50990302999992,-21.707356599999954],[-50.50672668099992,-21.709176480999936],[-50.505682568,-21.713302664999997],[-50.50302344599998,-21.715533450000013],[-50.49781583399994,-21.71421780799994],[-50.496361981999996,-21.716554525999932],[-50.493338692999934,-21.711702893999988],[-50.49236121399997,-21.71211805199994],[-50.492308013999946,-21.710623285999976],[-50.48947071200001,-21.71169134299997],[-50.490875464,-21.710112502000037],[-50.48936994799993,-21.708617708999956],[-50.49061834999992,-21.707808854999996],[-50.489534600999946,-21.706733504999924],[-50.49065659899998,-21.70560454699993],[-50.48811343099999,-21.706475559],[-50.48881360799999,-21.70478439999999],[-50.48419562300001,-21.70225923999993],[-50.48388510699999,-21.703544361999946],[-50.48277674399992,-21.70290931599998],[-50.48123333799993,-21.703916026999988],[-50.481203833999984,-21.70231073100003],[-50.47916106700001,-21.70157788199997],[-50.474710292999994,-21.701768351999995],[-50.47526711499995,-21.704089106000005],[-50.47359131500002,-21.70250139199998],[-50.47019379199992,-21.70381455299991],[-50.47077815199998,-21.704937742000016],[-50.468848055999956,-21.705613861000014],[-50.46700362599995,-21.703513111999957],[-50.463382865000035,-21.706562835999954],[-50.46253347300001,-21.69950184299994],[-50.46335549600002,-21.697861714999988],[-50.46181279699999,-21.69837306800002],[-50.46131302600003,-21.696931656999933],[-50.46221158700001,-21.695647510999997],[-50.46354798099992,-21.6966964509999],[-50.46242401099999,-21.693697699999973],[-50.464327169,-21.692489780999935],[-50.46125109399998,-21.690100469999944],[-50.46389768000001,-21.687859698999997],[-50.461475026000016,-21.688281539000002],[-50.46306576500001,-21.687274441000003],[-50.46160119999996,-21.68597226099994],[-50.45966457999998,-21.688099494000014],[-50.45807287299999,-21.687934631999997],[-50.457842063999976,-21.68705466],[-50.459748303000026,-21.68634643500001],[-50.45814373899998,-21.684847149999975],[-50.454658897999934,-21.689231400999976],[-50.45365152099998,-21.688194639999995],[-50.45067006299996,-21.690075179000008],[-50.45124613199999,-21.69158978299996],[-50.45022978200001,-21.692960236999966],[-50.44279212499999,-21.693732827000034],[-50.44185883500001,-21.695104025999967],[-50.439923350000015,-21.695321748999948],[-50.43971856699995,-21.69652056299991],[-50.437514507,-21.695149409000006],[-50.436674949000015,-21.696521250999975],[-50.433668092000005,-21.697362664999968],[-50.432389188999935,-21.696610060999994],[-50.43336934599995,-21.695404609999954],[-50.432631994999944,-21.694379819000005],[-50.42638358,-21.69460508599996],[-50.42466694999997,-21.69625486799997],[-50.42526001700003,-21.697828995999966],[-50.422977780999986,-21.699694281999985],[-50.42394906599998,-21.70092955199999],[-50.42128047,-21.702124483999988],[-50.42208539599999,-21.70356687199995],[-50.42087496900001,-21.705195176999965],[-50.41704564499998,-21.704390788999984],[-50.41412554899996,-21.706859037],[-50.41399253499998,-21.704769754999905],[-50.41126991899995,-21.706551585],[-50.409642393000006,-21.703561190000002],[-50.409486989000015,-21.707122221999956],[-50.404233084000005,-21.712259238999977],[-50.40079284000001,-21.714050321999974],[-50.399570497999946,-21.71646381199996],[-50.398600287999955,-21.715228380999925],[-50.39779363100001,-21.71685262699991],[-50.39535342900002,-21.715602056000016],[-50.39062241799997,-21.718206042000023],[-50.39069403199994,-21.71921177799998],[-50.37969360899996,-21.718214475999957],[-50.37504277400001,-21.72098421800002],[-50.37453033899999,-21.722433222000014],[-50.37159888499997,-21.723268965999974],[-50.36749598599999,-21.719444134000025],[-50.36230583699995,-21.721892695999944],[-50.36294533499995,-21.72474687499993],[-50.36108509500002,-21.72549858299995],[-50.360039586000035,-21.725197186],[-50.36046148099996,-21.722890887999935],[-50.358073568,-21.71922570300001],[-50.35596675599994,-21.719756126],[-50.35431347700001,-21.718683757000026],[-50.356371604999936,-21.717181677999978],[-50.35303659299996,-21.714853837000025],[-50.353761238000004,-21.713350946999945],[-50.348777900999956,-21.709060557999898],[-50.347384997000006,-21.71026482300001],[-50.34347502499998,-21.710507749999984],[-50.34425493100002,-21.712016769999916],[-50.343498484000015,-21.71294802199998],[-50.34225557600002,-21.712185250999998],[-50.342106994000005,-21.715147054999928],[-50.33909018599997,-21.71420044199992],[-50.33585736399999,-21.71535795],[-50.335545883000016,-21.71667530999997],[-50.33747184800001,-21.71834923099994],[-50.336045853999956,-21.719036029999945],[-50.33454472699992,-21.71827164000003],[-50.33482366300001,-21.716536301999945],[-50.33234907200001,-21.713871085999987],[-50.33053664699992,-21.70911554199994],[-50.329423980999984,-21.71083599799992],[-50.326358880999976,-21.70765788499995],[-50.32582763299997,-21.708885565999935],[-50.323278771999924,-21.708881166000026],[-50.322953042999984,-21.70733254299995],[-50.32052424800003,-21.705853015000002],[-50.32101129299997,-21.707317582999956],[-50.317106793999926,-21.70753179399993],[-50.313944510999995,-21.711371654999937],[-50.31295984600002,-21.710675308999953],[-50.309458021999994,-21.713920761],[-50.307837264999925,-21.71376015399993],[-50.306196159000024,-21.711648957999945],[-50.30528425,-21.712766107999933],[-50.30398652399999,-21.711485011999972],[-50.30406289400004,-21.712683185999982],[-50.30180696599996,-21.713580519000004],[-50.30124698399999,-21.715073183999955],[-50.298165079,-21.713026893999988],[-50.29802635699997,-21.714872631000006],[-50.294753404999994,-21.71707427999996],[-50.294435169999936,-21.714654478999915],[-50.292117372000014,-21.715182808999952],[-50.28781276899997,-21.710667899999986],[-50.28077045899994,-21.707541397999993],[-50.27513057200003,-21.707472076999974],[-50.271299020000015,-21.709252045999946],[-50.26665171399998,-21.703410325999986],[-50.260900553,-21.702936032999972],[-50.25377217399995,-21.70589750799997],[-50.25466029699999,-21.707403057000032],[-50.25339356199998,-21.70785876999998],[-50.25125364099995,-21.706301847999995],[-50.25078037299994,-21.705029384999992],[-50.251779535000026,-21.70428657499997],[-50.250697476000035,-21.702809333999962],[-50.24827385799994,-21.702062356000017],[-50.24867823400002,-21.699527968999956],[-50.24608639199999,-21.698078920999983],[-50.24573755099999,-21.696699370999962],[-50.244218202000006,-21.69883387099992],[-50.24387009399999,-21.697356725000002],[-50.23995764199992,-21.69707218500002],[-50.23810931399993,-21.699894195000013],[-50.237678742999954,-21.69870074499994],[-50.23624059399998,-21.698897956000014],[-50.23398572700001,-21.697089058000024],[-50.23184543500003,-21.69765796399997],[-50.231399581999995,-21.699365091999937],[-50.23066807700001,-21.698459497999995],[-50.23034380799993,-21.699288856],[-50.22742222799997,-21.69860296399992],[-50.22487067199995,-21.700872194000006],[-50.22176899800002,-21.701579619999993],[-50.22303835299999,-21.699606148999976],[-50.22189175599999,-21.699691667000025],[-50.22257176900001,-21.698696764999983],[-50.21967236900002,-21.696979532000007],[-50.21872065099995,-21.698209552999963],[-50.21869282299997,-21.69688884800001],[-50.21702110199993,-21.697907016999967],[-50.21417729299992,-21.695354201999976],[-50.211598627,-21.696210341999926],[-50.21032397300003,-21.69396506099997],[-50.21195423099999,-21.693271783],[-50.210976339000005,-21.692839488999994],[-50.21181480799993,-21.691833000999964],[-50.20968252699999,-21.691001009999987],[-50.21036856400002,-21.68907181800001],[-50.20704964300002,-21.686617021000014],[-50.20073393299998,-21.689648782999974],[-50.19699919599992,-21.689802246],[-50.19546167099992,-21.691608475999928],[-50.189669343000006,-21.68974420699999],[-50.18634341799998,-21.69044879500001],[-50.185321397999985,-21.692685012000027],[-50.18482762899999,-21.691984528999985],[-50.18253107300001,-21.693235700000013],[-50.179721519,-21.692025510999997],[-50.179477922999986,-21.690498344999924],[-50.17469702599993,-21.690243004000013],[-50.17505168499997,-21.69128019099995],[-50.173297241,-21.691788256999985],[-50.17364607399992,-21.693712799999957],[-50.172236573000035,-21.693721197999913],[-50.17251386499993,-21.69508086399991],[-50.16947448000002,-21.69502312100001],[-50.16796781899995,-21.693613910999936],[-50.16790563499996,-21.69634510399999],[-50.165312409999956,-21.69405356300001],[-50.165617103999985,-21.69309172300001],[-50.16439910200001,-21.693674527999907],[-50.164960157999985,-21.69215704899996],[-50.16313252200001,-21.69082251200001],[-50.162719311,-21.686234033999977],[-50.15950162199999,-21.685227415999968],[-50.15959328299999,-21.68341935799998],[-50.15845141800003,-21.68324324699995],[-50.15916506100002,-21.68236302299994],[-50.155657469999944,-21.68102953499993],[-50.15461222,-21.682317961999935],[-50.153586109,-21.681464762999948],[-50.152495869000006,-21.682465405999995],[-50.15258881799996,-21.681413615],[-50.14704116399997,-21.68267429500003],[-50.143708473000004,-21.686508877],[-50.138539845000025,-21.68821082300002],[-50.13669011600001,-21.68768850799997],[-50.13502430500001,-21.689584007999922],[-50.132754600999995,-21.688531031000014],[-50.13026834599998,-21.69145766499998],[-50.12865737300001,-21.68927209700001],[-50.12714312799995,-21.690494632999933],[-50.12559822200001,-21.68924715499998],[-50.124919870999925,-21.690606656000003],[-50.123523009999985,-21.68636960899998],[-50.11933327099996,-21.685046758999984],[-50.117656635,-21.690204006999952],[-50.114910899999984,-21.69229000600001],[-50.11339172099997,-21.69049911600002],[-50.11052003099997,-21.689628081000023],[-50.11079747000002,-21.686939032999938],[-50.10909142399999,-21.686038175000018],[-50.110093124,-21.684875176999963],[-50.10824117499999,-21.685491935000012],[-50.10898695999999,-21.68468841599997],[-50.106852683000014,-21.68302923900002],[-50.10598567499994,-21.68043119399999],[-50.109691715,-21.67292524599998],[-50.108076628999925,-21.67100787700003],[-50.107643795,-21.668335006999932],[-50.10863572599993,-21.66708899199994],[-50.10748233300001,-21.660843503000017],[-50.106197865999995,-21.65992664200002],[-50.10493558399992,-21.652346792999946],[-50.103355405,-21.650412770999928],[-50.103338758000014,-21.645754254999993],[-50.100161539,-21.643180214999955],[-50.10003396399992,-21.620441104999998],[-50.09451889299993,-21.617434030000023],[-50.08830487299998,-21.616078148999918],[-50.07988917099999,-21.61003904099992],[-50.076425029999996,-21.604869712999985],[-50.07408947099998,-21.596165426000024],[-50.07072420100002,-21.592784021],[-50.06144308199998,-21.589424230000006],[-50.06058626299994,-21.588132399999996],[-50.06110092199992,-21.583604284999964],[-50.05834297899998,-21.584653963999926],[-50.05694995099993,-21.58726066599997],[-50.06013236999997,-21.596209012999964],[-50.058152354000015,-21.603635493000013],[-50.05409583599993,-21.608027267999947],[-50.048214057999985,-21.60955522299997],[-50.044542094000015,-21.60715927699999],[-50.04259655800001,-21.600180150000032],[-50.03858963699992,-21.594966466],[-50.03186639199998,-21.591870390999972],[-50.02818242299993,-21.58883720699992],[-50.0218716,-21.589950858000012],[-50.01331878599996,-21.58967054099998],[-50.00449935599994,-21.58687142100001],[-49.99681858699995,-21.588438780999926],[-49.993928681,-21.590573720000005],[-49.99186015999993,-21.590106913999932],[-49.986746142000015,-21.587596603999945],[-49.981852821999944,-21.57917771899999],[-49.97985465099992,-21.57785266000002],[-49.974846092999954,-21.57804616999999],[-49.96751579099998,-21.57616916199991],[-49.963378068,-21.57927000899997],[-49.95406484,-21.576663288000034],[-49.950371067,-21.57182770199995],[-49.946722126,-21.56981062999995],[-49.94473028300002,-21.565870280000002],[-49.94057015199997,-21.563150226999973],[-49.93728860699997,-21.55586300099997],[-49.933440026999975,-21.553437230999958],[-49.92626602399997,-21.554775302999914],[-49.92482319800001,-21.55611633400003],[-49.91845969299993,-21.55558377400001],[-49.91544261499997,-21.557131116999983],[-49.910513595999994,-21.550867159999957],[-49.908562414000016,-21.54421546599998],[-49.908271013999986,-21.53655799699992],[-49.90296290599996,-21.52820643600001],[-49.902399425999995,-21.523044165999927],[-49.905161257999964,-21.52181193099995],[-49.908291984000016,-21.523181237999996],[-49.91023166700002,-21.522583189999974],[-49.91100948899998,-21.520908440999943],[-49.91100438799993,-21.51024158499996],[-49.908573967,-21.503979970000007],[-49.905594606999955,-21.50235455699993],[-49.90305583899993,-21.49410519399993],[-49.89939248700001,-21.491049990999997],[-49.89352002700002,-21.481440939999946],[-49.89368734300001,-21.477493861999957],[-49.89157453299998,-21.475474850000012],[-49.892773653000006,-21.47093512999999],[-49.89111418900001,-21.468095396999974],[-49.88965837599999,-21.46787585399998],[-49.886352037999984,-21.470856304999934],[-49.883377756000016,-21.46945181099998],[-49.873543696999995,-21.46893755299999],[-49.87192429700002,-21.46787989699999],[-49.87088769199993,-21.46147209799994],[-49.869454874999974,-21.460336021999993],[-49.87096943299998,-21.457791427999936],[-49.868418934999966,-21.454670890999974],[-49.87084671899994,-21.452745512999968],[-49.87102620099995,-21.450473473999928],[-49.87050482299997,-21.44906938399995],[-49.86760128100003,-21.448718387999925],[-49.87012059799997,-21.445898676999942],[-49.870216732000024,-21.44240582299998],[-49.86880404599992,-21.440642545000017],[-49.866263749999966,-21.440214329000014],[-49.86669793999993,-21.436940853999996],[-49.861756748,-21.431941493999943],[-49.86320645999996,-21.424929744999922],[-49.85977930899992,-21.420582394999936],[-49.862037762,-21.416571525999935],[-49.86090091800003,-21.41008869699999],[-49.86357951000002,-21.40664072599997],[-49.86350829600002,-21.40388206600001],[-49.86668856899996,-21.40025539200002],[-49.86652247600001,-21.396775656999992],[-49.86881402799998,-21.392162699999982],[-49.865622082000016,-21.39159550699992],[-49.86292920999995,-21.38798284799998],[-49.863559135999935,-21.386196697000003],[-49.86146944799998,-21.381405239999992],[-49.862302194999934,-21.37944751299996],[-49.860634803999915,-21.375913721999943],[-49.85664532499999,-21.372631840999986],[-49.85618312399999,-21.367627743000014],[-49.85205807900002,-21.368956486000005],[-49.85132452900002,-21.367203604999926],[-49.848474898000006,-21.366058566999996],[-49.845141551999916,-21.359830035000023],[-49.84542866499993,-21.35758697999994],[-49.83971969200002,-21.350791975999982],[-49.840063584999946,-21.34913481899997],[-49.836675547000034,-21.348013968999954],[-49.83286954400001,-21.338222235999957],[-49.827707735000004,-21.339370165999934],[-49.82630703900003,-21.338198243999962],[-49.82760484499994,-21.333798372999983],[-49.82449494100001,-21.330629491999954],[-49.826314497,-21.32848400199992],[-49.82534633900002,-21.32817401300002],[-49.825933195000005,-21.32599176799994],[-49.823010203000024,-21.323704911999968],[-49.82398157,-21.318638314999923],[-49.816586238999946,-21.315973656999972],[-49.81822724099993,-21.31309792399997],[-49.817403155999955,-21.308506957000017],[-49.81911159600002,-21.305842075999973],[-49.81849544599993,-21.30326866000002],[-49.82410069100002,-21.300206512999985],[-49.823572340000005,-21.295604104999992],[-49.82507772899999,-21.293312173999993],[-49.824554553999974,-21.29221970399995],[-49.82908591400001,-21.289930620999993],[-49.82913246399993,-21.28639858199995],[-49.83178253900002,-21.28417566299997],[-49.82678474900002,-21.280338680999918],[-49.82997838999995,-21.280860521999998],[-49.830272843999985,-21.278671684],[-49.83150387099994,-21.27898667299997],[-49.83290495699998,-21.277517697],[-49.83317799399993,-21.275210680999912],[-49.81730624399995,-21.279193849999935],[-49.80871959000001,-21.285186650999954],[-49.80216526200002,-21.293045262000007],[-49.79946210200001,-21.294184864999977],[-49.790572215,-21.294749330000013],[-49.77852701699999,-21.29997246599999],[-49.77037132599992,-21.30607450399997],[-49.767186595,-21.30582966200002],[-49.752909820999946,-21.29629687699998],[-49.745696872,-21.29651320499999],[-49.74317315299999,-21.30164196099998],[-49.746421209000005,-21.309789406999993],[-49.74607588100003,-21.314654565000026],[-49.72791749100003,-21.34447147299994],[-49.72606069800002,-21.345861722000002],[-49.72445160499995,-21.345472014999988],[-49.71910683599992,-21.338349246999947],[-49.71267729099998,-21.334959561999938],[-49.706344446,-21.334367846000024],[-49.699921491,-21.33676252499991],[-49.69731073599996,-21.339431991000026],[-49.69636158600002,-21.34290752899998],[-49.700129475999965,-21.354419337999946],[-49.699950817,-21.35833634000002],[-49.69881919,-21.361007375999915],[-49.695480257999975,-21.363282044000023],[-49.69011311899999,-21.364338514999922],[-49.685910390999936,-21.36326661499997],[-49.67921366600001,-21.353146663999997],[-49.67287748400003,-21.34923789300003],[-49.668024403999944,-21.349211101999973],[-49.65802646799995,-21.35212890499992],[-49.640808644,-21.352001589999933],[-49.625428027,-21.35559353699997],[-49.60254591900003,-21.374018551000002],[-49.592487730999956,-21.373934033000022],[-49.58585193299996,-21.377100757999923],[-49.58097706500001,-21.38250044099991],[-49.568506224999965,-21.405005874999972],[-49.558732925000015,-21.415467238999952],[-49.551426675000016,-21.416441526000046],[-49.54933753,-21.41769934499997],[-49.54470302300001,-21.430998223999953],[-49.524541225000014,-21.44881618699997],[-49.507719033,-21.47862070099995],[-49.497582973999954,-21.491416228999974],[-49.483833352999966,-21.503670521999926],[-49.47099584000001,-21.509955957999974],[-49.46704638099993,-21.513088803000016],[-49.450078660999964,-21.520248566000006],[-49.43850395099993,-21.530698941000026],[-49.423911621999935,-21.540566018999932],[-49.416461524000006,-21.543418738999925],[-49.40755780299999,-21.54420403099991],[-49.382177015000025,-21.535086964000016],[-49.37598024199997,-21.534454231999973],[-49.344457259999956,-21.54375261100001],[-49.33489719199997,-21.54968542899995],[-49.32698884899998,-21.562003189999935],[-49.32422617599997,-21.571298161000023],[-49.320660164,-21.59604345000002],[-49.311438698000025,-21.61701195399999],[-49.293371074,-21.63028824600004],[-49.288857028999985,-21.635709894999998],[-49.278827788,-21.653874288000008],[-49.26743949799999,-21.662643600000024],[-49.26385672899994,-21.66427439499995],[-49.252390119999916,-21.665101176999997],[-49.23976835700002,-21.670319910999968],[-49.22914870400001,-21.67000992099998],[-49.21714136799994,-21.672962590999937],[-49.211089023999946,-21.66775104499993],[-49.21044321799998,-21.658396297999957],[-49.20652694499995,-21.65419064100001],[-49.19976597200002,-21.653137930000025],[-49.19298876299996,-21.648785407999966],[-49.18695903699996,-21.646603226999947],[-49.17528552299996,-21.64499676200001],[-49.16628091199994,-21.64631294100001],[-49.156138840999915,-21.653443706000026],[-49.150958934999956,-21.65934756],[-49.150177924,-21.671606774999916],[-49.15225235599996,-21.67785060099999],[-49.15095894699999,-21.68324437599993],[-49.14406277599994,-21.693352687],[-49.13970385699998,-21.705862062000005],[-49.12315097899995,-21.721130663999915],[-49.11527430199999,-21.738724460000018],[-49.10760048200001,-21.74892458099997],[-49.096172533000015,-21.75430003899993],[-49.077399731000014,-21.756871510999982],[-49.06681190099994,-21.763547420000013],[-49.05179443999998,-21.768402003999967],[-49.044020822,-21.773950855000002],[-49.020285197999954,-21.770861046999983],[-49.013501054999956,-21.768858156000015],[-49.00772387399997,-21.76548296999999],[-48.99974697999995,-21.764395820999994],[-48.987199285999964,-21.759758786999946],[-48.97249717599993,-21.75987328399993],[-48.96558347399998,-21.762164041999995],[-48.962022993000005,-21.76505022300001],[-48.95866449999994,-21.771763021000037],[-48.959160247999996,-21.78192972800002],[-48.964371707999994,-21.79017463000001],[-48.98413416599998,-21.808357213000033],[-48.98695873600002,-21.812335872000006],[-48.98922591599995,-21.823994266999932],[-48.988151341999924,-21.831060333999922],[-48.98635438899993,-21.834694319999926],[-48.97973765699993,-21.841626163999972],[-48.972222526999985,-21.84695663899997],[-48.96645930299998,-21.849300066999984],[-48.92016825500002,-21.85928451699999],[-48.90815669300002,-21.865248037000022],[-48.90437268399996,-21.870812452999985],[-48.89422016399999,-21.90668937700001],[-48.879452377000014,-21.92077292400001],[-48.87644353600002,-21.920311989000016],[-48.87125848900001,-21.913861188999938],[-48.865549997000016,-21.915136516000018],[-48.85925127799994,-21.91436016399999],[-48.85566100299997,-21.911731691999922],[-48.848558156000024,-21.909903197999988],[-48.845372887999986,-21.905696973999973],[-48.840841407000035,-21.902820824999935],[-48.83994332199996,-21.899006265999954],[-48.835012966999955,-21.899223543999994],[-48.83246911200001,-21.89739650099998],[-48.832757042000026,-21.894307675999983],[-48.83457104199999,-21.895401678],[-48.835587331,-21.894084032000034],[-48.834986168,-21.892892644000035],[-48.83190174100003,-21.892085888999993],[-48.83071651300003,-21.889935251999937],[-48.82796712700002,-21.892422862999993],[-48.82534500100002,-21.889733909999965],[-48.822261043000026,-21.88907604999997],[-48.82092601399996,-21.892016967999943],[-48.81947138899995,-21.890099895999974],[-48.81746250100002,-21.890069550000035],[-48.81479975999997,-21.892017362999987],[-48.81127149299999,-21.89138455699998],[-48.810417538000024,-21.893092055],[-48.80829930099998,-21.89310246499997],[-48.809141798999974,-21.890142723999986],[-48.80652886799999,-21.89278420499994],[-48.80578315600002,-21.89133999900001],[-48.803670188999945,-21.892871862999982],[-48.80199741000001,-21.89204107400002],[-48.800224529000005,-21.893724041999956],[-48.799265058999985,-21.891891693000005],[-48.79907755800002,-21.894751677999906],[-48.79723935300001,-21.893521791999934],[-48.79564957399999,-21.89392679599996],[-48.79482725599996,-21.89145538000003],[-48.79313195499998,-21.891392531000008],[-48.792802102999936,-21.892447538999978],[-48.78894711599992,-21.892482538000028],[-48.788373361999966,-21.895462469999906],[-48.78731639699999,-21.894169625000014],[-48.785748797999986,-21.895969522999966],[-48.78567815699996,-21.89361869499997],[-48.783041305999916,-21.894739213999962],[-48.780631819999996,-21.893396302000003],[-48.77928224899995,-21.89533309000001],[-48.779283582999994,-21.89406364400002],[-48.77426108399999,-21.893657596000022],[-48.773991824999996,-21.891622429999924],[-48.77017419099997,-21.890938618000025],[-48.76784015300001,-21.88895840700002],[-48.74502301199993,-21.892784236999933],[-48.73980886200001,-21.892314156999944],[-48.732914937999965,-21.889444804999982],[-48.73032987,-21.89106041299992],[-48.72704352699992,-21.891302723000024],[-48.725179157999946,-21.893238879000023],[-48.72650943699995,-21.89507566399999],[-48.72582968099993,-21.89679691999998],[-48.723989556999925,-21.89700279099992],[-48.72433792199996,-21.898102789000017],[-48.722760875999995,-21.898157390999984],[-48.72262625000002,-21.899947446999935],[-48.72061926499999,-21.90119707399996],[-48.72184231500002,-21.904394744999934],[-48.720918934,-21.905187500999993],[-48.721883390000016,-21.906481814999946],[-48.721164697999995,-21.90875515599998],[-48.719743036999944,-21.907336777999998],[-48.720015064999984,-21.9085389879999],[-48.718689162999965,-21.909525635999998],[-48.71812166299998,-21.908213596999992],[-48.716057142999944,-21.909927653999983],[-48.71644759399993,-21.908214056999935],[-48.712628311999936,-21.91037495900003],[-48.71095522899997,-21.908480682999986],[-48.70865086600003,-21.910444332],[-48.706571447999984,-21.910041342999993],[-48.70741273599998,-21.911920479000003],[-48.70542178199992,-21.913087675999964],[-48.70310328099993,-21.910760453999952],[-48.70135483500002,-21.91224894599992],[-48.70114756599992,-21.91086140199996],[-48.70030612699992,-21.911514795000013],[-48.69932386699992,-21.910519436999998],[-48.698891075000006,-21.911888804999997],[-48.69722542599994,-21.91102619399992],[-48.697828328000014,-21.91216930600001],[-48.696874682999976,-21.91291949599997],[-48.694232179999915,-21.913532592000017],[-48.69463060200002,-21.912475895999975],[-48.69204338100002,-21.911748066999962],[-48.68790806499999,-21.913980137000028],[-48.687426657999936,-21.913125971999918],[-48.68651338199993,-21.913698963000016],[-48.687296173,-21.914742518000033],[-48.68592937099993,-21.91504498000001],[-48.68700397999993,-21.91563463199992],[-48.684159478999945,-21.917337439999983],[-48.683756612000025,-21.919502732999934],[-48.68542584499994,-21.91940503899996],[-48.686155980000024,-21.920881447000003],[-48.68336061000002,-21.92469390099996],[-48.68093734600001,-21.925079744000005],[-48.68072192400002,-21.926978279999965],[-48.67916352999998,-21.927496840000007],[-48.68013980699999,-21.92837667799994],[-48.67724569299998,-21.93017248299991],[-48.67816861099998,-21.930212118999936],[-48.67838867099999,-21.932672157000006],[-48.676373001,-21.933097232000016],[-48.675339969999996,-21.936385367999993],[-48.67003931399994,-21.939183851],[-48.67122009999997,-21.94017917699999],[-48.66898088999994,-21.941655190999917],[-48.67222595199996,-21.94380753899992],[-48.66973717500002,-21.949555671999924],[-48.665398166999935,-21.949508702999932],[-48.664474739999996,-21.95160943199995],[-48.66383834499998,-21.95072372999994],[-48.662358952999966,-21.952830435000006],[-48.66121615399993,-21.952058173999944],[-48.661224067999974,-21.95304119500002],[-48.65757896100001,-21.95432329699997],[-48.65663684899993,-21.959759796000014],[-48.654026541999954,-21.959790331999976],[-48.651984091999964,-21.96273594799997],[-48.65104051099996,-21.962590467999913],[-48.650995513,-21.96397289599996],[-48.64850055299996,-21.96324518],[-48.649082740999916,-21.96420237199999],[-48.64620263699999,-21.965666917000004],[-48.64691103299999,-21.96782116599996],[-48.64493269999997,-21.97026879499998],[-48.641070339000024,-21.969956907999965],[-48.640376642999975,-21.968857028000002],[-48.638943214999934,-21.970004843000023],[-48.63764558299994,-21.96841395799998],[-48.635434394999955,-21.96865436799998],[-48.63504528700003,-21.969953958999955],[-48.633878857999946,-21.967760285000008],[-48.632633468999934,-21.969080458999994],[-48.631340045999934,-21.96878968499998],[-48.63208114099997,-21.969896792999972],[-48.628136797000025,-21.969926192999974],[-48.62538434499994,-21.971529405000027],[-48.62628299300002,-21.972294884999947],[-48.62493592299995,-21.972691681999997],[-48.623679365999976,-21.975765527999954],[-48.62231363899997,-21.974816071],[-48.622347511999926,-21.975885812999994],[-48.61970847300001,-21.976660314000014],[-48.620342400000034,-21.978241903999958],[-48.61828747300001,-21.97905208299995],[-48.61802588099994,-21.97786143500001],[-48.617036652999964,-21.978810855999942],[-48.61498427599997,-21.97686886699993],[-48.61270853999998,-21.97776225499996],[-48.61267283199993,-21.980329182999988],[-48.61141726799997,-21.981429643999988],[-48.612719342,-21.981543481999996],[-48.61345152299999,-21.983700573999943],[-48.611591923999995,-21.98542037399999],[-48.61010397099995,-21.984279350999994],[-48.60840075699996,-21.986595330999926],[-48.606828689999936,-21.985657625999977],[-48.606875488000014,-21.98731103799989],[-48.605875099,-21.986505760999986],[-48.59827925600002,-21.988305886999967],[-48.59810658499998,-21.98660466299992],[-48.596067270999924,-21.98794310699998],[-48.592894812999994,-21.99276616200003],[-48.59432335599997,-21.99352067199999],[-48.59253977499992,-21.995008906000017],[-48.59346388299997,-21.996221799000008],[-48.589934455,-21.996306035999964],[-48.589249128999946,-21.998779355999986],[-48.58648128700003,-21.999074514999972],[-48.58726957399995,-22.000042663000002],[-48.583254377,-21.99967796599998],[-48.57814563,-22.00153365599994],[-48.56945409200001,-22.002038201999934],[-48.56791756899998,-22.00427688100001],[-48.564699013999935,-22.004524871999987],[-48.56464375000002,-22.00653703599993],[-48.55806352399998,-22.01267897800001],[-48.55859389900002,-22.01353170999994],[-48.55444579299996,-22.01604044199995],[-48.554664599999974,-22.02052454499999],[-48.55344543000001,-22.020111143000005],[-48.55193917799994,-22.021593411999966],[-48.552965090999926,-22.023423611999995],[-48.550944656000006,-22.02339354599999],[-48.55051886499996,-22.022322103999954],[-48.54788758799992,-22.024018819999924],[-48.54684720400002,-22.027969324000026],[-48.547692110000014,-22.03047363799994],[-48.546325804999924,-22.030754128999934],[-48.546661696999934,-22.03252312799999],[-48.54569933099999,-22.032344507000005],[-48.54502925699995,-22.03400627299995],[-48.543436751,-22.033133005999936],[-48.54224050399995,-22.035068668999997],[-48.53716224300001,-22.03457840900001],[-48.531109793999974,-22.028501704000025],[-48.522060367999934,-22.02652539299993],[-48.518602499999986,-22.02427515799996],[-48.50725591700001,-22.021120070999977],[-48.503944752999935,-22.019342959000014],[-48.498679278,-22.012039837999968],[-48.49618717599998,-22.010754087000013],[-48.49326293599995,-22.01030945899998],[-48.48548689499995,-22.013406214999957],[-48.48073724799997,-22.012042301000008],[-48.48718619800002,-22.026675477000026],[-48.48098743999998,-22.031885471999942],[-48.47693410299996,-22.04147130699992],[-48.47483074299993,-22.043121725999978],[-48.466969372,-22.04512612000001],[-48.46375656700002,-22.048770234000013],[-48.45738137799992,-22.047998867999908],[-48.45287943900002,-22.050899722000008],[-48.45038795800002,-22.058008787999917],[-48.444815569000006,-22.063074825999987],[-48.446329107,-22.06945059200002],[-48.44412848500003,-22.072377253999925],[-48.44508195100002,-22.073372360999954],[-48.439725446000025,-22.07501033300002],[-48.43850134799999,-22.074474079999995],[-48.43946559199992,-22.077380174999913],[-48.43728003699999,-22.078538555000026],[-48.435235451999986,-22.07665931999996],[-48.433908016999965,-22.077354491999916],[-48.43578554599998,-22.079904090000014],[-48.43604377899993,-22.083333060999966],[-48.43545004999993,-22.084259837999923],[-48.43361044899996,-22.08338538100004],[-48.433217763000016,-22.087563106999955],[-48.428544875,-22.08950366900001],[-48.42471159399997,-22.08937090699992],[-48.424354230000006,-22.092252975999944],[-48.42240274400001,-22.09376273499998],[-48.41985806100001,-22.089867303000005],[-48.415276822999935,-22.088928901999964],[-48.41388397499992,-22.093154839999965],[-48.40863366799999,-22.093759105999933],[-48.40876371500003,-22.095040374999993],[-48.40786713799997,-22.094685683000037],[-48.40790800299999,-22.095935277999953],[-48.40670202499995,-22.09575568399992],[-48.405517052,-22.097491562000013],[-48.406876366999995,-22.098920825000008],[-48.402037799000034,-22.102392894999923],[-48.40323250099993,-22.107719884999995],[-48.395906077,-22.111646530999963],[-48.398742433999985,-22.112766904999948],[-48.398048201,-22.114044046999936],[-48.39466113199996,-22.114115949999903],[-48.39783039200001,-22.11619429199991],[-48.395165265999985,-22.12068308200004],[-48.39635138099999,-22.120458875000004],[-48.39728861600002,-22.12372661400002],[-48.39522182600001,-22.12929640000001],[-48.396816312,-22.129034506999925],[-48.39767266799998,-22.131601057999994],[-48.396605223999984,-22.13514218299996],[-48.39446367399995,-22.136717437000016],[-48.39292738499995,-22.135586113999928],[-48.39232109299997,-22.138308021999997],[-48.39379187699997,-22.142710058999967],[-48.39286186299995,-22.145131784999982],[-48.39547416400001,-22.14714474599998],[-48.39018312899998,-22.147520696000015],[-48.392682545999946,-22.151290072999984],[-48.38795128199996,-22.151301299999997],[-48.38614622500002,-22.15254056699994],[-48.38564969999999,-22.155995283999978],[-48.38775604299997,-22.156476538999932],[-48.38765402999997,-22.159092165000004],[-48.38379440699992,-22.159222237999998],[-48.38119147399994,-22.162082693000013],[-48.37595657999998,-22.16191158499993],[-48.37333952899996,-22.16406354100002],[-48.37317609399998,-22.165651803999992],[-48.374695306999975,-22.166545675999938],[-48.37156773700002,-22.16783253300002],[-48.36825332899998,-22.166603769999945],[-48.368408690000024,-22.16438123299991],[-48.366739551999956,-22.165138815999978],[-48.36249072200002,-22.16432929499997],[-48.35878732499992,-22.167110738999995],[-48.35555685600002,-22.16644377900002],[-48.35291314800003,-22.170498195999926],[-48.35105103799998,-22.171043111000017],[-48.34994433899993,-22.170018390999918],[-48.35012150099999,-22.17125276799992],[-48.348355492999936,-22.17171732899992],[-48.34579927300001,-22.170943287999986],[-48.34331906799997,-22.173335222999917],[-48.345099221,-22.17763409999992],[-48.342840678000016,-22.178627588999955],[-48.34332002599996,-22.18025168599995],[-48.33852038800001,-22.180649905999996],[-48.33731120300001,-22.183498395000008],[-48.33298541200004,-22.18425020599994],[-48.331115393999994,-22.188705325999994],[-48.32913001299994,-22.187446428999973],[-48.323478190999936,-22.188677242999955],[-48.32188026199998,-22.190992110000025],[-48.323320387000024,-22.19224056],[-48.32218632199999,-22.193682233999997],[-48.31567096299996,-22.19397215299999],[-48.315220043999936,-22.19819017799995],[-48.31298158300001,-22.200440973000003],[-48.32060052699995,-22.213647394999995],[-48.32567990799993,-22.21474895400002],[-48.32659843099993,-22.217416237999988],[-48.32652480599995,-22.219655986999953],[-48.324592697999954,-22.221242280999945],[-48.32239100299996,-22.226453178999947],[-48.32092826399999,-22.23347281600001],[-48.326919626999945,-22.24710898099998],[-48.32484464800001,-22.25009467499994],[-48.32685026399998,-22.25450240899995],[-48.32667847399995,-22.26073560600003],[-48.32993051400001,-22.266085202000006],[-48.33010081200002,-22.268126430999924],[-48.32948631800003,-22.266558174999936],[-48.32704081399993,-22.267550337999968],[-48.32526582399999,-22.264854124999985],[-48.32265960199999,-22.26399021899997],[-48.32148315799998,-22.270015390000015],[-48.317122737999966,-22.26619492999998],[-48.31350296599999,-22.269796718000002],[-48.314626902999976,-22.274311094999973],[-48.315749467999986,-22.274780406999984],[-48.314460562999955,-22.276023071000008],[-48.312856196999924,-22.275044507999993],[-48.312685840999954,-22.272506324999924],[-48.31081777999994,-22.27059409999991],[-48.312249077,-22.268845660000014],[-48.31129945200001,-22.265443703000006],[-48.30858149599998,-22.26470954299992],[-48.30666428799998,-22.266152880999968],[-48.30038073799995,-22.26622200399991],[-48.29783851399992,-22.268170429999962],[-48.293072923999944,-22.266391664000025],[-48.293180715999995,-22.267671185999927],[-48.291583248999984,-22.26873437299998],[-48.29437418399999,-22.27131660999993],[-48.29394910399998,-22.275181319999934],[-48.299817996999984,-22.27684036499998],[-48.29713877299991,-22.279396675999983],[-48.29685860299993,-22.28178974399998],[-48.297257090999956,-22.284149334],[-48.29989115400002,-22.286060862999992],[-48.29642580699999,-22.28763767199996],[-48.29572252700001,-22.28524335999999],[-48.291375019999975,-22.28073193300002],[-48.28818465000001,-22.280264257999995],[-48.285885871999945,-22.282085418000005],[-48.28632073799998,-22.283394292000008],[-48.28361785399994,-22.28594131099993],[-48.284522796999966,-22.28838292999993],[-48.280559267999934,-22.291120652999993],[-48.280888206999975,-22.29309528899995],[-48.27956635100002,-22.29399609799998],[-48.28152359999996,-22.296541268000013],[-48.278979524999954,-22.297304879000023],[-48.27659004299994,-22.299734752],[-48.27547689099998,-22.30241845699998],[-48.27604084900004,-22.30433921899991],[-48.27477610799997,-22.302859297999987],[-48.27204180199999,-22.30348068099994],[-48.271558352,-22.305790289999994],[-48.26856673999993,-22.30811618499995],[-48.26901187200002,-22.31021117900002],[-48.26539224499998,-22.314614201999923],[-48.265278050999996,-22.320144461999902],[-48.262042247000025,-22.321919636999944],[-48.25901291399992,-22.326110156000034],[-48.25903077499999,-22.330380201000008],[-48.25653769399992,-22.333215295999945],[-48.25644834100002,-22.335438713999963],[-48.25357051899993,-22.336624261999937],[-48.25059011099996,-22.34029065499999],[-48.25105464599994,-22.34339133600003],[-48.24862555599997,-22.34445551499993],[-48.244064003999995,-22.350011268000003],[-48.23930303399998,-22.366424098999968],[-48.242736175,-22.372123566999996],[-48.242561072,-22.376982381999998],[-48.24049307599995,-22.38411410199994],[-48.237304953999974,-22.387982287999996],[-48.237330715999974,-22.391835809999975],[-48.240364563000014,-22.39259335699995],[-48.245724881999934,-22.391526733999978],[-48.24879186599997,-22.390094966000003],[-48.249485026,-22.387700834999976],[-48.25193834900001,-22.387633257000015],[-48.26186628800002,-22.397568808999942],[-48.26216911900002,-22.399461208999927],[-48.26865930999998,-22.40672405100001],[-48.26710894500003,-22.41283496599998],[-48.269588364000015,-22.41663598499998],[-48.27781585299994,-22.423011867999946],[-48.27871206799995,-22.426550339000016],[-48.27713303899998,-22.43188428199998],[-48.27468976900003,-22.433673440999925],[-48.27114273799998,-22.439368670000025],[-48.26894627100001,-22.447512456999952],[-48.26541402999993,-22.449275512999908],[-48.261057318999974,-22.45450402399997],[-48.256909603000004,-22.45731856199996],[-48.25444174799998,-22.46272320299993],[-48.244136469999994,-22.467568922999984],[-48.24319817899999,-22.47188618299996],[-48.244872870999984,-22.476306077000007],[-48.24301888399999,-22.47895491399996],[-48.247349927000016,-22.483303099999947],[-48.25551638199999,-22.488453020000005],[-48.257470013,-22.49160196799994],[-48.26187353,-22.49273068800001],[-48.26435442500003,-22.49182541299995],[-48.27041388800001,-22.492331088999943],[-48.27375451400002,-22.494833997999933],[-48.27672040800002,-22.495228448999963],[-48.27986256600003,-22.504061786999955],[-48.28227639499999,-22.50692012899993],[-48.28263840400001,-22.512342521999983],[-48.28432636399998,-22.51434513899999],[-48.28353849099995,-22.51946511599999],[-48.289493332999996,-22.525039461000002],[-48.28252328799999,-22.525016651999987],[-48.27830008999996,-22.527159414999982],[-48.272223913,-22.52819538399996],[-48.26480140599995,-22.52533960499994],[-48.26059549399997,-22.520665935999943],[-48.25094806499994,-22.51811247999994],[-48.245399748999944,-22.51404799800001],[-48.240863714,-22.51538065699998],[-48.23504631799995,-22.520057647999984],[-48.239307272000026,-22.519803486999972],[-48.247895917999976,-22.525371865999933],[-48.24953882599994,-22.530599358999993],[-48.25272956699997,-22.535110029],[-48.260502471999985,-22.54080024799993],[-48.25487767200002,-22.545796256000003],[-48.25305748400001,-22.550359744999973],[-48.25632074800001,-22.555440547999986],[-48.248591767999926,-22.56974996100001],[-48.247776046999995,-22.57752324000002],[-48.25338401899995,-22.587817262999984],[-48.25695792699998,-22.599938488999953],[-48.26149446900001,-22.60493161699992],[-48.26905127599997,-22.596242925999984],[-48.27465636699993,-22.595345561999935],[-48.281353228,-22.59622484300001],[-48.29426739299993,-22.60265389999995],[-48.310392649999926,-22.607949135000013],[-48.315249122999944,-22.611095293999984],[-48.32545609900002,-22.621282630999918],[-48.33065987499998,-22.624403395999984],[-48.33849907400003,-22.62363624800003],[-48.34397219200003,-22.620379151999984],[-48.352338300999975,-22.612524895999947],[-48.36105300899999,-22.61127408499999],[-48.36433697799993,-22.609623500999987],[-48.37226668599993,-22.593968921000005],[-48.380026155999985,-22.584114197000023],[-48.38425650400001,-22.579417332000002],[-48.40155102199999,-22.565427412000012],[-48.41284374799999,-22.55703865700002],[-48.43807233799993,-22.543050679999965],[-48.45022697199999,-22.53919064199999],[-48.46504144400001,-22.54122017399992],[-48.486650982000015,-22.54639321099995],[-48.490156564999964,-22.545389680999957],[-48.49455869500002,-22.549314669999994],[-48.50025770899998,-22.552054155999993],[-48.50434699800002,-22.55228358500001],[-48.50859656299997,-22.54871461300002],[-48.513835447000034,-22.54853445200001],[-48.52179478000001,-22.559865191999958],[-48.52421798400002,-22.565688759999933],[-48.52325520099993,-22.56746155299999],[-48.52386079299998,-22.570363480999966],[-48.52661558,-22.573894798000026],[-48.533036145999915,-22.576547162999983],[-48.535908802,-22.579269669999903],[-48.541505917999935,-22.579296334000002],[-48.555492804999915,-22.582824773000027],[-48.56118124400001,-22.586637247999988],[-48.56846065099996,-22.58022948000001],[-48.57553712599997,-22.577578187999954],[-48.58180069399998,-22.579395664999982],[-48.58581401299995,-22.584273329999974],[-48.592302844000024,-22.584737753000002],[-48.60231833300003,-22.576853269000026],[-48.61011069399996,-22.57750678000002],[-48.615792995999925,-22.574748956999994],[-48.616977901999924,-22.57006349599999],[-48.61973957099997,-22.568680029000006],[-48.62059870100002,-22.56657786500001],[-48.620978789999924,-22.564017986000017],[-48.619666689999974,-22.561992431000018],[-48.62069460599998,-22.56050993500004],[-48.620582941000016,-22.555136038999976],[-48.623384872999964,-22.552364708999985],[-48.624308230999986,-22.548293755999946],[-48.63203421999993,-22.547208839000017],[-48.63518627799994,-22.54180241999995],[-48.63840985500002,-22.53911720399993],[-48.65221167400001,-22.534070476000018],[-48.65270470100002,-22.532231393999943],[-48.65356180999999,-22.532477233999952],[-48.653689643999996,-22.53550292300003],[-48.65684886499997,-22.536566004999923],[-48.655437983000006,-22.53950463799992],[-48.65977893899993,-22.539618749999924],[-48.65979183699994,-22.544917740000013],[-48.66470509099997,-22.543557550000006],[-48.66434308200002,-22.545049590999945],[-48.665973528999984,-22.54445522700001],[-48.67055681599999,-22.546927825999948],[-48.66681618299999,-22.548784809999912],[-48.66749836499998,-22.551477419999944],[-48.67225067299995,-22.550412611999985],[-48.67362490499999,-22.55103545200001],[-48.67038356199993,-22.553976171999977],[-48.67225225599993,-22.556401874999985],[-48.67088071199993,-22.558795787000008],[-48.672137949999986,-22.562287355000024],[-48.667475447000015,-22.560715670999965],[-48.66534079099995,-22.562022520000028],[-48.665155631000005,-22.56420012799999],[-48.669622471000025,-22.56479540899996],[-48.667299036999964,-22.569327046000012],[-48.67155080799996,-22.569722823999996],[-48.67710078400001,-22.571970131],[-48.67915368500002,-22.575131890999955],[-48.678433144999985,-22.578443987000004],[-48.68200446999999,-22.58202052899997],[-48.682736330000004,-22.585150295999938],[-48.68210453699993,-22.59156579000001],[-48.675222677000036,-22.60476163900001],[-48.67363612399993,-22.611427476999953],[-48.665177940999975,-22.621461443999976],[-48.66115787899998,-22.630883434999944],[-48.66308310399996,-22.631804859999992],[-48.673636940999984,-22.629995907999955],[-48.67869471399996,-22.63131488999999],[-48.681630784999996,-22.634080786999963],[-48.68886101099998,-22.646732982999932],[-48.688907469999954,-22.65942592899993],[-48.684703626999976,-22.665698233000015],[-48.689431453999994,-22.67603757099999],[-48.688914041999965,-22.681440967999944],[-48.69172169400002,-22.688303168000004],[-48.68857506799992,-22.694236379999992],[-48.69162915200002,-22.702386629999967],[-48.69085498700002,-22.70803967],[-48.69474081499999,-22.72009184499995],[-48.694040266999934,-22.723346985999953],[-48.691308953999965,-22.724425375999935],[-48.69368780100002,-22.73109194199998],[-48.69126609500001,-22.737148061999953],[-48.70667406399997,-22.733296556999964],[-48.70652520699996,-22.73798935600001],[-48.71718775299996,-22.741723841000017],[-48.720668908,-22.745356473000022],[-48.722153602000006,-22.750361440000013],[-48.72966843699999,-22.764272389999963],[-48.736974078,-22.764909611999933],[-48.74418523000003,-22.770498519999983],[-48.74690516499999,-22.769863766999947],[-48.74883466099993,-22.767969858999955],[-48.750747811999986,-22.769999686999938],[-48.75088220499998,-22.772127129],[-48.75460612399996,-22.772298376999974],[-48.757079739999995,-22.769130534999988],[-48.76315962199999,-22.765880018999948],[-48.76445919299999,-22.763308447999982],[-48.76889489500002,-22.760392870999976],[-48.76995377499993,-22.757864115999983],[-48.778220035000004,-22.761540727999993],[-48.777361333999984,-22.765217493000016],[-48.78113031999999,-22.777615497999985],[-48.77916511400002,-22.783401953999938],[-48.77986470000002,-22.796939058999993],[-48.775835814000004,-22.800563431000015],[-48.77387790099999,-22.808840604999954],[-48.77654832799999,-22.813861062999923],[-48.776100561999954,-22.81608522699998],[-48.78052870999994,-22.82077102899996],[-48.78004100499992,-22.82588179699997],[-48.78844284500003,-22.83549959200001],[-48.793033976000004,-22.83240604699995],[-48.79663030299998,-22.83639724499993],[-48.797149622000006,-22.83948969800001],[-48.80262942500002,-22.844795410000017],[-48.806076915999995,-22.844236906999985],[-48.81491084300001,-22.84709017599999],[-48.824559492999974,-22.84803053499996],[-48.83185474999999,-22.847187249999926],[-48.836328145999985,-22.847636043999994],[-48.83787113300002,-22.849596013999932],[-48.842599312999994,-22.84975680499998],[-48.845227369999925,-22.84896972799998],[-48.84600307599999,-22.846922663999973],[-48.848010911000024,-22.84605917099992],[-48.857646010999986,-22.850379186999966],[-48.859853117000014,-22.849683147999933],[-48.86237672599993,-22.851490722999912],[-48.87026584499995,-22.851836015999968],[-48.875964613000015,-22.85039269499993],[-48.87960721299999,-22.851368933],[-48.880566535000014,-22.85034126300001],[-48.887527814000016,-22.84970946300001],[-48.88881652699997,-22.84832680099998],[-48.893746237000016,-22.84804834099992],[-48.89533976999997,-22.84625020099991],[-48.90141315499994,-22.845081516999993],[-48.90409076599997,-22.842041058000007],[-48.90659346199993,-22.836230110999956],[-48.909957510000034,-22.83271350699999],[-48.915139600999964,-22.831636003000032],[-48.922236398999985,-22.827852919000012],[-48.926548619000016,-22.828290601999985],[-48.93091052099993,-22.826514578999998],[-48.935613467999985,-22.82723375799993],[-48.94162545500001,-22.825208148999995],[-48.944309142000016,-22.82659029899997],[-48.94940498900002,-22.824313951000022],[-48.966018332999965,-22.82689139500003],[-48.96890729799992,-22.824331678999947],[-48.97216353299996,-22.829490847999978],[-48.97933632899999,-22.83408003699998],[-48.981093364999936,-22.835950378000014],[-48.981260394,-22.83886260899992],[-48.983446793999974,-22.840006171999974],[-48.988755430000026,-22.834812511999925],[-48.99312758000002,-22.827857087999977],[-48.993428251999994,-22.825525258000013],[-48.995901984,-22.82255615599996],[-48.99623286799999,-22.81860523299998],[-49.001238204,-22.824773020999995],[-49.01102300799999,-22.83284814199994],[-49.01393241699993,-22.840208371000017],[-49.02847881600002,-22.835190630999932],[-49.031022883999924,-22.833432296999945],[-49.033409492999965,-22.82850873899996],[-49.032914750999964,-22.823025497000014],[-49.029585801,-22.81826349099998],[-49.02903852599996,-22.797417076999977],[-49.023232371999995,-22.78980084800002],[-49.02548215499997,-22.78334823900002],[-49.026640723000014,-22.771556062000005],[-49.030545576000016,-22.76289800599993],[-49.03719505999993,-22.763053092999982],[-49.03833466499998,-22.76073912999993],[-49.04242841499996,-22.76030260099998],[-49.052415310000015,-22.754332941999948],[-49.05254074800002,-22.750359956999915],[-49.057733256000006,-22.73593805500002],[-49.06196870399997,-22.732443183999976],[-49.06710016,-22.730184618999942],[-49.07183672500003,-22.724548292999987],[-49.07586581700002,-22.72218854399996],[-49.08552414299993,-22.71319220499997],[-49.092909185999986,-22.704150332999973],[-49.09506740399997,-22.695586435999992],[-49.094511937999926,-22.685928463999986],[-49.096999270000026,-22.680407132000017],[-49.095381961999976,-22.666293463999917],[-49.10453176300001,-22.668906640999968],[-49.10870351199998,-22.675159326999974],[-49.11130989499998,-22.673412973999955],[-49.115979703,-22.673540669999976],[-49.12018064699993,-22.671792593000003],[-49.129497693000026,-22.673100886999958],[-49.133192044999994,-22.672172100999997],[-49.13548479699995,-22.676644368999973],[-49.151724479999984,-22.683730652000026],[-49.15428124799997,-22.686620483999963],[-49.15523314099994,-22.693770396999913],[-49.15794052399997,-22.70003405800003],[-49.16255246100002,-22.705795653999978],[-49.16508433299999,-22.717792477999982],[-49.16760148299994,-22.721368891000004],[-49.172727527999996,-22.72466155699993],[-49.173877431999976,-22.729213897000015],[-49.17507209500002,-22.729935298999905],[-49.181522872000016,-22.728782452000015],[-49.18462627100001,-22.72253441800001],[-49.19056689799993,-22.725419206000005],[-49.19615277499992,-22.721797555000027],[-49.198139723,-22.722024777999994],[-49.20365879299993,-22.735459909999964],[-49.21064332899999,-22.742867620999963],[-49.22490372199997,-22.75035995799991],[-49.22646107599996,-22.752173455999984],[-49.22702279499998,-22.75861720999993],[-49.228255209,-22.76011955000001],[-49.23179692100001,-22.75893262999996],[-49.239670339999975,-22.752195675999964],[-49.244995295999956,-22.751903756999972],[-49.24996297500002,-22.749493769000026],[-49.254563056999984,-22.75188731700002],[-49.26136512099993,-22.752907920999906],[-49.26633665199995,-22.759534867999953],[-49.27259170099995,-22.762133253999988],[-49.27571856299994,-22.769574619000007],[-49.27873483399992,-22.77183142499994],[-49.28817128499992,-22.77058039399992],[-49.29318179399996,-22.764425784999958],[-49.30082987699995,-22.765357448999957],[-49.30864646600003,-22.762084040999927],[-49.318321401999924,-22.76426234599995],[-49.324520924999945,-22.763707684999986],[-49.32916404399998,-22.765344487],[-49.332149615999924,-22.76820036499991],[-49.335144165999964,-22.775119060999945],[-49.340100560999986,-22.77917342699993],[-49.34891002799998,-22.782943608999954],[-49.35544996300001,-22.782647982999986],[-49.36087954200002,-22.78446220400003],[-49.36805886799993,-22.782634884000004],[-49.376076118000015,-22.777131882999985],[-49.37923720699997,-22.78566155599998],[-49.377015341,-22.795789813000003],[-49.37344433200002,-22.800792713000043],[-49.371257335,-22.806646359000023],[-49.368085136,-22.820486487999958],[-49.37446515499993,-22.82995560999997],[-49.37483468999995,-22.836469384999994],[-49.376719673999965,-22.840459693999986],[-49.37509320399994,-22.85010301999994],[-49.37678283999993,-22.8515348739999],[-49.378372442,-22.859333023999966],[-49.37782453299997,-22.863334704999975],[-49.37443280299999,-22.866271266000016],[-49.373442858999965,-22.87039005600002],[-49.36995959500002,-22.874941485000022],[-49.36987698799999,-22.877316206999986],[-49.371223015,-22.87879513500002],[-49.36969781800002,-22.882795712000036],[-49.364896632999944,-22.887791375],[-49.361080921,-22.88917054699999],[-49.35315434599999,-22.886943130999946],[-49.34482573999998,-22.888945577999973],[-49.34227594499998,-22.884460610000023],[-49.337607831000014,-22.889865830999955],[-49.33222700800002,-22.88690050799998],[-49.32546264199999,-22.887019231999957],[-49.31692501399994,-22.884724499000015],[-49.30879191299999,-22.884869315999993],[-49.30917436499999,-22.896440579999933],[-49.302826548999974,-22.913178759999994],[-49.29490644299995,-22.91844794399997],[-49.29256793299998,-22.928388245999994],[-49.284878642999956,-22.935712005999964],[-49.27996176599993,-22.937828171],[-49.30432149000001,-22.952668778999996],[-49.31013740200002,-22.958303361999914],[-49.314003426000006,-22.964916941999977],[-49.31870296799998,-22.969535943999915],[-49.35288641699992,-22.977519001999994],[-49.35653539100002,-22.98238184399998],[-49.35679758399999,-22.988334048000002],[-49.35997073899995,-22.992561502],[-49.36177128999997,-22.991960171000002],[-49.36422423900001,-22.986129906999963],[-49.368682116,-22.984036262000004],[-49.37198047399995,-22.99462836299995],[-49.371907266999926,-23.000984357999982],[-49.37612601900002,-23.015652120999953],[-49.38271291299998,-23.029131463999992],[-49.383164840999996,-23.03862571600002],[-49.38744402499998,-23.04331270099992],[-49.38433710299996,-23.04610500599999],[-49.38415547999994,-23.04900324599998],[-49.38758547699996,-23.053201591999983],[-49.39292758699992,-23.056697304000004],[-49.39663053999999,-23.057443817999964],[-49.404567217999954,-23.05647544199996],[-49.41209860399994,-23.05120239099994],[-49.420868444000014,-23.05374730699993],[-49.42087664899998,-23.055715796999994],[-49.42416372000004,-23.05776134799999],[-49.429701632,-23.057681735000013],[-49.44151820600001,-23.055190435999975],[-49.443064139000015,-23.055981854999956],[-49.445106727999985,-23.059736262999937],[-49.44585451600001,-23.067448834000015],[-49.44201595199996,-23.082444319999986],[-49.444414558999945,-23.096396968999958],[-49.44427885099998,-23.099552440999993],[-49.442347016999925,-23.100245771000008],[-49.44388861200002,-23.102475414000033],[-49.441737478999926,-23.10496236000001],[-49.44193584300001,-23.1108649199999],[-49.44457166199999,-23.11198422500002],[-49.447520646999976,-23.121895316999993],[-49.45140994899998,-23.12217152400001],[-49.45072133599996,-23.127147855999997],[-49.45392657299994,-23.128914102999943],[-49.45611956800002,-23.134870782999986],[-49.460669333,-23.13637689999996],[-49.471138353999955,-23.13655201799998],[-49.47375296000001,-23.148994968000007],[-49.47840968399993,-23.149783551999935],[-49.48278734399992,-23.14799813499998],[-49.483951804000014,-23.14565760599993],[-49.48361693300001,-23.140462433999968],[-49.48741558099999,-23.140133958999968],[-49.49169782500002,-23.136678502],[-49.49833566699999,-23.136436240000048],[-49.50215647800002,-23.13972898399993],[-49.51493312699995,-23.142295413],[-49.520850343000006,-23.141136189000004],[-49.532542053999975,-23.13635534699995],[-49.54518725699995,-23.13816680000003],[-49.546537028,-23.13671355000003],[-49.545759031999935,-23.133294707999926],[-49.547662424000016,-23.12652589199996],[-49.552478939000025,-23.122935250999998],[-49.55403150999995,-23.123645156000016],[-49.556000891,-23.13110522899995],[-49.57287430799999,-23.137923315000034],[-49.56541993099996,-23.14579143299998],[-49.56205411000002,-23.147652859000008],[-49.558557853000025,-23.152781731000005],[-49.55515132299996,-23.15177229799999],[-49.55516252500002,-23.15490789399995],[-49.553912439999976,-23.155478849999934],[-49.551465077999985,-23.152644568000028],[-49.54979459499997,-23.15278820799999],[-49.55064960499999,-23.15924641499992],[-49.546718982999955,-23.168271420999986],[-49.543680843999994,-23.170156525999964],[-49.543677517999974,-23.17191814799991],[-49.53530946699999,-23.175804932000002],[-49.53980899599993,-23.180863046000017],[-49.53997624300002,-23.186474678999954],[-49.542780834999974,-23.188036653000008],[-49.541513194000004,-23.190735978999996],[-49.54222735700001,-23.192916656999948],[-49.53754314799994,-23.195874586000006],[-49.53440481999996,-23.19582871699993],[-49.53258831799997,-23.197430252999922],[-49.52942392,-23.197168546999993],[-49.523468139999984,-23.20109171699994],[-49.52208004899995,-23.205413194000027],[-49.52461774300002,-23.216309893000027],[-49.53263931800001,-23.224299839000018],[-49.53419381999993,-23.229967585999937],[-49.53673556199999,-23.231303677000014],[-49.54354798199996,-23.239616058999957],[-49.54685615099994,-23.241175600999956],[-49.549659942000005,-23.24479439699995],[-49.54911402799996,-23.25298961300001],[-49.54673936199993,-23.254808982999986],[-49.546515376,-23.25789720699999],[-49.54403448799997,-23.260555533999923],[-49.543485750999935,-23.269595337999917],[-49.54118151899997,-23.27211606499998],[-49.54001447699994,-23.278026968000002],[-49.54154436499999,-23.279397462000034],[-49.54527535699998,-23.278685986000042],[-49.54562549099996,-23.27378033100001],[-49.54775722099998,-23.26992188699993],[-49.55623089099993,-23.26124071999999],[-49.560788979999984,-23.258301222999915],[-49.56990929099999,-23.263647848999987],[-49.57553612199996,-23.264141767000023],[-49.580526960999926,-23.266198927999923],[-49.58788997200003,-23.265638355000014],[-49.59739039799996,-23.26903414399999],[-49.605527959000035,-23.278144270999974],[-49.60826651199994,-23.278827469000024],[-49.61275598399999,-23.2773892739999],[-49.618483627999986,-23.280223408999905],[-49.62270206400001,-23.279975623999977],[-49.624022062999984,-23.278518395],[-49.62525191799995,-23.280406904000014],[-49.627751333999974,-23.281366052999996],[-49.628702272000005,-23.277707168999942],[-49.63548716599996,-23.27182769299992],[-49.634569392999936,-23.269371567999997],[-49.64089633099996,-23.25546687299999],[-49.647786853999946,-23.250846275000015],[-49.646266340000004,-23.24338258999994],[-49.64433315000002,-23.24013509999992],[-49.65269830799997,-23.23579652900003],[-49.65500682799996,-23.22743022299996],[-49.652113493,-23.218748628000004],[-49.65280829300003,-23.21356914500002],[-49.66113624199994,-23.201758496000036],[-49.66283951899993,-23.193597765999925],[-49.66498845000002,-23.19231577599998],[-49.665831921000006,-23.18931317899995],[-49.670678656999996,-23.18512173200003],[-49.676621297999986,-23.17631218000001],[-49.67830818399995,-23.174862619000006],[-49.68312626799997,-23.174166200999945],[-49.67839424799996,-23.167986283999987],[-49.678189406,-23.16584583200001],[-49.683312738999966,-23.163862557999938],[-49.686429208,-23.16508191499997],[-49.69770973800002,-23.165588768999942],[-49.69953900399997,-23.16189389499999],[-49.70399843799999,-23.15833122499997],[-49.70136520099999,-23.152791283999992],[-49.703613330999985,-23.153256095000014],[-49.70669472299994,-23.156061691999973],[-49.71170040499999,-23.156796706000026],[-49.715530674999975,-23.153733478999985],[-49.717705507000005,-23.14874663400002],[-49.723019704999956,-23.144838209999985],[-49.729375312,-23.143169363000016],[-49.732434424000026,-23.138720331999995],[-49.73469903999995,-23.13283275300002],[-49.73028160999996,-23.126322119999998],[-49.72578397199999,-23.115117850999948],[-49.72527788399992,-23.109802403999996],[-49.72690877000002,-23.10736167800002],[-49.73522943199998,-23.104037059000007],[-49.74077547500002,-23.0984566999999],[-49.74396362999994,-23.099065515999953],[-49.74991317499996,-23.097136950999975],[-49.751994778999986,-23.098167014000015],[-49.755767901000006,-23.103077649999996],[-49.763456216000016,-23.10536758500001],[-49.76755238999999,-23.104853128000006],[-49.77415349999996,-23.101676372999986],[-49.79175757899998,-23.102694980000027],[-49.79297960000003,-23.098331653999978],[-49.797107754000024,-23.09407061699995],[-49.79980057599994,-23.092870948999973],[-49.804237719000014,-23.094499342999995],[-49.80840513499993,-23.094132335999973],[-49.81341869699997,-23.079400270999983],[-49.82428994100002,-23.076173153999925],[-49.827835206999964,-23.076666275999965],[-49.83329536600003,-23.06753108799995],[-49.835704403999955,-23.067464237999953],[-49.837549281000015,-23.069539528000007],[-49.852759655,-23.074362937999922],[-49.85942153499997,-23.07125531700002],[-49.86916439800001,-23.07188415399997],[-49.874273531999954,-23.068007581999964],[-49.879602814000016,-23.059893674000023],[-49.881054425999935,-23.060071912000005],[-49.88310726700002,-23.06463116100003],[-49.88832880000001,-23.06521522299995],[-49.889856454999915,-23.06177538599997],[-49.89900394799997,-23.054644327000016],[-49.91017858199996,-23.053310491999916],[-49.912417825999974,-23.051937607000003],[-49.91330126399999,-23.043700474999977],[-49.916298729000005,-23.038212058999957],[-49.91619267800002,-23.03442666599992],[-49.913333722999994,-23.029275854999923],[-49.913556664,-23.024147769000024],[-49.91071436499998,-23.016096694000005],[-49.907524158,-23.011618101999996],[-49.901605297,-23.007707896999992],[-49.89954668399997,-23.003906853999904],[-49.90039651400002,-23.000410375999984],[-49.90766718499992,-22.995914916000004],[-49.91300719200001,-22.990368123000014],[-49.91966600699999,-22.990056824999943],[-49.93001604500001,-22.982812061000004],[-49.940760971999964,-22.982026422999972],[-49.954323749000025,-22.978259536000007],[-49.96243406699994,-22.96927916800002],[-49.97086679699993,-22.963382559999943],[-49.97383450900003,-22.957032189000003],[-49.973752901000005,-22.954678505000008],[-49.970920035999995,-22.949827404000015],[-49.966829538999946,-22.947705294999935],[-49.96486329399999,-22.939529586999985],[-49.961455461000014,-22.932264931000013],[-49.96123271299996,-22.927418927000005],[-49.965298580000024,-22.91490787399999],[-49.97268190400001,-22.906576669999996],[-49.98416781200001,-22.898507423999998],[-49.988676542999954,-22.89754800999998],[-49.99557999199994,-22.898192583000018],[-49.99840222299998,-22.90054258299994],[-49.99862880899998,-22.90364212300001],[-49.99291800399999,-22.913527523999996],[-49.98995311899995,-22.923422632999905],[-49.99101228599995,-22.926499127],[-49.99463762999994,-22.929740723999995],[-50.00219818799997,-22.929034578000024],[-50.007794445999934,-22.92718364799997],[-50.01590044599993,-22.910276967999987],[-50.036165229999995,-22.909267031000013],[-50.039181252999924,-22.907993335999947],[-50.04345247899994,-22.902611216999954],[-50.047256120999975,-22.901412056999956],[-50.05274119099993,-22.905982552000005],[-50.05685958599991,-22.91613959599994],[-50.06180883699995,-22.923542821000026],[-50.06908270399998,-22.928071056999936],[-50.073530124,-22.927432423000038],[-50.08074979799995,-22.921936576999972],[-50.09182260299997,-22.922320280000008],[-50.10473796999992,-22.93020640399999],[-50.11390058500001,-22.939298112000007],[-50.11894107799997,-22.941149519000014],[-50.12368379999998,-22.941969279999952],[-50.130476090999935,-22.941292859999976],[-50.14749628099998,-22.93551687999995],[-50.151667053999915,-22.93532794499998],[-50.15618306200003,-22.937746423999954],[-50.16714151899998,-22.948043647000016],[-50.17474691999997,-22.94877092500003],[-50.18320693099998,-22.954152704000023],[-50.185306524,-22.95440277300001],[-50.18769391799998,-22.952167953999936],[-50.193820743999936,-22.950745031999986],[-50.20364167600002,-22.952240974999928],[-50.21293579299993,-22.948350835999957],[-50.21853927099995,-22.947318303999964],[-50.222091664000004,-22.948372802999973],[-50.22863815699992,-22.953029034999986],[-50.23885224499998,-22.954245786999987],[-50.242205689999935,-22.95341641899995],[-50.24447117099999,-22.951180258000022],[-50.24767867700002,-22.93816433900002],[-50.262229321999996,-22.936036732999924],[-50.273026834999996,-22.931154537999998],[-50.27639745499999,-22.93233362099994],[-50.28369834300002,-22.938220753000007],[-50.29948254099991,-22.938278878000016],[-50.303061152,-22.941618044999917],[-50.305149497999935,-22.946394970999943],[-50.30961141900002,-22.94839418800001],[-50.32314061199998,-22.951440498000004],[-50.330379274,-22.94957881299997],[-50.338034945999944,-22.949678053000014],[-50.34102339799995,-22.94712691599996],[-50.34598656100002,-22.933537789000027],[-50.358998467999974,-22.92329567600001],[-50.358956389999946,-22.91586488299998],[-50.363574605,-22.914629909999924],[-50.379336407999965,-22.905379810999975],[-50.38800973999997,-22.907764234999984],[-50.39838297599994,-22.907344536999894],[-50.418584529999976,-22.91386685499991],[-50.420373138999985,-22.917588825999925],[-50.41834655299999,-22.933183847999935],[-50.42780499000003,-22.94604464399995],[-50.432468062,-22.946597913999938],[-50.43919867300002,-22.942916855999957],[-50.447039114000006,-22.941601059999986],[-50.456548293000026,-22.94538392400001],[-50.45978223499992,-22.94545135599999],[-50.47455410899994,-22.94161599300002],[-50.482702956000026,-22.93719929000002],[-50.48569473099997,-22.936784892999974],[-50.493893932999995,-22.939440537000003],[-50.49949745499998,-22.943644883999966],[-50.508058678,-22.945855327000004],[-50.52523045599992,-22.938103112000007],[-50.53021288599995,-22.92048449900002],[-50.53298682299999,-22.91635580899999],[-50.540885257999946,-22.91125258099997],[-50.557107400999996,-22.91089688499993],[-50.57026875799995,-22.903931623000005],[-50.576290177999965,-22.903546256999963],[-50.58535867399996,-22.907206180000006],[-50.59910417399999,-22.917362645999958],[-50.60465783099994,-22.922946430000028],[-50.610003070999994,-22.924612380999985],[-50.61356368399999,-22.92207394700001],[-50.61864464000002,-22.913269469999992],[-50.637788735000015,-22.906313177999948],[-50.64480469199992,-22.899608198000017],[-50.65100402500002,-22.896631785999954],[-50.661446904999984,-22.895700922999918],[-50.67323494200002,-22.89896897],[-50.68040219199998,-22.904747147000016],[-50.68580240999995,-22.914463903000016],[-50.69610617500001,-22.927216602999962],[-50.70190471699999,-22.939960503000012],[-50.711546960999954,-22.955127263999945],[-50.73099248699998,-22.96318325700001],[-50.73722203899996,-22.963767566999934],[-50.744594378999984,-22.96116893499998],[-50.752633789000015,-22.950223857000008],[-50.761083209999924,-22.947807306000016],[-50.77287033099998,-22.947564271999966],[-50.777460917999925,-22.946281696000042],[-50.79015950399998,-22.950905411],[-50.795582780000025,-22.951657914000013],[-50.800299344999985,-22.950268993999945],[-50.80356684399999,-22.947753111999987],[-50.806112918999986,-22.94298772599996],[-50.805294162999985,-22.93569796899992],[-50.80007333100003,-22.927886323999903],[-50.79774415899999,-22.915598856999964],[-50.79275416299999,-22.904098137999977],[-50.79255843299995,-22.896742491999966],[-50.79484551799993,-22.891211072999965],[-50.79914909599996,-22.887504993999922],[-50.812256685000015,-22.882661953000024],[-50.81930752899996,-22.87727061400001],[-50.822131527000025,-22.873314972000014],[-50.82330774899998,-22.867218983999923],[-50.830561540000026,-22.862952731999993],[-50.83439997900002,-22.857264559999972],[-50.837106533999986,-22.844940698000016],[-50.84105233699996,-22.83520374599998],[-50.843645439,-22.83111186799998],[-50.85182526599999,-22.82457857000003],[-50.85701118899994,-22.817365717999994],[-50.87529545099994,-22.806888388999976],[-50.884256231999984,-22.79906694299994],[-50.89140143700002,-22.795089463999936],[-50.91412072700002,-22.794631145999915],[-50.92348727999996,-22.79598531799995],[-50.92757464999994,-22.797607266],[-50.937301161999926,-22.804787794999996],[-50.94107809799999,-22.805193362000022],[-50.94925647699995,-22.801956686000015],[-50.95836921799997,-22.788438917999986],[-50.97016965499994,-22.782975548000014],[-50.97493099500002,-22.782435465999928],[-50.98496917999995,-22.784192323999992],[-50.99536974900002,-22.79226893499999],[-51.00175579499995,-22.79383359000002],[-51.008773696999924,-22.79368402000001],[-51.06150020399998,-22.764998318999908],[-51.077504002999945,-22.76537334299995],[-51.090401064,-22.76268739800004],[-51.10273075399999,-22.762920053000016],[-51.117521619999984,-22.75994565799993],[-51.12542145499992,-22.760361310999937],[-51.15409782599994,-22.753538133000003],[-51.16793766199993,-22.74685817999999],[-51.18077961900002,-22.73417554199995],[-51.18868588599997,-22.72884912999996],[-51.200104564000014,-22.728457852000023],[-51.20513762999997,-22.727200658000015],[-51.224902411000016,-22.717885217999985],[-51.23118872800001,-22.71376956399998],[-51.238455122999945,-22.704450231999996],[-51.24045981899997,-22.69410222999999],[-51.242788496,-22.689326752999932],[-51.25792345099996,-22.673464837999916],[-51.26629069599995,-22.668135606999932],[-51.271625744000005,-22.666242169999975],[-51.28050410700001,-22.666260136000005],[-51.297349747,-22.67264217599995],[-51.305947059999994,-22.674391373999896],[-51.33681076699998,-22.665666319000017],[-51.35385136999997,-22.663020730000035],[-51.36565820099997,-22.658969075000012],[-51.36992981699996,-22.658651841999994],[-51.37443760399992,-22.658879701999968],[-51.381708472999954,-22.66126027199994],[-51.38577729100001,-22.661068235999938],[-51.395269794,-22.666409441999917],[-51.40528541999993,-22.667070626999937],[-51.41139207200001,-22.66458933199999],[-51.41733025499997,-22.65789803099993],[-51.42411743299995,-22.653871333999913],[-51.43257668899997,-22.652143559999956],[-51.444194926000016,-22.65165082399994],[-51.451177317999964,-22.653609731999953],[-51.45640377599994,-22.65809824499996],[-51.464816766000006,-22.671497718999944],[-51.46933909899996,-22.675883995999985],[-51.492254925999994,-22.688181244999953],[-51.51029479800002,-22.692093676000027],[-51.514747435000004,-22.691421335999973],[-51.521336055000006,-22.687629211999987],[-51.53318880599994,-22.68762454499999],[-51.543200603,-22.68986952599997],[-51.55611418900003,-22.696505858000027],[-51.56214305099997,-22.69700330500001],[-51.56651305799994,-22.69581149799994],[-51.57857742099992,-22.689018388000022],[-51.58714411400001,-22.68763742099998],[-51.59413172699993,-22.684669632000013],[-51.599047078000005,-22.68084401999992],[-51.607053237,-22.670151384000004],[-51.61367305899995,-22.66521165899996],[-51.62156893899992,-22.66109640899998],[-51.637474677999926,-22.656637158999953],[-51.67602433299993,-22.65976747199999],[-51.68749176199992,-22.663006845999952],[-51.696487274,-22.66860875999994],[-51.70098947600002,-22.670111754999937],[-51.71568060999999,-22.669354103999968],[-51.72194536500001,-22.665726380000013],[-51.726765617999945,-22.659785858000024],[-51.73364294999993,-22.62566024599994],[-51.73768811999997,-22.623842159999988],[-51.744770679,-22.62491705100001],[-51.74797910199999,-22.622790211000005],[-51.751511529000034,-22.617957424999986],[-51.754183248000004,-22.616657317999966],[-51.768323873999925,-22.614262025000013],[-51.779662926000015,-22.61538187399991],[-51.78987059999998,-22.619194463999918],[-51.801400103999924,-22.620069426999915],[-51.81667196299991,-22.623322895000012],[-51.846947999999934,-22.632000892999937],[-51.86029159100003,-22.632105613999993],[-51.87137319099992,-22.630181622999938],[-51.881035267000016,-22.622981836],[-51.89988730800002,-22.60245594600002],[-51.91471053800001,-22.588299386000017],[-51.92900249299993,-22.577539844],[-51.934587723999925,-22.57030766499998],[-51.94186481999992,-22.566389276999917],[-51.96243014199996,-22.562227155000013],[-51.987884457999996,-22.55239412199995],[-51.994115489999956,-22.548138974999976],[-52.00993853,-22.54181681300003],[-52.06097509799997,-22.537926019999986],[-52.09126241699994,-22.52057312900001],[-52.09732208600002,-22.51832765199992],[-52.112224021999964,-22.516352959999946],[-52.12345358299995,-22.518599663999964],[-52.133777232,-22.525139926999938],[-52.14258902000001,-22.53739659799992],[-52.14941547400003,-22.553320059999916],[-52.152002660999926,-22.567281496000014],[-52.159505803,-22.58548473500002],[-52.16255927999998,-22.60090128099993],[-52.16156963899999,-22.614948258000027],[-52.15720364700002,-22.629442358000002],[-52.156965904,-22.64378577099996],[-52.16096370700001,-22.647259443999985],[-52.168474286,-22.650676638999908],[-52.20151674999994,-22.66091027799997],[-52.21397665599994,-22.671927064999977],[-52.22024882299996,-22.674747721000028],[-52.225376439999934,-22.673411094000016],[-52.22809847000003,-22.66840735399995],[-52.228594026999986,-22.64014346599997],[-52.23148926699997,-22.633026232999967],[-52.23587663,-22.625293240999937],[-52.24022344299994,-22.62033922999995],[-52.24773013799996,-22.616083477],[-52.259761959,-22.616471194999917],[-52.27818605099997,-22.62080964799998],[-52.29926495900002,-22.63400372699999],[-52.30941863800002,-22.636915598999977],[-52.325920387999936,-22.633515282000026],[-52.33954228800002,-22.632256040000016],[-52.34280444099999,-22.630694311000017],[-52.37030969400002,-22.629209392999996],[-52.380003749000025,-22.62712271300001],[-52.421531034000004,-22.610212935999918],[-52.43802402300003,-22.60680391300004],[-52.456422686999986,-22.611309815999995],[-52.46823274999997,-22.61614859599997],[-52.48031206999997,-22.624817427999908],[-52.49300263399999,-22.632071154999956],[-52.50053263399997,-22.634067168999973],[-52.50559765399993,-22.63380312499994],[-52.51034133500002,-22.631379584999934],[-52.52086703699996,-22.62141953600002],[-52.52600126599998,-22.618386545000025],[-52.54130794399998,-22.614131596999986],[-52.54687708400002,-22.61001147399996],[-52.554493657000016,-22.600240505999896],[-52.56936416199994,-22.586338247000022],[-52.57680796699998,-22.570343117999986],[-52.58113682299996,-22.566666138000016],[-52.585793136999996,-22.565496086000017],[-52.59780725799993,-22.569270900999975],[-52.61675845499997,-22.578080166999996],[-52.62518637599999,-22.585046505999966],[-52.63004886799996,-22.590837555999943],[-52.648331385000006,-22.59934761499995],[-52.664967399999966,-22.61319286999992],[-52.69386737100001,-22.62600023499994],[-52.69960426599994,-22.627333183000015],[-52.715881242999956,-22.628101406999956],[-52.72327291399995,-22.627200226000006],[-52.72939293600001,-22.62447557499996],[-52.751082597999925,-22.612180334],[-52.767768487999945,-22.607826632999995],[-52.78202249399993,-22.601920608000007],[-52.799262817000006,-22.597463887999936],[-52.811164335,-22.596690430000017],[-52.82146416500001,-22.598004488000015],[-52.829231703000005,-22.60048774299998],[-52.84394981100002,-22.608814053999975],[-52.849534404999986,-22.610446782999997],[-52.855066427,-22.610211542000002],[-52.863379678999934,-22.606655048000004],[-52.86941046799995,-22.60213230199997],[-52.89156878999995,-22.582080445999964],[-52.90445225199994,-22.572354688000033],[-52.919241277999966,-22.566572567999973],[-52.92516419399993,-22.565312699],[-52.93691085400001,-22.565335861000005],[-52.966702268999995,-22.568749320000006],[-52.97274153000001,-22.569934024000027],[-52.99439368899999,-22.581784557999963],[-53.00430134399994,-22.59355147099997],[-53.012975617999935,-22.59810488899995],[-53.027117202,-22.608439383000015],[-53.05688104299991,-22.633028344000017],[-53.072401456999955,-22.637942703999965],[-53.07571970499998,-22.63997182699996],[-53.08242852199999,-22.648692868000005],[-53.08615778899997,-22.656462542999915],[-53.08842777299992,-22.656958380999967],[-53.09204708200003,-22.648836803999938],[-53.09416780699996,-22.64008261599992],[-53.104873406999964,-22.62250978499998],[-53.101979858,-22.610787329999944],[-53.09671958700001,-22.599516496999968],[-53.094744425999984,-22.590510180999967],[-53.090282698999935,-22.58421953800001],[-53.090669924999986,-22.574460688999913],[-53.08277228399999,-22.56459960799998],[-53.06150584099998,-22.55066543700002],[-53.03441718799996,-22.52790314699995],[-53.011632755999926,-22.51321171500001],[-52.995777062999935,-22.494536528000012],[-52.981078339999954,-22.48576611899998],[-52.96874798699998,-22.480146602999973],[-52.942082969999944,-22.473596223999948],[-52.91589239700001,-22.46539514399996],[-52.895203452999965,-22.455688467000016],[-52.85997669099993,-22.441583860999977],[-52.850871068999986,-22.43522459599994],[-52.846096011999975,-22.428841976999976],[-52.84014057599995,-22.417174387999967],[-52.79570601400002,-22.38053894399996],[-52.77174026999995,-22.36526412499999],[-52.733812064999995,-22.348942048000016],[-52.72324708599996,-22.33715844600001],[-52.693790354999976,-22.313711690999934],[-52.68716842199996,-22.30994153799992],[-52.67775299999994,-22.308366893000027],[-52.66916363199999,-22.304007170999945],[-52.65756777699993,-22.301085069999996],[-52.64952315400001,-22.294400868999997],[-52.641027937999915,-22.282171841999972],[-52.63053542099999,-22.28008623699998],[-52.61259552099995,-22.274091598999917],[-52.60056879799999,-22.271908621999955],[-52.592287671000015,-22.268490611999997],[-52.57659999300001,-22.256058912999944],[-52.57418782499996,-22.250341722999956],[-52.56881227600002,-22.245677495999978],[-52.549981418000016,-22.24318383599993],[-52.53011961300001,-22.231506347999982],[-52.518666011999926,-22.227574844999932],[-52.500590443999954,-22.223404374999966],[-52.49368976599999,-22.219221264999995],[-52.48320426200002,-22.20802708299993],[-52.47944014299998,-22.200551570999934],[-52.463664962,-22.191132056000015],[-52.417351114999974,-22.150034381999994],[-52.394520428000014,-22.116585640999983],[-52.39017428699998,-22.112254979999975],[-52.38210067899996,-22.108472586999998],[-52.37438957199993,-22.100754839999922],[-52.36602640000001,-22.087290568000014],[-52.348795978999995,-22.066972618999948],[-52.34634679700003,-22.061984376999995],[-52.34325162099998,-22.050750810000007],[-52.337637015999974,-22.040704506999983],[-52.32482032399997,-21.98223162599994],[-52.30646501699994,-21.944406126999972],[-52.300087580000024,-21.936757443999966],[-52.27530984100002,-21.91513870799992],[-52.26883179700002,-21.914271567999958],[-52.263564996000014,-21.912019143000006],[-52.25861079499999,-21.90582858999998],[-52.25157191900001,-21.903171729999983],[-52.24172463899998,-21.896462409999952],[-52.232788636999935,-21.884426916999992],[-52.22254349299993,-21.87371289200001],[-52.20344001500002,-21.859390023000014],[-52.19436531999992,-21.850240648999996],[-52.19018903,-21.844969236999944],[-52.185590830000024,-21.831140437000013],[-52.18313783100001,-21.812369171999986],[-52.16597254800001,-21.778410026000017],[-52.15445447399992,-21.76491764899993],[-52.14034814299993,-21.754594132000005],[-52.125908856000024,-21.75156858399999],[-52.121696713999995,-21.749142343000013],[-52.11255846099999,-21.749288114000024],[-52.102343678999944,-21.745011041999998],[-52.09346294300002,-21.73171548300002],[-52.07631031699992,-21.714061197999964],[-52.06454525800001,-21.688654074],[-52.05279462699997,-21.66973758300003],[-52.04831901900002,-21.658794815000018],[-52.048344774999926,-21.64742147599998],[-52.053454289999934,-21.63453819300004],[-52.06388554699999,-21.618165373999997],[-52.06698220099997,-21.602693859999984],[-52.06895762499999,-21.597999151999957],[-52.07279011100002,-21.592354708000023],[-52.07893605100003,-21.58657801299996],[-52.096983662000014,-21.577416966999984],[-52.102075965999965,-21.570219761999965],[-52.10350133399998,-21.564186802999995],[-52.103308862999945,-21.557797151999928],[-52.10031013600003,-21.550133145999947],[-52.09939927800002,-21.541080987999962],[-52.09697263699997,-21.53551069599996],[-52.09210848399994,-21.53032499699999],[-52.078083094999954,-21.519980692999937],[-52.06841269799992,-21.509154032999962],[-52.06249208899999,-21.506055186999976],[-52.04919953699999,-21.504897528999965],[-52.01323970499994,-21.513071292999996],[-52.00126540099995,-21.51698038400002],[-51.990349026999986,-21.51325706099998],[-51.97090022800001,-21.5039689579999],[-51.958225478999964,-21.50033044299998],[-51.94145861200002,-21.481622039999934],[-51.93485429599997,-21.463545332999956],[-51.92494782599999,-21.449785716999948],[-51.92201818000001,-21.440342441999974],[-51.916060844000015,-21.405704744000012],[-51.910058015999994,-21.39100973199994],[-51.90166979099996,-21.380142761000005],[-51.882456542999925,-21.362883671000024],[-51.86683691399992,-21.351191987999936],[-51.86452251999992,-21.34792516999998],[-51.86153872399996,-21.33934346400003],[-51.86071072099991,-21.314816377999993],[-51.856422718999966,-21.289413355000022],[-51.855068394,-21.284349702000004],[-51.84961973700001,-21.279376500000005],[-51.848877389999984,-21.268109950999918],[-51.86054422500001,-21.233934579999925],[-51.874309728000014,-21.210174736999942],[-51.87916309700001,-21.19962415499998],[-51.87937646500001,-21.189956119999927],[-51.87575082299992,-21.178781680999922],[-51.876306242,-21.169588110000014],[-51.87888128899999,-21.15793730500003],[-51.87772069699997,-21.13924595499996],[-51.87345871100001,-21.135038500999944],[-51.86153936699992,-21.131156942999947],[-51.84591803699999,-21.13161728],[-51.83014710600003,-21.12946775899996],[-51.82145667299995,-21.126967012000023],[-51.81536509899996,-21.122353379999925],[-51.80795796099994,-21.112403899999947],[-51.79001185499993,-21.102535425999914],[-51.78232861599997,-21.09115475099996],[-51.77831468199998,-21.08150557299995],[-51.77168427699996,-21.049681753999998]]]}},{"type":"Feature","properties":{"id":"zee-02","nome":"Central, Barretos, Franca e Ribeirão Preto"},"geometry":{"type":"Polygon","coordinates":[[[-47.464340686000014,-19.963447613999996],[-47.453985048999925,-19.979355805999997],[-47.45117290899998,-19.98727574199995],[-47.448095200999944,-19.99027472599992],[-47.43945249299992,-19.99469291499992],[-47.434246003,-20.003934738999984],[-47.428021571999984,-20.008495019999994],[-47.42517974999993,-20.01213177899999],[-47.42466378699993,-20.017927905000004],[-47.42611882099999,-20.01955405699994],[-47.42812802599997,-20.01877939399997],[-47.427661580999995,-20.022593006000026],[-47.43072562199996,-20.023196126000013],[-47.43044601899999,-20.01936302],[-47.43140436499999,-20.018964065000002],[-47.434064692,-20.024198337999973],[-47.443163502999944,-20.027535226999937],[-47.44471675300002,-20.029740665],[-47.44255987399998,-20.039143221],[-47.436850381000006,-20.05244268199994],[-47.42201758099992,-20.060553147999997],[-47.40578779399999,-20.081881318999972],[-47.40117843299993,-20.083817024999917],[-47.37871427800002,-20.08330114900002],[-47.374349812999924,-20.08479625099997],[-47.37167263700002,-20.087676706999957],[-47.36970816399992,-20.092857617000004],[-47.35767625499995,-20.10455814900001],[-47.348535464999934,-20.105306497],[-47.33705812599993,-20.11328198799999],[-47.33140520299992,-20.113429130999975],[-47.32873494299997,-20.115880043999994],[-47.322774268999986,-20.116692831000005],[-47.31666067399999,-20.12183328499997],[-47.30969715099997,-20.123966424999995],[-47.30579704799993,-20.13352079199995],[-47.299078765,-20.139900436999977],[-47.29196961700002,-20.149204460000014],[-47.28473746899999,-20.153240799999963],[-47.27606035799994,-20.153146944999992],[-47.26289688099996,-20.15880700599996],[-47.257296186000026,-20.165521519999956],[-47.25550872799999,-20.17041822599992],[-47.25742360800001,-20.183771208999985],[-47.255031340000016,-20.192912079999928],[-47.231234416999996,-20.21898985399999],[-47.23282663200001,-20.228559772999976],[-47.237991884999985,-20.233518195999974],[-47.239797463,-20.24423221199997],[-47.24791530599993,-20.25925969499996],[-47.247003500000005,-20.261720634000028],[-47.24844484099999,-20.26289428799998],[-47.25135034099992,-20.262343725],[-47.253238061,-20.26379990399992],[-47.25481300700001,-20.267412895],[-47.257499714000005,-20.26965737299991],[-47.25857313199998,-20.27481792399993],[-47.260402586,-20.275088708999977],[-47.259468933999926,-20.276454114999975],[-47.26095472299994,-20.276735751999915],[-47.26051776799995,-20.27777722000002],[-47.26199801400003,-20.279239151999985],[-47.263893708000005,-20.279384882999977],[-47.26323077899997,-20.28065759799995],[-47.264543994000014,-20.280759946999968],[-47.26491052599994,-20.28306299099999],[-47.26596060699996,-20.282173482999962],[-47.26665921099994,-20.283170516999974],[-47.26958227099999,-20.28284100699993],[-47.26931030499992,-20.284505113999952],[-47.27138958400002,-20.28468107899999],[-47.272590985999955,-20.285980003999967],[-47.271419418,-20.28675302],[-47.27417574499998,-20.287886056999938],[-47.276548177999985,-20.290910794000013],[-47.27970702699997,-20.301859069999924],[-47.281515969,-20.30355365499997],[-47.282408930999964,-20.309679074999995],[-47.281675027999995,-20.312412577999964],[-47.28280964099997,-20.315056568999964],[-47.283929741000016,-20.313721324999985],[-47.285884425999946,-20.316303843999947],[-47.284756835999985,-20.316284374999952],[-47.284164723999936,-20.31778442699999],[-47.28544979700001,-20.320532513999975],[-47.283774639,-20.32083667699993],[-47.28518322399998,-20.32180567299992],[-47.283615372999975,-20.3225432489999],[-47.28448794100001,-20.325390239999923],[-47.285796866,-20.325262083999988],[-47.28531717499998,-20.32682351699998],[-47.28395350199999,-20.32685913199997],[-47.28383922699999,-20.328343887999996],[-47.285552610000025,-20.32961686199997],[-47.284733702999915,-20.33276609699991],[-47.286584844999986,-20.33350275999998],[-47.288052546000024,-20.332063561999888],[-47.288765576999936,-20.334327713999933],[-47.289840756,-20.333887967999924],[-47.29014611000002,-20.336131845999994],[-47.29138597100002,-20.33681231399999],[-47.28943599399997,-20.337544334999965],[-47.29333866500003,-20.33968104600001],[-47.29336811100002,-20.342957808999977],[-47.298151508,-20.34806877800002],[-47.29534011800001,-20.350535584999985],[-47.29721342900001,-20.35140144399999],[-47.29532674199993,-20.35524531099996],[-47.29644926200001,-20.357693188999953],[-47.29314595299997,-20.363122136999927],[-47.29383715699999,-20.367408259999927],[-47.294884189000015,-20.367376474999947],[-47.29526768499994,-20.368898464999972],[-47.29257239599997,-20.37050183000004],[-47.29412186299999,-20.371188253999954],[-47.293212223999944,-20.37329378599996],[-47.29502418499999,-20.37464871600002],[-47.29351617599997,-20.376278270000018],[-47.29443528500001,-20.377775438000015],[-47.292660103,-20.378946870999926],[-47.294357596999994,-20.380815733000002],[-47.290713903999915,-20.382971822999984],[-47.293471569000026,-20.385642636000004],[-47.29205878,-20.38799362299999],[-47.28940607499999,-20.38670720299998],[-47.28703127699999,-20.388196429999994],[-47.289377660999946,-20.391024938999976],[-47.28801706899998,-20.393529831000006],[-47.29163251400002,-20.398289904999945],[-47.29125495199992,-20.399872967999944],[-47.28948507999997,-20.399831485999997],[-47.28532692699998,-20.405155435999976],[-47.286721392000004,-20.409203210999927],[-47.28904707899996,-20.409013238999954],[-47.28774464899993,-20.41621322399999],[-47.29016180799999,-20.417882638999966],[-47.29371121000003,-20.418345870999914],[-47.291863108999955,-20.420252846999986],[-47.28854964200002,-20.420982645999985],[-47.29115448599999,-20.423121320999993],[-47.29299453099997,-20.422721668999984],[-47.29612548899996,-20.426766326999932],[-47.29291117899993,-20.427985585999977],[-47.29442712600001,-20.43177234100001],[-47.28734970699992,-20.43463568899993],[-47.288317123999946,-20.43891236199994],[-47.28607164299996,-20.44197322499996],[-47.28766721,-20.44440772499996],[-47.29096345599998,-20.445193325999984],[-47.292717381999985,-20.447500734],[-47.290729681000016,-20.448208152000003],[-47.29162883499998,-20.448953792999976],[-47.29054099099999,-20.45043394799996],[-47.28341193299997,-20.455278336],[-47.28375265099993,-20.457107174999926],[-47.278398487999944,-20.458116481999976],[-47.27895400099999,-20.460477154999975],[-47.27607126899994,-20.460818045999943],[-47.27466742299998,-20.462681325999995],[-47.271741389000006,-20.462815878999944],[-47.26929417600002,-20.466724883999973],[-47.26560682500002,-20.46601526899999],[-47.26381376299997,-20.468088586000025],[-47.25886817799994,-20.468889982000007],[-47.25521660599998,-20.473248189999993],[-47.25589650699994,-20.474617333000023],[-47.25328694500003,-20.47643486399993],[-47.253813719,-20.477995194999973],[-47.250152640999936,-20.476891632999973],[-47.246717706000034,-20.480977704999916],[-47.227538354999986,-20.488244975999994],[-47.22685539999992,-20.491060189999978],[-47.22347852399997,-20.49094818999998],[-47.21921220500002,-20.494944830000012],[-47.21942858999996,-20.496556077999955],[-47.212804512,-20.498166241999947],[-47.211420109000024,-20.50196563299994],[-47.20426131499994,-20.50341214700001],[-47.20204320199997,-20.501834206000012],[-47.19159848099997,-20.50696544800002],[-47.190305287,-20.508305087999954],[-47.190751524999996,-20.510527045000003],[-47.186194633000014,-20.51025278799992],[-47.185234330000014,-20.513615623000014],[-47.182346880999944,-20.512882682999923],[-47.18083993999993,-20.51420241399993],[-47.17962650800002,-20.51304615999999],[-47.177583731000034,-20.515070427000012],[-47.17630166499998,-20.51428298999996],[-47.164265122000025,-20.518744382000023],[-47.15544557,-20.519468434999993],[-47.15185628299993,-20.521451286999984],[-47.149156500000004,-20.52835151699997],[-47.143206325999984,-20.534816653999947],[-47.145660736999965,-20.540130476999973],[-47.142002436999974,-20.541045836000027],[-47.142994421999965,-20.54388321099996],[-47.138877304000005,-20.552085437999942],[-47.13749168899995,-20.560710262999933],[-47.138800915999916,-20.564268480999985],[-47.14256525999997,-20.565053972999962],[-47.142384285999924,-20.56621940699995],[-47.138547873999926,-20.571403686],[-47.135559625999974,-20.578410682999937],[-47.133908961999964,-20.588009718999956],[-47.13197468300001,-20.58984292999997],[-47.125184866999966,-20.59087637800002],[-47.12276678400002,-20.594594890999907],[-47.12473426999997,-20.598618735999963],[-47.126222853,-20.608187106999935],[-47.12366625300001,-20.612898049000027],[-47.11455364800002,-20.615972170999992],[-47.10880119299992,-20.62062972499995],[-47.109074367999995,-20.623378025999997],[-47.111907863999946,-20.628027487999947],[-47.11017076799999,-20.63186653799994],[-47.11216767500003,-20.633406883999946],[-47.11180066799994,-20.63550015899995],[-47.114352247999925,-20.638212339999995],[-47.10741278699999,-20.638020744999935],[-47.100366028999936,-20.64312647299998],[-47.09629278299996,-20.644361469999993],[-47.09789579300002,-20.646722308999976],[-47.095873584,-20.65445815700004],[-47.09695164899995,-20.66193776099999],[-47.10290154699994,-20.670387015000003],[-47.10004135899999,-20.679667475999967],[-47.10222589399996,-20.68208942399997],[-47.105855893999944,-20.68268493099998],[-47.10738042399998,-20.68411192700001],[-47.10646355999995,-20.688304177000013],[-47.10885612999994,-20.693693357999962],[-47.11190256999993,-20.695385636000015],[-47.11104880800003,-20.699610097999994],[-47.115485406999994,-20.70716596999995],[-47.12862445199999,-20.709602141000012],[-47.134284889000014,-20.706919277],[-47.138992809,-20.707910790000035],[-47.14516134799994,-20.70567179099999],[-47.14843062299997,-20.70752424900002],[-47.15450846400001,-20.70350644299991],[-47.162845360000006,-20.70356951000002],[-47.16454324400001,-20.70208611899995],[-47.16418246899997,-20.700751641999982],[-47.170035050000024,-20.70200837599997],[-47.17173566100003,-20.709489179000002],[-47.17396608100001,-20.7111933279999],[-47.169723194000035,-20.715004127999894],[-47.16947166,-20.716629759999993],[-47.177436012999976,-20.723731029000003],[-47.18200879300003,-20.72632711099999],[-47.185074328999924,-20.730975553999972],[-47.18632188599998,-20.731047282999935],[-47.18266583399998,-20.734608576000007],[-47.17646641899999,-20.734954582],[-47.17468583700003,-20.738462636999998],[-47.17367256599999,-20.73828347],[-47.18253642000001,-20.741564732999958],[-47.18208063700001,-20.745838102999972],[-47.18529019099992,-20.750329690000008],[-47.188139423999985,-20.768984863000025],[-47.189442661999976,-20.770746221000007],[-47.19296141799999,-20.77171098999992],[-47.19586668300002,-20.775246906999993],[-47.20281662599996,-20.77462711999999],[-47.20838009900001,-20.776569326000033],[-47.212467505000006,-20.783860584000017],[-47.21376116099994,-20.79186992799998],[-47.222179927999996,-20.797140857999988],[-47.22498721900001,-20.801025971999984],[-47.22245803699997,-20.810317160999944],[-47.21869094599998,-20.817613774999987],[-47.21457477600002,-20.82174494399993],[-47.214227577999964,-20.82609529400004],[-47.239775155000025,-20.88550181399995],[-47.224265049999936,-20.911656970999996],[-47.21010897599996,-20.923750125999963],[-47.18996101200002,-20.92818476999997],[-47.192551321999986,-20.940805341999944],[-47.18751118599994,-20.94836488599992],[-47.180805634999956,-20.95389056699997],[-47.17366617199997,-20.95428028099996],[-47.16903517299994,-20.956153214999972],[-47.167934333000005,-20.957845077999995],[-47.16843558900002,-20.96168320700003],[-47.16711467800002,-20.963655985999996],[-47.163877320999966,-20.96649620699998],[-47.15963401399995,-20.966790308999965],[-47.155515681000004,-20.969904809000003],[-47.149773519,-20.97182563799998],[-47.14398107699998,-20.982533069999903],[-47.14707227699995,-20.99246228599991],[-47.15095515899998,-20.99703112100002],[-47.15072410899996,-21.003663679000006],[-47.153986986999996,-21.008724071000024],[-47.15716849799999,-21.01859972600001],[-47.155799934000015,-21.02226321599998],[-47.15253565699999,-21.024434533999962],[-47.14735372499996,-21.03709247900001],[-47.147293742999985,-21.043423931999996],[-47.14871453599995,-21.045181357999965],[-47.146670871000026,-21.045349224000017],[-47.145636114999945,-21.04837136699996],[-47.14619734399997,-21.059440175999992],[-47.13875745199999,-21.069413746000027],[-47.14080641700002,-21.078883648999977],[-47.145230051999924,-21.088193957999923],[-47.144771321000015,-21.089445811999944],[-47.14255815500002,-21.08985340599992],[-47.14176713900003,-21.088332541999925],[-47.136824671,-21.088074459999973],[-47.136917299999936,-21.090333798999954],[-47.132984195999946,-21.090311883000005],[-47.12908016499995,-21.094511801999996],[-47.12840407599999,-21.09858493799992],[-47.12368594899993,-21.101531013000002],[-47.119454976999975,-21.101124949999928],[-47.11745806799996,-21.10379172699999],[-47.11467491700001,-21.104465926999982],[-47.11498010100002,-21.105540038999933],[-47.11310004600001,-21.105132520999973],[-47.112376696999995,-21.10867488499996],[-47.118864189999954,-21.109023895999975],[-47.11855784400001,-21.11011980899997],[-47.12240913599999,-21.11294470000003],[-47.12235784699993,-21.115229022999934],[-47.12698881300003,-21.121742005999977],[-47.12577468000001,-21.124987509999926],[-47.130943296,-21.129044982999915],[-47.13352186600003,-21.133307791999922],[-47.12690946499993,-21.14404072099994],[-47.12259698999998,-21.145430978999958],[-47.118168232000016,-21.150017374000015],[-47.11767225900002,-21.15500727799995],[-47.12195118900002,-21.16138823300003],[-47.121805824999974,-21.16511005199993],[-47.124427195000024,-21.167010018999914],[-47.12042022100002,-21.171052659000026],[-47.11846254099993,-21.176094098999933],[-47.11898668399999,-21.185577572999925],[-47.11441728300002,-21.187583370999956],[-47.09818528199998,-21.207301261999937],[-47.09562151400001,-21.207018532000017],[-47.089816533999965,-21.21049895300001],[-47.086180491999926,-21.20714569699999],[-47.08240812700001,-21.2088179599999],[-47.07467388200001,-21.207647778000023],[-47.06884819999999,-21.20923000200004],[-47.06459664399995,-21.20751863099996],[-47.06279113399995,-21.20789719399994],[-47.06294927899995,-21.21061259599992],[-47.06678395199999,-21.213056585000007],[-47.06941475299999,-21.217166513999977],[-47.071052152999926,-21.22365715799992],[-47.078784321,-21.230635827000018],[-47.07976693599995,-21.232755955000023],[-47.07631237899995,-21.23503623699997],[-47.07745711199999,-21.239700165999977],[-47.075876446999935,-21.24134031300001],[-47.07125325200002,-21.241669429000012],[-47.063115055000026,-21.23912452500002],[-47.05737889399995,-21.243013702999917],[-47.05674074799998,-21.24453117499995],[-47.05302970499997,-21.24591873600002],[-47.05176615900001,-21.24761211800001],[-47.051790111,-21.251547828000025],[-47.049876470000015,-21.253472009000006],[-47.05101188100002,-21.257941825999957],[-47.04482021899992,-21.262244753999948],[-47.04465577999997,-21.26713373299996],[-47.04769111699994,-21.26804857299999],[-47.051079335999994,-21.26503646700001],[-47.055044951999996,-21.263594325],[-47.057357525999976,-21.26421604000001],[-47.05958432800003,-21.267185965999936],[-47.06531416600002,-21.269095979999967],[-47.068136373000016,-21.275328143999953],[-47.07135372099993,-21.276007455999945],[-47.072041172999946,-21.278262341000012],[-47.07550194399994,-21.281083163999984],[-47.07679316000003,-21.28455045300001],[-47.083706887000005,-21.287687328999976],[-47.08868165899992,-21.286191851000005],[-47.09147175099997,-21.28663840199999],[-47.09078923199996,-21.291054875999944],[-47.08797634199994,-21.29478034799996],[-47.08861629900002,-21.29671311300001],[-47.103363624,-21.31053670400003],[-47.10727127600002,-21.315880551000028],[-47.118277070999966,-21.31924309599998],[-47.12468526700002,-21.32680538599993],[-47.12749383099998,-21.328512718999985],[-47.12996088400001,-21.327774972999997],[-47.1319694,-21.323330812999973],[-47.136003524999914,-21.31988331000004],[-47.14580003399993,-21.305785727999982],[-47.14662515900001,-21.303003701999987],[-47.14410929399993,-21.300666768999918],[-47.143326688999935,-21.295958460999998],[-47.145307543999934,-21.294087924999978],[-47.14817581499994,-21.298460627999937],[-47.15966740299996,-21.303001642999984],[-47.16112016300003,-21.305539932999896],[-47.171307092999996,-21.31366498900002],[-47.17605258599997,-21.323075216999932],[-47.177311354999965,-21.329980062999987],[-47.18060192600001,-21.338028338000015],[-47.18438093899994,-21.343497532999947],[-47.18677564900003,-21.34502242799998],[-47.186913790000006,-21.346542311999997],[-47.19088649199995,-21.348567081000006],[-47.18885239399998,-21.35477447499994],[-47.18953286399994,-21.358225932999975],[-47.19234639399997,-21.360482387999973],[-47.19224089900001,-21.367140188000008],[-47.19718143899996,-21.372410806],[-47.19919660900001,-21.37810832999999],[-47.205129029999966,-21.384781761999985],[-47.20339623400003,-21.38961039999996],[-47.20671976999996,-21.395758452999914],[-47.20595266099997,-21.398074208000025],[-47.20939266099998,-21.40156147899999],[-47.208754393999975,-21.406858902999982],[-47.20581952499998,-21.408733400000028],[-47.20781475399997,-21.414176811],[-47.21433609899998,-21.414923274000003],[-47.21455658800001,-21.417078065999966],[-47.21684210299992,-21.41921511599996],[-47.215846581,-21.422769591000016],[-47.21347425799996,-21.423147150999974],[-47.21464603399994,-21.426579006999972],[-47.21888351299998,-21.428747975],[-47.22369857099994,-21.427694164000005],[-47.222379767999996,-21.425652578999987],[-47.22572226899996,-21.42480557900001],[-47.224694892999985,-21.42212485699997],[-47.225412060000004,-21.42061271],[-47.22720601399999,-21.419845483000014],[-47.230884731,-21.421702492999987],[-47.233441711000026,-21.426829307999967],[-47.231672050999975,-21.43141044199996],[-47.23259254200002,-21.436542357999944],[-47.236130468,-21.438872468000017],[-47.236767685999965,-21.442692962000027],[-47.23952560799996,-21.443357111999997],[-47.24254732299994,-21.441728413999964],[-47.251476775000015,-21.445310273999958],[-47.25681972599995,-21.44962182299999],[-47.264345090000006,-21.450984802],[-47.263582648999936,-21.454595600999944],[-47.271470867999994,-21.457101259999945],[-47.271649288,-21.458767774000027],[-47.27857960199993,-21.468012131999995],[-47.277189523000004,-21.47698950900002],[-47.27602076499994,-21.47851380699999],[-47.27759118699993,-21.479411248000023],[-47.27747105199995,-21.481563369000014],[-47.27584048399996,-21.483017276999952],[-47.27448001400002,-21.48735901999998],[-47.276896946999955,-21.490601213999923],[-47.276064055000006,-21.49411127100001],[-47.277508260999916,-21.500863347999978],[-47.282357367999964,-21.510564209999924],[-47.28248789499992,-21.51587510200001],[-47.27860020899993,-21.51935197100002],[-47.278348428000015,-21.522978529999993],[-47.27648256799995,-21.525668466999985],[-47.28050165700001,-21.540396520999938],[-47.285360002999994,-21.548211791999965],[-47.291077342999984,-21.553696933999955],[-47.29485599999998,-21.552302408999918],[-47.299174489,-21.55405787099999],[-47.30329088499997,-21.551558881000016],[-47.30790484300001,-21.55151652400002],[-47.311431568999915,-21.55326485],[-47.31135206499994,-21.554552663999953],[-47.31633369100002,-21.558785493000013],[-47.32189509400002,-21.560383283000014],[-47.325275917999925,-21.559192012999972],[-47.328284970999974,-21.559946820999997],[-47.33216964299993,-21.56469244499998],[-47.33620016100003,-21.565170852999934],[-47.33820967499993,-21.56360069799995],[-47.345976647999976,-21.562735319999945],[-47.35132930700002,-21.565230473999957],[-47.35775646000001,-21.57054032699993],[-47.359053986,-21.57998765600001],[-47.361153296,-21.581979492000002],[-47.36260786899999,-21.586882351999883],[-47.36588450500001,-21.58964415000001],[-47.36502768399998,-21.59428303599998],[-47.37988324899999,-21.60103573599991],[-47.38290077800002,-21.59893989299996],[-47.399936876999966,-21.614481759000004],[-47.398450626,-21.62285615799993],[-47.39235800000001,-21.63094305599991],[-47.38541735199993,-21.635605825999956],[-47.382149863999985,-21.639259460999945],[-47.38019691300003,-21.649146576000003],[-47.371388559999964,-21.649026906999925],[-47.36751440399997,-21.64623116699998],[-47.358070896000015,-21.642250949999998],[-47.350221080999965,-21.64702589500001],[-47.34418739299997,-21.642829873000004],[-47.34081481200002,-21.641868540000047],[-47.33296559899998,-21.645227734000002],[-47.328871526,-21.64363926599997],[-47.32172486600001,-21.64936937399994],[-47.321937063000014,-21.65596394199997],[-47.32557679499997,-21.667498860999938],[-47.33151258100002,-21.66854790499997],[-47.336024878999986,-21.667012247999995],[-47.336981611,-21.669709893999933],[-47.337648391000016,-21.681832810999996],[-47.33674876600003,-21.686788444],[-47.33409656700002,-21.692296934999977],[-47.32513626500003,-21.70407851900001],[-47.32287177099999,-21.71592975299996],[-47.32329754400001,-21.719799087000005],[-47.32924381499999,-21.724595223999987],[-47.33031865800002,-21.726961290999995],[-47.31145864999996,-21.73680922400001],[-47.30380778000001,-21.736850769],[-47.30213058299995,-21.73869138499997],[-47.30084623099992,-21.74366115200003],[-47.293912266,-21.749458590000017],[-47.29288897599997,-21.75349601099993],[-47.29505974399996,-21.761644169999954],[-47.29920369000001,-21.76330254399999],[-47.312437508000016,-21.77323253600001],[-47.31649720199994,-21.773823663999952],[-47.32113729200001,-21.776254944999987],[-47.33458651999996,-21.776691233000005],[-47.331914762999986,-21.782126428000026],[-47.332127673,-21.78408503899999],[-47.33502237699997,-21.788815336999964],[-47.34182834000001,-21.795344826000026],[-47.34673794700001,-21.806174782000035],[-47.34499869400002,-21.80694562699995],[-47.34529454599999,-21.808963550999906],[-47.343596262000005,-21.81004007100001],[-47.342811467,-21.808998953000007],[-47.342013807,-21.811497799999927],[-47.340424974999976,-21.811737498999932],[-47.33828001699999,-21.81020131399991],[-47.334923272000026,-21.81405764899999],[-47.33768315899994,-21.821239132000017],[-47.334747201000035,-21.82310711899998],[-47.33531619099995,-21.82833280800001],[-47.33808246399997,-21.82861309999993],[-47.33876894000002,-21.83590602599992],[-47.34056450099996,-21.83796102099995],[-47.34290506100001,-21.839538344],[-47.369614324999986,-21.846783707999975],[-47.373511966999956,-21.846640369000013],[-47.38266540600001,-21.84946111299993],[-47.38621742999998,-21.849458718999983],[-47.389664284,-21.853069672999943],[-47.397191615000004,-21.857339338999967],[-47.40120875799993,-21.868127161999958],[-47.40126004500002,-21.874899543000023],[-47.403565060999945,-21.878334312999936],[-47.39977675199992,-21.88255681599998],[-47.394383079999955,-21.885190591000043],[-47.39321426499999,-21.88767539899993],[-47.39556437900001,-21.890428424999982],[-47.40214587499992,-21.891519908999932],[-47.40254574199997,-21.89447451400003],[-47.39911497399998,-21.904130641999927],[-47.40173964899998,-21.906001796999995],[-47.401906739999966,-21.910242358999987],[-47.405625697999994,-21.914712295999998],[-47.40688685800001,-21.913048437999926],[-47.40889464299995,-21.91322926199995],[-47.41334232599995,-21.917543142999932],[-47.41452883699998,-21.915632956999936],[-47.41870193099999,-21.91329566799993],[-47.43305796200002,-21.914540192999976],[-47.47113260999999,-21.915162069000026],[-47.47839142199996,-21.919736092999976],[-47.483104371000024,-21.91999101699995],[-47.486398689,-21.922652909000004],[-47.49154475400002,-21.92100927600001],[-47.49372255399999,-21.91832046699994],[-47.49754862499992,-21.917343301000017],[-47.497515561,-21.920331094999955],[-47.49948751300001,-21.920677715000004],[-47.502523853999996,-21.923847260000002],[-47.503104856999926,-21.929140184999994],[-47.50448106699992,-21.92953092699999],[-47.50593188599999,-21.93454281599997],[-47.507604834999995,-21.932841870000015],[-47.516840563000024,-21.93987223999994],[-47.524859796999976,-21.943988906999945],[-47.53532694599995,-21.955258762000007],[-47.53636092399995,-21.961501197000008],[-47.541159557000015,-21.96811673700002],[-47.540713274999916,-21.974139770000015],[-47.54301557499997,-21.979414822000027],[-47.563374603,-21.985199206999994],[-47.57560152899993,-21.986526010999963],[-47.581588403000026,-21.989804080999985],[-47.582203754999966,-21.99596972900002],[-47.57853271699998,-22.000085997999964],[-47.57779369100001,-22.00709050099998],[-47.573538510999924,-22.012727571999967],[-47.573393399000004,-22.01561173399998],[-47.57941924299996,-22.02094926999996],[-47.579406144000025,-22.028518139999974],[-47.580575625999984,-22.031784808999994],[-47.583218809000016,-22.033341361000005],[-47.585834823000035,-22.03713126199993],[-47.590416098,-22.03844753399996],[-47.592030603999994,-22.04248464699992],[-47.59558557599996,-22.044723800999922],[-47.59956953400002,-22.05079357399996],[-47.601709928,-22.051797647999987],[-47.60872458899996,-22.051302743999997],[-47.616822861,-22.044979354000017],[-47.61779979799996,-22.04114830399993],[-47.62370173900002,-22.041657690000022],[-47.626426200000026,-22.043186864999946],[-47.63122861900002,-22.04768181600001],[-47.631635641,-22.051739092999966],[-47.63564790299995,-22.054619532999983],[-47.643191842999954,-22.051432528000017],[-47.64601953799996,-22.051204538999972],[-47.64826714399993,-22.053436466999976],[-47.651749198000005,-22.053832576999973],[-47.65435373099996,-22.051249549999973],[-47.657820742999945,-22.051401494],[-47.65996559500001,-22.047549206999975],[-47.66571949699994,-22.043546723999988],[-47.66894360700002,-22.038562371999944],[-47.66811712100002,-22.032838710000025],[-47.67198294399998,-22.02580659799997],[-47.673056932000016,-22.02265337300001],[-47.672655319,-22.017494827999933],[-47.675509853999976,-22.01259789599999],[-47.677748364000024,-22.013387320999918],[-47.68225784899994,-22.018534301999978],[-47.68955582000001,-22.023477504999946],[-47.69153566900002,-22.02680707399998],[-47.69406563299992,-22.02819587800002],[-47.697493479999935,-22.027482088999925],[-47.69816527799992,-22.031489910999994],[-47.700756663999925,-22.033686675999952],[-47.70347710799995,-22.034340801000003],[-47.708717190000016,-22.033474923000043],[-47.714422592000005,-22.03618643700004],[-47.71577950900001,-22.03478265299992],[-47.720882940000024,-22.036337181999976],[-47.72870773099999,-22.044223057000007],[-47.735288080999965,-22.047482857999942],[-47.738809161000006,-22.053178297999935],[-47.74382774999993,-22.054104639],[-47.744905261,-22.055234608999957],[-47.74803716299999,-22.063467846999966],[-47.747432914,-22.066949946999955],[-47.740880074000025,-22.075339138999993],[-47.744877953999946,-22.076938265999956],[-47.747079454000016,-22.079459521999926],[-47.75088502899996,-22.078451807000036],[-47.750928470000034,-22.08119423399999],[-47.753048835999955,-22.083692440999993],[-47.751293412999985,-22.086171696000008],[-47.75292105699993,-22.089812383999952],[-47.75594375100002,-22.090579058000007],[-47.76265209799993,-22.087397931999927],[-47.772107721,-22.092368027999953],[-47.77837086199998,-22.091233440999915],[-47.78237265499997,-22.09563531100001],[-47.78753452299992,-22.098476408000014],[-47.78806535499995,-22.10712105200004],[-47.78697164,-22.112049489000015],[-47.788323375000004,-22.116793608999952],[-47.79397009399997,-22.120388380999938],[-47.79698961799994,-22.125230098999975],[-47.801251664999995,-22.129098641999978],[-47.80833305099998,-22.132401877000003],[-47.81097674199997,-22.140836862999993],[-47.80878353799994,-22.148345731000003],[-47.815356742000006,-22.15463715299995],[-47.81610044400003,-22.15785237400002],[-47.81481519699992,-22.161017390999973],[-47.82045813000002,-22.159128576],[-47.82004232099996,-22.155086224999998],[-47.821932434999944,-22.151761987999915],[-47.82761287300002,-22.14843375599997],[-47.83084667099997,-22.147800325999977],[-47.84100575499997,-22.150398398999982],[-47.844836886999985,-22.155157600999978],[-47.85138401099999,-22.156212378000017],[-47.852969793,-22.155398365999986],[-47.85699768699994,-22.155889789999947],[-47.85707621899997,-22.154424577999983],[-47.86186919599999,-22.150295574999916],[-47.87359759899994,-22.158035279999915],[-47.87900351299994,-22.157758999000013],[-47.880795501999955,-22.155254101999958],[-47.88657479699998,-22.15209493899994],[-47.88706416000002,-22.15749358899996],[-47.89040529599998,-22.153592208000017],[-47.89215035899997,-22.15333769799991],[-47.89497109599995,-22.154643100999902],[-47.89528701699999,-22.156497428999945],[-47.89663348900002,-22.156459120000026],[-47.89569791699995,-22.158371991000024],[-47.89703275300002,-22.159682604000018],[-47.89857288700001,-22.157030192999997],[-47.90190440300001,-22.157554927999954],[-47.90287660199999,-22.155901469999932],[-47.90675262299998,-22.155427920999994],[-47.90843351899997,-22.15246331299992],[-47.914267268999936,-22.14932413899992],[-47.91909033399992,-22.149395858999906],[-47.91980780199998,-22.150392332999996],[-47.920060163999956,-22.148016058999975],[-47.921343913999976,-22.148345958000004],[-47.92163584399998,-22.146711620999945],[-47.922642784999994,-22.147133575999977],[-47.92349557199993,-22.14496184400002],[-47.925488626,-22.14403202300002],[-47.926904466999986,-22.139118268],[-47.92837060399996,-22.139654765999982],[-47.92924631599993,-22.136350962999984],[-47.92754573199999,-22.13079995599998],[-47.92921824000001,-22.128282350999942],[-47.931930689000005,-22.127325187999986],[-47.931268241999994,-22.124496605999962],[-47.93385650099998,-22.12353354999994],[-47.93415975299996,-22.12025480900002],[-47.93788997099994,-22.11911319399997],[-47.94774133999999,-22.110983075999975],[-47.95304427899998,-22.112970910999948],[-47.95390798599993,-22.11427493000002],[-47.95773480899993,-22.114140618000025],[-47.962328819999925,-22.116220620999965],[-47.96378793600002,-22.113511298999995],[-47.967799491999926,-22.114000798000006],[-47.97070081499994,-22.11806541700002],[-47.971643214999915,-22.116822553999953],[-47.97496788199993,-22.11821043099997],[-47.975628513000004,-22.114269592000028],[-47.978245517999994,-22.115079541999968],[-47.981615278999996,-22.112689777999947],[-47.98381262199997,-22.114494872999998],[-47.98283040399998,-22.116049395999934],[-47.98786791499998,-22.117095555999967],[-47.99130947099997,-22.115194624999997],[-47.99291514399994,-22.115756275000038],[-47.998687593999996,-22.109558122000013],[-47.99914518000003,-22.103369483000005],[-48.001544161000034,-22.10059498299995],[-48.00357246499999,-22.100604878999945],[-48.00347590899998,-22.098858061999916],[-48.00616362399995,-22.09882930299995],[-48.00753262099999,-22.096911702999947],[-48.01091683099998,-22.096215483999973],[-48.01585011100002,-22.087758055000013],[-48.018433378999994,-22.086749353000027],[-48.023991937000005,-22.07834234099994],[-48.027123964999994,-22.076384614999988],[-48.03030657499994,-22.077804359000037],[-48.037106531999996,-22.077357881999948],[-48.04500421300003,-22.07262609299991],[-48.04815864400001,-22.077388451999983],[-48.047021678999954,-22.078835408999975],[-48.04724818899996,-22.08222427199997],[-48.04526052099999,-22.084105221000016],[-48.04386580400001,-22.088156292999997],[-48.046195513,-22.102746715000045],[-48.044433596999966,-22.116756328999998],[-48.042780250999954,-22.121501471999917],[-48.043756912999925,-22.12827075899997],[-48.048015307000014,-22.135398968999997],[-48.05273356699997,-22.139893663000002],[-48.054233603,-22.145755390999977],[-48.05751875599998,-22.14998393799999],[-48.05999111199998,-22.150889734999964],[-48.063147232999995,-22.14902985499992],[-48.065331739999976,-22.14925081799997],[-48.071741944999935,-22.151431069999997],[-48.080413110999935,-22.15656609399997],[-48.090073398999955,-22.168279029000015],[-48.100354321,-22.174550087999982],[-48.10474216499995,-22.179625196000014],[-48.11627015699998,-22.17818219399999],[-48.11973139999993,-22.18213069099999],[-48.123951681,-22.181338290999953],[-48.13043600100002,-22.183541666999933],[-48.13495326199996,-22.182697255999972],[-48.13908874200001,-22.17790978499999],[-48.15546999700002,-22.17474093599997],[-48.164139670999994,-22.171096401000007],[-48.170008526000004,-22.166993005999927],[-48.176062735000016,-22.166044877999976],[-48.18177442199999,-22.154906803000024],[-48.18893591199992,-22.150817019999987],[-48.198868635999936,-22.147755827000015],[-48.20546589200001,-22.15003409299997],[-48.209125749999934,-22.155892882999982],[-48.216031448999956,-22.158445038999997],[-48.226936237000025,-22.15724689299998],[-48.23417455600003,-22.159029934999978],[-48.24452860700001,-22.158718749999988],[-48.25602762300003,-22.154268696999996],[-48.25548800599996,-22.161648757999966],[-48.24881936899993,-22.168623610000008],[-48.24469620399992,-22.174724928000003],[-48.24456577299998,-22.17708291599996],[-48.24708394199996,-22.177730206999968],[-48.25040424099996,-22.176847233999908],[-48.25224275300002,-22.177837628999956],[-48.255863068000004,-22.17679146900001],[-48.27094714099996,-22.181477657999956],[-48.27436504899999,-22.192175679999988],[-48.286639857999994,-22.18849522900002],[-48.29815232099998,-22.191603757999985],[-48.304815861000016,-22.190753641999994],[-48.31221014099993,-22.192582144000028],[-48.314916148000016,-22.198347944999966],[-48.31619166599995,-22.193465872999973],[-48.32284771100001,-22.193151693000008],[-48.32328658799998,-22.192115835999967],[-48.32188026199998,-22.190992110000025],[-48.323478190999936,-22.188677242999955],[-48.32913001299994,-22.187446428999973],[-48.331115393999994,-22.188705325999994],[-48.33298541200004,-22.18425020599994],[-48.33731120300001,-22.183498395000008],[-48.33852038800001,-22.180649905999996],[-48.34332002599996,-22.18025168599995],[-48.342840678000016,-22.178627588999955],[-48.345099221,-22.17763409999992],[-48.34331906799997,-22.173335222999917],[-48.34579927300001,-22.170943287999986],[-48.348355492999936,-22.17171732899992],[-48.35012150099999,-22.17125276799992],[-48.34994433899993,-22.170018390999918],[-48.35105103799998,-22.171043111000017],[-48.35291314800003,-22.170498195999926],[-48.35555685600002,-22.16644377900002],[-48.35878732499992,-22.167110738999995],[-48.36249072200002,-22.16432929499997],[-48.366739551999956,-22.165138815999978],[-48.368408690000024,-22.16438123299991],[-48.36825332899998,-22.166603769999945],[-48.37156773700002,-22.16783253300002],[-48.374695306999975,-22.166545675999938],[-48.37317609399998,-22.165651803999992],[-48.37333952899996,-22.16406354100002],[-48.37595657999998,-22.16191158499993],[-48.38119147399994,-22.162082693000013],[-48.38379440699992,-22.159222237999998],[-48.38765402999997,-22.159092165000004],[-48.38775604299997,-22.156476538999932],[-48.38564969999999,-22.155995283999978],[-48.38614622500002,-22.15254056699994],[-48.38795128199996,-22.151301299999997],[-48.392682545999946,-22.151290072999984],[-48.39018312899998,-22.147520696000015],[-48.39547416400001,-22.14714474599998],[-48.39286186299995,-22.145131784999982],[-48.39379187699997,-22.142710058999967],[-48.39232109299997,-22.138308021999997],[-48.39292738499995,-22.135586113999928],[-48.39446367399995,-22.136717437000016],[-48.396605223999984,-22.13514218299996],[-48.39767266799998,-22.131601057999994],[-48.396816312,-22.129034506999925],[-48.39522182600001,-22.12929640000001],[-48.39728861600002,-22.12372661400002],[-48.39635138099999,-22.120458875000004],[-48.395165265999985,-22.12068308200004],[-48.39783039200001,-22.11619429199991],[-48.39466113199996,-22.114115949999903],[-48.398048201,-22.114044046999936],[-48.398742433999985,-22.112766904999948],[-48.395906077,-22.111646530999963],[-48.40323250099993,-22.107719884999995],[-48.402037799000034,-22.102392894999923],[-48.406876366999995,-22.098920825000008],[-48.405517052,-22.097491562000013],[-48.40670202499995,-22.09575568399992],[-48.40790800299999,-22.095935277999953],[-48.40786713799997,-22.094685683000037],[-48.40876371500003,-22.095040374999993],[-48.40863366799999,-22.093759105999933],[-48.41388397499992,-22.093154839999965],[-48.415276822999935,-22.088928901999964],[-48.41985806100001,-22.089867303000005],[-48.42240274400001,-22.09376273499998],[-48.424354230000006,-22.092252975999944],[-48.42471159399997,-22.08937090699992],[-48.428544875,-22.08950366900001],[-48.433217763000016,-22.087563106999955],[-48.43361044899996,-22.08338538100004],[-48.43545004999993,-22.084259837999923],[-48.43604377899993,-22.083333060999966],[-48.43578554599998,-22.079904090000014],[-48.433908016999965,-22.077354491999916],[-48.435235451999986,-22.07665931999996],[-48.43728003699999,-22.078538555000026],[-48.43946559199992,-22.077380174999913],[-48.43850134799999,-22.074474079999995],[-48.439725446000025,-22.07501033300002],[-48.44508195100002,-22.073372360999954],[-48.44412848500003,-22.072377253999925],[-48.446329107,-22.06945059200002],[-48.444815569000006,-22.063074825999987],[-48.45038795800002,-22.058008787999917],[-48.45287943900002,-22.050899722000008],[-48.45738137799992,-22.047998867999908],[-48.46375656700002,-22.048770234000013],[-48.466969372,-22.04512612000001],[-48.47483074299993,-22.043121725999978],[-48.47693410299996,-22.04147130699992],[-48.48098743999998,-22.031885471999942],[-48.48718619800002,-22.026675477000026],[-48.48073724799997,-22.012042301000008],[-48.48548689499995,-22.013406214999957],[-48.49326293599995,-22.01030945899998],[-48.49618717599998,-22.010754087000013],[-48.498679278,-22.012039837999968],[-48.503944752999935,-22.019342959000014],[-48.50725591700001,-22.021120070999977],[-48.518602499999986,-22.02427515799996],[-48.522060367999934,-22.02652539299993],[-48.531109793999974,-22.028501704000025],[-48.53716224300001,-22.03457840900001],[-48.54224050399995,-22.035068668999997],[-48.543436751,-22.033133005999936],[-48.54502925699995,-22.03400627299995],[-48.54569933099999,-22.032344507000005],[-48.546661696999934,-22.03252312799999],[-48.546325804999924,-22.030754128999934],[-48.547692110000014,-22.03047363799994],[-48.54684720400002,-22.027969324000026],[-48.54788758799992,-22.024018819999924],[-48.55051886499996,-22.022322103999954],[-48.550944656000006,-22.02339354599999],[-48.552965090999926,-22.023423611999995],[-48.55193917799994,-22.021593411999966],[-48.55344543000001,-22.020111143000005],[-48.554664599999974,-22.02052454499999],[-48.55444579299996,-22.01604044199995],[-48.55859389900002,-22.01353170999994],[-48.55806352399998,-22.01267897800001],[-48.56464375000002,-22.00653703599993],[-48.564699013999935,-22.004524871999987],[-48.56791756899998,-22.00427688100001],[-48.56945409200001,-22.002038201999934],[-48.57814563,-22.00153365599994],[-48.583254377,-21.99967796599998],[-48.58726957399995,-22.000042663000002],[-48.58648128700003,-21.999074514999972],[-48.589249128999946,-21.998779355999986],[-48.589934455,-21.996306035999964],[-48.59346388299997,-21.996221799000008],[-48.59253977499992,-21.995008906000017],[-48.59432335599997,-21.99352067199999],[-48.592894812999994,-21.99276616200003],[-48.596067270999924,-21.98794310699998],[-48.59810658499998,-21.98660466299992],[-48.59827925600002,-21.988305886999967],[-48.605875099,-21.986505760999986],[-48.606875488000014,-21.98731103799989],[-48.606828689999936,-21.985657625999977],[-48.60840075699996,-21.986595330999926],[-48.61010397099995,-21.984279350999994],[-48.611591923999995,-21.98542037399999],[-48.61345152299999,-21.983700573999943],[-48.612719342,-21.981543481999996],[-48.61141726799997,-21.981429643999988],[-48.61267283199993,-21.980329182999988],[-48.61270853999998,-21.97776225499996],[-48.61498427599997,-21.97686886699993],[-48.617036652999964,-21.978810855999942],[-48.61802588099994,-21.97786143500001],[-48.61828747300001,-21.97905208299995],[-48.620342400000034,-21.978241903999958],[-48.61970847300001,-21.976660314000014],[-48.622347511999926,-21.975885812999994],[-48.62231363899997,-21.974816071],[-48.623679365999976,-21.975765527999954],[-48.62493592299995,-21.972691681999997],[-48.62628299300002,-21.972294884999947],[-48.62538434499994,-21.971529405000027],[-48.628136797000025,-21.969926192999974],[-48.63208114099997,-21.969896792999972],[-48.631340045999934,-21.96878968499998],[-48.632633468999934,-21.969080458999994],[-48.633878857999946,-21.967760285000008],[-48.63504528700003,-21.969953958999955],[-48.635434394999955,-21.96865436799998],[-48.63764558299994,-21.96841395799998],[-48.638943214999934,-21.970004843000023],[-48.640376642999975,-21.968857028000002],[-48.641070339000024,-21.969956907999965],[-48.64493269999997,-21.97026879499998],[-48.64691103299999,-21.96782116599996],[-48.64620263699999,-21.965666917000004],[-48.649082740999916,-21.96420237199999],[-48.64850055299996,-21.96324518],[-48.650995513,-21.96397289599996],[-48.65104051099996,-21.962590467999913],[-48.651984091999964,-21.96273594799997],[-48.654026541999954,-21.959790331999976],[-48.65663684899993,-21.959759796000014],[-48.65757896100001,-21.95432329699997],[-48.661224067999974,-21.95304119500002],[-48.66121615399993,-21.952058173999944],[-48.662358952999966,-21.952830435000006],[-48.66383834499998,-21.95072372999994],[-48.664474739999996,-21.95160943199995],[-48.665398166999935,-21.949508702999932],[-48.66973717500002,-21.949555671999924],[-48.67222595199996,-21.94380753899992],[-48.66898088999994,-21.941655190999917],[-48.67122009999997,-21.94017917699999],[-48.67003931399994,-21.939183851],[-48.675339969999996,-21.936385367999993],[-48.676373001,-21.933097232000016],[-48.67838867099999,-21.932672157000006],[-48.67816861099998,-21.930212118999936],[-48.67724569299998,-21.93017248299991],[-48.68013980699999,-21.92837667799994],[-48.67916352999998,-21.927496840000007],[-48.68072192400002,-21.926978279999965],[-48.68093734600001,-21.925079744000005],[-48.68336061000002,-21.92469390099996],[-48.686155980000024,-21.920881447000003],[-48.68542584499994,-21.91940503899996],[-48.683756612000025,-21.919502732999934],[-48.684159478999945,-21.917337439999983],[-48.68700397999993,-21.91563463199992],[-48.68592937099993,-21.91504498000001],[-48.687296173,-21.914742518000033],[-48.68651338199993,-21.913698963000016],[-48.687426657999936,-21.913125971999918],[-48.68790806499999,-21.913980137000028],[-48.69204338100002,-21.911748066999962],[-48.69463060200002,-21.912475895999975],[-48.694232179999915,-21.913532592000017],[-48.696874682999976,-21.91291949599997],[-48.697828328000014,-21.91216930600001],[-48.69722542599994,-21.91102619399992],[-48.698891075000006,-21.911888804999997],[-48.69932386699992,-21.910519436999998],[-48.70030612699992,-21.911514795000013],[-48.70114756599992,-21.91086140199996],[-48.70135483500002,-21.91224894599992],[-48.70310328099993,-21.910760453999952],[-48.70542178199992,-21.913087675999964],[-48.70741273599998,-21.911920479000003],[-48.706571447999984,-21.910041342999993],[-48.70865086600003,-21.910444332],[-48.71095522899997,-21.908480682999986],[-48.712628311999936,-21.91037495900003],[-48.71644759399993,-21.908214056999935],[-48.716057142999944,-21.909927653999983],[-48.71812166299998,-21.908213596999992],[-48.718689162999965,-21.909525635999998],[-48.720015064999984,-21.9085389879999],[-48.719743036999944,-21.907336777999998],[-48.721164697999995,-21.90875515599998],[-48.721883390000016,-21.906481814999946],[-48.720918934,-21.905187500999993],[-48.72184231500002,-21.904394744999934],[-48.72061926499999,-21.90119707399996],[-48.72262625000002,-21.899947446999935],[-48.722760875999995,-21.898157390999984],[-48.72433792199996,-21.898102789000017],[-48.723989556999925,-21.89700279099992],[-48.72582968099993,-21.89679691999998],[-48.72650943699995,-21.89507566399999],[-48.725179157999946,-21.893238879000023],[-48.72704352699992,-21.891302723000024],[-48.73032987,-21.89106041299992],[-48.732914937999965,-21.889444804999982],[-48.73980886200001,-21.892314156999944],[-48.74502301199993,-21.892784236999933],[-48.76784015300001,-21.88895840700002],[-48.77017419099997,-21.890938618000025],[-48.773991824999996,-21.891622429999924],[-48.77426108399999,-21.893657596000022],[-48.779283582999994,-21.89406364400002],[-48.77928224899995,-21.89533309000001],[-48.780631819999996,-21.893396302000003],[-48.783041305999916,-21.894739213999962],[-48.78567815699996,-21.89361869499997],[-48.785748797999986,-21.895969522999966],[-48.78731639699999,-21.894169625000014],[-48.788373361999966,-21.895462469999906],[-48.78894711599992,-21.892482538000028],[-48.792802102999936,-21.892447538999978],[-48.79313195499998,-21.891392531000008],[-48.79482725599996,-21.89145538000003],[-48.79564957399999,-21.89392679599996],[-48.79723935300001,-21.893521791999934],[-48.79907755800002,-21.894751677999906],[-48.799265058999985,-21.891891693000005],[-48.800224529000005,-21.893724041999956],[-48.80199741000001,-21.89204107400002],[-48.803670188999945,-21.892871862999982],[-48.80578315600002,-21.89133999900001],[-48.80652886799999,-21.89278420499994],[-48.809141798999974,-21.890142723999986],[-48.80829930099998,-21.89310246499997],[-48.810417538000024,-21.893092055],[-48.81127149299999,-21.89138455699998],[-48.81479975999997,-21.892017362999987],[-48.81746250100002,-21.890069550000035],[-48.81947138899995,-21.890099895999974],[-48.82092601399996,-21.892016967999943],[-48.822261043000026,-21.88907604999997],[-48.82534500100002,-21.889733909999965],[-48.82796712700002,-21.892422862999993],[-48.83071651300003,-21.889935251999937],[-48.83190174100003,-21.892085888999993],[-48.834986168,-21.892892644000035],[-48.835587331,-21.894084032000034],[-48.83457104199999,-21.895401678],[-48.832757042000026,-21.894307675999983],[-48.83246911200001,-21.89739650099998],[-48.835012966999955,-21.899223543999994],[-48.83994332199996,-21.899006265999954],[-48.840841407000035,-21.902820824999935],[-48.845372887999986,-21.905696973999973],[-48.848558156000024,-21.909903197999988],[-48.85566100299997,-21.911731691999922],[-48.85925127799994,-21.91436016399999],[-48.865549997000016,-21.915136516000018],[-48.87125848900001,-21.913861188999938],[-48.87644353600002,-21.920311989000016],[-48.879452377000014,-21.92077292400001],[-48.89422016399999,-21.90668937700001],[-48.90437268399996,-21.870812452999985],[-48.90815669300002,-21.865248037000022],[-48.92016825500002,-21.85928451699999],[-48.96645930299998,-21.849300066999984],[-48.972222526999985,-21.84695663899997],[-48.97973765699993,-21.841626163999972],[-48.98635438899993,-21.834694319999926],[-48.988151341999924,-21.831060333999922],[-48.98922591599995,-21.823994266999932],[-48.98695873600002,-21.812335872000006],[-48.98413416599998,-21.808357213000033],[-48.964371707999994,-21.79017463000001],[-48.959160247999996,-21.78192972800002],[-48.95866449999994,-21.771763021000037],[-48.962022993000005,-21.76505022300001],[-48.96558347399998,-21.762164041999995],[-48.97249717599993,-21.75987328399993],[-48.987199285999964,-21.759758786999946],[-48.99974697999995,-21.764395820999994],[-49.00772387399997,-21.76548296999999],[-49.013501054999956,-21.768858156000015],[-49.020285197999954,-21.770861046999983],[-49.03202149899999,-21.771688985000026],[-49.04319499699995,-21.77401599900002],[-49.047264472999984,-21.772538461999943],[-49.05179443999998,-21.768402003999967],[-49.06681190099994,-21.763547420000013],[-49.077399731000014,-21.756871510999982],[-49.09888517500003,-21.75333310299993],[-49.10866568599994,-21.74790318300002],[-49.11527430199999,-21.738724460000018],[-49.12315097899995,-21.721130663999915],[-49.13970385699998,-21.705862062000005],[-49.14406277599994,-21.693352687],[-49.15022037699998,-21.684694793999995],[-49.152085306000004,-21.679755871999994],[-49.15222442899995,-21.67662917400003],[-49.150177924,-21.671606774999916],[-49.150958934999956,-21.65934756],[-49.163321166,-21.64762446600003],[-49.171127357999936,-21.64546870599997],[-49.17955175800001,-21.64529222899995],[-49.18924668399997,-21.64721410299995],[-49.19976597200002,-21.653137930000025],[-49.20652694499995,-21.65419064100001],[-49.21044321799998,-21.658396297999957],[-49.21075486500001,-21.667044179],[-49.214196359000034,-21.671308780999993],[-49.22699370499999,-21.659501995999957],[-49.23558862799996,-21.634799772000008],[-49.240832250999915,-21.625346639999975],[-49.24092467199995,-21.621265997000016],[-49.239775398000006,-21.620642474000007],[-49.23519606599996,-21.62224740800002],[-49.23130991899996,-21.62061360599997],[-49.22776138500001,-21.61625050699997],[-49.224402473,-21.60909195099992],[-49.217999053000035,-21.604453322999955],[-49.210502501000015,-21.603636580000014],[-49.20107491200002,-21.596678750000034],[-49.19382867399992,-21.596947039999918],[-49.185866996000016,-21.59494216099995],[-49.17917330599994,-21.589810837000012],[-49.176833378999966,-21.577582912000043],[-49.17381990199994,-21.573228140000026],[-49.169300822000025,-21.570093009999997],[-49.16836343900001,-21.56271178299994],[-49.16502911999993,-21.559820949999963],[-49.15565606400003,-21.555144310999992],[-49.15339372799996,-21.552152172],[-49.15253253899999,-21.547445798000005],[-49.153990678000014,-21.540592307000004],[-49.149573836999934,-21.52877914099995],[-49.13891107799993,-21.52466062399992],[-49.13257460800003,-21.515615727000004],[-49.12071209699997,-21.51603171799998],[-49.118261593000014,-21.51471941199991],[-49.11417011899994,-21.499833148999965],[-49.10860746200002,-21.49251363999997],[-49.097663297,-21.48350025200001],[-49.087233138999984,-21.465978037],[-49.08232058599998,-21.464171887999967],[-49.070557289999954,-21.47796245699993],[-49.055019721000015,-21.488019512999923],[-49.051122093999936,-21.489098189999996],[-49.04103736499996,-21.491141049000017],[-49.04071154299993,-21.48575923699998],[-49.039197566999974,-21.484662106999927],[-49.031127819999995,-21.48243041899996],[-49.01939091999992,-21.481934105999933],[-49.01625518499992,-21.47787500900001],[-49.01095087199997,-21.473848093999955],[-49.005497644,-21.465380008000004],[-49.00432345399999,-21.459330457000018],[-48.99765431999993,-21.459855487000006],[-48.990990089999976,-21.455733674999976],[-48.98557180900002,-21.456242610999993],[-48.982911504000015,-21.45442927200003],[-48.98251469399999,-21.451020777000014],[-48.98640621499998,-21.437493109000012],[-48.985572707000024,-21.426420059999998],[-48.981543061000025,-21.415689163999996],[-48.978841045000024,-21.416393849999963],[-48.976852310999966,-21.419169810999964],[-48.97146370299999,-21.43584115800002],[-48.96445168699995,-21.42519447100001],[-48.955489800000024,-21.423435913999974],[-48.949345757,-21.425649619999998],[-48.94577122900001,-21.412130278000006],[-48.94732682699993,-21.399232657999946],[-48.92264666699998,-21.382023018999988],[-48.91042019899993,-21.376690172],[-48.90292015300003,-21.37078350799993],[-48.89885467800003,-21.37077744299994],[-48.89634209500004,-21.376576633000017],[-48.893874420999964,-21.378520641000023],[-48.892230978999976,-21.383416886000028],[-48.89015108299999,-21.385424935000003],[-48.887173840999935,-21.387369182999905],[-48.882605092000006,-21.387635862000025],[-48.879648788999944,-21.389175170999977],[-48.87671118399999,-21.39302993999999],[-48.87317326300002,-21.39321892999995],[-48.873156946999984,-21.393975161000014],[-48.86679023099999,-21.391461123],[-48.863909748000026,-21.391461382999903],[-48.86149009799999,-21.392850967999944],[-48.85390309000002,-21.39137814699994],[-48.852732865000014,-21.39249288799999],[-48.849207766999946,-21.390091111999993],[-48.847858571999964,-21.392178324999925],[-48.84513767999999,-21.393139175999917],[-48.84219830199993,-21.392342322999976],[-48.841591429999994,-21.39388672399997],[-48.838251963000005,-21.39519118799997],[-48.838160346999985,-21.39280354799996],[-48.83600631399992,-21.39243406000004],[-48.83165484800003,-21.395354985999973],[-48.83218711799992,-21.39647597299994],[-48.825109784999995,-21.404243990999937],[-48.82390013600002,-21.407648869000013],[-48.81944710099999,-21.40696035899998],[-48.81551329500001,-21.40890699300004],[-48.81411585999996,-21.411298489999965],[-48.812337642,-21.410823140999938],[-48.804573231999996,-21.41272092999992],[-48.801162120000015,-21.411583612999948],[-48.80167269999998,-21.409883244999968],[-48.79943928699993,-21.410368987000027],[-48.79937077300002,-21.40945933299997],[-48.794291827,-21.408390936999925],[-48.792616194000004,-21.410791791000012],[-48.793481552,-21.413066017999938],[-48.79063048799991,-21.415834908000022],[-48.791081753999954,-21.417561502000037],[-48.78828896699997,-21.417300944999944],[-48.78712296399999,-21.418010451999972],[-48.78789107,-21.418993841999967],[-48.78225161399996,-21.42048105499992],[-48.77488132899998,-21.427026821000048],[-48.772043923999945,-21.426728110999978],[-48.76979703799992,-21.42491867199999],[-48.768766853999985,-21.426092196000006],[-48.76750998599999,-21.425794355],[-48.76711553899992,-21.42437838699999],[-48.76509649399992,-21.42513523399997],[-48.76221234199994,-21.42302589199998],[-48.76104551399999,-21.423906868999946],[-48.75909516599996,-21.422692175999984],[-48.75686611499992,-21.42364350299995],[-48.75394123599995,-21.419739806999996],[-48.75432855700001,-21.415181238999974],[-48.752452774999995,-21.405983394999964],[-48.744968684999996,-21.39193094299997],[-48.74865950899999,-21.375078561999917],[-48.74651464599998,-21.358237071000012],[-48.73796711099993,-21.344733568999978],[-48.733350579999964,-21.328942771999948],[-48.734819743999935,-21.32414063900001],[-48.73427919299996,-21.321472669999935],[-48.73097563800002,-21.318377778999956],[-48.730753197999995,-21.316789855000017],[-48.73221702899998,-21.308789597999915],[-48.73468742,-21.304986133999993],[-48.73434751999998,-21.29600016299991],[-48.73317652399998,-21.293842669000014],[-48.73408479999995,-21.290494119999988],[-48.732381033000024,-21.286738328000013],[-48.73542917100002,-21.284533104999948],[-48.736010625000006,-21.281790331999957],[-48.73287965399999,-21.27644300600001],[-48.73592468099997,-21.26564527599994],[-48.73240454199993,-21.259611932999974],[-48.74224237999999,-21.253928319999993],[-48.74355286100001,-21.248831013999972],[-48.74148859600001,-21.24543547100001],[-48.73547905599998,-21.246482478999933],[-48.73114054799999,-21.241746754000026],[-48.72561354099992,-21.242587613000012],[-48.72164381599998,-21.241050127999983],[-48.713337783999926,-21.233095079000016],[-48.70888795600002,-21.23047201199995],[-48.698276109000005,-21.22758737499994],[-48.697814242,-21.225299590999988],[-48.695570669999995,-21.22424896999995],[-48.694548543999986,-21.22158423500002],[-48.698197901000015,-21.217919103999943],[-48.69981702799999,-21.213532811999983],[-48.70438868899999,-21.212309221999984],[-48.70568483199992,-21.20990447599996],[-48.70529192300001,-21.207380843999942],[-48.70783612600002,-21.20274033499998],[-48.71238377099997,-21.199930159999937],[-48.71663685399995,-21.194255542999954],[-48.71912257700001,-21.193890785999958],[-48.72378781399993,-21.189632868999944],[-48.72588000600001,-21.183620451000014],[-48.72490322099992,-21.180571927000017],[-48.72855632699998,-21.17798480300003],[-48.726590493,-21.17264125299998],[-48.72817778699999,-21.170276589000025],[-48.727856841000005,-21.166579416000005],[-48.72867419999994,-21.164604311999973],[-48.730657463,-21.163574289999985],[-48.735958770000025,-21.148926030999977],[-48.73702361499994,-21.14936169799996],[-48.73945046300003,-21.147156493000004],[-48.74194626799994,-21.148689408999935],[-48.74598249799993,-21.14777441999996],[-48.74768508499995,-21.145057979000008],[-48.74864689399993,-21.145491016999966],[-48.747776251000005,-21.142149801000024],[-48.74882574999999,-21.13991045400002],[-48.751756494999995,-21.13859864299996],[-48.75451503099998,-21.134744899],[-48.75573729299999,-21.135991436999927],[-48.75817416199999,-21.134284612999927],[-48.75917326899997,-21.135123151000016],[-48.76010045200002,-21.133514501999954],[-48.75824099200003,-21.13083082699997],[-48.75898379799998,-21.124276408999954],[-48.75811156499992,-21.120132157999972],[-48.76054632199998,-21.119007995999983],[-48.764712739000004,-21.119232405999973],[-48.77030952199999,-21.10826219599993],[-48.77206057099998,-21.10769640900001],[-48.776586168999984,-21.109104236999986],[-48.77789943599993,-21.10575490199996],[-48.774823304999984,-21.10412238999999],[-48.777163583,-21.098745902999987],[-48.77033463499992,-21.090294716999985],[-48.761339926000005,-21.08758239399998],[-48.75711878399994,-21.08744561600002],[-48.75051504199996,-21.08393564499994],[-48.74644939299992,-21.084577055999983],[-48.73475340799996,-21.075943026999937],[-48.72983803099998,-21.074230152999984],[-48.725051758999996,-21.074328218999927],[-48.724240555999984,-21.06719810200002],[-48.719327539000005,-21.063635695999952],[-48.716718592999996,-21.059363590999936],[-48.71540677899998,-21.046748874999984],[-48.70735382800001,-21.03795350899999],[-48.70254276499998,-21.034691310000014],[-48.699545650999994,-21.030071662000008],[-48.69889279399996,-21.024959434999957],[-48.69166369099992,-21.011183893999988],[-48.69333136400001,-21.00660546399996],[-48.69851993100002,-21.006202513999977],[-48.70092599899999,-21.004226566999925],[-48.699587220999945,-21.001749435999965],[-48.701010026000006,-21.000422424999954],[-48.69988840399992,-20.997070577999924],[-48.697515050999925,-20.994866640000005],[-48.697716074000034,-20.99348245200002],[-48.701869091999924,-20.99172654699996],[-48.70359778799997,-20.993144420999954],[-48.70790719600001,-20.991823575999984],[-48.70973806099999,-20.987532961000003],[-48.70696695700002,-20.984333295999917],[-48.708521804999975,-20.980758517000016],[-48.716195520999975,-20.97708972799994],[-48.717988563000006,-20.97784790599997],[-48.720805208,-20.97444382299995],[-48.72324281499999,-20.97651632399992],[-48.722396505000006,-20.97717966200003],[-48.724840435999965,-20.97835058799998],[-48.72565778599994,-20.98062135799994],[-48.727128900999965,-20.980904727999928],[-48.728572662999966,-20.977966775999963],[-48.736992051000016,-20.971438626999998],[-48.73628635999995,-20.96586692699998],[-48.73715517300002,-20.96322967499996],[-48.74001430599997,-20.96318745399998],[-48.74259825199999,-20.966971270999938],[-48.744927397000026,-20.966297425999997],[-48.74636991099993,-20.961847129999967],[-48.74345026200001,-20.958580605999988],[-48.74328161400001,-20.956153579999974],[-48.75301354700002,-20.952823159999923],[-48.759309659999985,-20.948223162999998],[-48.758676854999926,-20.946100437999995],[-48.75990387000002,-20.946623282999948],[-48.76047414499993,-20.94456815699994],[-48.76255386499997,-20.94496944000002],[-48.76629927699997,-20.950039095999955],[-48.76849047399992,-20.94984752499992],[-48.77049297999997,-20.946548751000012],[-48.775328750000035,-20.944990338999947],[-48.77484481199998,-20.942400396999965],[-48.77589106800002,-20.942428398999983],[-48.775932764,-20.940645135999937],[-48.777987606999936,-20.94014292199999],[-48.77747020200001,-20.93863886300001],[-48.78252388499993,-20.936597473999992],[-48.78346152,-20.937139618000014],[-48.784420055,-20.934699802999997],[-48.789351139000026,-20.932539178999935],[-48.79106112400001,-20.934132260000002],[-48.79281974099997,-20.934126328],[-48.793037717999994,-20.93306450699999],[-48.794257433999974,-20.93468736099992],[-48.796038098,-20.934189034999925],[-48.791423095000034,-20.94037637000004],[-48.79077775199995,-20.94496380199996],[-48.79277896399998,-20.949180545999972],[-48.794671481999956,-20.959752494999968],[-48.80085886699999,-20.969999336999937],[-48.80465972899998,-20.981958792999936],[-48.80475326099997,-20.98694783000002],[-48.80954496399994,-20.991127449999965],[-48.814920549000014,-20.991306624999943],[-48.81605689599996,-20.99915273299996],[-48.82428411799998,-21.00310195099998],[-48.82856961700003,-21.003016391000006],[-48.83428631800001,-21.004850971999993],[-48.83804270899992,-21.00714481099999],[-48.84441562299992,-21.015184634999976],[-48.847424545000024,-21.013828483999905],[-48.850036993,-21.01438556400002],[-48.85145159699994,-21.01144833299992],[-48.85522819899995,-21.008615153999983],[-48.858371180999995,-21.008242258999932],[-48.859684062999975,-21.005871595999956],[-48.85970216199996,-21.001289717999942],[-48.85639700999997,-20.99796555699999],[-48.856236163999995,-20.996368780999944],[-48.85756712999995,-20.996221263999985],[-48.857281436999926,-20.992438649000007],[-48.859688438999974,-20.989158573999937],[-48.85970077199994,-20.986083527999995],[-48.86177433099999,-20.984488030000023],[-48.86130959500002,-20.977691359000005],[-48.86476269700001,-20.97923364499997],[-48.866179407999944,-20.974404696000015],[-48.867724404,-20.974903401999995],[-48.87123200099995,-20.971584494000027],[-48.87498786100002,-20.97162177299998],[-48.87815867500001,-20.970122850999907],[-48.87925569999999,-20.967494209999984],[-48.87788424499996,-20.96463385499996],[-48.878880322999976,-20.96310212399998],[-48.87802188499996,-20.961097828999986],[-48.879176555000015,-20.95989995999995],[-48.88231065100002,-20.960219483999925],[-48.886014438000025,-20.95891335099999],[-48.88537315799999,-20.952659241000013],[-48.88141783200001,-20.94945104899999],[-48.88261039700002,-20.94915008699997],[-48.882041645000015,-20.94757602200002],[-48.88308287799994,-20.946796649000024],[-48.884316936999994,-20.947965312000015],[-48.88658724200001,-20.946536153999944],[-48.889027296,-20.948783150999983],[-48.88907252799993,-20.947405444000022],[-48.89193795199998,-20.947680264999935],[-48.895094588000006,-20.938310246999954],[-48.90072614099995,-20.935512996999986],[-48.89962574700003,-20.935035184999926],[-48.90094871099997,-20.93331190599992],[-48.898825966,-20.93002456899996],[-48.90234344300001,-20.92811781599994],[-48.901713072000014,-20.926562056000023],[-48.90477239399997,-20.92419118799995],[-48.90632264599998,-20.919663344999943],[-48.908723701999975,-20.917805370999982],[-48.90908065799993,-20.91327063099993],[-48.90729281199998,-20.91238814000001],[-48.908810450999965,-20.91126592899998],[-48.907177554999926,-20.908439976999983],[-48.90860834799992,-20.903910634999985],[-48.907327978999945,-20.90195640199999],[-48.907436158999936,-20.899146777999974],[-48.910059734000015,-20.89592420499997],[-48.90964949099992,-20.894018340999907],[-48.91132195,-20.893319374999912],[-48.90773996399992,-20.892526431000014],[-48.90540397900003,-20.889133183999945],[-48.906626586000016,-20.886783234999942],[-48.904174144000024,-20.886639525],[-48.90917872999995,-20.881546466999957],[-48.91287587499999,-20.88073206799993],[-48.91263897300002,-20.882542937999926],[-48.91372553299994,-20.882690070000024],[-48.91476599499998,-20.88056726999999],[-48.91749317,-20.881337001999956],[-48.91787599499998,-20.879166221999967],[-48.92177273900001,-20.87988583499997],[-48.922201191000006,-20.878209943999973],[-48.92380852500003,-20.878628428999946],[-48.926042270999915,-20.875784239999973],[-48.929592397000015,-20.879154024000016],[-48.92859273900002,-20.87976555500001],[-48.930197513999936,-20.881535351000018],[-48.932367388999985,-20.88139126799999],[-48.934548845,-20.88313145299992],[-48.94230153000001,-20.88337840199995],[-48.94817597799995,-20.87785623899991],[-48.94762039699999,-20.870895017000016],[-48.94944055299993,-20.869039896999983],[-48.950418997999975,-20.869359617999972],[-48.951001127999916,-20.866871137999947],[-48.952956497,-20.866148355999922],[-48.95629411700002,-20.868175808999915],[-48.96029336799995,-20.864126477000024],[-48.96590668699997,-20.862623297999942],[-48.96893374999997,-20.859099615999995],[-48.970969165999975,-20.858520908999992],[-48.97059205299996,-20.857540121000003],[-48.98454250799995,-20.848198686999964],[-48.98910841700001,-20.84778275699994],[-48.99094403700002,-20.848949606000012],[-48.994628303000006,-20.847855135999964],[-49.00125135100001,-20.848196654999985],[-49.00453931200001,-20.853182491999956],[-49.00792594500001,-20.853491499999947],[-49.008141833000025,-20.854730156999953],[-49.012841069999986,-20.854734064000006],[-49.01264206699996,-20.853393283999996],[-49.016522259999995,-20.853853179999923],[-49.02321051599995,-20.849930841999935],[-49.027980023,-20.843093295000003],[-49.03425400999993,-20.83707710800002],[-49.041720514000026,-20.834978791999944],[-49.04081112400001,-20.832868143999978],[-49.045985159,-20.829380888999992],[-49.04651383700002,-20.82523380899994],[-49.05459701900003,-20.821842859999954],[-49.05473031399998,-20.818366487999985],[-49.064012569,-20.812989947999938],[-49.06392336699997,-20.811826812999968],[-49.06575640300002,-20.811595388999944],[-49.06836983699998,-20.81310904499992],[-49.07418836300003,-20.81087779199997],[-49.07725141199995,-20.81096878899995],[-49.08378560799997,-20.813417296999948],[-49.085603288000016,-20.812037604999997],[-49.09305706200002,-20.81083301500002],[-49.09371358899995,-20.805683569],[-49.09150011299994,-20.79605092399993],[-49.09004930399999,-20.794369856999936],[-49.09121633199999,-20.789092100999987],[-49.094961690999924,-20.784369287999997],[-49.10269570600002,-20.781453277999958],[-49.10513411699998,-20.779155994999936],[-49.10132935899992,-20.77300818399993],[-49.09786020699994,-20.770954533000012],[-49.098685165999996,-20.76913853799995],[-49.09541443899996,-20.76673722999999],[-49.096458684999966,-20.764088505000007],[-49.094808209000014,-20.762819245999985],[-49.09526049700003,-20.75644851599997],[-49.09880872999997,-20.75099565599993],[-49.099159362999956,-20.74718972999995],[-49.10219885499993,-20.74433745299995],[-49.10424560199999,-20.745345881000006],[-49.10537027699996,-20.744506076],[-49.104062724000016,-20.74233505299992],[-49.107138459,-20.740809458999998],[-49.109953324,-20.742473367000006],[-49.11008487499999,-20.74025712899992],[-49.108001731999984,-20.739040260999957],[-49.11170872999992,-20.736753417999985],[-49.115137499999946,-20.736962405999932],[-49.117994368999966,-20.73944166399997],[-49.12114402200002,-20.73404227699996],[-49.121745304,-20.730394322999906],[-49.125765506,-20.728902618999996],[-49.12641634599993,-20.726499165000014],[-49.12495837699993,-20.720757398000003],[-49.12625771799998,-20.72040633799995],[-49.12608096399999,-20.715848245999943],[-49.124034646999974,-20.71379232299995],[-49.126984944000014,-20.71080266099995],[-49.124807303999944,-20.705747533999993],[-49.121789105000005,-20.702692785999925],[-49.12170625299996,-20.698928321999976],[-49.123784897000014,-20.697068503999986],[-49.12303979799998,-20.695285682000016],[-49.12401247899999,-20.69188652599995],[-49.120844920000025,-20.683183412],[-49.129352419999975,-20.674728965000003],[-49.12651159699993,-20.671939201999916],[-49.127291164999974,-20.67091907200002],[-49.126330250000024,-20.66957430899993],[-49.121193221999995,-20.666614641000034],[-49.12199944700001,-20.664891709000027],[-49.127427461000025,-20.662948282999935],[-49.129329552999934,-20.65779227500002],[-49.121888679999984,-20.656755715999967],[-49.10632001900001,-20.651300635999974],[-49.109555634999936,-20.64682716799996],[-49.12465363000002,-20.637542017999955],[-49.123525566999945,-20.631108192999985],[-49.12030429499998,-20.62972078099993],[-49.11896833499992,-20.626134739999998],[-49.11671648499993,-20.625461550000022],[-49.11576023799995,-20.623773507000003],[-49.118304060000014,-20.62255601800001],[-49.124081639999986,-20.623214483000016],[-49.12260756500001,-20.620078830999947],[-49.12449881200002,-20.61473153700001],[-49.12398562200003,-20.611061940999925],[-49.11861258599998,-20.603666573999927],[-49.119200801999966,-20.599558243999972],[-49.120568480999964,-20.59754957100001],[-49.12557821199999,-20.595091247999953],[-49.13655278999994,-20.59406227499999],[-49.133358611999995,-20.58723046000002],[-49.13600766500002,-20.583367676000023],[-49.14600202399998,-20.582556935000007],[-49.149886816000006,-20.57679576899999],[-49.15356284599994,-20.576135806000007],[-49.15523767299999,-20.5770158639999],[-49.156043153,-20.574713870999968],[-49.161222330999976,-20.574538865999944],[-49.159399082999926,-20.573095884999947],[-49.15988540699993,-20.571677634000032],[-49.168180655000015,-20.560819852999956],[-49.166217960999965,-20.555008751999992],[-49.168201151999995,-20.551789546000002],[-49.175442592000024,-20.546107615999983],[-49.18876637500001,-20.54022661400001],[-49.18890302099993,-20.541896935999986],[-49.19016986199995,-20.53899669499998],[-49.19338636600003,-20.538719863999972],[-49.194073906000035,-20.537172397999985],[-49.20010885099998,-20.535644815999984],[-49.19929876099997,-20.534120177999945],[-49.202425818999984,-20.531311002999985],[-49.202415174000016,-20.52955885599994],[-49.19737377999997,-20.52099713999996],[-49.189106435999975,-20.51170871399995],[-49.19287702499998,-20.50862781499995],[-49.19693050899997,-20.508123271999985],[-49.199785635999945,-20.505870830999932],[-49.206851879000006,-20.505546920999965],[-49.21083768699992,-20.50267327999995],[-49.211098008999954,-20.49308397099991],[-49.21503305700003,-20.490494064999965],[-49.21221418899996,-20.488237950999977],[-49.213506471999956,-20.483546488999927],[-49.214671373999984,-20.48305173299996],[-49.21192757499995,-20.48044666199996],[-49.21182396099999,-20.47795708599996],[-49.21950993500002,-20.472014833999978],[-49.20766656299992,-20.466161332000013],[-49.19661481099996,-20.468077927000024],[-49.18595601200001,-20.474199005999992],[-49.18124629099997,-20.475359071000014],[-49.17643346800003,-20.47402127399998],[-49.17436227399997,-20.471595143000005],[-49.173614259999965,-20.468283699999926],[-49.165034240000026,-20.45896580299994],[-49.152826098000006,-20.463637016999936],[-49.14604304199992,-20.458818389999973],[-49.143965901999934,-20.454295678999944],[-49.14008159699995,-20.456938664999942],[-49.14070442100002,-20.459669114000008],[-49.145632533999965,-20.465650665000005],[-49.14548959999996,-20.46897127399995],[-49.14311274499995,-20.46894569099998],[-49.140035753999996,-20.46605625500002],[-49.13282535999997,-20.463531001999968],[-49.12296746499999,-20.456457589000024],[-49.120735608000025,-20.445342164],[-49.116797033999944,-20.43890088100002],[-49.115445451000035,-20.432616599999957],[-49.11106367399992,-20.42435619899993],[-49.10609152699993,-20.422389244],[-49.09961839900001,-20.41571432399996],[-49.09574617099997,-20.41548866299996],[-49.090634019,-20.419085094000025],[-49.087167422999926,-20.418741208999958],[-49.08617713599995,-20.413279074],[-49.083052615999975,-20.408046970999916],[-49.084966580000014,-20.402265297999918],[-49.084637074999996,-20.39903149499999],[-49.08096483600002,-20.393517825000004],[-49.081563566999996,-20.388654101999922],[-49.07831715799995,-20.383419711999892],[-49.076755385999945,-20.37342965599997],[-49.07790419700002,-20.369578198999974],[-49.07572208699992,-20.355364808999973],[-49.085608905000015,-20.345828854999937],[-49.090118821999965,-20.336887687000004],[-49.091358035999924,-20.322545499999915],[-49.090012572999974,-20.31856335199995],[-49.09010832999997,-20.313757649999935],[-49.09114913099996,-20.306031473000026],[-49.09456272999995,-20.29762455599996],[-49.09368196600002,-20.289165093999998],[-49.10201950700004,-20.281727553999943],[-49.10386708599992,-20.28159590799998],[-49.11362483599993,-20.273934732999976],[-49.11503737999999,-20.27128688099997],[-49.11969414599992,-20.269738057999913],[-49.11161903499998,-20.250318314000015],[-49.10418985700001,-20.239807223000014],[-49.08960305099993,-20.213369463999975],[-49.07172054699994,-20.162227094999988],[-49.06624302899996,-20.15388579099995],[-49.06309087699992,-20.152095520999975],[-49.03276117100001,-20.150164978000006],[-49.01456758699999,-20.153579740999916],[-48.990851073999984,-20.16670613299994],[-48.98593892699995,-20.171555999000013],[-48.97888229699999,-20.188840486999993],[-48.971344537,-20.213821017999923],[-48.961729089000016,-20.264065169999967],[-48.965117429999964,-20.275315589999988],[-48.96364961900003,-20.287652222999974],[-48.965109451999915,-20.296146799999978],[-48.96675715399999,-20.341449958999995],[-48.965479157999994,-20.36215018],[-48.965941886,-20.368301723999938],[-48.969917322000015,-20.381862947000005],[-48.969422195999975,-20.39022732],[-48.965251158,-20.397578393999996],[-48.95414767300002,-20.40864949399999],[-48.926356457,-20.42285699399996],[-48.90737311899994,-20.43656954300001],[-48.89539151499997,-20.440635977999932],[-48.886453329000005,-20.43662995099994],[-48.87827376599996,-20.42914272599995],[-48.86993297499993,-20.41134981900002],[-48.86728887200002,-20.398419536999924],[-48.86875975700002,-20.382494985999994],[-48.873173279000014,-20.368410526],[-48.87645803800001,-20.361922954000022],[-48.879156894000005,-20.34882420699999],[-48.87945778599993,-20.338930928000032],[-48.877288944999975,-20.331344673999933],[-48.875883579,-20.316286267000002],[-48.88745855699996,-20.295705191000025],[-48.88546873400003,-20.285591090999958],[-48.88637194499995,-20.27533273799991],[-48.885111230999996,-20.268556495999967],[-48.87266651499999,-20.241737453999992],[-48.86917250799996,-20.237816460999966],[-48.85962493599999,-20.231135991999942],[-48.85416330799996,-20.218705286999903],[-48.85354016500002,-20.211296369999953],[-48.857173210999974,-20.204044110999956],[-48.85797571799992,-20.198360447999956],[-48.857656979999945,-20.186935209000016],[-48.85596162500003,-20.18026571399991],[-48.853129330999934,-20.17742664299993],[-48.843124037999985,-20.172447717000015],[-48.83545366200002,-20.166600879999933],[-48.824869385,-20.16207356399998],[-48.81677876100002,-20.16140726300001],[-48.794984437999915,-20.163257129999934],[-48.78223026999996,-20.163143993],[-48.770276679000006,-20.161106867999937],[-48.75362644400002,-20.153278245999992],[-48.750421119,-20.15268555400001],[-48.740000357999975,-20.153825907999924],[-48.731990597999975,-20.151204679999967],[-48.721432135,-20.153584738000003],[-48.706915163000026,-20.16032810899998],[-48.687211675000015,-20.163434554999977],[-48.67410393,-20.16190083400001],[-48.667229613000025,-20.165409189],[-48.66332494500001,-20.166141083000014],[-48.64396036300002,-20.166642954999926],[-48.63864275399993,-20.165099035000022],[-48.62650559200001,-20.158817944999992],[-48.59410936299992,-20.136731488999985],[-48.58044926499997,-20.131207290999956],[-48.56631222300002,-20.129766341999936],[-48.52481072599995,-20.134481930999915],[-48.51284560900001,-20.13782712499994],[-48.49314303199998,-20.138672693],[-48.480717993999974,-20.13407905199999],[-48.47451111099998,-20.134014964],[-48.46596937499993,-20.130415850000023],[-48.45431672699999,-20.128089531000008],[-48.44765111399994,-20.12314542799993],[-48.441191505999996,-20.120488389999984],[-48.40700068499996,-20.112881549999997],[-48.39930192699995,-20.113681397999972],[-48.39104817800001,-20.118788611999953],[-48.38613964500001,-20.118258721000014],[-48.37934384999994,-20.121331055999917],[-48.369026316999964,-20.122801046999932],[-48.349262435000014,-20.120424882999988],[-48.341254518000035,-20.114086260000015],[-48.33476966199993,-20.11464670100003],[-48.32878910599999,-20.112373872999957],[-48.32462810499998,-20.11375810399993],[-48.316654082000014,-20.113383370000022],[-48.31298171600002,-20.11599230299998],[-48.30736928499999,-20.11737887899995],[-48.30243763099999,-20.121338707000007],[-48.294810285999915,-20.124242042],[-48.28554323399993,-20.136458948999987],[-48.2768107,-20.140993461999944],[-48.26454552799993,-20.14323952400002],[-48.247513329999954,-20.141832622999985],[-48.24160231600002,-20.13983469999999],[-48.23523598700002,-20.134463122999986],[-48.225530445000004,-20.13412243599991],[-48.22319853399995,-20.131202622999936],[-48.218873794,-20.128546542999963],[-48.217649746999946,-20.12534869299998],[-48.22063788499991,-20.11345627700002],[-48.228214816999994,-20.10793148599992],[-48.24049047199992,-20.092373076999994],[-48.250398736999955,-20.086183809999962],[-48.253370374999975,-20.078959342999937],[-48.252585578999984,-20.070854966999978],[-48.24835597100003,-20.063261682000032],[-48.24545798499997,-20.052969748999974],[-48.24507561299998,-20.048285556999996],[-48.247527282999954,-20.03927361499995],[-48.247223974,-20.034704267999995],[-48.243008509999974,-20.029544434000023],[-48.23216045599992,-20.026879060000002],[-48.227350981999955,-20.027472205999988],[-48.217498630999955,-20.031613848999978],[-48.20671881200002,-20.040427688999944],[-48.194289114000014,-20.05688382699996],[-48.182904630999985,-20.075164334999965],[-48.18113558199997,-20.080705868999996],[-48.18264744099992,-20.086285611999983],[-48.182112016000026,-20.091050398999904],[-48.17697138499995,-20.099160417999943],[-48.16960131899999,-20.103449699],[-48.161585448999915,-20.102995741],[-48.157738929000004,-20.104606514000018],[-48.154956013999936,-20.10748278099993],[-48.15087369099996,-20.120502055999957],[-48.14737159399999,-20.124451186999977],[-48.12808658499995,-20.131775494999985],[-48.12507022699997,-20.13392112099995],[-48.11782994200001,-20.143060198999933],[-48.10650192700002,-20.14703095799997],[-48.097942789999934,-20.146505601999984],[-48.08455125699993,-20.14890374999998],[-48.07495078699998,-20.149019162999988],[-48.06292195899999,-20.142207627000012],[-48.05099903500002,-20.13914203199994],[-48.04899332599997,-20.13007749799999],[-48.043491722999924,-20.12369656699995],[-48.03852391899994,-20.11999166800002],[-48.033839580999995,-20.119693516999938],[-48.02452764200002,-20.125268891999948],[-48.02245240799999,-20.125178673999933],[-48.01867693099996,-20.122125081999968],[-48.01441153799999,-20.115910358000008],[-48.01043377099995,-20.11204328100001],[-48.00528331100003,-20.10954318099999],[-48.00192252599999,-20.104590641000012],[-48.001585980000016,-20.098645282999986],[-47.99509449999999,-20.08293740799994],[-47.99087712900001,-20.078865078999964],[-47.988838735,-20.07406468099999],[-47.99097665199997,-20.04271830999995],[-47.98619020899997,-20.037064879000006],[-47.98248577099997,-20.036603152999987],[-47.974195208999966,-20.037966376999993],[-47.96301464800002,-20.042748779999975],[-47.952339310000006,-20.052579647000012],[-47.945722608999915,-20.067105950999974],[-47.94446388199997,-20.088797994999986],[-47.94255250399999,-20.095296300999962],[-47.938791213,-20.10182599499996],[-47.92973560100001,-20.11193775899996],[-47.90700994399999,-20.1235787449999],[-47.900861981999924,-20.125109669999905],[-47.895252957000025,-20.12510823100002],[-47.892753494999965,-20.122974836000022],[-47.890200037999996,-20.114980800000012],[-47.878896199999936,-20.103569228999955],[-47.87497782499992,-20.096910601999983],[-47.872788320999966,-20.091233968999976],[-47.87168508099995,-20.08332949300001],[-47.86844527399995,-20.077510523000008],[-47.87103564999995,-20.064526283000006],[-47.870225237,-20.061102655000003],[-47.861849397000015,-20.05623470500001],[-47.85975296200003,-20.05262887499996],[-47.85959465299999,-20.046861985999954],[-47.87403037699994,-20.035204866000008],[-47.87575999000001,-20.030374632999948],[-47.87569235500001,-20.020804130999966],[-47.87461215699995,-20.017283844999962],[-47.86505514999993,-20.003057188999996],[-47.861916856,-19.995953016999902],[-47.85569881299995,-19.990489553999986],[-47.848174296999964,-19.989673217999993],[-47.842576854000015,-19.991416185000013],[-47.830312354,-19.98731339500001],[-47.814466592999956,-19.988032926000013],[-47.80261153099996,-19.984599731000017],[-47.78460200599995,-19.985444873000002],[-47.77912653499999,-19.98693242499996],[-47.76276999599993,-19.985549687000002],[-47.75590923200002,-19.990154986999986],[-47.749402370999974,-19.99062088099998],[-47.73377307099998,-19.98737315800002],[-47.721584608,-19.980147246999987],[-47.713577407,-19.978773169000014],[-47.707008530999936,-19.979294794999973],[-47.690486116,-19.987646246999986],[-47.67754329099995,-20.00131123699998],[-47.674031965999916,-20.008348468999948],[-47.67576037299995,-20.01664913500004],[-47.670343478000014,-20.023219537999967],[-47.65770011699999,-20.03192942699996],[-47.64052660799996,-20.047818525999944],[-47.63371540299994,-20.049581016999973],[-47.63124567999995,-20.048751216999946],[-47.626503533000005,-20.04347173500004],[-47.61390957200001,-20.042047349999983],[-47.607741063999924,-20.0365841639999],[-47.60109492599991,-20.03419168699992],[-47.59529129499998,-20.027527383000006],[-47.59311471500002,-20.022196584000028],[-47.59286518699997,-20.01909625199998],[-47.594579728999975,-20.014510092999956],[-47.59298190999994,-20.008042233000026],[-47.587409296999965,-19.998663046999994],[-47.58302105199999,-19.99543861400002],[-47.575782817000004,-19.993975320999972],[-47.560611789000006,-19.99718444899998],[-47.55412913400001,-19.997021253999943],[-47.54998143099999,-19.99450884999999],[-47.54409605900003,-19.986543013],[-47.540382861999944,-19.98411064599992],[-47.50840036599993,-19.98279395199995],[-47.505778958000015,-19.981528769000015],[-47.502814556999965,-19.97527273700003],[-47.49997039400001,-19.972715787000027],[-47.48999733599993,-19.969079629999953],[-47.47984984300001,-19.968516157999986],[-47.47784872800003,-19.967648188],[-47.47530888900002,-19.962579051999974],[-47.472826930999986,-19.96126999499995],[-47.46951360700002,-19.96122679199993],[-47.464340686000014,-19.963447613999996]]]}},{"type":"Feature","properties":{"id":"zee-03","nome":"Campinas"},"geometry":{"type":"Polygon","coordinates":[[[-47.66096626699999,-23.015289698999997],[-47.66147160100002,-23.008875319000015],[-47.658734257,-23.006760644999982],[-47.65842263500002,-23.001829042999983],[-47.660139984000025,-23.000414175000007],[-47.660032183,-22.996947174999995],[-47.66821933000001,-22.993246607],[-47.66372045899998,-22.99022764000001],[-47.665510085,-22.98390657099998],[-47.668967624000004,-22.9825331],[-47.67042508600002,-22.980628027000005],[-47.669623394999974,-22.97486725900001],[-47.67306846899998,-22.972921762999988],[-47.67688311400003,-22.968037406],[-47.67596627000001,-22.963233703999993],[-47.67844352600003,-22.95678405299996],[-47.68350676099998,-22.952801167999993],[-47.68644789600001,-22.947667319],[-47.69262153500001,-22.941356148999994],[-47.694610606000026,-22.93545939500001],[-47.69785416600001,-22.93119232100002],[-47.697479871999974,-22.925587326000027],[-47.700314307999975,-22.92016175600002],[-47.71410979600002,-22.91160065399998],[-47.713956221999986,-22.913402275999996],[-47.72257386199999,-22.91962170300002],[-47.72157806699999,-22.922924406999986],[-47.72260554000002,-22.924409188000023],[-47.722671456,-22.93231098699999],[-47.745785594999965,-22.932442187999996],[-47.750024231,-22.926930159999984],[-47.75462834699999,-22.923400040999972],[-47.75974874000003,-22.922137078999967],[-47.75944843299999,-22.916093492999998],[-47.75732987800001,-22.913955262000016],[-47.760218964999986,-22.91078026799998],[-47.76197730000001,-22.905103844999985],[-47.76405686700003,-22.902448171000003],[-47.80617187299998,-22.876355072000017],[-47.832044993000025,-22.88554105100002],[-47.83332318499998,-22.893881512999975],[-47.835077825999974,-22.896441875000004],[-47.84051918199998,-22.899498841000018],[-47.844862836000004,-22.90129358199999],[-47.847611233000016,-22.900386804999968],[-47.851159370000005,-22.901324409999976],[-47.857708797,-22.900443520999975],[-47.85996697799999,-22.898818155000004],[-47.86318017100002,-22.900078505],[-47.863608860999996,-22.89824891699998],[-47.868567944999995,-22.898578252999997],[-47.86911732800002,-22.89485189200002],[-47.87080906800003,-22.89401467300001],[-47.86793281400003,-22.888803225999993],[-47.86482324999997,-22.887318416000028],[-47.86473950499998,-22.885165178000033],[-47.862962847000006,-22.884551067000018],[-47.86394869100002,-22.881134506000013],[-47.861052528000016,-22.878665703999992],[-47.86093065900002,-22.873585138999996],[-47.85864844499997,-22.871854123000006],[-47.85943213500002,-22.87104864600002],[-47.857648485000034,-22.86651438199997],[-47.859162207999994,-22.866165337999966],[-47.86282266600001,-22.860941616],[-47.86675840700002,-22.860274085000032],[-47.87515637500002,-22.86387902899995],[-47.88147822799999,-22.862879750999987],[-47.88705039199999,-22.866271759000025],[-47.89617202400001,-22.868678567999993],[-47.89838027799999,-22.87024886799998],[-47.900286875000006,-22.87755942000002],[-47.905963326999995,-22.876879318000018],[-47.915829331,-22.884055219000018],[-47.92868268199999,-22.882332239999982],[-47.93741063800002,-22.88295101099998],[-47.94205988599999,-22.883856121999987],[-47.94795284899999,-22.888319497999984],[-47.958259571999974,-22.889027450000018],[-47.961233417000024,-22.890573244999985],[-47.96808842399998,-22.899444254000006],[-47.96945998000001,-22.899826400999967],[-47.973420023000024,-22.896506567000014],[-47.97541607300002,-22.890074238000004],[-47.97497430999999,-22.884419966000003],[-47.98121840800002,-22.876108581999958],[-47.981922998000016,-22.870192374999988],[-47.984998546,-22.868728689000026],[-47.988488942000004,-22.870019058000004],[-47.99055241200001,-22.874666574999992],[-47.99093518699999,-22.87928980100003],[-47.987643887,-22.887115858],[-47.99239401500001,-22.894951938999995],[-47.999829696000006,-22.89917521799998],[-48.00943118499998,-22.895551145999978],[-48.012397068999974,-22.892351105999982],[-48.01565120599997,-22.88475030799998],[-48.014220658,-22.883122527000026],[-48.00634795299999,-22.88236777899999],[-48.00275159,-22.87977019300001],[-48.00246367,-22.868434695000015],[-48.003808682,-22.86500302700001],[-48.013869420000006,-22.853140637000013],[-48.038783572,-22.846254432999995],[-48.04756960999998,-22.832395956000028],[-48.04182874899999,-22.82884907800002],[-48.03401958699999,-22.827169801000014],[-48.03202256899999,-22.825715790000004],[-48.033650367000014,-22.81783876100002],[-48.03069099800002,-22.805896428999972],[-48.031880617000006,-22.797011656999977],[-48.02722782400002,-22.791824887000022],[-48.026861904999976,-22.789118853999977],[-48.02942386299998,-22.77839140499997],[-48.026824194000035,-22.762452112],[-48.02788495200002,-22.754184882000004],[-48.02609231100001,-22.750258577999993],[-48.024080556,-22.748903779999978],[-48.016097882,-22.74889088499997],[-48.018209333000016,-22.744511762999984],[-48.01829728199999,-22.741341750000014],[-48.01708729799998,-22.737764909000024],[-48.01430480900001,-22.734621514000015],[-48.02115075099999,-22.724533926999978],[-48.026051800000005,-22.723602459999995],[-48.03050165299999,-22.719276085],[-48.03267006499999,-22.719695267000006],[-48.038380409999995,-22.72513525300002],[-48.04590175399999,-22.724634385999995],[-48.05050999000002,-22.728964077999994],[-48.058577222999986,-22.73387954600001],[-48.07010674999998,-22.736893929000004],[-48.071573742999995,-22.736535538999973],[-48.07348835599999,-22.733140852000027],[-48.07594257300002,-22.72619781999997],[-48.08149740699997,-22.725392871999986],[-48.083906507999984,-22.723902049999996],[-48.08647784300001,-22.717952066000016],[-48.086381661000026,-22.707083931999975],[-48.09064098900001,-22.706119945999987],[-48.093915603000035,-22.70221165599996],[-48.098688939999995,-22.688755474999986],[-48.095732595000015,-22.683831366],[-48.095358444,-22.67790902699999],[-48.09314707099999,-22.676028744999982],[-48.09261508600002,-22.67218399799997],[-48.089564740000014,-22.66697673299999],[-48.089503299,-22.65811793699998],[-48.08801970799999,-22.651565708000025],[-48.09300387500003,-22.650800462999996],[-48.09565137800002,-22.64784640599997],[-48.09498964,-22.643782679000005],[-48.09040419899998,-22.634850986],[-48.09013929600002,-22.630287706999965],[-48.09203414600001,-22.626009983000007],[-48.096918668,-22.623037144000005],[-48.11433683299999,-22.62878887899999],[-48.13752681,-22.628303291999995],[-48.145878100000004,-22.630656455999997],[-48.15572378000002,-22.637282254000016],[-48.15971244200001,-22.637666570000015],[-48.163234665000004,-22.636142557000035],[-48.170428002,-22.629312613999993],[-48.17830239199998,-22.625623318999985],[-48.18994268300003,-22.62541302199999],[-48.21059734099998,-22.618008493999987],[-48.21522220100002,-22.613098144],[-48.21544418399998,-22.604491005],[-48.217756742000006,-22.598006209999994],[-48.22345890899999,-22.59449248200002],[-48.22854446399999,-22.593687080999995],[-48.23293881000001,-22.59456719199999],[-48.23589479999998,-22.59764934700001],[-48.239414833000005,-22.61135647800001],[-48.242945845000015,-22.61739924699999],[-48.25009826399997,-22.61923824399996],[-48.25582459499998,-22.61529426299999],[-48.26149446900002,-22.60493161699997],[-48.25695792699997,-22.59993848900001],[-48.25338401900001,-22.587817262999963],[-48.247776046999995,-22.57752324000002],[-48.24859176799998,-22.569749961000014],[-48.25632074800001,-22.555440547999986],[-48.25305748400001,-22.550359744999973],[-48.25487767200002,-22.545796256000003],[-48.260502471999985,-22.54080024799998],[-48.25272956700002,-22.53511002900001],[-48.24953882599999,-22.530599359],[-48.24789591799998,-22.525371865999997],[-48.239307272000026,-22.519803486999972],[-48.235046318,-22.520057647999984],[-48.240863714,-22.51538065699998],[-48.245399749,-22.514047998000024],[-48.25094806499999,-22.51811248000001],[-48.26059549399997,-22.520665936000007],[-48.264801406000004,-22.525339604999992],[-48.27222391300001,-22.52819538400001],[-48.27830009000002,-22.527159415000025],[-48.28252328799999,-22.525016651999987],[-48.289493332999996,-22.525039461000002],[-48.283538491,-22.519465115999992],[-48.28432636399998,-22.51434513899999],[-48.28263840400001,-22.512342521999983],[-48.28227639500001,-22.506920128999983],[-48.279862566000034,-22.504061787],[-48.276720408000024,-22.495228449000003],[-48.27375451400001,-22.49483399799999],[-48.27041388800001,-22.492331089000007],[-48.26435442500003,-22.49182541300002],[-48.26187353,-22.49273068800001],[-48.257470012999995,-22.491601967999998],[-48.25551638199999,-22.488453020000005],[-48.247349927000016,-22.4833031],[-48.24301888399999,-22.47895491399996],[-48.244872870999984,-22.476306077000007],[-48.24319817899999,-22.47188618299996],[-48.244136469999994,-22.467568922999984],[-48.254441747999984,-22.462723202999978],[-48.256909603,-22.457318562000005],[-48.261057318999974,-22.454504024000023],[-48.265414029999995,-22.449275512999968],[-48.268946271000004,-22.447512457000027],[-48.27114273799998,-22.439368670000025],[-48.27468976900003,-22.43367344099997],[-48.27713303899998,-22.43188428199998],[-48.278712068000004,-22.426550339],[-48.27781585299999,-22.423011867999982],[-48.269588364000015,-22.416635985000024],[-48.26710894500003,-22.41283496599998],[-48.26865930999998,-22.40672405100001],[-48.26216911900002,-22.39946120899998],[-48.26186628800002,-22.39756880900001],[-48.25193834900001,-22.387633257000015],[-48.249485026,-22.387700834999976],[-48.24879186599997,-22.390094966000003],[-48.24572488199998,-22.391526734000028],[-48.240364563000014,-22.392593357000013],[-48.237330715999974,-22.391835809999975],[-48.237304954000024,-22.38798228799999],[-48.24069317900001,-22.383611168000016],[-48.242971883,-22.373368985000017],[-48.239303033999995,-22.366424099000042],[-48.24476494100003,-22.348609222999983],[-48.251054646,-22.343391336000032],[-48.250590111000015,-22.340290654999993],[-48.25360166000002,-22.33658907300003],[-48.25644834100001,-22.335438714000027],[-48.25653769399997,-22.33321529599999],[-48.25903077499999,-22.330380201000008],[-48.25901291399998,-22.32611015600005],[-48.26204224700001,-22.321919637000008],[-48.265278050999996,-22.320144461999973],[-48.265392245,-22.314614201999976],[-48.26901187200002,-22.31021117900002],[-48.26856673999999,-22.30811618500002],[-48.271558352,-22.305790289999994],[-48.272041802,-22.303480680999996],[-48.27477610800002,-22.30285929799998],[-48.276040849000026,-22.30433921899997],[-48.27547689099998,-22.30241845699998],[-48.276590043,-22.299734752000003],[-48.27897952500001,-22.297304879000027],[-48.281523600000014,-22.29654126799998],[-48.27956635100002,-22.29399609799998],[-48.280888206999975,-22.293095289000014],[-48.28055926799999,-22.29112065300001],[-48.28452279700003,-22.28838293000001],[-48.283617854,-22.285941311],[-48.28632073799998,-22.283394292000008],[-48.285885871999994,-22.28208541800001],[-48.28818465000001,-22.280264257999995],[-48.291375019999975,-22.28073193300002],[-48.29572252700001,-22.28524335999999],[-48.296425806999984,-22.287637672000024],[-48.29989115400002,-22.286060862999992],[-48.297257091000006,-22.284149334000002],[-48.29685860299998,-22.281789743999983],[-48.29713877299997,-22.279396675999962],[-48.299817996999984,-22.27684036499998],[-48.293949103999985,-22.27518132],[-48.29437418399999,-22.27131660999999],[-48.291583248999984,-22.26873437299998],[-48.293180715999995,-22.267671185999973],[-48.293072924,-22.266391664000025],[-48.29783851399999,-22.268170429999994],[-48.30038073800001,-22.266222003999975],[-48.30666428799998,-22.266152880999968],[-48.308581495999995,-22.264709542999974],[-48.31129945200001,-22.265443703000006],[-48.312249077,-22.268845660000014],[-48.31081777999998,-22.270594099999972],[-48.31268584100002,-22.27250632499999],[-48.312856196999974,-22.275044507999997],[-48.31446056300002,-22.27602307099997],[-48.315749467999986,-22.274780406999984],[-48.314626902999976,-22.274311094999973],[-48.31350296599999,-22.269796718000002],[-48.31712273800002,-22.266194929999983],[-48.32148315799998,-22.270015390000015],[-48.32265960199999,-22.26399021899997],[-48.32526582399999,-22.264854124999985],[-48.327040814,-22.267550337999975],[-48.32948631800002,-22.266558174999986],[-48.330100812000026,-22.268126430999995],[-48.32993051400001,-22.266085202000006],[-48.326678474000005,-22.26073560600003],[-48.32685026399997,-22.254502409000004],[-48.32484464800001,-22.250094674999993],[-48.326919626999995,-22.247108980999986],[-48.32092826399999,-22.23347281600001],[-48.32239100300001,-22.226453178999947],[-48.324592698000004,-22.221242281000002],[-48.326524806,-22.21965598700001],[-48.32659843099998,-22.217416237999988],[-48.32567990799998,-22.214748954000022],[-48.32092136400003,-22.213919712000013],[-48.318160827999975,-22.210109175000003],[-48.31725720700001,-22.20659706499997],[-48.31286362100002,-22.200135444999997],[-48.31463379799999,-22.19835484800002],[-48.31302418600001,-22.19327338400001],[-48.304815861000016,-22.190753641999994],[-48.29815232099998,-22.191603757999985],[-48.286639857999994,-22.18849522900002],[-48.27436504899999,-22.192175679999988],[-48.27094714100002,-22.181477657999984],[-48.255863068000004,-22.17679146900001],[-48.25224275300002,-22.177837629000006],[-48.25040424100001,-22.17684723399998],[-48.24708394200002,-22.177730207000028],[-48.24456577299998,-22.177082916000018],[-48.244696203999965,-22.174724927999968],[-48.24881936899998,-22.16862361000001],[-48.255488006000014,-22.16164875800002],[-48.25602762300003,-22.154268696999996],[-48.24452860700001,-22.158718749999988],[-48.23417455600003,-22.159029934999978],[-48.226936237000025,-22.15724689299998],[-48.216031449000006,-22.15844503900001],[-48.209125750000005,-22.15589288299995],[-48.20546589200001,-22.15003409299997],[-48.19849528899999,-22.147727117999978],[-48.18893591199998,-22.150817019999955],[-48.18177442199999,-22.154906803000024],[-48.176062735000016,-22.166044877999976],[-48.17000852600001,-22.16699300599999],[-48.164139670999994,-22.171096401000007],[-48.15546999700002,-22.17474093599997],[-48.13908874200001,-22.17790978499999],[-48.13495326200001,-22.18269725599998],[-48.13043600100002,-22.18354166699998],[-48.123951681,-22.181338290999953],[-48.11973139999998,-22.182130690999994],[-48.11627015699998,-22.17818219399999],[-48.10474216500002,-22.17962519600002],[-48.100354321,-22.174550087999982],[-48.090073399000005,-22.16827902900002],[-48.08041311099999,-22.15656609400001],[-48.07174194499998,-22.15143107],[-48.065331739999976,-22.14925081799997],[-48.063147232999995,-22.149029854999988],[-48.05999111199998,-22.150889735000018],[-48.05751875599998,-22.14998393799999],[-48.054233603,-22.145755391000034],[-48.05273356700002,-22.139893663000006],[-48.048015307000014,-22.135398968999997],[-48.04375691299998,-22.128270758999975],[-48.04278025100001,-22.12150147199997],[-48.04443359700002,-22.116756329],[-48.046195513,-22.102746715000045],[-48.04386580400001,-22.088156292999997],[-48.04526052099999,-22.084105221000016],[-48.047248189000015,-22.082224272000023],[-48.047021679000004,-22.078835409000018],[-48.04815864400001,-22.077388451999983],[-48.04500421300003,-22.07262609299999],[-48.037106531999996,-22.077357881999998],[-48.030306575000004,-22.07780435900004],[-48.027123964999994,-22.076384614999988],[-48.023991937000005,-22.078342340999978],[-48.018433378999994,-22.086749353000027],[-48.01585011100002,-22.087758055000013],[-48.01091683099998,-22.096215484000023],[-48.007532620999996,-22.096911703000004],[-48.00616362400002,-22.098829303000006],[-48.00347590899998,-22.098858061999977],[-48.00357246499998,-22.10060487899999],[-48.001544161000034,-22.100594983],[-47.99914518000003,-22.103369483000005],[-47.998687593999996,-22.109558122000013],[-47.992915143999994,-22.11575627500004],[-47.99130947100002,-22.115194625000008],[-47.98786791499998,-22.117095555999967],[-47.982830404000026,-22.11604939599998],[-47.98381262200003,-22.114494873],[-47.98161527899998,-22.11268977800001],[-47.978245517999994,-22.115079541999968],[-47.975628513000004,-22.114269592000028],[-47.97496788199999,-22.118210431000026],[-47.97164321499997,-22.116822553999995],[-47.97070081499999,-22.11806541700002],[-47.96779949199999,-22.114000797999996],[-47.96378793600002,-22.113511298999995],[-47.96232881999998,-22.11622062100001],[-47.95773480899998,-22.11414061800003],[-47.95390798599999,-22.11427493000002],[-47.95304427899998,-22.11297091100001],[-47.94774133999999,-22.110983076000032],[-47.937889971000004,-22.119113194000022],[-47.93415975300002,-22.12025480900002],[-47.93385650099998,-22.12353355],[-47.931268241999994,-22.124496605999962],[-47.931930689000005,-22.127325187999986],[-47.92921824000002,-22.12828235099999],[-47.92754573199999,-22.13079995599998],[-47.92924631599999,-22.13635096299999],[-47.92837060400001,-22.139654765999982],[-47.926904466999986,-22.139118268],[-47.925488626,-22.14403202300002],[-47.92349557199998,-22.144961844000022],[-47.922642784999994,-22.147133575999977],[-47.92163584399998,-22.14671162099999],[-47.921343913999976,-22.148345958000004],[-47.920060164000006,-22.14801605899998],[-47.91980780199998,-22.150392332999996],[-47.919090333999975,-22.14939585899997],[-47.914267268999986,-22.149324138999972],[-47.908433519000035,-22.152463313],[-47.90675262299998,-22.155427920999994],[-47.902876602,-22.155901470000007],[-47.901904403,-22.157554928000042],[-47.89857288700001,-22.157030192999997],[-47.89703275300002,-22.159682604000018],[-47.89569791700001,-22.158371991000024],[-47.89663348900002,-22.156459120000026],[-47.895287016999994,-22.156497429000005],[-47.89497109600001,-22.15464310099996],[-47.89215035900003,-22.153337697999962],[-47.89040529599998,-22.153592208000017],[-47.887064160000016,-22.157493589000026],[-47.88657479699999,-22.152094938999987],[-47.88079550200002,-22.15525410200003],[-47.87900351299999,-22.157758999000016],[-47.87359759899999,-22.158035279999964],[-47.86186919599999,-22.15029557499997],[-47.85707621900002,-22.154424577999947],[-47.85699768699998,-22.15588979],[-47.852969793,-22.155398365999986],[-47.85138401099999,-22.156212378000017],[-47.844836886999985,-22.155157600999978],[-47.841005755000026,-22.150398398999982],[-47.83084667100002,-22.147800325999977],[-47.82761287300002,-22.14843375599997],[-47.82193243500001,-22.151761987999958],[-47.82004232100001,-22.155086224999998],[-47.82045813000002,-22.159128576],[-47.81481519699997,-22.161017390999984],[-47.81610044400003,-22.15785237400002],[-47.815356742000006,-22.154637153],[-47.80878353800001,-22.148345731000006],[-47.81097674199997,-22.140836862999993],[-47.80833305099998,-22.132401877000003],[-47.801251664999995,-22.129098641999978],[-47.796989618,-22.12523009900003],[-47.793970093999974,-22.120388380999998],[-47.78832337500001,-22.11679360900002],[-47.78697164,-22.112049489000015],[-47.788065355000015,-22.107121052000007],[-47.78753452299997,-22.098476408000014],[-47.78237265500002,-22.095635311000024],[-47.778370861999974,-22.09123344099996],[-47.772107721,-22.092368028000017],[-47.76265209799998,-22.087397932],[-47.75594375100002,-22.090579058000007],[-47.75292105699998,-22.08981238400001],[-47.751293412999985,-22.086171696000008],[-47.753048836000005,-22.083692440999993],[-47.750928470000034,-22.08119423399999],[-47.75088502900002,-22.078451807000036],[-47.74707945400002,-22.07945952199998],[-47.744877954,-22.07693826600002],[-47.740880074000025,-22.075339138999993],[-47.747432914,-22.06694994700001],[-47.748037162999985,-22.06346784700003],[-47.744905260999985,-22.05523460900001],[-47.74382774999999,-22.054104639],[-47.738809161000006,-22.053178297999985],[-47.73528808100002,-22.047482858000023],[-47.72870773099999,-22.044223057000007],[-47.720882940000024,-22.03633718200002],[-47.715779509000015,-22.034782652999986],[-47.714422592000005,-22.03618643700004],[-47.708717190000016,-22.033474923000043],[-47.703477108000016,-22.034340801000006],[-47.70075666399998,-22.03368667600001],[-47.698165277999976,-22.031489910999998],[-47.69749348,-22.027482088999985],[-47.694065632999994,-22.02819587800002],[-47.69153566900002,-22.02680707399998],[-47.689555820000024,-22.023477505000013],[-47.682257848999996,-22.01853430199998],[-47.67774836400002,-22.013387320999968],[-47.675509853999976,-22.01259789599999],[-47.672655319,-22.017494827999997],[-47.673056932000016,-22.02265337300001],[-47.67198294399998,-22.02580659799997],[-47.66811712100002,-22.032838710000025],[-47.66894360700002,-22.038562372],[-47.665719497,-22.043546724],[-47.65996559500001,-22.047549206999975],[-47.657820743,-22.051401494000007],[-47.65435373100001,-22.051249550000033],[-47.651749198000005,-22.053832576999973],[-47.64826714399999,-22.05343646699998],[-47.64601953800001,-22.051204539000025],[-47.64319184300001,-22.05143252800002],[-47.63564790300001,-22.054619532999983],[-47.631635641,-22.051739092999966],[-47.63122861900002,-22.04768181600001],[-47.626426200000026,-22.043186865],[-47.62370173900002,-22.041657690000022],[-47.61779979800002,-22.04114830399999],[-47.616822861,-22.044979354000017],[-47.60872458900002,-22.051302743999997],[-47.601709928,-22.051797647999987],[-47.59956953400001,-22.050793574000014],[-47.59558557600001,-22.04472380099999],[-47.592030604,-22.04248464699998],[-47.59041609799999,-22.038447534000017],[-47.585834823000035,-22.037131261999992],[-47.583218809000016,-22.033341361000005],[-47.580575625999984,-22.031784808999994],[-47.57940614400002,-22.028518140000017],[-47.57941924300001,-22.020949270000013],[-47.573393399000004,-22.01561173399998],[-47.573538510999974,-22.012727572000024],[-47.57779369100001,-22.00709050099998],[-47.57853271699998,-22.000085997999964],[-47.58220375500003,-21.995969729000024],[-47.581588403000026,-21.989804080999985],[-47.57560152899998,-21.98652601100002],[-47.563374603,-21.985199206999994],[-47.54301557500003,-21.979414822000027],[-47.54071327499998,-21.97413977000002],[-47.541159557000015,-21.96811673700002],[-47.53636092400001,-21.961501197000008],[-47.535326946,-21.95525876200002],[-47.524859796999976,-21.94398890700001],[-47.51684056300002,-21.939872239999996],[-47.507604834999995,-21.932841870000015],[-47.50593188599999,-21.93454281599997],[-47.50448106699997,-21.929530926999956],[-47.50310485699998,-21.92914018500001],[-47.502523853999996,-21.923847260000002],[-47.49948751300001,-21.920677715000004],[-47.497515561,-21.920331095000005],[-47.497548624999986,-21.91734330100003],[-47.493722553999994,-21.918320467000004],[-47.49154475400002,-21.92100927600001],[-47.486398689,-21.922652909000004],[-47.483104371000024,-21.91999101699995],[-47.47839142200002,-21.919736092999983],[-47.47113260999999,-21.915162069000026],[-47.43305796200002,-21.914540192999976],[-47.41870193099998,-21.913295667999993],[-47.41452883699998,-21.91563295700003],[-47.41334232600002,-21.917543142999993],[-47.408894643000004,-21.91322926200002],[-47.40688685800002,-21.913048437999972],[-47.405625697999994,-21.914712295999998],[-47.401906740000015,-21.910242359],[-47.40173964899998,-21.906001796999995],[-47.39911497399999,-21.904130641999966],[-47.40254574199997,-21.89447451400003],[-47.40214587499998,-21.891519908999992],[-47.39556437900001,-21.890428424999982],[-47.39321426499998,-21.88767539899998],[-47.394383080000026,-21.885190591000008],[-47.39977675199998,-21.88255681599999],[-47.403565060999995,-21.878334313],[-47.40126004500002,-21.874899543000023],[-47.401208757999996,-21.86812716199998],[-47.397191615,-21.857339339000017],[-47.389664284000006,-21.853069673000004],[-47.38621742999998,-21.849458718999983],[-47.38266540600001,-21.849461112999997],[-47.37351196700001,-21.84664036899998],[-47.369614324999986,-21.846783707999975],[-47.34290506100001,-21.839538344],[-47.34056450100002,-21.837961021000016],[-47.338768940000016,-21.835906025999975],[-47.33808246400004,-21.828613099999988],[-47.33531619100001,-21.82833280800002],[-47.334747201000035,-21.82310711899998],[-47.337683158999994,-21.82123913200002],[-47.334923272000026,-21.81405764899999],[-47.33828001699999,-21.810201313999983],[-47.340424975000026,-21.811737499000003],[-47.342013807,-21.811497799999994],[-47.342811467,-21.808998953000007],[-47.343596262000005,-21.81004007100001],[-47.345294546,-21.80896355099995],[-47.344998694000026,-21.806945627000015],[-47.34673794700001,-21.806174782000035],[-47.34182834000001,-21.795344826000026],[-47.335022376999966,-21.78881533700002],[-47.332127673,-21.78408503899999],[-47.331914762999986,-21.782126428000026],[-47.334586520000016,-21.776691233000008],[-47.32113729200001,-21.776254944999987],[-47.316497202,-21.773823664000005],[-47.312437508000016,-21.77323253600001],[-47.29920369000001,-21.76330254399999],[-47.295059744000014,-21.761644170000018],[-47.29288897599997,-21.753496010999978],[-47.293912266,-21.749458590000017],[-47.30084623099998,-21.743661151999998],[-47.302130583000014,-21.738691384999974],[-47.30380778000001,-21.736850769],[-47.31145865000002,-21.736809224000012],[-47.33031865800002,-21.726961290999995],[-47.32924381499999,-21.724595223999987],[-47.32329754400001,-21.719799087000005],[-47.32287177100001,-21.715929753000008],[-47.32513626500003,-21.70407851900001],[-47.33409656700002,-21.692296934999977],[-47.33674876600003,-21.686788444],[-47.337648391000016,-21.681832810999996],[-47.336981611,-21.669709893999997],[-47.336024878999986,-21.667012247999995],[-47.33151258100003,-21.66854790500002],[-47.325576795000025,-21.66749886099999],[-47.32193706300001,-21.655963942000028],[-47.32172486600001,-21.649369374000013],[-47.328871526,-21.64363926599997],[-47.33296559899998,-21.645227734000002],[-47.34081481200002,-21.641868540000047],[-47.34418739300003,-21.64282987299997],[-47.350221080999965,-21.64702589500001],[-47.358070896000015,-21.642250949999998],[-47.36751440400002,-21.646231166999982],[-47.371388560000014,-21.649026907000007],[-47.38019691300003,-21.649146576000003],[-47.382149863999985,-21.639259460999998],[-47.385417352,-21.63560582600002],[-47.392358,-21.63094305599998],[-47.398450626,-21.622856157999998],[-47.39993687700003,-21.614481759000004],[-47.38290077800002,-21.598939893000022],[-47.37988324899999,-21.601035735999975],[-47.36502768399998,-21.59428303599998],[-47.36588450500001,-21.58964415000001],[-47.36260786899999,-21.586882351999993],[-47.361153296,-21.581979492000002],[-47.359053986,-21.57998765600001],[-47.35775646000002,-21.570540327000003],[-47.35132930700002,-21.565230473999957],[-47.34597664799997,-21.56273532000001],[-47.33820967499997,-21.563600698000023],[-47.33620016100002,-21.565170852999994],[-47.33216964299998,-21.564692444999995],[-47.328284971000016,-21.559946820999997],[-47.32527591799999,-21.55919201299996],[-47.32189509400002,-21.560383283000014],[-47.31633369100002,-21.558785493000013],[-47.311352064999994,-21.554552664000028],[-47.31143156899998,-21.55326485],[-47.30790484300001,-21.55151652400002],[-47.303290885000024,-21.551558881000002],[-47.299174489,-21.55405787099999],[-47.29485599999999,-21.55230240899998],[-47.29107734299998,-21.553696934000023],[-47.285360003,-21.548211792000018],[-47.28050165700001,-21.540396520999987],[-47.27648256800001,-21.525668466999985],[-47.278348428000015,-21.522978529999993],[-47.278600209,-21.519351970999992],[-47.282487894999974,-21.515875102000017],[-47.282357368000014,-21.51056420999999],[-47.27750826099998,-21.50086334799999],[-47.276064055000006,-21.49411127100001],[-47.276896947000004,-21.490601213999973],[-47.27448001400002,-21.48735901999998],[-47.275840484000014,-21.483017277000013],[-47.277471052,-21.481563369000014],[-47.277591187,-21.479411247999995],[-47.276020765,-21.478513807000002],[-47.278621219,-21.468110028000023],[-47.27659027800002,-21.46436486699996],[-47.271649288,-21.458767774000027],[-47.271470867999994,-21.457101259999998],[-47.263582649,-21.45459560100001],[-47.264345090000006,-21.450984802],[-47.256819725999996,-21.44962182299999],[-47.251476775000015,-21.44531027400001],[-47.242547323,-21.441728413999993],[-47.23952560800001,-21.443357111999997],[-47.23676768600001,-21.442692962],[-47.236130468,-21.438872468000017],[-47.23259254200002,-21.43654235799999],[-47.231672050999975,-21.43141044200001],[-47.233441711000026,-21.426829307999967],[-47.230884731,-21.421702492999987],[-47.22720601399999,-21.419845483000014],[-47.225412060000004,-21.42061271],[-47.224694892999985,-21.42212485699997],[-47.225722269000016,-21.424805579000015],[-47.222379767999996,-21.425652578999987],[-47.223698571,-21.427694164000005],[-47.21888351299998,-21.428747975],[-47.214646034,-21.42657900699998],[-47.213474258000026,-21.423147151000027],[-47.215846581,-21.422769591000016],[-47.21693834000002,-21.419453505999993],[-47.21455658800001,-21.417078065999966],[-47.21433609899998,-21.414923274000003],[-47.207703590999984,-21.41398979299999],[-47.20581004799999,-21.408610448999976],[-47.208754393999975,-21.406858902999982],[-47.20939266099998,-21.40156147899999],[-47.20595266100002,-21.39807420800003],[-47.20671977000002,-21.39575845299998],[-47.20339623400003,-21.38961039999996],[-47.205129030000016,-21.38478176199999],[-47.19919660900001,-21.37810832999999],[-47.19718143900002,-21.37241080599998],[-47.19201795700002,-21.366637834000013],[-47.19234639400003,-21.360482387999973],[-47.189532864,-21.358225933000025],[-47.18885239399998,-21.354774474999992],[-47.190886492000004,-21.348567080999995],[-47.186913790000006,-21.346542311999997],[-47.18677564900003,-21.34502242799998],[-47.184380938999986,-21.34349753300001],[-47.18060192600001,-21.338028338000015],[-47.177311354999965,-21.329980062999987],[-47.176052586000026,-21.323075217],[-47.17145609599999,-21.31381349499996],[-47.16112016300002,-21.305539932999956],[-47.15966740300002,-21.303001642999995],[-47.148175815,-21.298460627999987],[-47.14549127499998,-21.294129235999986],[-47.143326689,-21.295958460999998],[-47.144109293999975,-21.300666768999992],[-47.14662515900001,-21.303003701999987],[-47.145800034,-21.305785727999986],[-47.12844895400002,-21.32875763300001],[-47.12468526700002,-21.326805385999993],[-47.11827707100003,-21.31924309599996],[-47.10727127600002,-21.315880551000028],[-47.103363624,-21.31053670400003],[-47.08861629900002,-21.29671311300001],[-47.08797634199999,-21.294780348000028],[-47.090907816000026,-21.290765908000054],[-47.09133201100002,-21.286538692000025],[-47.088681658999974,-21.28619185100001],[-47.083706887000005,-21.287687328999976],[-47.07679316000003,-21.28455045300001],[-47.075501943999996,-21.281083163999988],[-47.072041173,-21.278262341000023],[-47.07135372099999,-21.276007456],[-47.068136373000016,-21.275328143999992],[-47.06531416600002,-21.269095979999967],[-47.05958432800003,-21.267185966000003],[-47.057251941000004,-21.26417352700001],[-47.05486817899998,-21.263632477999977],[-47.05093391600002,-21.265118266999995],[-47.047691117,-21.26804857299999],[-47.04465578000003,-21.267133732999973],[-47.042418016000006,-21.26858959299999],[-47.04262301500001,-21.27734157999997],[-47.04134560699999,-21.279679848999976],[-47.039259405,-21.280536245999983],[-47.04185369099998,-21.284123250999983],[-47.04062904500001,-21.28471829699997],[-47.04215111100001,-21.288340671999986],[-47.04043824199999,-21.289345050999994],[-47.04214214000001,-21.289946064999995],[-47.037273003999985,-21.293545263],[-47.03766967799999,-21.29516611699999],[-47.02896143700002,-21.299857415999995],[-47.029814815,-21.303520745000014],[-47.034955903000025,-21.31085815399999],[-47.03050835800003,-21.311309698],[-47.02931913200001,-21.31456845000002],[-47.02697516599999,-21.314848616000006],[-47.02448666999999,-21.319792993000014],[-47.020743122,-21.32203153500001],[-47.02131180600003,-21.325069793999997],[-47.02355400800001,-21.32659663900002],[-47.02408999800003,-21.328534144000002],[-47.02055893199997,-21.333186053000002],[-47.01704193799998,-21.341683263999983],[-47.01073259300001,-21.3455412],[-47.00755290799998,-21.346002125999973],[-47.005400532,-21.34888311100002],[-46.999012213000015,-21.348975917000022],[-46.996842883,-21.351258520999977],[-46.99648369,-21.35732479599999],[-47.00124807399999,-21.359952636999992],[-46.999587592000005,-21.36208104200001],[-47.00313406599997,-21.36479315899997],[-47.00559708499998,-21.365009558999986],[-47.00778957099999,-21.37016460000001],[-47.00941609799998,-21.370683025999984],[-47.00693393799998,-21.374156377000013],[-47.007571069999976,-21.37619338500002],[-47.005543051000025,-21.37967186499996],[-47.006023653999996,-21.382729272000013],[-47.004791023999985,-21.38280177],[-47.00758126400001,-21.392544059999985],[-47.01470191099998,-21.39381114000004],[-47.016906534999976,-21.396798699999973],[-47.01573064399998,-21.39933745899998],[-47.01414301,-21.399758194999997],[-47.01403831099998,-21.402809242999982],[-47.009254450000014,-21.406752750000013],[-47.01034265599998,-21.410212462999993],[-47.00756947399997,-21.410688038999968],[-47.01002216799997,-21.415673857],[-47.01253117900001,-21.416369428999996],[-47.01295664700002,-21.42019339799998],[-47.011009898,-21.422696052],[-47.010400291999986,-21.421040575],[-47.00699733599998,-21.42056069199998],[-47.00424958799999,-21.42170685100001],[-46.99922712799997,-21.421082441000006],[-46.998311245000025,-21.422270079999986],[-46.99290137499998,-21.42339553400001],[-46.992055789999995,-21.425666200000016],[-46.98983525300003,-21.42514740799997],[-46.990450736000014,-21.423548595000014],[-46.98690750700001,-21.42176139499997],[-46.98596279600003,-21.422838464000005],[-46.987312964000026,-21.42397882],[-46.98583506599999,-21.424300932999987],[-46.98463264499998,-21.42672087400002],[-46.97614585600002,-21.423528528000023],[-46.97616429300001,-21.420323967999998],[-46.97408072100001,-21.417695674000015],[-46.97205643500001,-21.419637849000026],[-46.972274918999965,-21.421989955],[-46.970059784,-21.422313911000014],[-46.96592654400001,-21.420858506000005],[-46.965022524000005,-21.41776525900002],[-46.957973993999985,-21.42232518399998],[-46.95855997299998,-21.423441244999996],[-46.957439255,-21.424707994000016],[-46.953387566999986,-21.424086988999992],[-46.952110742,-21.421485179],[-46.949977677,-21.421626238999973],[-46.94876273900002,-21.419804729000028],[-46.946697754000006,-21.42016053700003],[-46.94585998500003,-21.421921462],[-46.943972787999996,-21.42129594699998],[-46.943552835999974,-21.42296605899999],[-46.940157592,-21.421808098999964],[-46.939222407999985,-21.42416345200002],[-46.93417152799998,-21.425839763],[-46.93235755799998,-21.42453358099999],[-46.931979452,-21.422622565999987],[-46.92811247999998,-21.423442019999996],[-46.92566609900001,-21.422779166],[-46.92122506800001,-21.427100225000018],[-46.91519379400002,-21.42029765400004],[-46.91009643799999,-21.42044310099997],[-46.908462269999966,-21.421512859000032],[-46.907392061,-21.418380575],[-46.90319547299998,-21.418824798999992],[-46.900370903,-21.413270694999994],[-46.89893285,-21.413643904000015],[-46.89843609399998,-21.415488412000002],[-46.89450740600002,-21.416219695999988],[-46.891009968999974,-21.412665361000013],[-46.89144527100001,-21.411475302999964],[-46.885480707,-21.408780537999977],[-46.883694521999985,-21.405624600000017],[-46.87966310399998,-21.40482664400002],[-46.87629787899999,-21.405657153999975],[-46.87436583700003,-21.403868445000008],[-46.867452363999966,-21.403593791000002],[-46.86608318800001,-21.401286695],[-46.86467521100002,-21.401069005999997],[-46.86519023300003,-21.39570653099996],[-46.86370212700002,-21.395911758999986],[-46.86086828200001,-21.393386330000002],[-46.85802104800001,-21.39407177999998],[-46.85571910700002,-21.390048286000034],[-46.852423462,-21.390804012999975],[-46.84158937299998,-21.38952824400002],[-46.84095072500003,-21.385697970000006],[-46.83862524599999,-21.385911436000015],[-46.83540876199999,-21.383737558],[-46.83510199199998,-21.380245017],[-46.83705212600001,-21.37799932700001],[-46.83594889800003,-21.376673240999978],[-46.83594504000002,-21.371471720000006],[-46.83413404599998,-21.368101751999948],[-46.83067507999999,-21.366161972],[-46.822174296000014,-21.366826467000013],[-46.81381454900003,-21.36337562900001],[-46.81071256299998,-21.368104340999988],[-46.80714886800001,-21.368474111000015],[-46.805230635999976,-21.371083886999998],[-46.79446639600002,-21.37080492899999],[-46.792591741000024,-21.374487487999996],[-46.78769451199997,-21.372427494000032],[-46.78753057300004,-21.36910715200004],[-46.78522840199998,-21.37042688499995],[-46.78118198499999,-21.370584896000036],[-46.77896944800001,-21.36553848099998],[-46.775392056999976,-21.362392750000026],[-46.764323563000005,-21.360257181999998],[-46.76314298,-21.362750686000048],[-46.759684424999996,-21.362498022],[-46.758178353000005,-21.36377634000001],[-46.75904106899998,-21.371122238999977],[-46.76275898600001,-21.374359319999996],[-46.75399185200001,-21.383561817999965],[-46.75104108099998,-21.385327545999974],[-46.74215062600001,-21.38670635099997],[-46.738755663000006,-21.389487038000023],[-46.73881368100001,-21.392547885000006],[-46.73489859,-21.394172587000025],[-46.73124264000001,-21.392149855000007],[-46.72600779599998,-21.39315708399999],[-46.721283700000015,-21.389412809000017],[-46.71796599999999,-21.390327254999995],[-46.71466286499998,-21.392594361000018],[-46.71243119899998,-21.397076166999994],[-46.709593833999975,-21.399114370999996],[-46.70827621900003,-21.403772611000026],[-46.706277150999995,-21.405203051000004],[-46.69918968500002,-21.39986035200001],[-46.697770647000034,-21.39526983600002],[-46.69337218200002,-21.39116337799999],[-46.692850265999994,-21.383379992000005],[-46.68653580799998,-21.379925696999962],[-46.68277639100001,-21.375398838000034],[-46.67434244200002,-21.375122911],[-46.672460753,-21.37406506999996],[-46.67301919,-21.37103563800003],[-46.671568364999985,-21.367787167000024],[-46.66791386099999,-21.364815209000046],[-46.66633946700001,-21.36144149500002],[-46.66509113000001,-21.36131241900002],[-46.661650646000005,-21.36433037099999],[-46.65781261900003,-21.363750386999975],[-46.65541876200001,-21.36527953000002],[-46.651651843000025,-21.36303684400004],[-46.64947111499998,-21.363102860000026],[-46.64655135499999,-21.366102128000005],[-46.644574212000016,-21.372865509000004],[-46.648885299000035,-21.377010252999963],[-46.64619811099999,-21.383189903000034],[-46.64896764000004,-21.38889340700002],[-46.64884327300001,-21.39246720300003],[-46.64255154,-21.39717655700002],[-46.64022348700002,-21.402052912999967],[-46.63821540300001,-21.402367453999986],[-46.63976681100001,-21.406802853999988],[-46.638635991,-21.409275290999958],[-46.635476213000004,-21.41187676399998],[-46.63093287999999,-21.413086835999987],[-46.626896257,-21.41030912500003],[-46.62118724599998,-21.41901177599997],[-46.617974102999995,-21.420516305],[-46.618371423999974,-21.422618076999978],[-46.621543562,-21.42540030800001],[-46.61448579400002,-21.428913277999964],[-46.620141579000006,-21.434528473999993],[-46.61511230799999,-21.441093968000036],[-46.611417878000005,-21.441603332999982],[-46.606030466,-21.444269185000007],[-46.600293635000014,-21.44300755400002],[-46.59328163800001,-21.439150014999992],[-46.59356047599999,-21.435749723000015],[-46.59048544199999,-21.436771065000034],[-46.584929825000025,-21.434215374000004],[-46.58117169399998,-21.431981045999976],[-46.57996694100001,-21.42862982700001],[-46.57661128400003,-21.426758025000012],[-46.57138285600002,-21.432869795999974],[-46.571278577,-21.436450157000024],[-46.56339640300001,-21.43886851500003],[-46.561391253000025,-21.441779810000014],[-46.557048029,-21.442569185999986],[-46.55337456900003,-21.439604265000032],[-46.546181328999985,-21.440612513999987],[-46.53519067200001,-21.44944547099999],[-46.52864982800003,-21.44519692099998],[-46.521983811999974,-21.446220526999983],[-46.52018950399997,-21.447460567999997],[-46.518205942000016,-21.453481603999986],[-46.52011385899999,-21.46032880799998],[-46.51720317899998,-21.464187024000005],[-46.51348228500001,-21.463973685999967],[-46.51196071800001,-21.465018250999993],[-46.50934215000001,-21.470442196000015],[-46.51246817200002,-21.477694104000015],[-46.510096410000024,-21.480543317],[-46.50905343199997,-21.488450856999957],[-46.509505004000005,-21.489283226999994],[-46.511347973,-21.488808296999988],[-46.511190063000015,-21.492247055999997],[-46.51438840399999,-21.498184276000025],[-46.51881089400001,-21.500736534999987],[-46.51990445500002,-21.50636204099997],[-46.51551261999998,-21.51178676299996],[-46.518428095,-21.512372266999996],[-46.521998628000006,-21.516076756000025],[-46.52261753400001,-21.518610747000004],[-46.521541187000025,-21.520912346000003],[-46.52415255599999,-21.521918653999997],[-46.52249457499999,-21.52827727],[-46.52319306099997,-21.530308966000028],[-46.52089507699999,-21.534997121999996],[-46.51944280100003,-21.53518877499998],[-46.51907327200002,-21.53373037599997],[-46.51056868699999,-21.53641051599996],[-46.507507722000014,-21.543642461999976],[-46.502576249000015,-21.547917159999997],[-46.499588861,-21.554414394999995],[-46.502325109000026,-21.558954644999954],[-46.50273137200003,-21.562638121000006],[-46.512187788999995,-21.566039419999967],[-46.51099975,-21.570181951999984],[-46.51385896199998,-21.57413712400001],[-46.51470591499998,-21.57749172400001],[-46.520559693,-21.58052250499997],[-46.520178810000004,-21.583068555999983],[-46.521971802999985,-21.586694142999995],[-46.51805881600001,-21.59012897899998],[-46.518223326,-21.593249222999987],[-46.52529279800001,-21.601792176000018],[-46.52139519100002,-21.60213257599997],[-46.51669862400002,-21.606557050999978],[-46.518194724000026,-21.612604191000003],[-46.52301778499998,-21.614148393999972],[-46.533028727999984,-21.621484907999996],[-46.53437942300002,-21.628726439],[-46.540642865,-21.62835685700004],[-46.54250213500001,-21.632228806999972],[-46.54655438499998,-21.630419661000033],[-46.548612155,-21.634485518000034],[-46.552175560000016,-21.637732969000012],[-46.55200098900002,-21.642567654999993],[-46.54801716200001,-21.64949831599999],[-46.552223104999996,-21.653551454000038],[-46.559223179000014,-21.653179247000036],[-46.566074274000016,-21.658828137999986],[-46.564841834000006,-21.665191559999965],[-46.56633221200002,-21.669959641999963],[-46.564853934999974,-21.67277358199998],[-46.565650534999975,-21.67479727],[-46.563992778,-21.677163575000005],[-46.56489042200002,-21.679081868000026],[-46.57334198900003,-21.681715579000013],[-46.577089779000005,-21.68468910299998],[-46.57885121300001,-21.68229589499998],[-46.59120458,-21.68312399799999],[-46.60434354099999,-21.68113588300004],[-46.608901576,-21.676352959999978],[-46.616648446,-21.676588824],[-46.621392635000014,-21.675537675],[-46.624511907,-21.686445981000016],[-46.623549602000026,-21.69274433999999],[-46.628864624000016,-21.694951597999975],[-46.629709859,-21.696308693999978],[-46.62801212400001,-21.698545980999995],[-46.629559922000006,-21.706076354000007],[-46.622613408999996,-21.71402061999998],[-46.622769396000024,-21.719401419999997],[-46.629235110000025,-21.730146456000007],[-46.62616166700001,-21.733256784],[-46.625846513,-21.735052114999974],[-46.63138103699999,-21.73926688199996],[-46.627446838000026,-21.74850428500003],[-46.62756957800002,-21.761296753],[-46.625266142999976,-21.765721747999972],[-46.62561272300002,-21.767432661999955],[-46.627767925000015,-21.768661421999983],[-46.63840177600002,-21.768523270000014],[-46.640242546000025,-21.769837662999976],[-46.643377852000015,-21.775655105999977],[-46.653401348999985,-21.77972497000002],[-46.65367018900003,-21.781710515999983],[-46.65078967099999,-21.78811077900002],[-46.65146535500003,-21.790422697999997],[-46.668373953000014,-21.808526636999996],[-46.669996550000015,-21.816071979999993],[-46.68417405899999,-21.827148427999976],[-46.69088179900001,-21.836766054],[-46.68931095200003,-21.841778546999986],[-46.68174294200003,-21.84508765],[-46.676315548,-21.85091735700002],[-46.667582851000034,-21.848944672000027],[-46.66548325000003,-21.849553171000014],[-46.663494658000005,-21.858578877999985],[-46.656049493000026,-21.870727052000007],[-46.65793477099998,-21.875461812000026],[-46.65756003400002,-21.877744479000015],[-46.656183457999994,-21.879207826000002],[-46.64729386699997,-21.880485151000038],[-46.64878945200002,-21.883637862000022],[-46.647865146000015,-21.887269543],[-46.65162408200001,-21.892277205000013],[-46.652775675,-21.897078572],[-46.65643939199998,-21.896568634],[-46.66380846499999,-21.898046492000006],[-46.667196406000016,-21.90313085800001],[-46.67324799099998,-21.908393696000015],[-46.67360806099998,-21.910477848000028],[-46.66981308499999,-21.917066007000003],[-46.664600285000006,-21.92031628600001],[-46.664905455999985,-21.925981647999997],[-46.66807503299998,-21.930934284999974],[-46.66701820600002,-21.93323991300003],[-46.66093111399999,-21.93869930199997],[-46.65596301300002,-21.939624477999978],[-46.65331545100003,-21.941500597000022],[-46.652639701,-21.947775465000024],[-46.65395095000004,-21.952626560999978],[-46.64901834699998,-21.959016841999986],[-46.64897195999998,-21.963685150999993],[-46.64462582700003,-21.970145322000015],[-46.64326698500003,-21.97609691399998],[-46.63990068300001,-21.977246152999996],[-46.636580886000004,-21.980713572000006],[-46.62958532699997,-21.98120507200001],[-46.629795645000016,-21.986695033000014],[-46.62438123999999,-21.99423015399998],[-46.62135016000003,-21.995480515999994],[-46.61761416500002,-21.994752725999994],[-46.61566506899999,-21.995516883999983],[-46.612479081000004,-22.00534939599996],[-46.61344469699998,-22.011047060000013],[-46.61252150299998,-22.014322575999977],[-46.615089179,-22.017644535999978],[-46.61864923100001,-22.01745046000001],[-46.634879150000025,-22.012732438999986],[-46.640420835999976,-22.008819121999974],[-46.64919620400003,-22.00939673300002],[-46.65353511199999,-22.01117707600002],[-46.65413503299999,-22.017397965999983],[-46.65968456899998,-22.02065225699999],[-46.66207790200003,-22.023692244000003],[-46.676516397,-22.022295489999983],[-46.68384769800003,-22.02958471300003],[-46.685596436000026,-22.03529347800003],[-46.68492986899997,-22.039597867],[-46.67780346299998,-22.052497205000005],[-46.678103349000025,-22.05447314299998],[-46.67550236699998,-22.056646562000033],[-46.658412764,-22.06136881899999],[-46.664524148999995,-22.069509658000015],[-46.667646789,-22.070975700000023],[-46.67290839200002,-22.07019711700002],[-46.67774871799998,-22.071088836999987],[-46.68354399700002,-22.074289040999982],[-46.68667256600003,-22.07271149099999],[-46.69154495499998,-22.073760379000017],[-46.696203927000006,-22.07325074300001],[-46.70685874999998,-22.078783454999993],[-46.70799321700002,-22.07846811500002],[-46.70913785900001,-22.075396035999947],[-46.714637604000025,-22.075168121999983],[-46.716748626000026,-22.073155795999977],[-46.72267344599999,-22.07493828899998],[-46.72367189400002,-22.07761039600001],[-46.721283109000005,-22.078827292000042],[-46.72219738299998,-22.081029515999997],[-46.71930860300001,-22.08396669799999],[-46.71870780900003,-22.089105960999962],[-46.716411526,-22.089363300000002],[-46.715956931,-22.09140035799997],[-46.71079362900002,-22.091956459999988],[-46.708210694,-22.09376737000004],[-46.707634133,-22.09291066100001],[-46.706237134,-22.09493355900003],[-46.70285265899998,-22.095882444999962],[-46.69812628500001,-22.094347609999982],[-46.69626874199997,-22.091333173000017],[-46.69381736999998,-22.090158067999987],[-46.69110506700003,-22.090789874999988],[-46.689179508999985,-22.093852125999987],[-46.68039385700001,-22.090597503000033],[-46.674737083000025,-22.096402134000012],[-46.671013338000016,-22.097398000000002],[-46.66908703299999,-22.096265542000044],[-46.66472666099998,-22.09649047099998],[-46.66274800399998,-22.09403719300003],[-46.66200199000003,-22.095097604999978],[-46.66078536600003,-22.093609921999985],[-46.655563848999975,-22.093337702999975],[-46.655078258,-22.092371608999994],[-46.653291373,-22.09324653300003],[-46.652011497999986,-22.09156468700003],[-46.647967091,-22.09246416299999],[-46.646532166999975,-22.09173016000001],[-46.64514085799999,-22.095592314999973],[-46.64122922799999,-22.09786661700001],[-46.638820278000026,-22.102475958999996],[-46.63504187000001,-22.10346674800002],[-46.63457655600002,-22.107372998000013],[-46.63182106300002,-22.107997887999982],[-46.63007758100004,-22.10712822400001],[-46.62807280499999,-22.108678030000025],[-46.62487587599997,-22.10830551100003],[-46.623168884999984,-22.109266879000025],[-46.62002169099998,-22.11556426999999],[-46.62091634500002,-22.11811473900002],[-46.620190880999985,-22.120854984],[-46.61653787699999,-22.124936201000036],[-46.61661794999998,-22.131215311000012],[-46.61861995700002,-22.134361586999997],[-46.61700433700003,-22.13592756399999],[-46.61587649799997,-22.14087055499998],[-46.61392808099998,-22.14308228300001],[-46.61009067499998,-22.141246269000003],[-46.60685537400002,-22.142005152000017],[-46.61078963199998,-22.14921967200001],[-46.626024211000015,-22.156358443999977],[-46.63488875600001,-22.154295665999996],[-46.64018658499999,-22.157233202999976],[-46.641520012,-22.161481956999992],[-46.640116531999986,-22.16488491100001],[-46.64278897399999,-22.171013254000002],[-46.64252920400003,-22.17463726699996],[-46.64678815299998,-22.178726389999994],[-46.65394788999998,-22.177203107000025],[-46.66311858199999,-22.180026181999995],[-46.66596702499998,-22.17884880499997],[-46.669555231000004,-22.174378994000005],[-46.67482594799998,-22.176536167999988],[-46.67167583899999,-22.177866590000004],[-46.67055280599999,-22.17990405400002],[-46.670424535999985,-22.18509461699998],[-46.67191862300001,-22.186430856999998],[-46.67277771800001,-22.19120886399997],[-46.674774483000014,-22.193805875000024],[-46.67504293100001,-22.198128978999993],[-46.678317715,-22.204145168000025],[-46.676648433000025,-22.21462502999998],[-46.678521294999996,-22.223689364999988],[-46.682783056,-22.225524887999985],[-46.684429591000026,-22.228834353000032],[-46.68931003599999,-22.230877281999998],[-46.694461585,-22.23807534999997],[-46.68995272400003,-22.246405413999987],[-46.69462744200001,-22.24550107099997],[-46.69948637800001,-22.25136831399999],[-46.705483029,-22.255456295999974],[-46.70980231700003,-22.261227738000017],[-46.710588831999985,-22.27065996200003],[-46.705613264000014,-22.271649971000002],[-46.702272795000006,-22.27976479500001],[-46.70248623600003,-22.280754796999982],[-46.70953907699999,-22.283601137999987],[-46.710477475999994,-22.285300377000006],[-46.70834327300003,-22.29195318799996],[-46.70511843600002,-22.293480433000013],[-46.70493907000003,-22.295494323000014],[-46.71195972999999,-22.30211986900002],[-46.71262205199997,-22.304611173999984],[-46.71488229300002,-22.30479168800002],[-46.71761672299999,-22.307452332000008],[-46.720983908,-22.306046587000022],[-46.723265486,-22.30653624199998],[-46.72117949099999,-22.309056768],[-46.721857859,-22.311143406000003],[-46.71933597600002,-22.312657923000014],[-46.71759045599998,-22.31716914399999],[-46.710381969000025,-22.312989572999992],[-46.71134424299998,-22.317988039999985],[-46.710235270000005,-22.31964462],[-46.708107772000005,-22.31871464699998],[-46.70577872899997,-22.320917823000016],[-46.700843582999994,-22.32171930400001],[-46.700771427000014,-22.325725878000018],[-46.697884170000016,-22.325716154000016],[-46.697442882000026,-22.32679460399998],[-46.69913180399999,-22.330550727000002],[-46.69878532000001,-22.333309997000008],[-46.695566574,-22.334135043999996],[-46.69479993599998,-22.336332084999963],[-46.697636707000015,-22.338233393999957],[-46.695740393999984,-22.340059962999987],[-46.69739611500001,-22.343163342000032],[-46.69266071599998,-22.343777065999987],[-46.694140833999995,-22.348210382999973],[-46.689843935,-22.346685653999995],[-46.687136305000024,-22.349259291000013],[-46.68651726500002,-22.35308439900001],[-46.688111463999974,-22.354641152999985],[-46.687167912999996,-22.357575293000014],[-46.68146337899998,-22.357897663000006],[-46.67915188400002,-22.36417309199999],[-46.67542161099999,-22.36653165500002],[-46.67599182700001,-22.36898230200002],[-46.662832932000015,-22.365289688000022],[-46.66106473600002,-22.365885735999985],[-46.660825535000015,-22.369873214999984],[-46.66649618500003,-22.38160764999998],[-46.663072039999975,-22.383761595000017],[-46.66458114500001,-22.386989227999994],[-46.66298302000001,-22.391906344999985],[-46.66346306999998,-22.39875191200002],[-46.668519839000005,-22.407173036999996],[-46.66676927200001,-22.414434135000022],[-46.661789731,-22.418548266000005],[-46.658331606,-22.419743934999985],[-46.654960492999976,-22.423168748000023],[-46.65210639200001,-22.422631818999996],[-46.64962643400003,-22.424583978],[-46.649318918999995,-22.427610136999984],[-46.64667052700003,-22.428844680999973],[-46.64053013900002,-22.42526258200002],[-46.63258916199999,-22.435660309000014],[-46.62862665199998,-22.435426360999994],[-46.62321113600001,-22.437924973],[-46.61872843300001,-22.43726907199999],[-46.61652138699998,-22.438752245999975],[-46.613915358,-22.43811453699999],[-46.61134313500003,-22.435560692],[-46.608637911000024,-22.439724254999987],[-46.60489742800002,-22.442737082999997],[-46.60382925599998,-22.441518230999993],[-46.59524087699998,-22.441349098999982],[-46.590563453000016,-22.438025453000005],[-46.58468283600001,-22.439300139000004],[-46.58236247999997,-22.44142936899998],[-46.579116156000005,-22.441624703000002],[-46.573574587,-22.445070720999965],[-46.57557354400002,-22.44953752799999],[-46.572184377999974,-22.453432985999992],[-46.563949959999995,-22.446427226000008],[-46.55490282300002,-22.44595586199999],[-46.54864753200002,-22.455738263999997],[-46.54927811800002,-22.45756390999998],[-46.552001761999975,-22.459458256],[-46.551276138999995,-22.46594170600003],[-46.549590364999965,-22.46947779300001],[-46.542962175000014,-22.46799864500003],[-46.53966711100003,-22.46856848900001],[-46.53719880000001,-22.471039538999996],[-46.533997872999976,-22.469344233000005],[-46.530319417999976,-22.46958933899998],[-46.53680620900003,-22.488249766000024],[-46.54184707000002,-22.494106677999977],[-46.50673445799998,-22.507238764000014],[-46.50866547800001,-22.514325923000012],[-46.502826802000016,-22.517479427],[-46.498068128,-22.51294945600002],[-46.49102888099997,-22.510465537000016],[-46.48904073500001,-22.516004076999995],[-46.484662131999976,-22.51917153199997],[-46.47992236300001,-22.518799535000017],[-46.47619731100002,-22.521346967000007],[-46.47023328400002,-22.518356988999987],[-46.466226054,-22.51877360700002],[-46.46543993500002,-22.52258221699998],[-46.46384522699999,-22.523355416000022],[-46.454460590000004,-22.52163630000001],[-46.45074301900003,-22.526080766000007],[-46.44939083100002,-22.530714299000028],[-46.439218582000024,-22.53584878899998],[-46.43931519300003,-22.54094712800001],[-46.431493644,-22.544402509000008],[-46.429170457999994,-22.543962444999966],[-46.42636334500003,-22.547794580000026],[-46.41831848999999,-22.548119156999967],[-46.41742654799998,-22.542202719999974],[-46.413158012999986,-22.540074676999982],[-46.412094516000025,-22.536986005000006],[-46.406660246,-22.540783743000024],[-46.406168864999984,-22.542861022999997],[-46.408188758999984,-22.54877771600002],[-46.410293070000016,-22.550448634000016],[-46.41308579899999,-22.55668158899999],[-46.41948058899999,-22.56004065399998],[-46.42298296100001,-22.56491998199999],[-46.42710245900003,-22.566077193000012],[-46.432017073,-22.57023082699999],[-46.43380835099998,-22.574281950000014],[-46.431228735,-22.57600180100001],[-46.428640331000004,-22.583987804999982],[-46.41984197099998,-22.58296279299998],[-46.41250936099999,-22.585872395000028],[-46.412460468999996,-22.588156006000023],[-46.415379857999994,-22.59067229800001],[-46.41928858400002,-22.592045633999977],[-46.42129289299999,-22.594079238000017],[-46.421475809000015,-22.596748951999984],[-46.42434169400003,-22.59935203100002],[-46.422156402,-22.60017324],[-46.420814821000015,-22.59871654800003],[-46.41579284699999,-22.606154985999964],[-46.412573649000024,-22.608092165000013],[-46.411274473999974,-22.612751335999963],[-46.404241743,-22.621861165999977],[-46.40475487700001,-22.623396679999985],[-46.407824521000016,-22.62398952699999],[-46.41168615800001,-22.62311342599998],[-46.422107079,-22.624691966999983],[-46.424212297999986,-22.62860534200003],[-46.42435693599999,-22.634365656999968],[-46.42216859500002,-22.637046376],[-46.416316671000004,-22.639956260000034],[-46.40709709300001,-22.640492858000005],[-46.39683804600003,-22.645386851000012],[-46.39496864,-22.650614914000016],[-46.391952410999984,-22.653972937999978],[-46.39443556200002,-22.658746403000013],[-46.39313114599997,-22.662909275999993],[-46.405247546,-22.672520209000023],[-46.407483414999994,-22.671526395],[-46.40840632599998,-22.669205358999985],[-46.40502646200003,-22.665487593000012],[-46.40511273700002,-22.663188233000042],[-46.40972897300003,-22.662057224999987],[-46.41282117499998,-22.65926278199999],[-46.41760736200002,-22.664901461000007],[-46.42247739200002,-22.664829632999997],[-46.425681559,-22.66136955899998],[-46.427602604000015,-22.661161133999993],[-46.43635946699999,-22.66426783100002],[-46.43841555900002,-22.667228899999987],[-46.440847255999984,-22.668371347000004],[-46.447517963,-22.667879898000017],[-46.449574972,-22.670072803999975],[-46.457762996999975,-22.671410950999988],[-46.460900708,-22.676208798999987],[-46.47014676399999,-22.673005740000008],[-46.476360295999996,-22.67683539299998],[-46.480533967999975,-22.677939443000003],[-46.47848524500001,-22.685706967999977],[-46.46990094300004,-22.694356442000014],[-46.47923915000002,-22.698407765999978],[-46.475006998000026,-22.70200777299999],[-46.473684330000026,-22.705023496000038],[-46.471648902000034,-22.705959301000004],[-46.46783094199998,-22.701257946],[-46.46526589400003,-22.70444407999996],[-46.462737404,-22.70519645799996],[-46.46288562500001,-22.706776839999957],[-46.457036871000014,-22.707212491],[-46.45569583700001,-22.712041270999965],[-46.45660619500001,-22.714971284999976],[-46.45463654300001,-22.71935838199999],[-46.45590137300002,-22.71978010599996],[-46.455662565999994,-22.72369579100001],[-46.45240394199999,-22.72763191199998],[-46.44495465799997,-22.72617555800002],[-46.444562652,-22.728114108000003],[-46.44279713200001,-22.728152147000003],[-46.439636482000026,-22.726635414999986],[-46.43717887399998,-22.731430798000016],[-46.43365057,-22.733411421999982],[-46.42893978199998,-22.734009721000007],[-46.42512853400001,-22.735878102000008],[-46.42224216300003,-22.733022780000002],[-46.41999695099997,-22.732760738000035],[-46.41849342400002,-22.734160834999994],[-46.41430094299999,-22.734487097999978],[-46.41308767100003,-22.738281700000012],[-46.40982166499998,-22.73872192800002],[-46.40669015999999,-22.740771257999988],[-46.404610305000006,-22.739098893999984],[-46.39509904800003,-22.74230923099998],[-46.393729672000006,-22.74396113300003],[-46.386275994000016,-22.739830207000004],[-46.379594527,-22.745758430000027],[-46.37549287500002,-22.746739961000007],[-46.37487762400003,-22.745821076000034],[-46.37200942800001,-22.747044646000006],[-46.369637049,-22.749664379000027],[-46.369760031999995,-22.751236382000013],[-46.36752744400001,-22.751724635000006],[-46.367680554999986,-22.753870794000022],[-46.363730229000005,-22.755253399000033],[-46.36314656299999,-22.758234631999986],[-46.35981694999998,-22.76187430599998],[-46.35427258300001,-22.75763349699995],[-46.345628327999975,-22.760690726999997],[-46.335323545999984,-22.760120046999997],[-46.33413601000001,-22.760987793000023],[-46.33306540799998,-22.76690888299997],[-46.335844909999985,-22.768736118],[-46.34170758800002,-22.76935494200001],[-46.340640975999975,-22.774159329999957],[-46.344240049999996,-22.778002359000034],[-46.348262816999984,-22.778098499000002],[-46.35135199400004,-22.784497035000005],[-46.353364425,-22.785743600999982],[-46.35720787999998,-22.785476614999986],[-46.35932002200003,-22.788033671999973],[-46.362166275999996,-22.78905625800002],[-46.36200473799999,-22.792837275999993],[-46.36648468700003,-22.799355099000024],[-46.37109974700002,-22.813864604000003],[-46.37447283300002,-22.81890201800001],[-46.37494201099997,-22.823906584999953],[-46.377843186999996,-22.827894113000003],[-46.373453079,-22.830365368000002],[-46.373002708,-22.83329232599998],[-46.37088882400002,-22.836060019000005],[-46.37100284600001,-22.83822188300002],[-46.37463373799999,-22.84422311700001],[-46.37384417700003,-22.84688990400001],[-46.37480691299999,-22.850737181000007],[-46.372143763,-22.858091224999995],[-46.37341476900002,-22.862247051999976],[-46.37686311800002,-22.864105805000012],[-46.38064999300003,-22.863979347999987],[-46.38256420099998,-22.86568502199998],[-46.38426855300003,-22.87015724499998],[-46.379962772,-22.871879843000002],[-46.37553767200001,-22.870690485000008],[-46.377155070000015,-22.87344312200003],[-46.37611921799999,-22.877030977000004],[-46.37818736499999,-22.878880573999993],[-46.37247436400003,-22.879380982999972],[-46.373237035999985,-22.88172484199998],[-46.372313141999996,-22.88353418999998],[-46.367881762000025,-22.886095094999966],[-46.364763806999974,-22.890174004000013],[-46.36389312799998,-22.894152471999977],[-46.359954926,-22.89549901499997],[-46.35620769399998,-22.90051089299999],[-46.349109445,-22.899463331999982],[-46.34435501899997,-22.90461331900002],[-46.34337681300001,-22.90229265800002],[-46.33750819300002,-22.896753293000017],[-46.31449640900003,-22.886740616999976],[-46.31167381199998,-22.890540615000027],[-46.30467113999998,-22.891515393000017],[-46.30272985800002,-22.895187161000006],[-46.29612233900002,-22.898033641999973],[-46.29091773699997,-22.894526426999995],[-46.287938155999996,-22.888063337000006],[-46.280216118,-22.884079439999994],[-46.280291377000026,-22.880291039999992],[-46.278893702000005,-22.878789123999972],[-46.271046797,-22.87789044599999],[-46.26678014700002,-22.875745245000005],[-46.26273159599998,-22.877798989999977],[-46.26015212599998,-22.88349439400001],[-46.26029605399998,-22.887383409999988],[-46.257852359000026,-22.890997094000006],[-46.24710806600002,-22.88898813999998],[-46.24475951800002,-22.890505845],[-46.24107517300002,-22.890628753999977],[-46.23778025500002,-22.894438048999962],[-46.23461405500001,-22.883192500999986],[-46.23294719199998,-22.881363841999985],[-46.227911131999974,-22.881392479],[-46.22161725799998,-22.87808993200003],[-46.21318726499999,-22.876679650000018],[-46.20879811399999,-22.873268917000008],[-46.20241199899999,-22.87058051399996],[-46.199567339000005,-22.871486944000008],[-46.196422239000015,-22.869932295000005],[-46.19135404299999,-22.86459225099997],[-46.18538976999997,-22.86944659599998],[-46.180183392999986,-22.86650675300001],[-46.167797759999985,-22.865912763999976],[-46.16065482800002,-22.863880387999988],[-46.15544207300001,-22.86418701000003],[-46.14465616600001,-22.857596781999973],[-46.140635374000006,-22.868946371],[-46.14241708700003,-22.871912544999972],[-46.141623818000035,-22.87641691599998],[-46.143017638999986,-22.881386005000024],[-46.141646897999976,-22.88320291600003],[-46.137448168999995,-22.884960410999998],[-46.136392218000026,-22.891073737999992],[-46.143179418999985,-22.903255118000008],[-46.145864112000034,-22.90355989900001],[-46.14936072400003,-22.91028167099998],[-46.15328629999999,-22.910580881999973],[-46.15409361299999,-22.912672559],[-46.15044337500001,-22.916439697000005],[-46.14640060800002,-22.917403671000006],[-46.140254292000016,-22.922238332000017],[-46.137734575000025,-22.92201990499999],[-46.123438673,-22.909557322],[-46.11974627699999,-22.908974396000005],[-46.115512987999985,-22.906100139999978],[-46.111005723000005,-22.906741036000017],[-46.107546852,-22.90551885899999],[-46.10607133500004,-22.902347233999972],[-46.10159666,-22.901784823000025],[-46.09462103300001,-22.895170133999994],[-46.08999019999999,-22.895752581999997],[-46.08509866200001,-22.892318323999973],[-46.074759540999985,-22.891524633000024],[-46.07282620900003,-22.89444751000002],[-46.06401605299999,-22.891550031999984],[-46.05932442699998,-22.895474743000012],[-46.050700608999996,-22.896947140000016],[-46.050701694,-22.90229710499998],[-46.049343136000005,-22.903950790000017],[-46.04432552899999,-22.905306739000036],[-46.043910358000005,-22.911346105999993],[-46.04120220499999,-22.91379691600002],[-46.041025199999986,-22.915417906000034],[-46.04258203799998,-22.926363713999994],[-46.04865917799999,-22.932765492999977],[-46.051272615000016,-22.940661450000015],[-46.05046908999997,-22.943789093000017],[-46.05325686399999,-22.949951022999976],[-46.04912167399999,-22.954887672999973],[-46.05158276999998,-22.958949346999976],[-46.050619623999985,-22.964257512000007],[-46.05144216700001,-22.967516391],[-46.05593712799999,-22.97002668099998],[-46.05704534,-22.97303143099999],[-46.06366100399998,-22.974543502000017],[-46.067242032000024,-22.98016862999998],[-46.07095189,-22.97923956300002],[-46.07333349900001,-22.97987618100001],[-46.077722900000026,-22.97724857499997],[-46.08147982700001,-22.985077014000012],[-46.086585394999986,-22.984978027000007],[-46.089164922,-22.989225159999986],[-46.08972060999998,-22.99329842399999],[-46.094425941000004,-22.997213918],[-46.09999440199999,-22.99881369299999],[-46.100526768000016,-23.00013983999997],[-46.10906911799999,-23.001748167000013],[-46.11762624,-23.005346718999988],[-46.121489328,-23.008928232000013],[-46.12519280100002,-23.008963693000005],[-46.13011173799999,-23.02090901299999],[-46.13396757300001,-23.02621671600002],[-46.13864477300001,-23.02882757100003],[-46.14201175400001,-23.028475538000006],[-46.13987442199999,-23.035895643000003],[-46.14049735399998,-23.03881314000001],[-46.14428660900001,-23.039304773000023],[-46.14385380499999,-23.042251145000034],[-46.14666846,-23.044144320999983],[-46.151045157,-23.044489838000004],[-46.15488790699998,-23.049329681000028],[-46.15896617800002,-23.049897434000005],[-46.15856580600001,-23.05273226600002],[-46.16029307600001,-23.05729195899998],[-46.158885274,-23.06150089800002],[-46.16231719699999,-23.063129855999968],[-46.16146549899997,-23.066094591000027],[-46.163952494,-23.066673529999974],[-46.1704158,-23.071595048000006],[-46.17355100499999,-23.070797199000026],[-46.17503364800001,-23.075836553999984],[-46.180356082,-23.07936522400003],[-46.182717998999976,-23.079442439999966],[-46.187623685000005,-23.077244853000042],[-46.19483307399998,-23.07790429200003],[-46.196307285999985,-23.08033130199999],[-46.20489790099999,-23.08439624900002],[-46.20524402699999,-23.093034035000027],[-46.209113573000025,-23.098751046000018],[-46.20868956999999,-23.10194610600001],[-46.210508651,-23.10457480500005],[-46.20889099900001,-23.106654325999997],[-46.21261477100001,-23.106800969],[-46.215086902999985,-23.108396218],[-46.21566795000001,-23.111066994999987],[-46.214284672000026,-23.114392166000012],[-46.21822505000001,-23.11723321599999],[-46.21835389699998,-23.123521467999982],[-46.2215119,-23.122935328999976],[-46.22380177100001,-23.125658120000033],[-46.22575747799999,-23.126190660000027],[-46.227076333000014,-23.131956221999967],[-46.22581766500003,-23.136560735999986],[-46.235092189000014,-23.13503651899997],[-46.23693054099999,-23.140606869000003],[-46.240264421,-23.142611278000025],[-46.24297938799999,-23.148845180000023],[-46.246810267,-23.15118614199997],[-46.24747621,-23.15487253700002],[-46.25360583600003,-23.156163847000037],[-46.25713088399999,-23.159673914999992],[-46.256496959999986,-23.163639483999997],[-46.25751394100001,-23.167270151000025],[-46.25549384700003,-23.16958032600003],[-46.256950274000026,-23.172385893000012],[-46.261527047000016,-23.173977899000025],[-46.260604747,-23.17608105500002],[-46.26178884299998,-23.178031743000027],[-46.259646406,-23.179986113999977],[-46.26355219499999,-23.183567223999994],[-46.262223898,-23.18635953500001],[-46.26312104099998,-23.18799183499999],[-46.26876256600002,-23.190439445],[-46.270879778999976,-23.187686859000006],[-46.273127122999995,-23.187287735999963],[-46.275835283,-23.184910014999996],[-46.282440429000026,-23.18345931300001],[-46.286044935000014,-23.19094861200001],[-46.29695824200002,-23.196983466999992],[-46.298619826,-23.196363709000014],[-46.30166658799999,-23.19824724099998],[-46.30383611000002,-23.197275653999988],[-46.307761192999976,-23.19801365799998],[-46.30903753299998,-23.199932697999984],[-46.30769710200003,-23.20310735200003],[-46.31002410799999,-23.204723489999992],[-46.30873911700001,-23.20877795400004],[-46.30583484099999,-23.21107856200003],[-46.305567199999984,-23.21297759700002],[-46.311526410999996,-23.227399520999988],[-46.314426180000005,-23.22880287399998],[-46.31762212299998,-23.233682088000013],[-46.32669059699998,-23.240764108000008],[-46.329682142000024,-23.24631517699998],[-46.33296499099998,-23.246830719999995],[-46.337192113000015,-23.250611167999995],[-46.34809187500003,-23.252617394000023],[-46.35022720799998,-23.258407824000024],[-46.35396934200004,-23.26268186999999],[-46.35383558900003,-23.264936859999978],[-46.357941055000026,-23.26559558500002],[-46.35979668099998,-23.267763034999973],[-46.35931188000001,-23.271097495999985],[-46.356901583000024,-23.272539118],[-46.37172938100001,-23.27563816999998],[-46.376317003,-23.27835713299998],[-46.381508544999974,-23.278052885000026],[-46.38744524200001,-23.28690168700001],[-46.39035750300002,-23.287488906000018],[-46.39627470400001,-23.285790621999983],[-46.399996875,-23.28875151699999],[-46.400664346999974,-23.29529004300001],[-46.40346350099998,-23.296127609000003],[-46.402761269999985,-23.299093458000023],[-46.40510312999999,-23.30094050799999],[-46.40832532600001,-23.300266627999967],[-46.41201535200003,-23.301642226000013],[-46.41052410899999,-23.305762427999998],[-46.413232623,-23.307892329999998],[-46.418476075,-23.316290969000008],[-46.421675081,-23.307614156999986],[-46.42594049700001,-23.30182284900002],[-46.42545920300001,-23.297330355999964],[-46.427660875000015,-23.294910284000025],[-46.42727850099999,-23.29197201599997],[-46.429938924,-23.289016633000017],[-46.43743473400002,-23.28452468700001],[-46.43432798100003,-23.279600347999967],[-46.439769419000015,-23.273411665000026],[-46.44695145899999,-23.271467432],[-46.447916927999984,-23.269996252],[-46.45404060300002,-23.27307846000002],[-46.45940988600001,-23.270310348999995],[-46.461865611000015,-23.27241098500002],[-46.46029086099996,-23.275619070000005],[-46.46066093899998,-23.278043072000003],[-46.462828925000004,-23.280037074999967],[-46.46736374300003,-23.28068937500001],[-46.47084306199997,-23.28263195499998],[-46.47238149800001,-23.280888657999952],[-46.47276685499998,-23.276615821000004],[-46.476130775,-23.27501546899999],[-46.47848110600001,-23.26936414199995],[-46.48316347399998,-23.266920036000002],[-46.48288992900001,-23.265294095999987],[-46.491853111000005,-23.25522483600002],[-46.499920993999986,-23.252755320999984],[-46.50234719299999,-23.250489669999983],[-46.50309419400002,-23.24791419600001],[-46.514220704000024,-23.250135159000024],[-46.51349951999999,-23.247454907000012],[-46.51534908899998,-23.244131310999975],[-46.51540548999998,-23.237474690000006],[-46.516804631999996,-23.238485591000014],[-46.520189801000015,-23.237416696000018],[-46.523825370000004,-23.238045605000025],[-46.529027688999975,-23.241516692000005],[-46.539603623999994,-23.239738814999995],[-46.54625415700002,-23.24135136500003],[-46.55152598199999,-23.23931170600004],[-46.55353747700002,-23.236218189999992],[-46.55898164400003,-23.235181346999973],[-46.56362701199998,-23.23652070600003],[-46.566789340000014,-23.235837550999985],[-46.568278651000014,-23.233706987999977],[-46.575320165999976,-23.232515184000036],[-46.58341128400003,-23.232747542000016],[-46.58831926900001,-23.234759634000007],[-46.58988365900002,-23.23665358399999],[-46.59373624699998,-23.236522803000017],[-46.60127024799999,-23.234200977000008],[-46.60412175099998,-23.235136891000018],[-46.605290774000025,-23.22844089],[-46.609947770000026,-23.22579588699999],[-46.61552628599998,-23.227534922],[-46.614555192999994,-23.230719910999994],[-46.617024943,-23.23327368899998],[-46.61834825,-23.23847286199998],[-46.61762849399997,-23.24028578100002],[-46.62198653500001,-23.242390726999975],[-46.622787566,-23.25670099400003],[-46.626431790000034,-23.256183067999967],[-46.62966437,-23.259062539000013],[-46.63432188500002,-23.25743500200004],[-46.637684874999984,-23.257977795999967],[-46.64378202400002,-23.25529057400001],[-46.65033252400002,-23.257726096],[-46.65260485300002,-23.26043152300002],[-46.666995455000006,-23.258527087999994],[-46.67091740100001,-23.256295739999988],[-46.67300892100002,-23.257469373999967],[-46.675670592000024,-23.26167579999998],[-46.683351732000006,-23.25715475900002],[-46.68669143300002,-23.258517466],[-46.69026040799997,-23.25708392400001],[-46.69370317599999,-23.259094472999998],[-46.698181498,-23.256527186000028],[-46.69804709700003,-23.253409854999965],[-46.705509602,-23.251329941999973],[-46.71398163700003,-23.253807645],[-46.71740699899999,-23.253774906999983],[-46.72146506299998,-23.250539256000035],[-46.72412602499998,-23.25003092399999],[-46.732781749000026,-23.254373371999975],[-46.73553531499999,-23.252892899999996],[-46.73822279699999,-23.25375598800002],[-46.74280961599999,-23.25072611199999],[-46.74673581700001,-23.250665663999992],[-46.749922858999994,-23.251533963999975],[-46.75207094299998,-23.255395699999987],[-46.75678257499999,-23.25353577800001],[-46.76081603699998,-23.257546854999987],[-46.766528774,-23.259278461999987],[-46.77237827499999,-23.259700496999994],[-46.778596633999996,-23.256491876999952],[-46.784015893,-23.260850434999984],[-46.78371169600001,-23.265350633000025],[-46.78622829699998,-23.264975262000018],[-46.78766216399998,-23.266441272000012],[-46.79089824599999,-23.266713937000027],[-46.79282164599999,-23.261163892000013],[-46.80246578499998,-23.256983140999967],[-46.80313504200001,-23.270570851999988],[-46.805972139999994,-23.272452489999974],[-46.805579561999984,-23.27472492499996],[-46.809740911999995,-23.274598551999983],[-46.81393067999999,-23.276792268999976],[-46.81446533399999,-23.28218743600002],[-46.816511198,-23.28258270600001],[-46.819435877999986,-23.280833395999984],[-46.83189537300001,-23.27896204500002],[-46.83470076100003,-23.28059983100001],[-46.834514023000004,-23.28619889299999],[-46.838481726,-23.28789010399998],[-46.844395745999975,-23.28197837099996],[-46.84635661400001,-23.282209786000017],[-46.84690344,-23.28448556799998],[-46.84996388500002,-23.285589076],[-46.860992425000006,-23.281758641000017],[-46.862563763000026,-23.278468144999973],[-46.86481550399998,-23.279652635],[-46.86748906600002,-23.27791167200002],[-46.86966758400001,-23.28215782499999],[-46.87387163400001,-23.282321121999992],[-46.87629751800001,-23.28476199300001],[-46.875858069,-23.290870760999987],[-46.877234772000016,-23.291394057999963],[-46.88145567700002,-23.288888742999976],[-46.88525206899998,-23.29023019300002],[-46.886835012999995,-23.295962530999976],[-46.889881752000015,-23.299635240999972],[-46.895128548,-23.301516617999983],[-46.898361599,-23.304839591000015],[-46.900881616,-23.30504786],[-46.90180058499999,-23.307452667000003],[-46.90779965799999,-23.30876830300002],[-46.915402261,-23.308093918999987],[-46.91802332399999,-23.31050532500001],[-46.92249382,-23.307798138000003],[-46.92676302000001,-23.310818044999998],[-46.930868772999986,-23.311536277000027],[-46.93341583,-23.31688265299998],[-46.93572691200001,-23.31759875900002],[-46.938836967,-23.323270257999976],[-46.94133482900003,-23.32001237399998],[-46.941244004999994,-23.321127155999992],[-46.94473084499998,-23.322550025000005],[-46.945222194999985,-23.324958589],[-46.94672894399997,-23.32449515500002],[-46.94867123,-23.326014240999996],[-46.94991581400001,-23.323980935000005],[-46.953746610999985,-23.32457670500003],[-46.958270459000005,-23.32609679400002],[-46.95900864400001,-23.327796711999994],[-46.96376865600002,-23.32330882600002],[-46.97011236600002,-23.325947019000008],[-46.973776902,-23.329564290999997],[-46.97785962500001,-23.32933618899999],[-46.983508330000014,-23.333401852000016],[-46.98754484300002,-23.332488328000007],[-46.98877057599998,-23.333921643999986],[-46.99122377499997,-23.33242414599999],[-46.99130288399999,-23.333511621000007],[-46.99263436799998,-23.33350503699999],[-46.995626044999995,-23.33079384899998],[-46.999768035999985,-23.332946091999993],[-47.00101822,-23.337459079999967],[-47.00368783099998,-23.33638706999999],[-47.004887567000026,-23.337529141000015],[-47.00774636699999,-23.33696288099998],[-47.00882285300003,-23.338197735999984],[-47.01521165999998,-23.339876091999994],[-47.017354796000006,-23.344922864000015],[-47.02098392300002,-23.34359917900001],[-47.02502026100001,-23.345272825999984],[-47.03108322100002,-23.34553203199998],[-47.041338139,-23.351564144000008],[-47.04519531699998,-23.350690937000028],[-47.048729815999984,-23.354454342],[-47.05676279900002,-23.356676011999987],[-47.06589603100002,-23.35397204200001],[-47.0656328,-23.357369903999995],[-47.072042486999976,-23.35850326899996],[-47.07572037199998,-23.357083042],[-47.08178216400001,-23.357132566000015],[-47.08796560899998,-23.35274479399999],[-47.09183028699999,-23.35533396699996],[-47.09213437699998,-23.362076446999986],[-47.0961001,-23.367081010999993],[-47.09411715400001,-23.370594981000025],[-47.10191578199999,-23.368965038],[-47.105163017999985,-23.370848459999994],[-47.103063944999974,-23.374058013000017],[-47.10076775499999,-23.38628742999998],[-47.096940502999985,-23.387332038000004],[-47.09062600300001,-23.385831048000004],[-47.08780318100004,-23.38281284300001],[-47.08158124300001,-23.380713389999993],[-47.08072222200002,-23.38698404699998],[-47.08373176999998,-23.39030119799999],[-47.08351101300003,-23.391405850999995],[-47.08107187600001,-23.39210267700002],[-47.080548900999986,-23.394329328000026],[-47.08261830800001,-23.397145942999995],[-47.08296864800002,-23.40096647100001],[-47.08534990200002,-23.40259156899998],[-47.090738746,-23.40231509099997],[-47.093902430000014,-23.398333580999974],[-47.095761337,-23.397819432999988],[-47.09769024600001,-23.398699705000016],[-47.09808977900002,-23.401475471000026],[-47.10079533700003,-23.404051633999995],[-47.10547153599998,-23.401170550999986],[-47.112928755999974,-23.402704210000017],[-47.12202635900002,-23.40258664100002],[-47.122632468000006,-23.398730974000006],[-47.11923782500002,-23.39064893900002],[-47.11900804300001,-23.385243257999985],[-47.12031957900001,-23.382676311999997],[-47.116903766,-23.381357255],[-47.11771076399998,-23.375717394999974],[-47.120954063000006,-23.375287018999966],[-47.12887210399998,-23.38124118899998],[-47.13225921399999,-23.381318571999998],[-47.13330534200003,-23.379536083999998],[-47.13150886300002,-23.374477619999997],[-47.137703556000034,-23.368667135000003],[-47.13655452900003,-23.35818146200001],[-47.13841652000002,-23.353906240000015],[-47.14129483900001,-23.352326053000013],[-47.14190328500001,-23.348454004],[-47.15613098799998,-23.344081141999983],[-47.157664642999976,-23.34260694300002],[-47.16491704600003,-23.342387697999968],[-47.170874732000016,-23.33722345000001],[-47.169723568999984,-23.334349497000005],[-47.173556012000006,-23.32521192],[-47.164276556999994,-23.323222422000008],[-47.16147074700001,-23.320333845999993],[-47.16153965900003,-23.317762571000003],[-47.16642118300001,-23.312020442999966],[-47.16559900300001,-23.311066959999998],[-47.16162896100002,-23.311064036000012],[-47.161184780999974,-23.30713799699996],[-47.16638924199999,-23.30387371699997],[-47.16771884399998,-23.301086953999995],[-47.16705769200001,-23.297334386000003],[-47.168369967,-23.293393878000018],[-47.17385521000001,-23.292799278999983],[-47.17811759599999,-23.293879290999982],[-47.180570499000005,-23.292632770000008],[-47.186019353000006,-23.284537758999985],[-47.185732143999985,-23.281831663999988],[-47.18899692100001,-23.27661046899999],[-47.191153865000004,-23.269604234999974],[-47.19062526499999,-23.24580968800001],[-47.18918362400001,-23.24742229700001],[-47.185308040999985,-23.248577022000017],[-47.183518129999975,-23.24722458899999],[-47.18214954199998,-23.247726578000023],[-47.178826566,-23.254581412999986],[-47.176803088999975,-23.256385194000025],[-47.168685634999974,-23.257154312000015],[-47.15661628700002,-23.25640063999998],[-47.14931727700002,-23.25444377000002],[-47.145847222999976,-23.255066135999982],[-47.144959751999984,-23.253141754000005],[-47.14304093599998,-23.252605349000042],[-47.14177648399998,-23.253533360000024],[-47.137884317999976,-23.24896663800001],[-47.132899398000006,-23.24727146700002],[-47.12896223799998,-23.24354337699998],[-47.12491916099998,-23.235051659000003],[-47.121779103999984,-23.232809879],[-47.12159950400002,-23.229349296999988],[-47.11609975800003,-23.225953554000004],[-47.117204024999985,-23.221876067999972],[-47.12199277799999,-23.219406371000012],[-47.127641644,-23.21376841300002],[-47.12715855400001,-23.209459669999998],[-47.129553347000005,-23.202825578000006],[-47.13496155399998,-23.203948097000012],[-47.143618538,-23.202976515999975],[-47.15085569399997,-23.200766750000007],[-47.156317218000034,-23.201540291],[-47.16647616300003,-23.19751112699999],[-47.176088091999986,-23.19696846199997],[-47.18588652199998,-23.193141106999974],[-47.18931383300003,-23.192926774999982],[-47.193066853000005,-23.19061190399998],[-47.195693791,-23.18655517200001],[-47.212726980000014,-23.183250457999975],[-47.216665181,-23.183761419999993],[-47.22515620100001,-23.180871690999986],[-47.227744991000016,-23.18190475600001],[-47.23216695899998,-23.18070360000002],[-47.23352546199999,-23.18238550799998],[-47.237535696000016,-23.183039262000005],[-47.23872937499999,-23.184373839999967],[-47.24455211600004,-23.182903200000002],[-47.24630977599998,-23.180777587000023],[-47.247900481,-23.180574888000002],[-47.24924195800003,-23.176917483000008],[-47.252164542,-23.17486222899999],[-47.25016498000002,-23.173604639000008],[-47.25716919500002,-23.16889676400002],[-47.258215162000006,-23.16633733999999],[-47.257781970999986,-23.161368949999964],[-47.255467108000005,-23.156076229000004],[-47.25723974900001,-23.150266532999982],[-47.26001153599998,-23.14708342500002],[-47.270234732000006,-23.14547205300001],[-47.27396390899999,-23.15128481300003],[-47.283480866,-23.154347764],[-47.28709345200002,-23.15772376500001],[-47.28969985999999,-23.157191296999997],[-47.292562545,-23.15460546899998],[-47.299869258,-23.138729254999994],[-47.30241778499999,-23.13524202699998],[-47.305408618000016,-23.133799711999973],[-47.30413813299998,-23.130703400999998],[-47.30487425100001,-23.129051994999987],[-47.30252989899998,-23.127475391000022],[-47.30264961500001,-23.122442501000023],[-47.300442936000024,-23.11310841300002],[-47.32070203699999,-23.12345948100001],[-47.32450272199998,-23.12240936799998],[-47.32528315899998,-23.118148248000022],[-47.327624263000025,-23.11458321600001],[-47.33516460200002,-23.110952665],[-47.339282909000026,-23.110755499999982],[-47.341858694999985,-23.11690628000002],[-47.34946676200002,-23.117788968000013],[-47.34969566000001,-23.129150897999978],[-47.35380151800001,-23.135003349999963],[-47.36174738300002,-23.141622616000003],[-47.37216979200002,-23.144494294000033],[-47.37447469599999,-23.148651503999982],[-47.37622205999998,-23.148335711000016],[-47.37544321899997,-23.15149037800001],[-47.37743499800002,-23.15272288199997],[-47.381307004000014,-23.151112735000016],[-47.38399221200001,-23.15419467700002],[-47.38739891300003,-23.153464697000004],[-47.389109501000014,-23.155300394999976],[-47.391815941000004,-23.154907901000026],[-47.39777368400002,-23.161514424000032],[-47.403865472999996,-23.161383237],[-47.41476720999999,-23.16497809399999],[-47.41886724099999,-23.167935213000032],[-47.42316628800001,-23.15638693],[-47.42271771200001,-23.148873143],[-47.420212761000016,-23.145003479000028],[-47.419611229999994,-23.140215987999998],[-47.41327891900001,-23.132655527],[-47.415295287,-23.127765403000016],[-47.41194385900002,-23.11957345299998],[-47.41551393899999,-23.115189714000003],[-47.419551843000015,-23.113279826],[-47.42803082000002,-23.10073642200001],[-47.43405438100002,-23.106452311000016],[-47.44165298500002,-23.105886965000003],[-47.446453236000025,-23.10689667399998],[-47.452315318,-23.105820834999978],[-47.46489900099999,-23.108844197999986],[-47.46769490999998,-23.117783147000015],[-47.463530176999996,-23.124573581],[-47.47097059999999,-23.123197301999983],[-47.47980465199999,-23.12354773500001],[-47.485768538,-23.11530104899997],[-47.48973001000002,-23.105527536000018],[-47.496988588000015,-23.096853939000024],[-47.500827019999974,-23.094206316999987],[-47.510009798,-23.09210723400004],[-47.527059913000016,-23.095864923000033],[-47.530135230999974,-23.10142034099999],[-47.53802932000002,-23.101658079000007],[-47.54205851699998,-23.098302353000012],[-47.549407003,-23.097334780999965],[-47.553543955999984,-23.098443114000016],[-47.562962922,-23.090656393000007],[-47.566579296999976,-23.093937677999975],[-47.565640261,-23.096918906999964],[-47.56762545499999,-23.098826597999995],[-47.572680596999994,-23.09832805999997],[-47.58126516300001,-23.103693538],[-47.58584264799998,-23.10219361899998],[-47.58748944299998,-23.103192137000004],[-47.58966272499998,-23.101951362000037],[-47.591588874000024,-23.10190436800002],[-47.59220428999999,-23.10307139999997],[-47.597663513999976,-23.099320302000024],[-47.60269208300002,-23.099743049999965],[-47.603788941999994,-23.098359699000017],[-47.60860847399999,-23.099242742999976],[-47.607664699,-23.095213795000006],[-47.603445185,-23.089762832000027],[-47.604240817000004,-23.087381350999983],[-47.59284420199998,-23.07799019999998],[-47.59314347999998,-23.075976377999996],[-47.59438455600003,-23.07432467400002],[-47.597520734,-23.07387694400002],[-47.60273168399999,-23.070571449999992],[-47.61260814500002,-23.06866914300003],[-47.626242796999975,-23.075816127000003],[-47.62621663700003,-23.06820026600002],[-47.629043626000005,-23.061452593000013],[-47.62897086599998,-23.057963232000013],[-47.631525040999975,-23.054813220000018],[-47.631571135,-23.04995220900001],[-47.629162034999986,-23.047121511999972],[-47.629098984999985,-23.04364122300001],[-47.63898661000002,-23.04302924500001],[-47.64534029700001,-23.040377994999965],[-47.64956146200001,-23.04303821299997],[-47.652028863,-23.043258047999988],[-47.654016324999986,-23.035910145000006],[-47.659900891000014,-23.031322554999978],[-47.66127158400002,-23.028377304],[-47.65995999299998,-23.024955578],[-47.66287393900001,-23.018258286],[-47.66096626699999,-23.015289698999997]]]}},{"type":"Feature","properties":{"id":"zee-04","nome":"Região Metropolitana de São Paulo"},"geometry":{"type":"Polygon","coordinates":[[[-46.107279011,-23.731196544999985],[-46.10361862299999,-23.729147314999995],[-46.09978405599998,-23.729049202000002],[-46.097025077000026,-23.72629231299997],[-46.101641083000004,-23.72269499399998],[-46.100231830999974,-23.71984424300001],[-46.10402957999997,-23.715273684000014],[-46.103850535,-23.711634452999977],[-46.10642225800001,-23.711494393000013],[-46.108571634999976,-23.715114742000022],[-46.111492794000014,-23.714854186000025],[-46.11394489000003,-23.71777344600002],[-46.118216282,-23.715738677999983],[-46.122682938000025,-23.718699046999966],[-46.12359526199998,-23.717109978999986],[-46.12243341899999,-23.714851066999984],[-46.12435052799998,-23.714955870999972],[-46.12614550500002,-23.71286752600003],[-46.13184259299998,-23.724841282999986],[-46.136250630000006,-23.724675095999995],[-46.137801371000016,-23.72635784099998],[-46.139879629,-23.725827997000025],[-46.147818906,-23.72823734799998],[-46.150260883,-23.73249903300001],[-46.15589284800001,-23.73618524699998],[-46.15862166199997,-23.732193306000006],[-46.163988211,-23.732679675000004],[-46.16586948100001,-23.734337080000003],[-46.17049875100002,-23.732358486000024],[-46.17418158999999,-23.735755983],[-46.176894608,-23.735869738000016],[-46.17844405699998,-23.745644335999987],[-46.186431388000024,-23.74465529999998],[-46.189906629999996,-23.747601443000008],[-46.19030088599999,-23.750599517999998],[-46.192660923999995,-23.753468324999996],[-46.19439027400001,-23.754213645999986],[-46.19664199599998,-23.752769644999987],[-46.199226065000005,-23.75304558699995],[-46.20113480499998,-23.751275114000013],[-46.20812980699998,-23.751253716999997],[-46.20801840299998,-23.745503858000006],[-46.210270897999976,-23.74169315300002],[-46.217748406,-23.744086214999975],[-46.22266684099997,-23.740436482000007],[-46.225242689000034,-23.740426470999978],[-46.227031897000025,-23.73694867400002],[-46.234922638,-23.737185243],[-46.238408401000015,-23.735236669],[-46.240060358,-23.736394125],[-46.24202075300002,-23.741064979999987],[-46.24526032900002,-23.742948048000006],[-46.24589452900001,-23.745567231999967],[-46.247902583999974,-23.74626165199999],[-46.24672894000003,-23.752326051999976],[-46.24888324300002,-23.756868497000024],[-46.255681074999984,-23.75992960299997],[-46.255356904999985,-23.763021437000017],[-46.25800855599999,-23.766157930000016],[-46.260305397000025,-23.767884953000017],[-46.26462505900003,-23.76773302399998],[-46.27010571699998,-23.765761526000002],[-46.27373854000002,-23.766082265000005],[-46.284592626000006,-23.776706180000023],[-46.29135580500003,-23.781180625999998],[-46.29669066899999,-23.787719175000007],[-46.29973285699998,-23.78689596700002],[-46.304030339000015,-23.788907714],[-46.31655400300002,-23.80196794699998],[-46.320317863000014,-23.803068860000007],[-46.320349842999974,-23.785106960999997],[-46.323425923,-23.78535589299998],[-46.331806325,-23.781229890000002],[-46.33874610999999,-23.781689859999947],[-46.343268976,-23.784502012999994],[-46.34519990600001,-23.78743236299999],[-46.34919446499998,-23.787136587000006],[-46.353653615,-23.788456381000017],[-46.354469850999976,-23.791444157000004],[-46.35642979,-23.790576713000007],[-46.358685879999996,-23.792124736000005],[-46.36109555600001,-23.792445466999997],[-46.362420817999975,-23.79117128699999],[-46.36746078800002,-23.79246129599999],[-46.37241253199999,-23.78968280999999],[-46.37709561799999,-23.79356008100001],[-46.377143096,-23.795001328],[-46.373352426,-23.795432326000032],[-46.37762315499998,-23.804106548999982],[-46.382335055999995,-23.807491759000012],[-46.38342250300001,-23.809615802000003],[-46.38941759099998,-23.80987793999998],[-46.394357091000025,-23.814332421000007],[-46.396077241,-23.811750737000008],[-46.40573308299998,-23.812279951999983],[-46.41188800899999,-23.81677210700002],[-46.41463334299999,-23.817977864999985],[-46.41516664300002,-23.816991179000016],[-46.419752216000006,-23.819469545000008],[-46.426619032000026,-23.82524552899995],[-46.43175076099998,-23.82597288099999],[-46.43380164500002,-23.825456115999998],[-46.43419518799999,-23.824026838999995],[-46.437835303999975,-23.82627951799997],[-46.437429149000025,-23.829273876000002],[-46.439290234000005,-23.82832020099999],[-46.440106168,-23.829564294000022],[-46.44116689200001,-23.82868717000001],[-46.444587715000026,-23.829136854000005],[-46.443963882,-23.83067433399998],[-46.44155061999999,-23.829814692999985],[-46.43884258600002,-23.831398933],[-46.44101854299999,-23.83328976400003],[-46.439417677999984,-23.83318821300003],[-46.443884146000016,-23.841077160999987],[-46.44262620500001,-23.841676332000002],[-46.43932324899998,-23.839563533000003],[-46.43792342500001,-23.84255522000001],[-46.443573921999985,-23.85014572799997],[-46.451376442000026,-23.851415557999985],[-46.454577395,-23.85388176100002],[-46.45972516299997,-23.86314974700003],[-46.45851026499997,-23.866002992999984],[-46.45992361600003,-23.866060453999978],[-46.465853795999976,-23.860985679999995],[-46.46814719700001,-23.86469024399998],[-46.46644342899999,-23.86581148],[-46.469401978000015,-23.872900372999993],[-46.472855416000016,-23.874550152999973],[-46.47528091700002,-23.878783677999987],[-46.47809327499999,-23.879158225000022],[-46.482638523999974,-23.885676749000027],[-46.48446982299998,-23.885647048999996],[-46.483586345,-23.88400228900003],[-46.485404357,-23.883402519000033],[-46.48810910100002,-23.884898188000005],[-46.49264384100002,-23.890364095],[-46.49328494200001,-23.896179297000014],[-46.49811704400002,-23.901906977000017],[-46.500885697,-23.90235102700002],[-46.50380869499997,-23.904752243000015],[-46.50908719900003,-23.904120546000005],[-46.512508363,-23.904350199000017],[-46.515032055999995,-23.905846798000024],[-46.519972166,-23.905314483999973],[-46.52244457199998,-23.907720713999986],[-46.52166664200002,-23.909079532000007],[-46.522717549,-23.911147857000007],[-46.52090319000003,-23.910933444000023],[-46.521309966999986,-23.912227175999988],[-46.524385785999996,-23.91332933299997],[-46.52607447600001,-23.915732306000002],[-46.53228795199999,-23.91754786500003],[-46.53477035100003,-23.92017888900001],[-46.534079320999986,-23.921235350000018],[-46.53537131500002,-23.923227913999995],[-46.54074902600001,-23.923602481999986],[-46.54429462899998,-23.926657967999972],[-46.54377751200002,-23.92833881299997],[-46.545709379000016,-23.93012131500001],[-46.54829839000001,-23.929703506999996],[-46.54840971400001,-23.93321531899999],[-46.552238869000014,-23.936954064000005],[-46.552199273999975,-23.94037554699997],[-46.55639873000002,-23.94143360800002],[-46.558753796000026,-23.946257295999978],[-46.560433214,-23.94729783399999],[-46.56099615099999,-23.946470051000006],[-46.56350983300002,-23.948559981999995],[-46.564680327000026,-23.953090407999973],[-46.567581953000015,-23.953879866999998],[-46.56766924599999,-23.95102342899997],[-46.56618389699997,-23.949661954000018],[-46.56969638100003,-23.94676124599998],[-46.571371482000025,-23.952461728],[-46.575337004000005,-23.953911181000016],[-46.577218162000015,-23.95684505299998],[-46.580429568,-23.95579828699999],[-46.585324485,-23.96081039700001],[-46.59226294000001,-23.96291929799997],[-46.59495561,-23.965197757],[-46.598425582999994,-23.963294803000004],[-46.60699720200001,-23.965585591],[-46.61087328299999,-23.968162908999986],[-46.615492448,-23.966871681999972],[-46.61793825699999,-23.96732893600001],[-46.621086697,-23.970814252000025],[-46.629418553,-23.973234734000016],[-46.635819242000025,-23.97733414200002],[-46.633480012999996,-23.983418642999986],[-46.633451548999965,-23.987471423999978],[-46.62940218099999,-23.990048477999988],[-46.62971028200001,-23.990883767000007],[-46.63372334799999,-23.992287136999995],[-46.635373612000016,-23.994400308000028],[-46.63842458300002,-23.99434398300002],[-46.64079857399998,-23.997682729999983],[-46.642469302,-23.99749317099997],[-46.64973609399999,-24.001043719000013],[-46.65138599199997,-24.000723788000016],[-46.65626408700001,-23.99358955399998],[-46.65930924100003,-23.992349720999975],[-46.661969005,-23.987948264999982],[-46.674948891999975,-23.989489461999995],[-46.679318264000024,-23.988808647999967],[-46.68511609400002,-23.98222113999998],[-46.68802185700003,-23.98488239599998],[-46.69201653099998,-23.984350601000003],[-46.697845885,-23.98962332500003],[-46.70739980899999,-23.992664667999982],[-46.71152093500001,-23.99595023799998],[-46.717951373000005,-23.995745254999974],[-46.72170436599999,-23.992785298999973],[-46.72639100200001,-23.995693752000008],[-46.73207771400001,-23.995454826999993],[-46.73796082299998,-23.992160881000025],[-46.74358055099998,-23.991996690999997],[-46.74499606199998,-23.993841598000003],[-46.75318200100003,-23.996106903999983],[-46.75315961000001,-23.999417366999978],[-46.757873003999975,-24.001059060999978],[-46.761929517999995,-24.004515120999997],[-46.76843327199999,-24.005928145],[-46.77051364099998,-24.00528557299999],[-46.772150829999994,-24.006348705999965],[-46.77445901200002,-24.004472185999997],[-46.77385504300003,-24.00238780400002],[-46.77031711699999,-24.001136546999973],[-46.77049536200003,-23.99970434699997],[-46.76808677299999,-23.99894004199999],[-46.768463644000015,-23.996255571000006],[-46.76675409699999,-23.994471866000023],[-46.766450857999985,-23.991624826000027],[-46.76467599400002,-23.988402682999983],[-46.762160057000024,-23.987828595],[-46.761026658999974,-23.98355933900001],[-46.75817252600001,-23.980516136999995],[-46.759033941999974,-23.978775150999983],[-46.754812013,-23.975562828000026],[-46.75493655600003,-23.972718507000025],[-46.76301475499997,-23.968018427999983],[-46.76274929800002,-23.964135882],[-46.765249306999976,-23.96165280799999],[-46.76693500699997,-23.960771263000012],[-46.76871614999998,-23.96198681300001],[-46.769503562999994,-23.960718195000027],[-46.770917714000014,-23.96142227799998],[-46.77499660099999,-23.957071030000005],[-46.774190583999996,-23.949880097999984],[-46.777040435,-23.95041781499998],[-46.78076775,-23.948995974999992],[-46.78844292899999,-23.94080614299997],[-46.79331955399999,-23.943893573000025],[-46.796706923999984,-23.939662743999985],[-46.800945719000026,-23.93966818599999],[-46.80232811899998,-23.938083193],[-46.807740798,-23.940344919999976],[-46.81402344999998,-23.93946362100001],[-46.81590722400001,-23.940332936999972],[-46.817279849999984,-23.943228943000005],[-46.82067217299999,-23.941911101000013],[-46.82166648899999,-23.94433355000001],[-46.825121648,-23.944632824999992],[-46.826836023999995,-23.94675739100001],[-46.83041353599999,-23.94750665200002],[-46.828415813,-23.948721608000024],[-46.82895662200003,-23.950714887999982],[-46.82708603100003,-23.95060176300001],[-46.82340453500001,-23.953703093],[-46.823670037,-23.95618845000001],[-46.83048253099997,-23.95704411499995],[-46.83478467800001,-23.955918639999986],[-46.83967540200001,-23.958536977999998],[-46.84026859099998,-23.962314357000032],[-46.84552858500001,-23.9622026],[-46.84924395899998,-23.96509949199998],[-46.84907484799998,-23.966825395999994],[-46.850978914999985,-23.967690880000024],[-46.850280279,-23.968828024000004],[-46.85414982999998,-23.970937049999968],[-46.854726368999984,-23.97335051200001],[-46.85647304499997,-23.97086568100002],[-46.85762909200003,-23.97322988899999],[-46.86263214799999,-23.973847390999993],[-46.867779988999985,-23.97982600799996],[-46.87387805700002,-23.977965223999977],[-46.87693526100002,-23.980168532999983],[-46.87708716700001,-23.981455134999965],[-46.878687636,-23.981759153999974],[-46.87933243100002,-23.98350851900001],[-46.88129346199998,-23.983160460000004],[-46.88245457599999,-23.98455370800003],[-46.88138615999997,-23.988145486000015],[-46.88274632500003,-23.989667135000005],[-46.880458429999976,-23.991805476000017],[-46.880279257999966,-23.994666449000025],[-46.87839593699999,-23.994912317999983],[-46.87781499500001,-23.997329486999988],[-46.87516648500002,-24.000103532000022],[-46.870259417,-24.00150395899999],[-46.86985888800001,-24.008009292999986],[-46.86776286700002,-24.012243572999978],[-46.87045324600001,-24.01550889599996],[-46.872806696,-24.014274441000012],[-46.87362994799998,-24.015239006999995],[-46.86761775299999,-24.016848661999965],[-46.867527885000015,-24.020029259000015],[-46.868375474999986,-24.02101395800004],[-46.870916603000026,-24.020710665000014],[-46.87118750500002,-24.023238336000002],[-46.87419052199999,-24.022954959000018],[-46.87642995099998,-24.024390575999984],[-46.88456138599998,-24.023091503999964],[-46.882898286,-24.025730007000007],[-46.884738285000026,-24.030211168999962],[-46.88834018000001,-24.030013838],[-46.893452642,-24.034414331999958],[-46.892107913000025,-24.036569304000015],[-46.889051612,-24.03542024000001],[-46.88776216600002,-24.036543531999996],[-46.89304461099999,-24.040132954999976],[-46.895990747999974,-24.03961111299997],[-46.899864545000014,-24.04352869299998],[-46.89958595600001,-24.046173694999993],[-46.9044467,-24.046503098],[-46.90575607599999,-24.043318218000024],[-46.90826327100001,-24.04189693900003],[-46.914701256,-24.044430422999994],[-46.917318482999974,-24.040876173000022],[-46.91953721300001,-24.04220892900003],[-46.922134846,-24.041375296000016],[-46.92777755700001,-24.044939967999994],[-46.92902672100002,-24.04258693200001],[-46.931401489999985,-24.041546013000016],[-46.935832747999996,-24.04383537899998],[-46.93842235400002,-24.04300953900002],[-46.94073060099999,-24.043666477999974],[-46.946260666,-24.04045657799996],[-46.94690206500002,-24.04278081299996],[-46.950065978,-24.04272694600001],[-46.952435545000014,-24.04510370000003],[-46.958302425,-24.044282440000007],[-46.96221158600002,-24.04555924700004],[-46.96480270400002,-24.04291336900002],[-46.96787449200002,-24.045831110999988],[-46.96691307300001,-24.050832148999973],[-46.963262111000006,-24.05687703199999],[-46.96455843400003,-24.058708867000007],[-46.967026738000015,-24.05889283800001],[-46.969865846000005,-24.061457943999983],[-46.976243636999975,-24.062772898999977],[-46.97665576399999,-24.063920893999978],[-46.978954191000014,-24.06373556099999],[-46.98120233600003,-24.061424887999987],[-46.98197725799998,-24.058221817000003],[-46.985597858000006,-24.058342182999976],[-46.98722465600003,-24.059572773000014],[-46.99265618099997,-24.056876955999996],[-46.99466161400001,-24.054697496999985],[-46.99368044800003,-24.052071430000016],[-46.995372232000015,-24.050958256000005],[-46.996369679,-24.05191835900002],[-46.998084791999986,-24.05136796599997],[-47.002770124999984,-24.056371449999972],[-47.00355423299999,-24.05959254999998],[-47.007079116,-24.063912467000023],[-47.01697168599998,-24.05625744799999],[-47.01942532100003,-24.05789618300003],[-47.02086901199999,-24.05505931200003],[-47.027309589000026,-24.05245728199998],[-47.02808267,-24.049320791999996],[-47.02529373800002,-24.045118124999973],[-47.027223848999995,-24.044856536999987],[-47.02700120800001,-24.041407616000033],[-47.02937105299998,-24.04240881599997],[-47.031030441999974,-24.041712182000037],[-47.02968131,-24.039142600999988],[-47.03235374100001,-24.03187730600001],[-47.033388355,-24.031023306000005],[-47.03625252299997,-24.03231151400001],[-47.04005509699999,-24.023845224000016],[-47.04226025299999,-24.02487366999999],[-47.045539571000006,-24.02427534999996],[-47.04637368300002,-24.02284423200001],[-47.04505363800001,-24.021604302000014],[-47.04664077299998,-24.017294647000032],[-47.04910880900002,-24.016045137999967],[-47.049519300999975,-24.012825786999993],[-47.05246296199999,-24.01279777899999],[-47.05546961499999,-24.009112894999987],[-47.05721664399999,-24.009943833000033],[-47.06211523600001,-24.017561956999995],[-47.06372533199999,-24.017774826999982],[-47.06416096100003,-24.02237790700002],[-47.06841114299999,-24.025116318000027],[-47.078620768,-24.021849950999982],[-47.088411543999996,-24.017007101999983],[-47.091693201000005,-24.01738949100001],[-47.092321143,-24.009733411000003],[-47.09436135999999,-24.009602018000006],[-47.09553577700001,-24.005689268000022],[-47.097804345999975,-24.00619826100001],[-47.099113380999995,-24.004787205000014],[-47.098871406,-23.998048300999983],[-47.10379127099998,-23.996881334000008],[-47.106853973,-23.993508421999987],[-47.11067202300002,-23.995231556000007],[-47.111880609000025,-23.993620860000032],[-47.11339869400002,-23.99640708999997],[-47.11603167300001,-23.995859643000006],[-47.11827273199997,-23.998021626000003],[-47.12192700100001,-23.996202201999985],[-47.12388591000001,-23.99670731399997],[-47.124482828000005,-23.997861047000004],[-47.12194741500003,-24.000148747000008],[-47.12293963500002,-24.00766966499998],[-47.130497607999985,-24.008921778999984],[-47.13830186199999,-24.013808574999985],[-47.14158070000002,-24.01249129699998],[-47.14238086199999,-24.011004318000005],[-47.15028679400001,-24.01029426999997],[-47.15280676899999,-24.006040972999983],[-47.15727904300002,-24.006095044000006],[-47.16168714600003,-24.002844188999955],[-47.163327614000025,-24.003469022999983],[-47.16909954800002,-24.001776080999967],[-47.171573946000024,-24.00328360399999],[-47.177733757,-24.00315490100001],[-47.182541173000004,-24.00043591100001],[-47.18740172399998,-24.002222549000003],[-47.189887794000015,-23.999121597999988],[-47.19326307799997,-23.99801265799999],[-47.197367541000006,-24.00117189899999],[-47.19979916400001,-24.000684707000005],[-47.200317359,-23.99952389999999],[-47.194707815000015,-23.992030644],[-47.188627105000016,-23.990927946],[-47.19196907899999,-23.984103279999992],[-47.19444628100001,-23.98199462799998],[-47.19326774699999,-23.98024497300002],[-47.194649201000004,-23.976665455999964],[-47.19381821100001,-23.974752419000026],[-47.19662089899998,-23.975922665999967],[-47.197077939,-23.97342933800002],[-47.19901748699999,-23.97213087300003],[-47.20075350700001,-23.973543580999998],[-47.19960633199998,-23.969723473999984],[-47.20058493800003,-23.96881195700001],[-47.20449467999998,-23.97128409499999],[-47.20602865900003,-23.969418803999982],[-47.205709246000026,-23.966182367999973],[-47.208417333,-23.96475533400002],[-47.20289476099998,-23.959189153000004],[-47.19532429200001,-23.958026037000028],[-47.19365258,-23.95338616899999],[-47.19735257899998,-23.95293897499998],[-47.19844647299998,-23.948555135999985],[-47.199977671,-23.949773881],[-47.20141051000002,-23.947570052000007],[-47.20206863300001,-23.94509453000001],[-47.200297937000016,-23.938859960000006],[-47.19816582599998,-23.93896123600002],[-47.19428004100002,-23.941941922000016],[-47.18899196600001,-23.939452980999995],[-47.18937605700001,-23.934717568999986],[-47.19138056600002,-23.933667140000022],[-47.19140300599999,-23.928105182000046],[-47.18748216199998,-23.931378945000002],[-47.18334310400002,-23.93002250500001],[-47.17949456000002,-23.937100471999987],[-47.17818466599999,-23.936606692999987],[-47.17859112999997,-23.93316018899997],[-47.175410726999985,-23.93132455799996],[-47.17109859499999,-23.934676018999983],[-47.16278058,-23.93406698199998],[-47.161312431,-23.935609139999976],[-47.159539696000024,-23.935534051999966],[-47.158850642999994,-23.926996861999996],[-47.15607263599997,-23.924238483999993],[-47.155490266000015,-23.920897635000006],[-47.15216538300002,-23.919830682999994],[-47.14637618199999,-23.912820657999962],[-47.14249764800002,-23.911739865999984],[-47.14261046399997,-23.90876778799997],[-47.138537563999996,-23.90520534799999],[-47.13802548000001,-23.903151010999967],[-47.14414383299999,-23.901395859999962],[-47.13872458999998,-23.899604931000024],[-47.13475902200002,-23.894270463],[-47.13507759399999,-23.89136510899998],[-47.137619148,-23.890911360000022],[-47.13660308300002,-23.88976763900001],[-47.13947962499998,-23.89079506299999],[-47.139574541,-23.889837651999976],[-47.136786210000025,-23.888434367999988],[-47.136824780999966,-23.88572985799998],[-47.13458814400002,-23.88515840700001],[-47.133518744000014,-23.883457894999985],[-47.13242729400003,-23.884473768000017],[-47.13457752099998,-23.88187277499998],[-47.13388518300002,-23.879984864999976],[-47.131435587,-23.878222171000004],[-47.12954565100001,-23.878847486999955],[-47.12726578600002,-23.876715876999988],[-47.12651245500001,-23.874457134999975],[-47.12930276100003,-23.875031560000032],[-47.13290544199999,-23.873513903000013],[-47.131824036000026,-23.87253847599999],[-47.13222982899998,-23.86945500699998],[-47.129940143000006,-23.869308411000016],[-47.13083848399998,-23.868542893999955],[-47.129159083999994,-23.863818048999967],[-47.12971486700002,-23.861256941000036],[-47.127463448000015,-23.86014247499997],[-47.12525346799999,-23.860585323],[-47.12491457300001,-23.857744824000008],[-47.12281196999999,-23.856782371000012],[-47.12340695300002,-23.853157714000027],[-47.11799617700001,-23.849760327000013],[-47.11795966699998,-23.845082671999982],[-47.116776797,-23.843390978999995],[-47.11769879000002,-23.842411681999977],[-47.11638909200002,-23.840446158000017],[-47.11472661900001,-23.84027035299999],[-47.11299455900001,-23.843299181000027],[-47.11047012300003,-23.842232715000012],[-47.10726044400001,-23.848343908999993],[-47.10309799100003,-23.848841086],[-47.101910592000024,-23.847319941000023],[-47.09974435100003,-23.847625543999982],[-47.09608993299998,-23.845869067000027],[-47.09397576700002,-23.847229907999974],[-47.08930389400001,-23.847035946000005],[-47.078844549999985,-23.84314724400002],[-47.074387091,-23.843407198000023],[-47.07243862799999,-23.841837618000003],[-47.06575576699999,-23.843466831],[-47.06660102299997,-23.839613343999975],[-47.06576163400002,-23.838001964999982],[-47.05961194200002,-23.84292397000003],[-47.058030734,-23.843336249999968],[-47.056673161,-23.84161547000004],[-47.055213417000004,-23.843927205999982],[-47.05112999800002,-23.844185327999973],[-47.04752318900001,-23.84096056700002],[-47.044217662,-23.83971539800001],[-47.04304020199999,-23.84066399999999],[-47.044506136,-23.837411346000007],[-47.04075357900001,-23.838057809000027],[-47.042173483,-23.83600232999998],[-47.03903279399998,-23.836171050000015],[-47.038202738999985,-23.835284833999978],[-47.035235757,-23.837676782000006],[-47.03572193500003,-23.840615476999975],[-47.028718688000026,-23.846187026999985],[-47.02719015600002,-23.845058723000037],[-47.027641921,-23.843856211999988],[-47.025798510000016,-23.84398673599998],[-47.02498504699997,-23.84118864899999],[-47.02263991799998,-23.84022268699999],[-47.02173925400002,-23.836043775999986],[-47.019948156,-23.835335685000018],[-47.018678603999994,-23.83643590799998],[-47.016869638999985,-23.836111458000005],[-47.01573711999998,-23.834788858000024],[-47.014812678999995,-23.83556796900001],[-47.01461443199998,-23.83091855200001],[-47.01263342700002,-23.830713505000002],[-47.01436246399999,-23.82797378499998],[-47.013064521,-23.825068228000013],[-47.01758874799998,-23.821299099999976],[-47.01581678299999,-23.82011065099999],[-47.01742185400003,-23.817742757999998],[-47.01514732599998,-23.814458908000013],[-47.00727034200003,-23.815638610000008],[-47.001257237000004,-23.812688706000017],[-46.999256118000005,-23.813184159000013],[-46.99460817400001,-23.81163474800001],[-46.991893071,-23.809199969000012],[-46.986495151999975,-23.808385767999987],[-46.985556073,-23.804426589999988],[-46.984063617000004,-23.803126582],[-46.98605563299998,-23.800504273000012],[-46.98894919700001,-23.800784060999984],[-46.993207875,-23.803421968000006],[-46.99528228100002,-23.801867852999987],[-46.99661706500001,-23.802693041999987],[-46.99886641199998,-23.801114305999977],[-47.00052626500002,-23.801655256000007],[-47.00211284599999,-23.798916118],[-47.00543418900003,-23.797312836],[-47.00861400100002,-23.791821851999998],[-47.01412326600001,-23.792182957000005],[-47.01601718500001,-23.789852004],[-47.01929294000002,-23.788619222000005],[-47.018960112,-23.787442069999997],[-47.020723479000026,-23.78610426100001],[-47.02362002000001,-23.779673792999976],[-47.02317694300002,-23.775047318000034],[-47.02526825199999,-23.774317558999986],[-47.026056804,-23.771702783000034],[-47.031723800000016,-23.76953131699995],[-47.03209526799998,-23.767732828000014],[-47.033386758999995,-23.76735972400003],[-47.03272776099999,-23.764183617000022],[-47.02865337899999,-23.761607061000014],[-47.02944178299999,-23.759912595000007],[-47.028502773000014,-23.75724061300001],[-47.03254715200001,-23.756356810999996],[-47.03445063499999,-23.757940096000024],[-47.034450160000006,-23.755678518000018],[-47.036107388999994,-23.753564636000036],[-47.035023368999994,-23.75058790700002],[-47.035916240000006,-23.748282883999984],[-47.03346903099998,-23.74718513599998],[-47.03212841499999,-23.743161070999978],[-47.03317630200001,-23.737169718000022],[-47.03437851600001,-23.735292883000017],[-47.03929680800003,-23.73492347599999],[-47.04078954099998,-23.736639399000005],[-47.043730770000025,-23.736654928000007],[-47.047608577999995,-23.734287116000015],[-47.04964448200002,-23.731013143999977],[-47.049563275000025,-23.72810232199998],[-47.050860951999994,-23.727567458999996],[-47.05246502799998,-23.720183648999985],[-47.05609767999999,-23.71859109399996],[-47.05766641399999,-23.71229795900001],[-47.06225168800001,-23.70840963699998],[-47.06126773900002,-23.703813550000007],[-47.05927391,-23.701907285000004],[-47.06275041700002,-23.68964897799998],[-47.06202967500003,-23.682208242999987],[-47.06924543399998,-23.68007800700002],[-47.076009252000006,-23.680758819],[-47.078047670999986,-23.676147677000017],[-47.076555109000026,-23.675003783000037],[-47.07669748,-23.67327717100001],[-47.08196471200001,-23.670981163999997],[-47.08395961600002,-23.668377410999994],[-47.08342889800002,-23.667633048000038],[-47.08478145800001,-23.66712818899998],[-47.08196949400002,-23.664223300999996],[-47.082427619999976,-23.663156075000014],[-47.08323831799999,-23.66356236899998],[-47.083473904000016,-23.661343396000003],[-47.08222139899999,-23.661563698999995],[-47.081881571,-23.660568090000023],[-47.081808212000006,-23.658834161000005],[-47.083289708999985,-23.657988115000023],[-47.08113376099999,-23.654338334999984],[-47.08224640299999,-23.653505333999984],[-47.07980945700002,-23.65296740899997],[-47.079158576,-23.653901075999993],[-47.07795807399998,-23.65260257199997],[-47.07654411499999,-23.653652388000015],[-47.074528681000004,-23.65246323399998],[-47.07338110199999,-23.651362063000025],[-47.074380580000025,-23.649811859999996],[-47.07268256499998,-23.645339509999985],[-47.069101187,-23.646353051999988],[-47.06472115200001,-23.64543557799999],[-47.062064048000025,-23.64384046100004],[-47.05901392300001,-23.639704628],[-47.058076975000006,-23.635639884000003],[-47.059815893999996,-23.62900386000001],[-47.05713553200002,-23.625263244],[-47.055950920999976,-23.61855788399998],[-47.053575216000006,-23.617015685000013],[-47.04913292200002,-23.618666947],[-47.04682441800003,-23.616242779000004],[-47.04709275800002,-23.61384706000001],[-47.041084055999995,-23.610491839000005],[-47.04068170900001,-23.60719949499996],[-47.03611554499998,-23.600956686000007],[-47.03708323000001,-23.598712690000013],[-47.03486898400002,-23.597062359000013],[-47.03098385800002,-23.588769698000014],[-47.03167396600003,-23.582771069999986],[-47.024524516999975,-23.579579185000007],[-47.02473226400003,-23.57618932000002],[-47.02936121800002,-23.571819759999975],[-47.029923578000016,-23.56806094199998],[-47.026886080999994,-23.568220392999994],[-47.024599591000026,-23.56678511899996],[-47.020532957,-23.56733343899998],[-47.018887846999974,-23.56430514],[-47.014419155999974,-23.563338470000037],[-47.01541500000002,-23.560215938999985],[-47.00615137300003,-23.55433016699999],[-47.00718723699998,-23.55132365999998],[-47.01224982000002,-23.550056763999958],[-47.013189421,-23.536326514999974],[-47.007956240000006,-23.535568527000006],[-47.00544133300002,-23.533491332999958],[-46.996940110000025,-23.532103994000014],[-46.992593320000026,-23.52941345699998],[-46.990971472999995,-23.529820223999987],[-46.99109550499997,-23.527435801000024],[-46.99290370599999,-23.52601908299999],[-46.992167119,-23.524934622999996],[-46.995401980000004,-23.524020701999984],[-46.99702337899999,-23.52193828899997],[-46.99648506099999,-23.514881329999987],[-46.993625440000024,-23.510872208000034],[-46.993727884000016,-23.508306001999994],[-46.99506090599999,-23.50696523300003],[-47.00132442500001,-23.505279829000017],[-47.003945,-23.499361228999984],[-47.00895490900001,-23.494636118000034],[-47.013320167000025,-23.48544354599999],[-47.017866745,-23.483663174000007],[-47.017266654000025,-23.481361500999984],[-47.013686851999985,-23.47803621600002],[-47.01723582800003,-23.47255942900001],[-47.01296107000002,-23.467773437999995],[-47.011677039000006,-23.46425683099999],[-47.01122009599998,-23.460229298],[-47.01401429100003,-23.457619954999984],[-47.01326258900002,-23.454502063000007],[-47.01042905899998,-23.454771457999993],[-47.012155102000015,-23.452694319000003],[-47.010657843,-23.44971771299998],[-47.01230383299998,-23.448158336999995],[-47.010557299000034,-23.445695231999984],[-47.01415921900002,-23.445787877999972],[-47.015566777999986,-23.443995937000015],[-47.01678896200002,-23.445696316000014],[-47.02421701499998,-23.440750648999988],[-47.029343568,-23.442458400000007],[-47.031827593999985,-23.44077905099999],[-47.03296423799998,-23.438013441000013],[-47.03759603800001,-23.43550158099999],[-47.034990542,-23.431388748],[-47.035350714,-23.426872688000003],[-47.03834327700003,-23.422801307999976],[-47.040548899999976,-23.42333967500003],[-47.041340262999995,-23.417738058000015],[-47.041071594000016,-23.41574290800001],[-47.03874987400003,-23.41490179],[-47.03723945799999,-23.411303776999993],[-47.03799112399999,-23.409736958000007],[-47.03967959800002,-23.409361930999964],[-47.03704829499998,-23.406525256000002],[-47.03939700000001,-23.403410968000017],[-47.03668125500002,-23.401627705000024],[-47.03715794900001,-23.399866896999963],[-47.03593833700001,-23.39858490500002],[-47.03841309900003,-23.39510862100002],[-47.03813260200001,-23.39340692399997],[-47.04084344699999,-23.39267524600002],[-47.04241082700004,-23.38613203599999],[-47.03772257399999,-23.382121471999994],[-47.03673648,-23.37848567399999],[-47.034013625,-23.379359000000022],[-47.03039908400001,-23.378406684000034],[-47.02887055600002,-23.37491315900001],[-47.030697094999994,-23.371086906999995],[-47.033740334000015,-23.370715177000022],[-47.035906759999996,-23.36831560299997],[-47.03849542199998,-23.368544015999976],[-47.039419924000015,-23.35884049700002],[-47.042632535,-23.351843175999992],[-47.03108322100002,-23.34553203199998],[-47.02502026100001,-23.345272825999984],[-47.02098392300002,-23.34359917900001],[-47.017354796000006,-23.344922864000015],[-47.01521165999998,-23.339876091999994],[-47.00882285300003,-23.338197735999984],[-47.00774636699999,-23.33696288099998],[-47.004887567000026,-23.337529141000015],[-47.00368783099998,-23.33638706999999],[-47.00101822,-23.337459079999967],[-46.999768035999985,-23.332946091999993],[-46.995626044999995,-23.33079384899998],[-46.99263436799998,-23.33350503699999],[-46.99130288399999,-23.333511621000007],[-46.99122377499997,-23.33242414599999],[-46.98877057599998,-23.333921643999986],[-46.98754484300002,-23.332488328000007],[-46.983508330000014,-23.333401852000016],[-46.97785962500001,-23.32933618899999],[-46.973776902,-23.329564290999997],[-46.97011236600002,-23.325947019000008],[-46.96376865600002,-23.32330882600002],[-46.95900864400001,-23.327796711999994],[-46.958270459000005,-23.32609679400002],[-46.953746610999985,-23.32457670500003],[-46.94991581400001,-23.323980935000005],[-46.94867123,-23.326014240999996],[-46.94672894399997,-23.32449515500002],[-46.945222194999985,-23.324958589],[-46.94473084499998,-23.322550025000005],[-46.941244004999994,-23.321127155999992],[-46.94133482900003,-23.32001237399998],[-46.938836967,-23.323270257999976],[-46.93572691200001,-23.31759875900002],[-46.93341583,-23.31688265299998],[-46.930868772999986,-23.311536277000027],[-46.92676302000001,-23.310818044999998],[-46.92249382,-23.307798138000003],[-46.91802332399999,-23.31050532500001],[-46.915402261,-23.308093918999987],[-46.90779965799999,-23.30876830300002],[-46.90180058499999,-23.307452667000003],[-46.900881616,-23.30504786],[-46.898361599,-23.304839591000015],[-46.895128548,-23.301516617999983],[-46.889881752000015,-23.299635240999972],[-46.886835012999995,-23.295962530999976],[-46.88525206899998,-23.29023019300002],[-46.88145567700002,-23.288888742999976],[-46.877234772000016,-23.291394057999963],[-46.875858069,-23.290870760999987],[-46.87629751800001,-23.28476199300001],[-46.87387163400001,-23.282321121999992],[-46.86966758400001,-23.28215782499999],[-46.86748906600002,-23.27791167200002],[-46.86481550399998,-23.279652635],[-46.862563763000026,-23.278468144999973],[-46.860992425000006,-23.281758641000017],[-46.84996388500002,-23.285589076],[-46.84690344,-23.28448556799998],[-46.84635661400001,-23.282209786000017],[-46.844395745999975,-23.28197837099996],[-46.838481726,-23.28789010399998],[-46.834514023000004,-23.28619889299999],[-46.83470076100003,-23.28059983100001],[-46.83189537300001,-23.27896204500002],[-46.819435877999986,-23.280833395999984],[-46.816511198,-23.28258270600001],[-46.81446533399999,-23.28218743600002],[-46.81393067999999,-23.276792268999976],[-46.809740911999995,-23.274598551999983],[-46.805579561999984,-23.27472492499996],[-46.805972139999994,-23.272452489999974],[-46.80313504200001,-23.270570851999988],[-46.80246578499998,-23.256983140999967],[-46.79282164599999,-23.261163892000013],[-46.79089824599999,-23.266713937000027],[-46.78766216399998,-23.266441272000012],[-46.78622829699998,-23.264975262000018],[-46.78371169600001,-23.265350633000025],[-46.784015893,-23.260850434999984],[-46.778596633999996,-23.256491876999952],[-46.77237827499999,-23.259700496999994],[-46.766528774,-23.259278461999987],[-46.76081603699998,-23.257546854999987],[-46.75678257499999,-23.25353577800001],[-46.75207094299998,-23.255395699999987],[-46.749922858999994,-23.251533963999975],[-46.74673581700001,-23.250665663999992],[-46.74280961599999,-23.25072611199999],[-46.73822279699999,-23.25375598800002],[-46.73553531499999,-23.252892899999996],[-46.732781749000026,-23.254373371999975],[-46.72412602499998,-23.25003092399999],[-46.72146506299998,-23.250539256000035],[-46.71740699899999,-23.253774906999983],[-46.71398163700003,-23.253807645],[-46.705509602,-23.251329941999973],[-46.69804709700003,-23.253409854999965],[-46.698181498,-23.256527186000028],[-46.69370317599999,-23.259094472999998],[-46.69026040799997,-23.25708392400001],[-46.68669143300002,-23.258517466],[-46.683351732000006,-23.25715475900002],[-46.675670592000024,-23.26167579999998],[-46.67300892100002,-23.257469373999967],[-46.67091740100001,-23.256295739999988],[-46.666995455000006,-23.258527087999994],[-46.65260485300002,-23.26043152300002],[-46.65033252400002,-23.257726096],[-46.64378202400002,-23.25529057400001],[-46.637684874999984,-23.257977795999967],[-46.63432188500002,-23.25743500200004],[-46.62975407699999,-23.25908073900002],[-46.626431790000034,-23.256183067999967],[-46.622787566,-23.25670099400003],[-46.62198653500001,-23.242390726999975],[-46.61762849399997,-23.24028578100002],[-46.61834825,-23.23847286199998],[-46.617024943,-23.23327368899998],[-46.614555192999994,-23.230719910999994],[-46.61552628599998,-23.227534922],[-46.60981499600002,-23.225783496000023],[-46.605290774000025,-23.22844089],[-46.60412175099998,-23.235136891000018],[-46.60127024799999,-23.234200977000008],[-46.59373624699998,-23.236522803000017],[-46.58988365900002,-23.23665358399999],[-46.58831926900001,-23.234759634000007],[-46.58341128400003,-23.232747542000016],[-46.575320165999976,-23.232515184000036],[-46.568278651000014,-23.233706987999977],[-46.566789340000014,-23.235837550999985],[-46.56362701199998,-23.23652070600003],[-46.55898164400003,-23.235181346999973],[-46.55353747700002,-23.236218189999992],[-46.55152598199999,-23.23931170600004],[-46.54625415700002,-23.24135136500003],[-46.539603623999994,-23.239738814999995],[-46.529027688999975,-23.241516692000005],[-46.523825370000004,-23.238045605000025],[-46.520189801000015,-23.237416696000018],[-46.516804631999996,-23.238485591000014],[-46.51540548999998,-23.237474690000006],[-46.51534908899998,-23.244131310999975],[-46.51349951999999,-23.247454907000012],[-46.514220704000024,-23.250135159000024],[-46.50309419400002,-23.24791419600001],[-46.50234719299999,-23.250489669999983],[-46.499920993999986,-23.252755320999984],[-46.491853111000005,-23.25522483600002],[-46.48288992900001,-23.265294095999987],[-46.48316347399998,-23.266920036000002],[-46.47848110600001,-23.26936414199995],[-46.476130775,-23.27501546899999],[-46.47276685499998,-23.276615821000004],[-46.47238149800001,-23.280888657999952],[-46.47084306199997,-23.28263195499998],[-46.46736374300003,-23.28068937500001],[-46.462828925000004,-23.280037074999967],[-46.46066093899998,-23.278043072000003],[-46.46029086099996,-23.275619070000005],[-46.461865611000015,-23.27241098500002],[-46.45940988600001,-23.270310348999995],[-46.45404060300002,-23.27307846000002],[-46.447916927999984,-23.269996252],[-46.44695145899999,-23.271467432],[-46.439769419000015,-23.273411665000026],[-46.43432798100003,-23.279600347999967],[-46.43743473400002,-23.28452468700001],[-46.429938924,-23.289016633000017],[-46.42727850099999,-23.29197201599997],[-46.427660875000015,-23.294910284000025],[-46.42545920300001,-23.297330355999964],[-46.42594049700001,-23.30182284900002],[-46.421675081,-23.307614156999986],[-46.418476075,-23.316290969000008],[-46.413232623,-23.307892329999998],[-46.41052410899999,-23.305762427999998],[-46.41201535200003,-23.301642226000013],[-46.40832532600001,-23.300266627999967],[-46.40510312999999,-23.30094050799999],[-46.402761269999985,-23.299093458000023],[-46.40346350099998,-23.296127609000003],[-46.400664346999974,-23.29529004300001],[-46.399996875,-23.28875151699999],[-46.39627470400001,-23.285790621999983],[-46.39035750300002,-23.287488906000018],[-46.38744524200001,-23.28690168700001],[-46.381508544999974,-23.278052885000026],[-46.376317003,-23.27835713299998],[-46.37172938100001,-23.27563816999998],[-46.356901583000024,-23.272539118],[-46.35931188000001,-23.271097495999985],[-46.35979668099998,-23.267763034999973],[-46.357941055000026,-23.26559558500002],[-46.35383558900003,-23.264936859999978],[-46.35396934200004,-23.26268186999999],[-46.35022720799998,-23.258407824000024],[-46.34809187500003,-23.252617394000023],[-46.337192113000015,-23.250611167999995],[-46.33296499099998,-23.246830719999995],[-46.329682142000024,-23.24631517699998],[-46.32669059699998,-23.240764108000008],[-46.31762212299998,-23.233682088000013],[-46.314426180000005,-23.22880287399998],[-46.311526410999996,-23.227399520999988],[-46.305567199999984,-23.21297759700002],[-46.30583484099999,-23.21107856200003],[-46.30873911700001,-23.20877795400004],[-46.31002410799999,-23.204723489999992],[-46.30769710200003,-23.20310735200003],[-46.30903753299998,-23.199932697999984],[-46.307761192999976,-23.19801365799998],[-46.30383611000002,-23.197275653999988],[-46.30166658799999,-23.19824724099998],[-46.298619826,-23.196363709000014],[-46.29695824200002,-23.196983466999992],[-46.286044935000014,-23.19094861200001],[-46.28361469700002,-23.184216228000036],[-46.28222709400001,-23.18341663899996],[-46.275835283,-23.184910014999996],[-46.26811761599999,-23.190556136999977],[-46.26332282599998,-23.188144597000022],[-46.262223898,-23.18635953500001],[-46.25835331399997,-23.18566995900001],[-46.25055646999999,-23.188985038000016],[-46.24494355600001,-23.18588398299999],[-46.23891004000001,-23.187486601999964],[-46.23525458,-23.18667479899999],[-46.232591049999996,-23.189623462999965],[-46.22776350800001,-23.189304627000006],[-46.22470045699998,-23.196210133000026],[-46.21861430000001,-23.197406510000004],[-46.21709800999997,-23.199978070999975],[-46.214445822000016,-23.200425815999996],[-46.20797310400002,-23.204997988000013],[-46.207961926,-23.20643975],[-46.204907058,-23.209646222999993],[-46.20312089399998,-23.20784289300003],[-46.198171618,-23.20846105499998],[-46.19587352899999,-23.210581316000006],[-46.19630808800002,-23.21876559200001],[-46.191182604,-23.221013583000023],[-46.18869637400002,-23.224604589999984],[-46.18398718399999,-23.224155156000002],[-46.182126686000004,-23.22644319300003],[-46.17894096200002,-23.22718989999998],[-46.174441969999975,-23.231096950999987],[-46.170254591,-23.230127899000028],[-46.16504284899998,-23.235118517999958],[-46.15322451600002,-23.235677708999997],[-46.15464988299999,-23.240580618000017],[-46.157533726999986,-23.242272051999976],[-46.15817995399999,-23.24654658999998],[-46.15598899899999,-23.250694260999985],[-46.15696700199999,-23.254892281000007],[-46.15198532199997,-23.257306441999994],[-46.14577127700001,-23.256799768000025],[-46.15064770999999,-23.26150795500003],[-46.15069357200002,-23.264218959000022],[-46.15356902299999,-23.265797390999975],[-46.151988431999996,-23.267490133000017],[-46.15098361700002,-23.274315538000003],[-46.14524017500002,-23.273635893999977],[-46.144270791000004,-23.276350200000024],[-46.139538469,-23.279737895999972],[-46.13924154199999,-23.28498617499998],[-46.136699185,-23.287479648999962],[-46.12734019599998,-23.287163094],[-46.123415314999995,-23.29018721099999],[-46.11938419299999,-23.285454538000007],[-46.11383241800002,-23.285663784000004],[-46.11277222400004,-23.288555443999982],[-46.11519814299998,-23.295164594999992],[-46.113839509,-23.29930763900001],[-46.111177716999975,-23.30017999199998],[-46.11028318400003,-23.301739687999987],[-46.10272167900001,-23.302965094999994],[-46.10068081600002,-23.305530466999983],[-46.10150058200003,-23.30857001700003],[-46.098674302000006,-23.30921116100002],[-46.09790470299998,-23.32000753900001],[-46.099570175,-23.323696530999992],[-46.099018935000004,-23.325976756],[-46.092165519999966,-23.33050065300001],[-46.08850673199999,-23.335316644999978],[-46.08496912300001,-23.33676637799997],[-46.08169338800002,-23.34192128199999],[-46.076981766000024,-23.340952918000028],[-46.07368534400001,-23.34213588699998],[-46.067898317000015,-23.348795954000007],[-46.06696004300001,-23.35284999700001],[-46.067762254,-23.354970625000018],[-46.063421120999976,-23.35883081100002],[-46.06051141799999,-23.357809550999995],[-46.05965247199998,-23.36018166000002],[-46.05739824400001,-23.361437799999972],[-46.05586886399999,-23.36630226000002],[-46.051388895,-23.36862511400001],[-46.04987153500002,-23.373236732999995],[-46.037913764999985,-23.387569899000024],[-46.03437876700002,-23.38728672100001],[-46.03075418399999,-23.390428755000016],[-46.02705643199999,-23.389993876],[-46.02620709600001,-23.388670067000024],[-46.02390209200002,-23.389275408999982],[-46.02221620400002,-23.38766596999998],[-46.018515965000006,-23.388301404999982],[-46.01799553000001,-23.392319059999963],[-46.01541279700001,-23.390674140999987],[-46.01398506300001,-23.38804861300003],[-46.01089731500003,-23.387171007000003],[-46.01037500000001,-23.384057037000005],[-46.006954768000014,-23.383550069000023],[-46.00201986199999,-23.385082209000004],[-45.99828001700001,-23.390930200999996],[-45.99857598300002,-23.393774204999993],[-45.996741455999995,-23.39719423600002],[-45.99729396499999,-23.40111274200001],[-45.99389256900002,-23.406561098000005],[-45.99102660800003,-23.416738877999986],[-45.984002644999975,-23.42007567500002],[-45.97957593299998,-23.41802848299998],[-45.97814146600001,-23.425873968000026],[-45.976348716000025,-23.42818861900002],[-45.96975048600001,-23.426297987],[-45.96641008500001,-23.42742027600002],[-45.96498209600004,-23.429905822999995],[-45.965239488000016,-23.432845010999987],[-45.962158787000035,-23.435967795000007],[-45.959354717999986,-23.442301030000007],[-45.95197807099998,-23.44962123699997],[-45.952073353,-23.456132629000027],[-45.95366188899998,-23.458084514999992],[-45.95349285499999,-23.460347581000008],[-45.957515382000004,-23.464615066000004],[-45.956298727,-23.46819782799998],[-45.96038096699999,-23.468650231000026],[-45.96320022200001,-23.473190510999988],[-45.968453092,-23.475718023000013],[-45.963114666000024,-23.478539950000034],[-45.95689732199998,-23.48769873800001],[-45.955954094999974,-23.493121426000023],[-45.96106559100003,-23.496499722000003],[-45.960950732000015,-23.49811136400001],[-45.95434210500003,-23.50011994599998],[-45.95131522000003,-23.499012774999986],[-45.949065787999984,-23.499619739],[-45.945554303999984,-23.49558962399998],[-45.938707319,-23.494125730000007],[-45.937293666000016,-23.495510887000027],[-45.92177485899998,-23.499997929000006],[-45.91792066099998,-23.502601640000023],[-45.91682576900001,-23.50494385500001],[-45.91280162200002,-23.504215771000016],[-45.910954500999985,-23.505712131999992],[-45.90209351800001,-23.503719507000028],[-45.899129023,-23.498434194000037],[-45.895264505,-23.49663229200002],[-45.890443022,-23.496234134999995],[-45.887283509999975,-23.492072875000012],[-45.88263707,-23.494953899999985],[-45.87640018399998,-23.48935605299999],[-45.871719601999985,-23.48970129700002],[-45.867666437000025,-23.48410863200002],[-45.86508864000001,-23.482719831999983],[-45.859756043999994,-23.482701815999974],[-45.849559761000016,-23.47931046500003],[-45.84612475199998,-23.473311748000004],[-45.84297710499998,-23.47376975600003],[-45.83990177499999,-23.471693035999955],[-45.83613534400001,-23.474884401999994],[-45.83740910300003,-23.47851078700001],[-45.83348179799998,-23.48388296600001],[-45.830681158000004,-23.484260617000015],[-45.82862967699998,-23.486617254999988],[-45.82670905999999,-23.48651154899998],[-45.824163365000004,-23.488386606999995],[-45.81841125900002,-23.489077618000024],[-45.815139569999985,-23.49604112299998],[-45.812774322999985,-23.498491738999988],[-45.81095778100001,-23.496504893],[-45.80588320099997,-23.495383631],[-45.80440919400002,-23.493970631000018],[-45.79981379100002,-23.494348646999985],[-45.79927564899998,-23.492466040999986],[-45.79693673200001,-23.49080910999998],[-45.790810070000035,-23.493004297000024],[-45.788586909,-23.49253986000002],[-45.78735404299999,-23.495414658000033],[-45.789634783,-23.496490769999976],[-45.78863763099997,-23.50182675299999],[-45.79007712600003,-23.50279845900003],[-45.79113374299999,-23.506210158999984],[-45.78842638200001,-23.509040458000023],[-45.778259793000025,-23.50924610599997],[-45.770264886999996,-23.50633570100001],[-45.767549667000026,-23.506967561000003],[-45.765838968000025,-23.50995067999998],[-45.75931505300003,-23.511756757],[-45.76196639699998,-23.518203869999972],[-45.75965851199999,-23.520559821000006],[-45.760549701,-23.52388399300001],[-45.754313868,-23.525946777999994],[-45.75400818399999,-23.531856108000003],[-45.746293858,-23.538559573999986],[-45.74694351599999,-23.554422284999987],[-45.74025811500002,-23.560754412999998],[-45.74595991699999,-23.56540696000001],[-45.743641765000014,-23.56964601700002],[-45.74043345799999,-23.572223963000003],[-45.73536559299999,-23.571095265000004],[-45.731454794,-23.57257792600001],[-45.731740560999974,-23.577190009999967],[-45.73643981700002,-23.577892474000006],[-45.736523552999984,-23.58031764800001],[-45.73912956899999,-23.58218588000001],[-45.74025058099999,-23.584943049999993],[-45.739101831000035,-23.586608308999978],[-45.73394371299998,-23.586142025999994],[-45.73383912700001,-23.59282427000001],[-45.739294084,-23.59590722699999],[-45.739858845000015,-23.59859439899998],[-45.743279976000004,-23.601290323],[-45.742964029,-23.60258038199999],[-45.73902074400002,-23.603735648999976],[-45.73269394800002,-23.602610792999982],[-45.724430240000004,-23.59729531200003],[-45.72093076800002,-23.59943516899999],[-45.72215095200001,-23.60543450900002],[-45.715682156000014,-23.608335564000015],[-45.70555139700003,-23.60151462800003],[-45.702344788000005,-23.604516419999975],[-45.701612253000015,-23.60844247300002],[-45.703119974,-23.61052269100003],[-45.70157626399998,-23.614564847999993],[-45.698728784000025,-23.618159928000022],[-45.69854525400001,-23.62029321],[-45.69601423599999,-23.621333573000022],[-45.697731913,-23.624422889000012],[-45.69499714300002,-23.63084914799998],[-45.70129354400001,-23.634391388999965],[-45.70631758600001,-23.641028060000004],[-45.70762848499998,-23.64471367599999],[-45.71041472000001,-23.64484012799999],[-45.711252984999994,-23.641695508999987],[-45.714127717,-23.64282613500001],[-45.72103059900002,-23.650142210000016],[-45.72619810100002,-23.65255029299999],[-45.72862899799997,-23.655971174999983],[-45.73101910999997,-23.655715625999996],[-45.73237522900001,-23.656846224999956],[-45.73362224099998,-23.656084264],[-45.741545728000006,-23.66825502799998],[-45.74475649499999,-23.667873186999998],[-45.75318475699999,-23.67128412300002],[-45.76352662400001,-23.670709734999992],[-45.764812398999986,-23.674220041000027],[-45.767676893999976,-23.67532873400001],[-45.76928752499998,-23.67853913099998],[-45.77538715700001,-23.680876332000004],[-45.77768288200002,-23.683033098000003],[-45.78446955599998,-23.681581173999984],[-45.786436648000006,-23.67836657899998],[-45.79141146299997,-23.68310348799997],[-45.796083432,-23.682944611999964],[-45.79405136100002,-23.680183660000026],[-45.79820433999999,-23.675372093999993],[-45.80539190299998,-23.67671181700002],[-45.808893936000004,-23.675477187999988],[-45.814135065000016,-23.676899003000006],[-45.82062469400002,-23.674898672999966],[-45.823317695000014,-23.67617427800002],[-45.825721827999985,-23.67444515199998],[-45.83025652200001,-23.674722053999968],[-45.82942743900003,-23.672358889999995],[-45.83141087299997,-23.671835927999997],[-45.83263524300003,-23.669890398000017],[-45.838029828,-23.669105339000012],[-45.835275078999985,-23.664834439000003],[-45.831078004,-23.663091697000024],[-45.83176982499998,-23.65724226600002],[-45.83315708700002,-23.656349063999993],[-45.83116835300002,-23.65153418],[-45.83285482000002,-23.651139112000003],[-45.83395751199998,-23.648375848000008],[-45.84201088100003,-23.64844184600003],[-45.84510671800002,-23.643599106999993],[-45.847323114999995,-23.64557024800001],[-45.84986874200001,-23.643833125999997],[-45.85068297800001,-23.647692792999973],[-45.85470999599999,-23.646633757999997],[-45.85471144299999,-23.64931847999997],[-45.85653500400003,-23.650564942999996],[-45.85545376699997,-23.653306116000014],[-45.85770275599998,-23.655229754999986],[-45.859513350999976,-23.65500806199998],[-45.86276999099999,-23.652038415999986],[-45.870075240999995,-23.655143215999992],[-45.87211198400002,-23.65473444200001],[-45.87322170499999,-23.652591627999975],[-45.87558082800001,-23.65420244],[-45.88306383399999,-23.65328430300002],[-45.887088799000026,-23.65724420999999],[-45.890764090000005,-23.65699613700002],[-45.89296594699999,-23.655476858999968],[-45.89958061499999,-23.65582855399998],[-45.900681889000005,-23.65894908500003],[-45.90555598499997,-23.66081555199997],[-45.905670195000035,-23.66428341099998],[-45.91190092499999,-23.664371019999972],[-45.915088006000026,-23.66553282799999],[-45.917538690000015,-23.669151632000027],[-45.916901853999995,-23.672205553000033],[-45.91819653599998,-23.677543022999995],[-45.92443764699999,-23.681306776999975],[-45.92282332000002,-23.68534065300002],[-45.91984098400002,-23.68709904799998],[-45.91979005000002,-23.688405323999987],[-45.923989962,-23.689622754000023],[-45.92598212899998,-23.69366769599998],[-45.936122306000016,-23.701181729999977],[-45.937442717,-23.700546756000005],[-45.940143261,-23.701446536999985],[-45.941809772000006,-23.699921808999992],[-45.95048523000002,-23.702260351000007],[-45.951886949000034,-23.699558888000016],[-45.956651981999975,-23.700538618999982],[-45.95626165300002,-23.697238184000003],[-45.954129113000015,-23.695538209999995],[-45.955062913000006,-23.69410574699998],[-45.969535609,-23.69691874799997],[-45.97131030100002,-23.694716124000017],[-45.97653834800002,-23.693978082000008],[-45.98708351500001,-23.699389601000004],[-45.992258699,-23.705551393000018],[-45.996892165000034,-23.70451085600001],[-46.004258213000014,-23.70809365000002],[-46.008524362999985,-23.708649577000045],[-46.01668113599999,-23.714819175999978],[-46.02587459599999,-23.71558261600002],[-46.02694013799998,-23.717981688000012],[-46.031691905,-23.720313008999998],[-46.037258104999985,-23.72094480999998],[-46.04379921800001,-23.719999573],[-46.05655903600001,-23.715969921],[-46.065158827000005,-23.722308080999998],[-46.06610849499998,-23.723587790000007],[-46.06551413000001,-23.725854242000025],[-46.067766012,-23.72901146599997],[-46.07744966500002,-23.732598407999994],[-46.084628581000004,-23.733791844999985],[-46.09563399400003,-23.733762565000013],[-46.097752786000015,-23.735538995999995],[-46.102589529000014,-23.736302286],[-46.103868843999976,-23.733716121999972],[-46.107279011,-23.731196544999985]]]}},{"type":"Feature","properties":{"id":"zee-05","nome":"Araçatuba e São José do Rio Preto"},"geometry":{"type":"Polygon","coordinates":[[[-50.43822564199996,-19.79597846500004],[-50.42662498299996,-19.79594144599998],[-50.41248482999993,-19.804363479000006],[-50.40371946899995,-19.813690267000045],[-50.395298557,-19.819326031999996],[-50.38985018800003,-19.829490851999932],[-50.37958633699998,-19.836998750999953],[-50.374280710999926,-19.844890663999934],[-50.36765711999998,-19.84644883999999],[-50.36338807300002,-19.851244793999946],[-50.358965845,-19.852898555999953],[-50.35155239400001,-19.86262123099998],[-50.34284335400003,-19.86923103700001],[-50.32688722799998,-19.870262095999976],[-50.313508662999936,-19.875540892999954],[-50.30378334899996,-19.873151009000026],[-50.29670983000001,-19.86837025800005],[-50.28972452099998,-19.86743546899998],[-50.27691930200001,-19.870423028999987],[-50.26439310799998,-19.871565426000018],[-50.254990702999976,-19.876041843999936],[-50.24460677399992,-19.8768952489999],[-50.233239508,-19.874459542000007],[-50.21664360799997,-19.86737845799996],[-50.20044547499998,-19.86626313499995],[-50.184421063,-19.869620850999993],[-50.166249560999965,-19.87679534599999],[-50.15566524299998,-19.879492347999985],[-50.15031331900002,-19.87887830499995],[-50.13818514599995,-19.87472009099999],[-50.10224124699993,-19.874407356999935],[-50.094054486999994,-19.87703168500002],[-50.07239506199994,-19.889216277999996],[-50.06794792999994,-19.89350854899999],[-50.05984801799997,-19.907985418999985],[-50.056653117999986,-19.91077978099989],[-50.028844703999994,-19.921551721999993],[-50.01167445400001,-19.925931451999965],[-50.00459349200003,-19.92658310699998],[-49.96938001099995,-19.92076868399992],[-49.956688466,-19.920869743999948],[-49.921078835,-19.930403163999973],[-49.888381711999955,-19.944637081000018],[-49.868784496999915,-19.94532962899994],[-49.86264477299994,-19.944431821999956],[-49.85605996700002,-19.946602101999915],[-49.851203270999974,-19.944470302000013],[-49.84147063199992,-19.93419934100001],[-49.83653226499996,-19.932146359999983],[-49.81460311600001,-19.93324645199994],[-49.80577844599992,-19.93109562699999],[-49.79007944099998,-19.92469634100002],[-49.785115340999994,-19.92389521599999],[-49.75046438700002,-19.925496408999958],[-49.735864430999925,-19.925103643999986],[-49.723078140999974,-19.92776358999997],[-49.695190878999995,-19.930269081999995],[-49.68031534499993,-19.93384604300002],[-49.663575853,-19.930981367000037],[-49.631858129999955,-19.931062359999995],[-49.626118915000006,-19.92970740999992],[-49.61388740999996,-19.92018443500001],[-49.60331136500002,-19.915740441000036],[-49.578155787000014,-19.910223798999976],[-49.559856593000006,-19.909896855999975],[-49.54562917200002,-19.907677399000015],[-49.52192187999993,-19.912124553000016],[-49.506706296999994,-19.918151309999928],[-49.49953813899998,-19.92779265100002],[-49.49732982899997,-19.933475853],[-49.49653345999997,-19.942276906000018],[-49.493134899999966,-19.949978358999928],[-49.46454959599998,-19.971050257999934],[-49.45692401499998,-19.978270215999956],[-49.447393406,-19.98181280299996],[-49.400537394000025,-19.983293415999988],[-49.37461674699994,-19.986891477999972],[-49.342653074,-19.98446257600002],[-49.33413795699994,-19.980811108999944],[-49.32333396600001,-19.969756390999898],[-49.31838377899993,-19.966699519999988],[-49.30119448200003,-19.960307271999966],[-49.29558693500003,-19.959245743999983],[-49.28067724900001,-19.962256207999932],[-49.26313648099995,-19.962869924000035],[-49.25564389200003,-19.965885448999984],[-49.246688813,-19.97177877799993],[-49.24457122899997,-19.974979636000008],[-49.244410028000004,-19.98591198299994],[-49.245428624,-19.99452285799999],[-49.24812116700002,-19.99885322699998],[-49.256629093000015,-20.004771224999992],[-49.26109529399998,-20.006292029000008],[-49.27518617299995,-20.004069295000033],[-49.28345516899998,-20.00452792499994],[-49.28810935299993,-20.005962162999936],[-49.29471788799999,-20.011958923999998],[-49.297994444999915,-20.017544265000033],[-49.298739325999925,-20.035098234999968],[-49.306267753999926,-20.05498828299998],[-49.308749616999926,-20.084953259999946],[-49.30839742900003,-20.10527214699999],[-49.306616111999965,-20.10954694100003],[-49.30178642999999,-20.136298346999915],[-49.299618184999986,-20.15155207599992],[-49.299870666000004,-20.165248648999995],[-49.286492479999936,-20.191475341999993],[-49.28441323999994,-20.198397468999925],[-49.272462281,-20.215888434000014],[-49.270390567999925,-20.22192634799999],[-49.263851423999945,-20.233222635999937],[-49.26025060400002,-20.244509180999955],[-49.25784545899995,-20.260095824999958],[-49.24899860099998,-20.273657711999988],[-49.246340731999965,-20.280871362999957],[-49.23862405300003,-20.288072505000006],[-49.235977864999995,-20.294191445000045],[-49.226720135,-20.305001613000005],[-49.203216926999964,-20.30484742200002],[-49.19879388399994,-20.30821922799994],[-49.19583407999999,-20.30881924200002],[-49.192854007,-20.30724374799996],[-49.19121148099999,-20.30981568599997],[-49.18437209699994,-20.315233173000006],[-49.180621771999995,-20.31373842899997],[-49.17138490299999,-20.312776247999984],[-49.17081316199994,-20.307487462999944],[-49.16673329699996,-20.30343353900002],[-49.154682771999994,-20.295414657999956],[-49.14170744900002,-20.289154228999962],[-49.123394876999946,-20.27515371800001],[-49.11969414599992,-20.269738057999913],[-49.115198623000026,-20.271173372000018],[-49.11362483599993,-20.273934732999976],[-49.10386708599992,-20.28159590799998],[-49.10201950700004,-20.281727553999943],[-49.09368196600002,-20.289165093999998],[-49.09456272999995,-20.29762455599996],[-49.09114913099996,-20.306031473000026],[-49.09010832999997,-20.313757649999935],[-49.090012572999974,-20.31856335199995],[-49.091358035999924,-20.322545499999915],[-49.090118821999965,-20.336887687000004],[-49.085608905000015,-20.345828854999937],[-49.07572208699992,-20.355364808999973],[-49.07790419700002,-20.369578198999974],[-49.076755385999945,-20.37342965599997],[-49.07831715799995,-20.383419711999892],[-49.081563566999996,-20.388654101999922],[-49.08096483600002,-20.393517825000004],[-49.084637074999996,-20.39903149499999],[-49.084966580000014,-20.402265297999918],[-49.083052615999975,-20.408046970999916],[-49.08617713599995,-20.413279074],[-49.087167422999926,-20.418741208999958],[-49.090634019,-20.419085094000025],[-49.09574617099997,-20.41548866299996],[-49.09961839900001,-20.41571432399996],[-49.10609152699993,-20.422389244],[-49.11106367399992,-20.42435619899993],[-49.115445451000035,-20.432616599999957],[-49.116797033999944,-20.43890088100002],[-49.120735608000025,-20.445342164],[-49.123947713999996,-20.457525789999917],[-49.13282535999997,-20.463531001999968],[-49.13826719199996,-20.465115953999995],[-49.14431826899994,-20.46934451999995],[-49.14548959999996,-20.46897127399995],[-49.145632533999965,-20.465650665000005],[-49.14009494499999,-20.457557274999957],[-49.14060473400003,-20.45607584699997],[-49.143699493999925,-20.454293146],[-49.14604304199992,-20.458818389999973],[-49.152826098000006,-20.463637016999936],[-49.165034240000026,-20.45896580299994],[-49.173614259999965,-20.468283699999926],[-49.17436227399997,-20.471595143000005],[-49.17643346800003,-20.47402127399998],[-49.18124629099997,-20.475359071000014],[-49.18595601200001,-20.474199005999992],[-49.19661481099996,-20.468077927000024],[-49.20766656299992,-20.466161332000013],[-49.21950993500002,-20.472014833999978],[-49.21182396099999,-20.47795708599996],[-49.21192757499995,-20.48044666199996],[-49.214671373999984,-20.48305173299996],[-49.213506471999956,-20.483546488999927],[-49.21221418899996,-20.488237950999977],[-49.21503305700003,-20.490494064999965],[-49.211098008999954,-20.49308397099991],[-49.21083768699992,-20.50267327999995],[-49.206851879000006,-20.505546920999965],[-49.199785635999945,-20.505870830999932],[-49.19693050899997,-20.508123271999985],[-49.19287702499998,-20.50862781499995],[-49.189106435999975,-20.51170871399995],[-49.19737377999997,-20.52099713999996],[-49.202415174000016,-20.52955885599994],[-49.202425818999984,-20.531311002999985],[-49.19929876099997,-20.534120177999945],[-49.20010885099998,-20.535644815999984],[-49.194073906000035,-20.537172397999985],[-49.19338636600003,-20.538719863999972],[-49.19016986199995,-20.53899669499998],[-49.18890302099993,-20.541896935999986],[-49.18876637500001,-20.54022661400001],[-49.175442592000024,-20.546107615999983],[-49.168201151999995,-20.551789546000002],[-49.166217960999965,-20.555008751999992],[-49.168180655000015,-20.560819852999956],[-49.15988540699993,-20.571677634000032],[-49.159399082999926,-20.573095884999947],[-49.161222330999976,-20.574538865999944],[-49.156043153,-20.574713870999968],[-49.15523767299999,-20.5770158639999],[-49.15356284599994,-20.576135806000007],[-49.149886816000006,-20.57679576899999],[-49.14600202399998,-20.582556935000007],[-49.13600766500002,-20.583367676000023],[-49.133358611999995,-20.58723046000002],[-49.13655278999994,-20.59406227499999],[-49.12557821199999,-20.595091247999953],[-49.120568480999964,-20.59754957100001],[-49.119200801999966,-20.599558243999972],[-49.11861258599998,-20.603666573999927],[-49.12398562200003,-20.611061940999925],[-49.12449881200002,-20.61473153700001],[-49.12260756500001,-20.620078830999947],[-49.124081639999986,-20.623214483000016],[-49.118304060000014,-20.62255601800001],[-49.11576023799995,-20.623773507000003],[-49.11671648499993,-20.625461550000022],[-49.11896833499992,-20.626134739999998],[-49.12030429499998,-20.62972078099993],[-49.123525566999945,-20.631108192999985],[-49.12465363000002,-20.637542017999955],[-49.109555634999936,-20.64682716799996],[-49.10632001900001,-20.651300635999974],[-49.121888679999984,-20.656755715999967],[-49.129329552999934,-20.65779227500002],[-49.127427461000025,-20.662948282999935],[-49.12199944700001,-20.664891709000027],[-49.121193221999995,-20.666614641000034],[-49.126330250000024,-20.66957430899993],[-49.127291164999974,-20.67091907200002],[-49.12651159699993,-20.671939201999916],[-49.129352419999975,-20.674728965000003],[-49.120844920000025,-20.683183412],[-49.12401247899999,-20.69188652599995],[-49.12303979799998,-20.695285682000016],[-49.123784897000014,-20.697068503999986],[-49.12170625299996,-20.698928321999976],[-49.121789105000005,-20.702692785999925],[-49.124807303999944,-20.705747533999993],[-49.126984944000014,-20.71080266099995],[-49.124034646999974,-20.71379232299995],[-49.12608096399999,-20.715848245999943],[-49.12625771799998,-20.72040633799995],[-49.12495837699993,-20.720757398000003],[-49.12641634599993,-20.726499165000014],[-49.125765506,-20.728902618999996],[-49.121745304,-20.730394322999906],[-49.12114402200002,-20.73404227699996],[-49.117994368999966,-20.73944166399997],[-49.115137499999946,-20.736962405999932],[-49.11170872999992,-20.736753417999985],[-49.108001731999984,-20.739040260999957],[-49.11008487499999,-20.74025712899992],[-49.109953324,-20.742473367000006],[-49.107138459,-20.740809458999998],[-49.104062724000016,-20.74233505299992],[-49.10537027699996,-20.744506076],[-49.10424560199999,-20.745345881000006],[-49.10219885499993,-20.74433745299995],[-49.099159362999956,-20.74718972999995],[-49.09880872999997,-20.75099565599993],[-49.09526049700003,-20.75644851599997],[-49.094808209000014,-20.762819245999985],[-49.096458684999966,-20.764088505000007],[-49.09541443899996,-20.76673722999999],[-49.098685165999996,-20.76913853799995],[-49.09786020699994,-20.770954533000012],[-49.10132935899992,-20.77300818399993],[-49.10513411699998,-20.779155994999936],[-49.10269570600002,-20.781453277999958],[-49.094961690999924,-20.784369287999997],[-49.09121633199999,-20.789092100999987],[-49.09004930399999,-20.794369856999936],[-49.09150011299994,-20.79605092399993],[-49.09371358899995,-20.805683569],[-49.09305706200002,-20.81083301500002],[-49.085603288000016,-20.812037604999997],[-49.08378560799997,-20.813417296999948],[-49.07725141199995,-20.81096878899995],[-49.07418836300003,-20.81087779199997],[-49.06836983699998,-20.81310904499992],[-49.06575640300002,-20.811595388999944],[-49.06392336699997,-20.811826812999968],[-49.064012569,-20.812989947999938],[-49.05473031399998,-20.818366487999985],[-49.05459701900003,-20.821842859999954],[-49.04651383700002,-20.82523380899994],[-49.045985159,-20.829380888999992],[-49.04081112400001,-20.832868143999978],[-49.041720514000026,-20.834978791999944],[-49.03425400999993,-20.83707710800002],[-49.027980023,-20.843093295000003],[-49.02321051599995,-20.849930841999935],[-49.016522259999995,-20.853853179999923],[-49.01264206699996,-20.853393283999996],[-49.012841069999986,-20.854734064000006],[-49.008141833000025,-20.854730156999953],[-49.00792594500001,-20.853491499999947],[-49.00453931200001,-20.853182491999956],[-49.00125135100001,-20.848196654999985],[-48.994628303000006,-20.847855135999964],[-48.99094403700002,-20.848949606000012],[-48.98910841700001,-20.84778275699994],[-48.98454250799995,-20.848198686999964],[-48.97059205299996,-20.857540121000003],[-48.970969165999975,-20.858520908999992],[-48.96893374999997,-20.859099615999995],[-48.96590668699997,-20.862623297999942],[-48.96029336799995,-20.864126477000024],[-48.95629411700002,-20.868175808999915],[-48.952956497,-20.866148355999922],[-48.951001127999916,-20.866871137999947],[-48.950418997999975,-20.869359617999972],[-48.94944055299993,-20.869039896999983],[-48.94762039699999,-20.870895017000016],[-48.94817597799995,-20.87785623899991],[-48.94230153000001,-20.88337840199995],[-48.934548845,-20.88313145299992],[-48.932367388999985,-20.88139126799999],[-48.930197513999936,-20.881535351000018],[-48.92859273900002,-20.87976555500001],[-48.929592397000015,-20.879154024000016],[-48.926042270999915,-20.875784239999973],[-48.92380852500003,-20.878628428999946],[-48.922201191000006,-20.878209943999973],[-48.92177273900001,-20.87988583499997],[-48.91787599499998,-20.879166221999967],[-48.91749317,-20.881337001999956],[-48.91476599499998,-20.88056726999999],[-48.91372553299994,-20.882690070000024],[-48.91263897300002,-20.882542937999926],[-48.91287587499999,-20.88073206799993],[-48.90917872999995,-20.881546466999957],[-48.904174144000024,-20.886639525],[-48.906626586000016,-20.886783234999942],[-48.90540397900003,-20.889133183999945],[-48.90773996399992,-20.892526431000014],[-48.91132195,-20.893319374999912],[-48.90964949099992,-20.894018340999907],[-48.910059734000015,-20.89592420499997],[-48.907436158999936,-20.899146777999974],[-48.907327978999945,-20.90195640199999],[-48.90860834799992,-20.903910634999985],[-48.907177554999926,-20.908439976999983],[-48.908810450999965,-20.91126592899998],[-48.90729281199998,-20.91238814000001],[-48.90908065799993,-20.91327063099993],[-48.908723701999975,-20.917805370999982],[-48.90632264599998,-20.919663344999943],[-48.90477239399997,-20.92419118799995],[-48.901713072000014,-20.926562056000023],[-48.90234344300001,-20.92811781599994],[-48.898825966,-20.93002456899996],[-48.90094871099997,-20.93331190599992],[-48.89962574700003,-20.935035184999926],[-48.90072614099995,-20.935512996999986],[-48.895094588000006,-20.938310246999954],[-48.89193795199998,-20.947680264999935],[-48.88907252799993,-20.947405444000022],[-48.889027296,-20.948783150999983],[-48.88658724200001,-20.946536153999944],[-48.884316936999994,-20.947965312000015],[-48.88308287799994,-20.946796649000024],[-48.882041645000015,-20.94757602200002],[-48.88261039700002,-20.94915008699997],[-48.88141783200001,-20.94945104899999],[-48.88537315799999,-20.952659241000013],[-48.886014438000025,-20.95891335099999],[-48.88231065100002,-20.960219483999925],[-48.879176555000015,-20.95989995999995],[-48.87802188499996,-20.961097828999986],[-48.878880322999976,-20.96310212399998],[-48.87788424499996,-20.96463385499996],[-48.87925569999999,-20.967494209999984],[-48.87815867500001,-20.970122850999907],[-48.87498786100002,-20.97162177299998],[-48.87123200099995,-20.971584494000027],[-48.867724404,-20.974903401999995],[-48.866179407999944,-20.974404696000015],[-48.86476269700001,-20.97923364499997],[-48.86130959500002,-20.977691359000005],[-48.86177433099999,-20.984488030000023],[-48.85970077199994,-20.986083527999995],[-48.859688438999974,-20.989158573999937],[-48.857281436999926,-20.992438649000007],[-48.85756712999995,-20.996221263999985],[-48.856236163999995,-20.996368780999944],[-48.85639700999997,-20.99796555699999],[-48.85970216199996,-21.001289717999942],[-48.859684062999975,-21.005871595999956],[-48.858371180999995,-21.008242258999932],[-48.85522819899995,-21.008615153999983],[-48.85145159699994,-21.01144833299992],[-48.850036993,-21.01438556400002],[-48.847424545000024,-21.013828483999905],[-48.84441562299992,-21.015184634999976],[-48.83804270899992,-21.00714481099999],[-48.83428631800001,-21.004850971999993],[-48.82856961700003,-21.003016391000006],[-48.82428411799998,-21.00310195099998],[-48.81605689599996,-20.99915273299996],[-48.814920549000014,-20.991306624999943],[-48.80954496399994,-20.991127449999965],[-48.80475326099997,-20.98694783000002],[-48.80465972899998,-20.981958792999936],[-48.80085886699999,-20.969999336999937],[-48.794671481999956,-20.959752494999968],[-48.79277896399998,-20.949180545999972],[-48.79077775199995,-20.94496380199996],[-48.791423095000034,-20.94037637000004],[-48.796038098,-20.934189034999925],[-48.794257433999974,-20.93468736099992],[-48.793037717999994,-20.93306450699999],[-48.79281974099997,-20.934126328],[-48.79106112400001,-20.934132260000002],[-48.789351139000026,-20.932539178999935],[-48.784420055,-20.934699802999997],[-48.78346152,-20.937139618000014],[-48.78252388499993,-20.936597473999992],[-48.77747020200001,-20.93863886300001],[-48.777987606999936,-20.94014292199999],[-48.775932764,-20.940645135999937],[-48.77589106800002,-20.942428398999983],[-48.77484481199998,-20.942400396999965],[-48.775328750000035,-20.944990338999947],[-48.77049297999997,-20.946548751000012],[-48.76849047399992,-20.94984752499992],[-48.76629927699997,-20.950039095999955],[-48.76255386499997,-20.94496944000002],[-48.76047414499993,-20.94456815699994],[-48.75990387000002,-20.946623282999948],[-48.758676854999926,-20.946100437999995],[-48.759309659999985,-20.948223162999998],[-48.75301354700002,-20.952823159999923],[-48.74328161400001,-20.956153579999974],[-48.74345026200001,-20.958580605999988],[-48.74636991099993,-20.961847129999967],[-48.744927397000026,-20.966297425999997],[-48.74259825199999,-20.966971270999938],[-48.74001430599997,-20.96318745399998],[-48.73715517300002,-20.96322967499996],[-48.73628635999995,-20.96586692699998],[-48.736992051000016,-20.971438626999998],[-48.728572662999966,-20.977966775999963],[-48.727128900999965,-20.980904727999928],[-48.72565778599994,-20.98062135799994],[-48.724840435999965,-20.97835058799998],[-48.722396505000006,-20.97717966200003],[-48.72324281499999,-20.97651632399992],[-48.720805208,-20.97444382299995],[-48.717988563000006,-20.97784790599997],[-48.716195520999975,-20.97708972799994],[-48.708521804999975,-20.980758517000016],[-48.70696695700002,-20.984333295999917],[-48.70973806099999,-20.987532961000003],[-48.70790719600001,-20.991823575999984],[-48.70359778799997,-20.993144420999954],[-48.701869091999924,-20.99172654699996],[-48.697473504999955,-20.994051866000017],[-48.69988840399992,-20.997070577999924],[-48.701024647,-21.000556102999994],[-48.699587220999945,-21.001749435999965],[-48.70092599899999,-21.004226566999925],[-48.69851993100002,-21.006202513999977],[-48.69333136400001,-21.00660546399996],[-48.692194734999994,-21.008362966999993],[-48.69208877400001,-21.013190647999917],[-48.69889279399996,-21.024959434999957],[-48.69989870699999,-21.030703574999954],[-48.702829048999945,-21.03504235599994],[-48.70735382800001,-21.03795350899999],[-48.71540677899998,-21.046748874999984],[-48.716718592999996,-21.059363590999936],[-48.719327539000005,-21.063635695999952],[-48.724240555999984,-21.06719810200002],[-48.725051758999996,-21.074328218999927],[-48.72983803099998,-21.074230152999984],[-48.73475340799996,-21.075943026999937],[-48.74644939299992,-21.084577055999983],[-48.75051504199996,-21.08393564499994],[-48.75711878399994,-21.08744561600002],[-48.761339926000005,-21.08758239399998],[-48.77033463499992,-21.090294716999985],[-48.777163583,-21.098745902999987],[-48.774823304999984,-21.10412238999999],[-48.77789943599993,-21.10575490199996],[-48.776586168999984,-21.109104236999986],[-48.77206057099998,-21.10769640900001],[-48.77030952199999,-21.10826219599993],[-48.764712739000004,-21.119232405999973],[-48.76054632199998,-21.119007995999983],[-48.75811156499992,-21.120132157999972],[-48.75898379799998,-21.124276408999954],[-48.75824099200003,-21.13083082699997],[-48.76010045200002,-21.133514501999954],[-48.75917326899997,-21.135123151000016],[-48.75817416199999,-21.134284612999927],[-48.75573729299999,-21.135991436999927],[-48.75451503099998,-21.134744899],[-48.751756494999995,-21.13859864299996],[-48.74882574999999,-21.13991045400002],[-48.747776251000005,-21.142149801000024],[-48.74864689399993,-21.145491016999966],[-48.74768508499995,-21.145057979000008],[-48.74598249799993,-21.14777441999996],[-48.74194626799994,-21.148689408999935],[-48.73945046300003,-21.147156493000004],[-48.73702361499994,-21.14936169799996],[-48.735958770000025,-21.148926030999977],[-48.730657463,-21.163574289999985],[-48.72867419999994,-21.164604311999973],[-48.727856841000005,-21.166579416000005],[-48.72817778699999,-21.170276589000025],[-48.726590493,-21.17264125299998],[-48.72855632699998,-21.17798480300003],[-48.72490322099992,-21.180571927000017],[-48.72588000600001,-21.183620451000014],[-48.72378781399993,-21.189632868999944],[-48.71912257700001,-21.193890785999958],[-48.71663685399995,-21.194255542999954],[-48.71238377099997,-21.199930159999937],[-48.70783612600002,-21.20274033499998],[-48.70529192300001,-21.207380843999942],[-48.70568483199992,-21.20990447599996],[-48.70438868899999,-21.212309221999984],[-48.69981702799999,-21.213532811999983],[-48.698197901000015,-21.217919103999943],[-48.694548543999986,-21.22158423500002],[-48.695570669999995,-21.22424896999995],[-48.697814242,-21.225299590999988],[-48.698276109000005,-21.22758737499994],[-48.70888795600002,-21.23047201199995],[-48.713337783999926,-21.233095079000016],[-48.72164381599998,-21.241050127999983],[-48.72561354099992,-21.242587613000012],[-48.73114054799999,-21.241746754000026],[-48.73547905599998,-21.246482478999933],[-48.74148859600001,-21.24543547100001],[-48.74355286100001,-21.248831013999972],[-48.74224237999999,-21.253928319999993],[-48.73240454199993,-21.259611932999974],[-48.73592468099997,-21.26564527599994],[-48.73287965399999,-21.27644300600001],[-48.736010625000006,-21.281790331999957],[-48.73542917100002,-21.284533104999948],[-48.732381033000024,-21.286738328000013],[-48.73408479999995,-21.290494119999988],[-48.73317652399998,-21.293842669000014],[-48.73434751999998,-21.29600016299991],[-48.73468742,-21.304986133999993],[-48.73221702899998,-21.308789597999915],[-48.730753197999995,-21.316789855000017],[-48.73097563800002,-21.318377778999956],[-48.73427919299996,-21.321472669999935],[-48.734819743999935,-21.32414063900001],[-48.733350579999964,-21.328942771999948],[-48.73796711099993,-21.344733568999978],[-48.74651464599998,-21.358237071000012],[-48.74865950899999,-21.375078561999917],[-48.744968684999996,-21.39193094299997],[-48.752452774999995,-21.405983394999964],[-48.75432855700001,-21.415181238999974],[-48.75394123599995,-21.419739806999996],[-48.75686611499992,-21.42364350299995],[-48.75909516599996,-21.422692175999984],[-48.76104551399999,-21.423906868999946],[-48.76221234199994,-21.42302589199998],[-48.76509649399992,-21.42513523399997],[-48.76711553899992,-21.42437838699999],[-48.76750998599999,-21.425794355],[-48.768766853999985,-21.426092196000006],[-48.76979703799992,-21.42491867199999],[-48.772043923999945,-21.426728110999978],[-48.77488132899998,-21.427026821000048],[-48.78225161399996,-21.42048105499992],[-48.78789107,-21.418993841999967],[-48.78712296399999,-21.418010451999972],[-48.78828896699997,-21.417300944999944],[-48.791081753999954,-21.417561502000037],[-48.79063048799991,-21.415834908000022],[-48.793481552,-21.413066017999938],[-48.792616194000004,-21.410791791000012],[-48.794291827,-21.408390936999925],[-48.79937077300002,-21.40945933299997],[-48.79943928699993,-21.410368987000027],[-48.80167269999998,-21.409883244999968],[-48.801162120000015,-21.411583612999948],[-48.804573231999996,-21.41272092999992],[-48.812337642,-21.410823140999938],[-48.81411585999996,-21.411298489999965],[-48.81551329500001,-21.40890699300004],[-48.81944710099999,-21.40696035899998],[-48.82390013600002,-21.407648869000013],[-48.825109784999995,-21.404243990999937],[-48.83218711799992,-21.39647597299994],[-48.83165484800003,-21.395354985999973],[-48.83600631399992,-21.39243406000004],[-48.838160346999985,-21.39280354799996],[-48.838251963000005,-21.39519118799997],[-48.841591429999994,-21.39388672399997],[-48.84219830199993,-21.392342322999976],[-48.84513767999999,-21.393139175999917],[-48.847858571999964,-21.392178324999925],[-48.849207766999946,-21.390091111999993],[-48.852732865000014,-21.39249288799999],[-48.85390309000002,-21.39137814699994],[-48.86149009799999,-21.392850967999944],[-48.863909748000026,-21.391461382999903],[-48.86679023099999,-21.391461123],[-48.873156946999984,-21.393975161000014],[-48.87317326300002,-21.39321892999995],[-48.87671118399999,-21.39302993999999],[-48.879648788999944,-21.389175170999977],[-48.882605092000006,-21.387635862000025],[-48.887173840999935,-21.387369182999905],[-48.89015108299999,-21.385424935000003],[-48.892230978999976,-21.383416886000028],[-48.893874420999964,-21.378520641000023],[-48.89634209500004,-21.376576633000017],[-48.89885467800003,-21.37077744299994],[-48.90292015300003,-21.37078350799993],[-48.91042019899993,-21.376690172],[-48.92264666699998,-21.382023018999988],[-48.94732682699993,-21.399232657999946],[-48.94577122900001,-21.412130278000006],[-48.949345757,-21.425649619999998],[-48.955489800000024,-21.423435913999974],[-48.96445168699995,-21.42519447100001],[-48.97146370299999,-21.43584115800002],[-48.976852310999966,-21.419169810999964],[-48.978841045000024,-21.416393849999963],[-48.981543061000025,-21.415689163999996],[-48.985572707000024,-21.426420059999998],[-48.98640621499998,-21.437493109000012],[-48.98251469399999,-21.451020777000014],[-48.982911504000015,-21.45442927200003],[-48.98557180900002,-21.456242610999993],[-48.990990089999976,-21.455733674999976],[-48.99765431999993,-21.459855487000006],[-49.00432345399999,-21.459330457000018],[-49.005497644,-21.465380008000004],[-49.01095087199997,-21.473848093999955],[-49.01625518499992,-21.47787500900001],[-49.01939091999992,-21.481934105999933],[-49.031127819999995,-21.48243041899996],[-49.039197566999974,-21.484662106999927],[-49.04071154299993,-21.48575923699998],[-49.04103736499996,-21.491141049000017],[-49.051122093999936,-21.489098189999996],[-49.055019721000015,-21.488019512999923],[-49.070557289999954,-21.47796245699993],[-49.08232058599998,-21.464171887999967],[-49.087233138999984,-21.465978037],[-49.097663297,-21.48350025200001],[-49.10860746200002,-21.49251363999997],[-49.11417011899994,-21.499833148999965],[-49.118261593000014,-21.51471941199991],[-49.12071209699997,-21.51603171799998],[-49.13257460800003,-21.515615727000004],[-49.13891107799993,-21.52466062399992],[-49.149573836999934,-21.52877914099995],[-49.153990678000014,-21.540592307000004],[-49.15253253899999,-21.547445798000005],[-49.15339372799996,-21.552152172],[-49.15565606400003,-21.555144310999992],[-49.16502911999993,-21.559820949999963],[-49.16836343900001,-21.56271178299994],[-49.169300822000025,-21.570093009999997],[-49.17381990199994,-21.573228140000026],[-49.176833378999966,-21.577582912000043],[-49.17917330599994,-21.589810837000012],[-49.185866996000016,-21.59494216099995],[-49.19382867399992,-21.596947039999918],[-49.20107491200002,-21.596678750000034],[-49.210502501000015,-21.603636580000014],[-49.217999053000035,-21.604453322999955],[-49.224402473,-21.60909195099992],[-49.22776138500001,-21.61625050699997],[-49.23130991899996,-21.62061360599997],[-49.23519606599996,-21.62224740800002],[-49.239775398000006,-21.620642474000007],[-49.24092467199995,-21.621265997000016],[-49.240832250999915,-21.625346639999975],[-49.23558862799996,-21.634799772000008],[-49.22699370499999,-21.659501995999957],[-49.214196359000034,-21.671308780999993],[-49.21714136799994,-21.672962590999937],[-49.22914870400001,-21.67000992099998],[-49.238437729,-21.670573612999988],[-49.252390119999916,-21.665101176999997],[-49.26515755899993,-21.663893228999942],[-49.27203534599994,-21.659479109999968],[-49.278827788,-21.653874288000008],[-49.288857028999985,-21.635709894999998],[-49.293371074,-21.63028824600004],[-49.311438698000025,-21.61701195399999],[-49.320660164,-21.59604345000002],[-49.32422617599997,-21.571298161000023],[-49.32698884899998,-21.562003189999935],[-49.33489719199997,-21.54968542899995],[-49.33951710799994,-21.54625146999995],[-49.35440633700001,-21.540458056999963],[-49.37598024199997,-21.534454231999973],[-49.382177015000025,-21.535086964000016],[-49.405173357000024,-21.54374681600003],[-49.416461524000006,-21.543418738999925],[-49.423911621999935,-21.540566018999932],[-49.43850395099993,-21.530698941000026],[-49.450078660999964,-21.520248566000006],[-49.46704638099993,-21.513088803000016],[-49.488433391,-21.500337188000003],[-49.50615574799998,-21.480971484999944],[-49.524541225000014,-21.44881618699997],[-49.54470302300001,-21.430998223999953],[-49.54933753,-21.41769934499997],[-49.551426675000016,-21.416441526000046],[-49.558732925000015,-21.415467238999952],[-49.568506224999965,-21.405005874999972],[-49.58097706500001,-21.38250044099991],[-49.586726659999954,-21.376458766999907],[-49.592487730999956,-21.373934033000022],[-49.60254591900003,-21.374018551000002],[-49.625428027,-21.35559353699997],[-49.640808644,-21.352001589999933],[-49.65802646799995,-21.35212890499992],[-49.668024403999944,-21.349211101999973],[-49.67287748400003,-21.34923789300003],[-49.67921366600001,-21.353146663999997],[-49.685910390999936,-21.36326661499997],[-49.688916856999924,-21.36430585999999],[-49.69446850100002,-21.363735022999997],[-49.69881919,-21.361007375999915],[-49.699950817,-21.35833634000002],[-49.700129475999965,-21.354419337999946],[-49.69636158600002,-21.34290752899998],[-49.69731073599996,-21.339431991000026],[-49.699921491,-21.33676252499991],[-49.706344446,-21.334367846000024],[-49.71267729099998,-21.334959561999938],[-49.71910683599992,-21.338349246999947],[-49.72445160499995,-21.345472014999988],[-49.72606069800002,-21.345861722000002],[-49.72791749100003,-21.34447147299994],[-49.74607588100003,-21.314654565000026],[-49.746421209000005,-21.309789406999993],[-49.74317315299999,-21.30164196099998],[-49.74532866300001,-21.296736521000028],[-49.752909820999946,-21.29629687699998],[-49.767186595,-21.30582966200002],[-49.77037132599992,-21.30607450399997],[-49.77852701699999,-21.29997246599999],[-49.790572215,-21.294749330000013],[-49.79946210200001,-21.294184864999977],[-49.80216526200002,-21.293045262000007],[-49.80871959000001,-21.285186650999954],[-49.81730624399995,-21.279193849999935],[-49.83317799399993,-21.275210680999912],[-49.83290495699998,-21.277517697],[-49.83150387099994,-21.27898667299997],[-49.830272843999985,-21.278671684],[-49.82997838999995,-21.280860521999998],[-49.82678474900002,-21.280338680999918],[-49.83178253900002,-21.28417566299997],[-49.82913246399993,-21.28639858199995],[-49.82908591400001,-21.289930620999993],[-49.824554553999974,-21.29221970399995],[-49.82507772899999,-21.293312173999993],[-49.823572340000005,-21.295604104999992],[-49.82410069100002,-21.300206512999985],[-49.81849544599993,-21.30326866000002],[-49.81911159600002,-21.305842075999973],[-49.817403155999955,-21.308506957000017],[-49.81822724099993,-21.31309792399997],[-49.816586238999946,-21.315973656999972],[-49.82398157,-21.318638314999923],[-49.823010203000024,-21.323704911999968],[-49.825933195000005,-21.32599176799994],[-49.82534633900002,-21.32817401300002],[-49.826314497,-21.32848400199992],[-49.82449494100001,-21.330629491999954],[-49.82760484499994,-21.333798372999983],[-49.82630703900003,-21.338198243999962],[-49.827707735000004,-21.339370165999934],[-49.83286954400001,-21.338222235999957],[-49.836675547000034,-21.348013968999954],[-49.840063584999946,-21.34913481899997],[-49.83971969200002,-21.350791975999982],[-49.84542866499993,-21.35758697999994],[-49.845141551999916,-21.359830035000023],[-49.848474898000006,-21.366058566999996],[-49.85132452900002,-21.367203604999926],[-49.85205807900002,-21.368956486000005],[-49.85618312399999,-21.367627743000014],[-49.85664532499999,-21.372631840999986],[-49.860634803999915,-21.375913721999943],[-49.862302194999934,-21.37944751299996],[-49.86146944799998,-21.381405239999992],[-49.863559135999935,-21.386196697000003],[-49.86292920999995,-21.38798284799998],[-49.865622082000016,-21.39159550699992],[-49.86881402799998,-21.392162699999982],[-49.86652247600001,-21.396775656999992],[-49.86668856899996,-21.40025539200002],[-49.86350829600002,-21.40388206600001],[-49.86357951000002,-21.40664072599997],[-49.86090091800003,-21.41008869699999],[-49.862037762,-21.416571525999935],[-49.85977930899992,-21.420582394999936],[-49.86320645999996,-21.424929744999922],[-49.861756748,-21.431941493999943],[-49.86669793999993,-21.436940853999996],[-49.866263749999966,-21.440214329000014],[-49.86880404599992,-21.440642545000017],[-49.870216732000024,-21.44240582299998],[-49.87012059799997,-21.445898676999942],[-49.86760128100003,-21.448718387999925],[-49.87050482299997,-21.44906938399995],[-49.87102620099995,-21.450473473999928],[-49.87084671899994,-21.452745512999968],[-49.868418934999966,-21.454670890999974],[-49.87096943299998,-21.457791427999936],[-49.869454874999974,-21.460336021999993],[-49.87088769199993,-21.46147209799994],[-49.87192429700002,-21.46787989699999],[-49.873543696999995,-21.46893755299999],[-49.883377756000016,-21.46945181099998],[-49.886352037999984,-21.470856304999934],[-49.88965837599999,-21.46787585399998],[-49.89111418900001,-21.468095396999974],[-49.892773653000006,-21.47093512999999],[-49.89157453299998,-21.475474850000012],[-49.89368734300001,-21.477493861999957],[-49.89352002700002,-21.481440939999946],[-49.89939248700001,-21.491049990999997],[-49.90305583899993,-21.49410519399993],[-49.905594606999955,-21.50235455699993],[-49.908573967,-21.503979970000007],[-49.91100438799993,-21.51024158499996],[-49.91100948899998,-21.520908440999943],[-49.91023166700002,-21.522583189999974],[-49.908291984000016,-21.523181237999996],[-49.905161257999964,-21.52181193099995],[-49.902399425999995,-21.523044165999927],[-49.90296290599996,-21.52820643600001],[-49.908271013999986,-21.53655799699992],[-49.908562414000016,-21.54421546599998],[-49.910513595999994,-21.550867159999957],[-49.91544261499997,-21.557131116999983],[-49.91845969299993,-21.55558377400001],[-49.92482319800001,-21.55611633400003],[-49.92626602399997,-21.554775302999914],[-49.933440026999975,-21.553437230999958],[-49.93728860699997,-21.55586300099997],[-49.94057015199997,-21.563150226999973],[-49.94473028300002,-21.565870280000002],[-49.946722126,-21.56981062999995],[-49.950371067,-21.57182770199995],[-49.95406484,-21.576663288000034],[-49.963378068,-21.57927000899997],[-49.96751579099998,-21.57616916199991],[-49.974846092999954,-21.57804616999999],[-49.97985465099992,-21.57785266000002],[-49.981852821999944,-21.57917771899999],[-49.986746142000015,-21.587596603999945],[-49.99186015999993,-21.590106913999932],[-49.993928681,-21.590573720000005],[-49.99681858699995,-21.588438780999926],[-50.00449935599994,-21.58687142100001],[-50.01331878599996,-21.58967054099998],[-50.0218716,-21.589950858000012],[-50.02818242299993,-21.58883720699992],[-50.03186639199998,-21.591870390999972],[-50.03858963699992,-21.594966466],[-50.04259655800001,-21.600180150000032],[-50.044542094000015,-21.60715927699999],[-50.048214057999985,-21.60955522299997],[-50.05409583599993,-21.608027267999947],[-50.058152354000015,-21.603635493000013],[-50.06013236999997,-21.596209012999964],[-50.05694995099993,-21.58726066599997],[-50.05834297899998,-21.584653963999926],[-50.06110092199992,-21.583604284999964],[-50.06058626299994,-21.588132399999996],[-50.06144308199998,-21.589424230000006],[-50.07072420100002,-21.592784021],[-50.07408947099998,-21.596165426000024],[-50.076425029999996,-21.604869712999985],[-50.07988917099999,-21.61003904099992],[-50.08830487299998,-21.616078148999918],[-50.09451889299993,-21.617434030000023],[-50.10003396399992,-21.620441104999998],[-50.100126182999986,-21.64296190999995],[-50.103338758000014,-21.645754254999993],[-50.103355405,-21.650412770999928],[-50.10493558399992,-21.652346792999946],[-50.106197865999995,-21.65992664200002],[-50.10747616100002,-21.660811038000034],[-50.10863572599993,-21.66708899199994],[-50.10767180599992,-21.668838003000026],[-50.10969055099998,-21.67307614999993],[-50.10678193599995,-21.677121635999978],[-50.10598567499994,-21.68043119399999],[-50.106852683000014,-21.68302923900002],[-50.10898695999999,-21.68468841599997],[-50.10824117499999,-21.685491935000012],[-50.110093124,-21.684875176999963],[-50.10909142399999,-21.686038175000018],[-50.11079747000002,-21.686939032999938],[-50.11052003099997,-21.689628081000023],[-50.11339172099997,-21.69049911600002],[-50.114910899999984,-21.69229000600001],[-50.116052016000026,-21.691814071000014],[-50.12002898200001,-21.685017135000002],[-50.123523009999985,-21.68636960899998],[-50.12482347799994,-21.69054799899993],[-50.12559822200001,-21.68924715499998],[-50.12714312799995,-21.690494632999933],[-50.12865737300001,-21.68927209700001],[-50.13026834599998,-21.69145766499998],[-50.132754600999995,-21.688531031000014],[-50.134896150999964,-21.68962055499997],[-50.13669011600001,-21.68768850799997],[-50.138539845000025,-21.68821082300002],[-50.14343853599996,-21.68665531200004],[-50.14704116399997,-21.68267429500003],[-50.15258881799996,-21.681413615],[-50.152495869000006,-21.682465405999995],[-50.153586109,-21.681464762999948],[-50.15461222,-21.682317961999935],[-50.15595716899998,-21.681030953999993],[-50.15916506100002,-21.68236302299994],[-50.15845141800003,-21.68324324699995],[-50.15959328299999,-21.68341935799998],[-50.15950162199999,-21.685227415999968],[-50.162719311,-21.686234033999977],[-50.16313252200001,-21.69082251200001],[-50.164960157999985,-21.69215704899996],[-50.16439910200001,-21.693674527999907],[-50.165617103999985,-21.69309172300001],[-50.165312409999956,-21.69405356300001],[-50.16790563499996,-21.69634510399999],[-50.16796781899995,-21.693613910999936],[-50.16947448000002,-21.69502312100001],[-50.17251386499993,-21.69508086399991],[-50.172236573000035,-21.693721197999913],[-50.17364607399992,-21.693712799999957],[-50.173297241,-21.691788256999985],[-50.17505168499997,-21.69128019099995],[-50.17469702599993,-21.690243004000013],[-50.179477922999986,-21.690498344999924],[-50.179721519,-21.692025510999997],[-50.18253107300001,-21.693235700000013],[-50.18482762899999,-21.691984528999985],[-50.185321397999985,-21.692685012000027],[-50.18634341799998,-21.69044879500001],[-50.189669343000006,-21.68974420699999],[-50.19546167099992,-21.691608475999928],[-50.19699919599992,-21.689802246],[-50.20073393299998,-21.689648782999974],[-50.20704964300002,-21.686617021000014],[-50.21036856400002,-21.68907181800001],[-50.20968252699999,-21.691001009999987],[-50.21181480799993,-21.691833000999964],[-50.210976339000005,-21.692839488999994],[-50.21195423099999,-21.693271783],[-50.21032397300003,-21.69396506099997],[-50.211598627,-21.696210341999926],[-50.21417729299992,-21.695354201999976],[-50.21702110199993,-21.697907016999967],[-50.21869282299997,-21.69688884800001],[-50.21872065099995,-21.698209552999963],[-50.21967236900002,-21.696979532000007],[-50.22257176900001,-21.698696764999983],[-50.22189175599999,-21.699691667000025],[-50.22303835299999,-21.699606148999976],[-50.22176899800002,-21.701579619999993],[-50.22487067199995,-21.700872194000006],[-50.22742222799997,-21.69860296399992],[-50.23034380799993,-21.699288856],[-50.23066807700001,-21.698459497999995],[-50.231399581999995,-21.699365091999937],[-50.23184543500003,-21.69765796399997],[-50.23398572700001,-21.697089058000024],[-50.23624059399998,-21.698897956000014],[-50.237678742999954,-21.69870074499994],[-50.23810931399993,-21.699894195000013],[-50.23995764199992,-21.69707218500002],[-50.24387009399999,-21.697356725000002],[-50.244218202000006,-21.69883387099992],[-50.24573755099999,-21.696699370999962],[-50.24608639199999,-21.698078920999983],[-50.24867823400002,-21.699527968999956],[-50.24827385799994,-21.702062356000017],[-50.250697476000035,-21.702809333999962],[-50.251779535000026,-21.70428657499997],[-50.25078037299994,-21.705029384999992],[-50.25125364099995,-21.706301847999995],[-50.25339356199998,-21.70785876999998],[-50.25466029699999,-21.707403057000032],[-50.25377217399995,-21.70589750799997],[-50.260900553,-21.702936032999972],[-50.26665171399998,-21.703410325999986],[-50.271299020000015,-21.709252045999946],[-50.27513057200003,-21.707472076999974],[-50.28077045899994,-21.707541397999993],[-50.28781276899997,-21.710667899999986],[-50.292117372000014,-21.715182808999952],[-50.294435169999936,-21.714654478999915],[-50.294753404999994,-21.71707427999996],[-50.29802635699997,-21.714872631000006],[-50.298165079,-21.713026893999988],[-50.30124698399999,-21.715073183999955],[-50.30180696599996,-21.713580519000004],[-50.30406289400004,-21.712683185999982],[-50.30398652399999,-21.711485011999972],[-50.30528425,-21.712766107999933],[-50.306196159000024,-21.711648957999945],[-50.307837264999925,-21.71376015399993],[-50.309458021999994,-21.713920761],[-50.31295984600002,-21.710675308999953],[-50.313944510999995,-21.711371654999937],[-50.317106793999926,-21.70753179399993],[-50.32101129299997,-21.707317582999956],[-50.32052424800003,-21.705853015000002],[-50.322953042999984,-21.70733254299995],[-50.323278771999924,-21.708881166000026],[-50.32582763299997,-21.708885565999935],[-50.326358880999976,-21.70765788499995],[-50.329423980999984,-21.71083599799992],[-50.33053664699992,-21.70911554199994],[-50.33234907200001,-21.713871085999987],[-50.33482366300001,-21.716536301999945],[-50.33454472699992,-21.71827164000003],[-50.336045853999956,-21.719036029999945],[-50.33747184800001,-21.71834923099994],[-50.335545883000016,-21.71667530999997],[-50.33585736399999,-21.71535795],[-50.33909018599997,-21.71420044199992],[-50.342106994000005,-21.715147054999928],[-50.34225557600002,-21.712185250999998],[-50.343498484000015,-21.71294802199998],[-50.34425493100002,-21.712016769999916],[-50.34347502499998,-21.710507749999984],[-50.347384997000006,-21.71026482300001],[-50.348777900999956,-21.709060557999898],[-50.353761238000004,-21.713350946999945],[-50.35303659299996,-21.714853837000025],[-50.356371604999936,-21.717181677999978],[-50.35431347700001,-21.718683757000026],[-50.35596675599994,-21.719756126],[-50.358073568,-21.71922570300001],[-50.36046148099996,-21.722890887999935],[-50.360039586000035,-21.725197186],[-50.36108509500002,-21.72549858299995],[-50.36294533499995,-21.72474687499993],[-50.36230583699995,-21.721892695999944],[-50.36749598599999,-21.719444134000025],[-50.37159888499997,-21.723268965999974],[-50.37453033899999,-21.722433222000014],[-50.37504277400001,-21.72098421800002],[-50.37969360899996,-21.718214475999957],[-50.39069403199994,-21.71921177799998],[-50.39062241799997,-21.718206042000023],[-50.39535342900002,-21.715602056000016],[-50.39779363100001,-21.71685262699991],[-50.398600287999955,-21.715228380999925],[-50.399570497999946,-21.71646381199996],[-50.40079284000001,-21.714050321999974],[-50.404233084000005,-21.712259238999977],[-50.409486989000015,-21.707122221999956],[-50.409642393000006,-21.703561190000002],[-50.41126991899995,-21.706551585],[-50.41399253499998,-21.704769754999905],[-50.41412554899996,-21.706859037],[-50.41704564499998,-21.704390788999984],[-50.42087496900001,-21.705195176999965],[-50.42208539599999,-21.70356687199995],[-50.42128047,-21.702124483999988],[-50.42394906599998,-21.70092955199999],[-50.422977780999986,-21.699694281999985],[-50.42526001700003,-21.697828995999966],[-50.42466694999997,-21.69625486799997],[-50.42638358,-21.69460508599996],[-50.432631994999944,-21.694379819000005],[-50.43336934599995,-21.695404609999954],[-50.432389188999935,-21.696610060999994],[-50.433668092000005,-21.697362664999968],[-50.436674949000015,-21.696521250999975],[-50.437514507,-21.695149409000006],[-50.43971856699995,-21.69652056299991],[-50.439923350000015,-21.695321748999948],[-50.44185883500001,-21.695104025999967],[-50.44279212499999,-21.693732827000034],[-50.45022978200001,-21.692960236999966],[-50.45124613199999,-21.69158978299996],[-50.45067006299996,-21.690075179000008],[-50.45365152099998,-21.688194639999995],[-50.454658897999934,-21.689231400999976],[-50.45814373899998,-21.684847149999975],[-50.459748303000026,-21.68634643500001],[-50.457842063999976,-21.68705466],[-50.45807287299999,-21.687934631999997],[-50.45966457999998,-21.688099494000014],[-50.46160119999996,-21.68597226099994],[-50.46306576500001,-21.687274441000003],[-50.461475026000016,-21.688281539000002],[-50.46389768000001,-21.687859698999997],[-50.46125109399998,-21.690100469999944],[-50.464327169,-21.692489780999935],[-50.46242401099999,-21.693697699999973],[-50.46354798099992,-21.6966964509999],[-50.46221158700001,-21.695647510999997],[-50.46131302600003,-21.696931656999933],[-50.46181279699999,-21.69837306800002],[-50.46335549600002,-21.697861714999988],[-50.46253347300001,-21.69950184299994],[-50.463382865000035,-21.706562835999954],[-50.46700362599995,-21.703513111999957],[-50.468848055999956,-21.705613861000014],[-50.47077815199998,-21.704937742000016],[-50.47019379199992,-21.70381455299991],[-50.47359131500002,-21.70250139199998],[-50.47526711499995,-21.704089106000005],[-50.474710292999994,-21.701768351999995],[-50.47916106700001,-21.70157788199997],[-50.481203833999984,-21.70231073100003],[-50.48123333799993,-21.703916026999988],[-50.48277674399992,-21.70290931599998],[-50.48388510699999,-21.703544361999946],[-50.48419562300001,-21.70225923999993],[-50.48881360799999,-21.70478439999999],[-50.48811343099999,-21.706475559],[-50.49065659899998,-21.70560454699993],[-50.489534600999946,-21.706733504999924],[-50.49061834999992,-21.707808854999996],[-50.48936994799993,-21.708617708999956],[-50.490875464,-21.710112502000037],[-50.48947071200001,-21.71169134299997],[-50.492308013999946,-21.710623285999976],[-50.49236121399997,-21.71211805199994],[-50.493338692999934,-21.711702893999988],[-50.496361981999996,-21.716554525999932],[-50.49781583399994,-21.71421780799994],[-50.50302344599998,-21.715533450000013],[-50.505682568,-21.713302664999997],[-50.50672668099992,-21.709176480999936],[-50.50990302999992,-21.707356599999954],[-50.50925149699992,-21.705820551999974],[-50.51125162799997,-21.70599333500001],[-50.51007173299997,-21.704427779999953],[-50.51113962900002,-21.703650848999985],[-50.515164583,-21.706586601999955],[-50.516288710000026,-21.70997986699995],[-50.52034040299999,-21.705909677000008],[-50.52217611499998,-21.70828552699994],[-50.528003119999994,-21.704368916999954],[-50.52867714600001,-21.70110838599993],[-50.529748954999945,-21.700676447999967],[-50.52743492999997,-21.70039040499995],[-50.52781079699997,-21.699372729999936],[-50.529916404000005,-21.69915630599996],[-50.53123298499998,-21.70040101799992],[-50.534631255999955,-21.697454672999974],[-50.536438454000006,-21.698394021999928],[-50.537189635000004,-21.69686193099993],[-50.540579101999924,-21.69650795200001],[-50.540887286999975,-21.698015720999944],[-50.53871859399993,-21.699739366999996],[-50.544114820000004,-21.69881941400002],[-50.54407897499999,-21.700799624999945],[-50.545285654,-21.701263121000014],[-50.548594709999975,-21.699571790999983],[-50.54951128999995,-21.702210278999996],[-50.55102158099993,-21.70115543899998],[-50.55047400299992,-21.69981430099996],[-50.55182433900001,-21.697810025999942],[-50.55426002699999,-21.698611006999947],[-50.55335767899999,-21.69576092399997],[-50.554508571999975,-21.694006764999973],[-50.55644634300001,-21.694877348999963],[-50.55920155699994,-21.692164627999947],[-50.56063620800001,-21.69281302199995],[-50.56140400700003,-21.690985128999962],[-50.563441194000006,-21.69210644899994],[-50.565119595,-21.68987916600001],[-50.566736960000014,-21.690329974999933],[-50.566880523000016,-21.69212896699991],[-50.56875817100002,-21.693179992000005],[-50.56877887099995,-21.69137616799998],[-50.570748213,-21.691632636999998],[-50.57277175899992,-21.687390332000007],[-50.578684859999946,-21.686492336000015],[-50.57748147199999,-21.684882399999918],[-50.578230746999964,-21.683712475],[-50.58574875699993,-21.67991455699997],[-50.58854637000002,-21.680682289000003],[-50.58786570000001,-21.67756746899999],[-50.589318135999974,-21.674423025000028],[-50.594846218999926,-21.672452373000006],[-50.59783971000002,-21.672751127999998],[-50.59896593799999,-21.668757882999998],[-50.603119396999936,-21.66667935700003],[-50.60038885999995,-21.665666132000013],[-50.59816149599999,-21.663008974999936],[-50.60048131899999,-21.661136152999912],[-50.601165379000015,-21.658283597999954],[-50.607665052000016,-21.658944537999947],[-50.60884411699994,-21.65726461099996],[-50.61072894099999,-21.657839756999937],[-50.614028069999954,-21.65657006899994],[-50.61593949000002,-21.65915889500003],[-50.61810925499999,-21.659525074999927],[-50.619208510999954,-21.661390892999965],[-50.620383375000024,-21.66097234099993],[-50.621368587999996,-21.65901115999997],[-50.61908278599992,-21.65142962299995],[-50.62139188399994,-21.65009155899991],[-50.62050437399995,-21.645484190999905],[-50.623286568000026,-21.642910958000034],[-50.627817166,-21.642890567999995],[-50.63059546599993,-21.65016723999996],[-50.63008089999999,-21.654143539000017],[-50.632611177,-21.656223346999976],[-50.63504041499999,-21.655477140999935],[-50.64026907699997,-21.64943914599997],[-50.64337863099996,-21.65090382900001],[-50.64668611600001,-21.65046013399996],[-50.65040796599999,-21.63786027599998],[-50.654799775000015,-21.63392032499993],[-50.654101056999934,-21.63053043899997],[-50.652384369,-21.629188211999914],[-50.65367515599996,-21.627283262999978],[-50.65236228599998,-21.62492449199992],[-50.65302614500002,-21.622974666],[-50.65644660399994,-21.62213076199998],[-50.66077373099995,-21.618237600999976],[-50.661265180999926,-21.614331097999965],[-50.66760962699999,-21.610445740999918],[-50.670870191999995,-21.60417676700001],[-50.67755239399992,-21.60062165999994],[-50.68083590800001,-21.601946787999935],[-50.68301433099992,-21.597522964999996],[-50.686992325999995,-21.59728974999996],[-50.692600804999984,-21.592588475000014],[-50.697254155999985,-21.592119852999954],[-50.699019050999986,-21.589581843999998],[-50.701444917999986,-21.589392174000015],[-50.70552840099998,-21.585752339999928],[-50.708020031999986,-21.585020416999964],[-50.708489197,-21.583344120999914],[-50.706298264000004,-21.578326924999995],[-50.70892104199993,-21.576302861999988],[-50.713793119,-21.57736320999993],[-50.72579370699998,-21.576716948999913],[-50.72974808499993,-21.572493666],[-50.73420575400002,-21.57149447599994],[-50.73838029999996,-21.57339420699992],[-50.742669485999954,-21.577618956999977],[-50.74565088999998,-21.577990990999904],[-50.74867486699998,-21.576020275999934],[-50.749239896000006,-21.574089503999954],[-50.74448687199998,-21.56636552899992],[-50.74450337600001,-21.56462318699998],[-50.74644109500002,-21.565947757999993],[-50.748915747999945,-21.565275971000023],[-50.75349690600002,-21.570591469000014],[-50.755798012999946,-21.571136439999993],[-50.75883473099998,-21.569015354999983],[-50.760112069999934,-21.564006815000013],[-50.76438021499996,-21.561949549999948],[-50.764759389000005,-21.563415221000025],[-50.767535668999926,-21.563482526999962],[-50.76885407200001,-21.568064900999993],[-50.770407276000014,-21.56913079100002],[-50.771362458999995,-21.568702488999932],[-50.77018375400001,-21.566128631999952],[-50.774174450999965,-21.56388438300001],[-50.77535642599998,-21.564456719000027],[-50.77323574100001,-21.566633781999997],[-50.77376869899996,-21.567509917999924],[-50.78209732999994,-21.56738593699998],[-50.781827175,-21.56319714299996],[-50.77475049200001,-21.561347959999928],[-50.773141812999995,-21.559122698000028],[-50.773871456999935,-21.556587711999967],[-50.77118736699998,-21.55814656799998],[-50.76905804400002,-21.553947094999977],[-50.77029936499998,-21.546867072],[-50.77234369400003,-21.54529744],[-50.773871294999935,-21.544800451999983],[-50.775958375999956,-21.54604392700001],[-50.777508743,-21.542849380999936],[-50.78103660800003,-21.543960228999996],[-50.78183857800002,-21.54303255899998],[-50.785494159999985,-21.54764649399999],[-50.78923980399992,-21.54966035000001],[-50.78795909899992,-21.55096266399993],[-50.78512793699997,-21.549056800000017],[-50.78792865499998,-21.55211426900002],[-50.78607981800002,-21.557193550000022],[-50.78873879099995,-21.558777478000025],[-50.79436705899997,-21.558766450999997],[-50.798826374,-21.555566996999968],[-50.79815570599999,-21.551074055],[-50.79325246399992,-21.543378084999972],[-50.79718475399994,-21.541579560999935],[-50.801994252999975,-21.54797017199996],[-50.803513278000025,-21.55306261499999],[-50.806372840999984,-21.55461986900002],[-50.806089570999916,-21.55964790500002],[-50.807939421000015,-21.560239288999917],[-50.80960228100003,-21.558687326999966],[-50.810916899000006,-21.559564706999996],[-50.811164096000034,-21.560671647999982],[-50.80969393699997,-21.561491648999983],[-50.80996627799993,-21.564591549000003],[-50.812824541000005,-21.55985249799998],[-50.809565641,-21.556758693000013],[-50.81012053799992,-21.55561577499994],[-50.81247662300001,-21.556449186999927],[-50.81455146999998,-21.559433561999988],[-50.81493564199997,-21.56374083999989],[-50.817215816999976,-21.56336266599999],[-50.82163910599997,-21.55900287999998],[-50.821962136000025,-21.557338296999994],[-50.820985679999986,-21.555537151999992],[-50.815878891999944,-21.554132874999993],[-50.81929749400001,-21.550301838000014],[-50.81679217300001,-21.549493278999982],[-50.81578747399993,-21.551174944000042],[-50.813559134999934,-21.54807263300001],[-50.81344209100001,-21.543618735000003],[-50.81551765500002,-21.539822557999965],[-50.81674557999998,-21.54136437299995],[-50.818422287999965,-21.539268159000024],[-50.82217683499994,-21.539298644999988],[-50.82638794299993,-21.53745288099992],[-50.83028133800002,-21.540838891000025],[-50.83069944300002,-21.53880243800001],[-50.828659958999985,-21.536321064999964],[-50.83814614300001,-21.53697786599999],[-50.84438146499998,-21.53474240100002],[-50.84732195599992,-21.535533296999954],[-50.854647555999925,-21.52980260999992],[-50.86436226299992,-21.527995820000008],[-50.869292643999934,-21.525334993999923],[-50.87245528199998,-21.52020181599995],[-50.871625574999946,-21.516996439000025],[-50.87262067599993,-21.514402840999942],[-50.86438908600002,-21.509162839000002],[-50.86739116299998,-21.50396708899995],[-50.86628082899995,-21.49876892700001],[-50.86938876799996,-21.49665280199997],[-50.87062395999993,-21.49279155299996],[-50.874228555999935,-21.48854635599992],[-50.878393621999976,-21.489406126000013],[-50.88867156999993,-21.485311511999967],[-50.894159538999986,-21.48618634699994],[-50.894974174999966,-21.48933760400002],[-50.89938122,-21.490392900000018],[-50.898787916999936,-21.488897327999993],[-50.89980868700001,-21.487054059],[-50.90451519299996,-21.484915057],[-50.903176866000024,-21.480173274999952],[-50.90725726699992,-21.47672707499992],[-50.905680870999966,-21.470264865999983],[-50.90853744599997,-21.469657127],[-50.91677454199994,-21.464339949000024],[-50.92058652499992,-21.46015291100002],[-50.92145635499997,-21.45652992499994],[-50.92006197399998,-21.455098976999906],[-50.91710556999999,-21.455439168],[-50.916579668,-21.45416041499999],[-50.92098873100002,-21.448515000999986],[-50.92058214799994,-21.446657067999922],[-50.92417977200001,-21.444283971999955],[-50.924315509,-21.441641650000008],[-50.92738699399996,-21.442391100999995],[-50.92800067899992,-21.441157429999976],[-50.93078108999992,-21.44348708299997],[-50.93213705299996,-21.442704741999947],[-50.939734131999955,-21.445059387999944],[-50.94297727100002,-21.444407176999995],[-50.946982197000004,-21.447420826999974],[-50.960448198999934,-21.438509034999978],[-50.97503614700003,-21.432675314999997],[-50.98149144899997,-21.431798162999993],[-50.98836406999998,-21.434209629999934],[-50.989513994999925,-21.435813663999962],[-50.992078952999975,-21.435689668999995],[-50.99353624999993,-21.437533755999986],[-50.99627583399996,-21.436917226000002],[-50.997918518999995,-21.438978854999995],[-51.004257231999986,-21.43848120999996],[-51.02554803099997,-21.426178258999986],[-51.02521942499999,-21.420901980999922],[-51.02909207800002,-21.41818059799999],[-51.03333656199993,-21.411534373000013],[-51.033744969,-21.40882527399999],[-51.045901287999925,-21.40644995399992],[-51.04533298199999,-21.403794328999922],[-51.052330566999956,-21.405026374999974],[-51.054654399999954,-21.404464266999923],[-51.059280366999985,-21.397398309999957],[-51.063120923999975,-21.394575406999998],[-51.06778745399998,-21.39408394899993],[-51.074053592999924,-21.391489254000035],[-51.07498946700002,-21.388391142000003],[-51.077540854000006,-21.389258117999987],[-51.07969334199998,-21.386377091999986],[-51.08126783000001,-21.387686265999946],[-51.08102048299998,-21.384941551999912],[-51.086449265,-21.384632405999973],[-51.08519708199992,-21.38301446499992],[-51.09014185699999,-21.378757122000003],[-51.08970997699993,-21.372559204000027],[-51.09282541299996,-21.371230114000003],[-51.10018052700002,-21.37032087099994],[-51.10507990199994,-21.372546122000003],[-51.10712908800002,-21.375358999999932],[-51.113937229999976,-21.376564309999925],[-51.11961238099996,-21.379341177999937],[-51.12155519499993,-21.381500521999996],[-51.12904596400001,-21.378802236000002],[-51.132939915,-21.375275572000017],[-51.139060964999935,-21.373842712999988],[-51.147682130999954,-21.37444195299991],[-51.154536323,-21.378367298000004],[-51.15674091499994,-21.377868927000026],[-51.16412659499997,-21.383645533999935],[-51.171488436,-21.383278669999914],[-51.174224642999995,-21.38090976399997],[-51.17925426199997,-21.37966982099994],[-51.18316028800001,-21.375930268999994],[-51.18947798399996,-21.376826154999943],[-51.19524040499999,-21.37236922099993],[-51.196216639,-21.36674956],[-51.19982112700001,-21.359615365999986],[-51.20387007900002,-21.36084355799993],[-51.206856209999955,-21.357081036000015],[-51.20885968499999,-21.35808169799999],[-51.20990211700001,-21.355920696999934],[-51.214137402999995,-21.354716606999972],[-51.212389089,-21.35134878399992],[-51.216757874999985,-21.351119141000016],[-51.216913900000016,-21.34961381199992],[-51.22402804799999,-21.345431026999957],[-51.22569278799995,-21.34304967899997],[-51.22543821599994,-21.341315509999955],[-51.23123384899992,-21.339389471999937],[-51.23171571799992,-21.337340922],[-51.22938283799999,-21.33600914200002],[-51.23214645799993,-21.335539926000028],[-51.23299096099993,-21.332652058999994],[-51.23738976999999,-21.33147165399991],[-51.236496164999956,-21.32803253499997],[-51.23782893600003,-21.326648890999987],[-51.261230846,-21.32759697799996],[-51.263776940999946,-21.330588120999995],[-51.26570126600001,-21.331143058000002],[-51.270678135000026,-21.321943167999972],[-51.27699762599997,-21.321121402000017],[-51.27776519499997,-21.32287187200001],[-51.27978371299992,-21.321856360000012],[-51.28125619499996,-21.322679204999993],[-51.28127570800002,-21.319237977999986],[-51.28605635799994,-21.31911581499999],[-51.28601759700001,-21.317310206000002],[-51.28723030800001,-21.31845468699998],[-51.28794284899998,-21.315878756000004],[-51.28711548899992,-21.315200138000026],[-51.28943999399997,-21.31333610999998],[-51.288988790000026,-21.31595898900004],[-51.29016591099997,-21.31691340999994],[-51.29132106399998,-21.314340574999957],[-51.29365746199994,-21.314674722000007],[-51.295015869,-21.31175674599996],[-51.29664655300002,-21.312002895999957],[-51.296884543999965,-21.30981745399999],[-51.302368226,-21.30986049299998],[-51.30288269599993,-21.30718405699998],[-51.30447739700003,-21.308381338],[-51.30500984399998,-21.30583469699995],[-51.308875215,-21.302932194999972],[-51.30641889599997,-21.30069289799994],[-51.31050590299998,-21.29933250900001],[-51.31189906099996,-21.301347398000022],[-51.313867952,-21.296155014000014],[-51.31568066999994,-21.297311291000035],[-51.315972628000004,-21.300039513999987],[-51.31661755499993,-21.297056222999956],[-51.31997117199995,-21.298840376999966],[-51.32038318899993,-21.297560841999985],[-51.319255892999934,-21.296497336000005],[-51.322497682000005,-21.297179218999936],[-51.32201532099998,-21.295057069999903],[-51.32341709299999,-21.293948887],[-51.323843515000036,-21.295350954000014],[-51.32538561599995,-21.29479598199991],[-51.32580042400002,-21.296290415999984],[-51.32581756399997,-21.292546524999953],[-51.32900693900002,-21.292209948000004],[-51.32837831499995,-21.294457475999995],[-51.33078022199999,-21.292745983999968],[-51.334332497999924,-21.292762498999984],[-51.33817864700001,-21.288623504999915],[-51.33927588400002,-21.289626870000024],[-51.337504631999934,-21.29124054200002],[-51.337577652999926,-21.29342052200002],[-51.34271832000002,-21.290744823999947],[-51.342399747999934,-21.288155371000016],[-51.34592669900002,-21.287309143999956],[-51.347216667,-21.29220080399993],[-51.34905479499992,-21.29089395400001],[-51.351116945999934,-21.29159810300001],[-51.34898978399997,-21.289971639999912],[-51.34945791599994,-21.288573558999992],[-51.35213431599999,-21.28956853300003],[-51.35342595399993,-21.288605721999932],[-51.35698924899998,-21.28897845399996],[-51.35994537899996,-21.28529489700004],[-51.36147495499995,-21.28598133799999],[-51.36170387799996,-21.288365439999946],[-51.36444844399995,-21.28967253600001],[-51.36694064400002,-21.28820555599998],[-51.36563601000001,-21.285790163999977],[-51.36688315899994,-21.285628627000015],[-51.36843238299997,-21.288641412000025],[-51.36648745000002,-21.28971275800001],[-51.36766522699992,-21.289976248000016],[-51.36985828899992,-21.289534752999998],[-51.371826614999975,-21.28739398899995],[-51.373613192999926,-21.287491066999994],[-51.371937494000015,-21.284003507000023],[-51.37463955499993,-21.28591750499993],[-51.37601049900002,-21.284740736000014],[-51.378180265999966,-21.285142601999947],[-51.38053579199999,-21.283227877999977],[-51.383539766999945,-21.28490947799993],[-51.384826438000005,-21.283107959999988],[-51.386406888,-21.284340824999965],[-51.387725202999945,-21.28300135399996],[-51.38725628199995,-21.281109565999934],[-51.389721835999985,-21.281784234999968],[-51.39217296200002,-21.27853118699994],[-51.39474794199998,-21.27913692899995],[-51.395788684000024,-21.278321086999995],[-51.39593485400002,-21.27699556900001],[-51.39316521099995,-21.276438553999974],[-51.39695995499995,-21.276217049999964],[-51.39604437299994,-21.27235361199996],[-51.39866688299997,-21.271671704000024],[-51.39997326399993,-21.27368378899997],[-51.40095059499998,-21.273114842999988],[-51.400954368999976,-21.27180546199997],[-51.39770456000002,-21.26857989500002],[-51.39966468099999,-21.266682904999996],[-51.401899423999964,-21.26594834699995],[-51.40307223100002,-21.268214031000017],[-51.406189370999925,-21.268333530999943],[-51.40661196899999,-21.264489169000015],[-51.40919925700001,-21.263977602999937],[-51.409574588,-21.266179154999975],[-51.410509204999926,-21.26625067399992],[-51.410857454999984,-21.26421846300001],[-51.409408526999925,-21.26179702799992],[-51.413909636000035,-21.263163415999998],[-51.417440861999985,-21.26164504799999],[-51.417495069999916,-21.25933807999996],[-51.416090810000014,-21.258234236999996],[-51.41968585199993,-21.260994085999936],[-51.42109634000002,-21.25734757800001],[-51.419280525999966,-21.256060633999947],[-51.42461859899993,-21.257583094999973],[-51.426799356000004,-21.25482782799998],[-51.425347716999966,-21.25297856600001],[-51.425929365999934,-21.251750764999944],[-51.42780149199996,-21.25402694100001],[-51.42731956799997,-21.256292057000003],[-51.429817826999965,-21.255404986999967],[-51.43026930500003,-21.254453346999924],[-51.42851752899998,-21.252727089000015],[-51.43056253999998,-21.25197120799999],[-51.43162076700003,-21.248551550999988],[-51.43434979399996,-21.248106546999967],[-51.433009003999985,-21.247458004999945],[-51.43493219399994,-21.245306443999976],[-51.43697944799993,-21.24613805499996],[-51.438071245999936,-21.24492973899993],[-51.441062304000006,-21.24540236799995],[-51.440808301999944,-21.24395225799998],[-51.44337827599997,-21.24346575200003],[-51.44480233100001,-21.243856048999966],[-51.445509311999956,-21.245716162000004],[-51.44596140099998,-21.24300968300003],[-51.45178144999995,-21.241061560000006],[-51.45307195099997,-21.239319054999946],[-51.45502662599994,-21.239780768999925],[-51.45535599599999,-21.243201108999962],[-51.45660727400002,-21.241702369],[-51.456115676000024,-21.237124818999924],[-51.460961546999954,-21.23739645500001],[-51.46113363299997,-21.241395291999943],[-51.46249816,-21.237503487000016],[-51.45992188700001,-21.236221179999976],[-51.46099402400001,-21.234779038999985],[-51.46442154900001,-21.234339534999968],[-51.463271717999994,-21.23643644100002],[-51.465549206999924,-21.237944722999988],[-51.467181632,-21.235790939999966],[-51.46623549599997,-21.239270201000007],[-51.46709280800002,-21.239566914999994],[-51.46876469699998,-21.238458745999978],[-51.46909356300001,-21.235280101000004],[-51.47047599299998,-21.237164588999903],[-51.474081732,-21.236219160999955],[-51.474486034999984,-21.23505954199994],[-51.47690364499999,-21.236716856999916],[-51.47871399299993,-21.23310122800001],[-51.48110356699994,-21.232122305000008],[-51.48083983999999,-21.23077725500003],[-51.485013141000024,-21.23278387599991],[-51.48446417600002,-21.229720100999945],[-51.48765776099999,-21.229617894999993],[-51.486435230999916,-21.22760135200002],[-51.48976792100001,-21.228602503999905],[-51.48814161299998,-21.23120459299992],[-51.48908075499998,-21.231949648000008],[-51.490990700000005,-21.230673234999912],[-51.490786223999976,-21.229309019000024],[-51.49325995900001,-21.22952650499995],[-51.492676311000025,-21.22782693699996],[-51.49545731799998,-21.228579884],[-51.493713076999995,-21.22587470299999],[-51.496525015999964,-21.225866219999983],[-51.494287213999996,-21.22450853899995],[-51.49448113899995,-21.222938063999987],[-51.49324272999997,-21.22221220900001],[-51.49399573900001,-21.22060323999999],[-51.497321308999915,-21.21965169199997],[-51.50028796999999,-21.221026353000013],[-51.503329834,-21.217266212000045],[-51.50837119599993,-21.218636913999944],[-51.51017273799994,-21.215692464999975],[-51.50818507499997,-21.215168802999973],[-51.50987265499998,-21.21446109999993],[-51.51104734799993,-21.21576452199995],[-51.512203526,-21.21530627099998],[-51.51059228600002,-21.212924064999974],[-51.51287287599996,-21.21196659599998],[-51.51371067899993,-21.210235754000003],[-51.517077700000016,-21.210019438999957],[-51.51693449299996,-21.213398885999993],[-51.51784914400003,-21.213361717],[-51.51866108799999,-21.21092382],[-51.522148507000004,-21.208556367999968],[-51.52076303100001,-21.206997686999955],[-51.51804217799992,-21.206519650000025],[-51.51919721699994,-21.203952378000015],[-51.52098381999997,-21.205347157000006],[-51.52252149999992,-21.20202715099991],[-51.52188296399993,-21.199758568999986],[-51.52370244399993,-21.200533731000007],[-51.524865449,-21.198611433999915],[-51.52647632299994,-21.19918540100003],[-51.52696192399998,-21.19757592599996],[-51.528220594,-21.198930032000003],[-51.53016681600002,-21.195889544999943],[-51.532074093999995,-21.19702709199991],[-51.532589710999964,-21.195070953000037],[-51.53534678699997,-21.197454632999943],[-51.53420386200003,-21.199674812999984],[-51.535693039999956,-21.200232929999977],[-51.537644273999994,-21.199256065999972],[-51.537761171,-21.195619578999928],[-51.53917583099997,-21.193983343999996],[-51.54020370699994,-21.19579896900001],[-51.54216706300002,-21.196052515999956],[-51.543474194,-21.195502605999998],[-51.54322982799994,-21.19223082899994],[-51.545047522999994,-21.19123473299993],[-51.54938665800001,-21.191438323999975],[-51.550143515,-21.189910338999937],[-51.55872360000001,-21.191119592999993],[-51.56042885099998,-21.187446312000038],[-51.56209700699998,-21.190070887999926],[-51.56011958599998,-21.190805488999953],[-51.55931141699995,-21.192361614999907],[-51.560299273999995,-21.192860436999982],[-51.56107899900001,-21.19097232700001],[-51.56397374699998,-21.190374620999993],[-51.562699511000005,-21.18823135099996],[-51.56417975099998,-21.18524636999994],[-51.568091658000014,-21.18698021199998],[-51.567998877999976,-21.18520371800003],[-51.57117440600002,-21.186569417999916],[-51.572546035999956,-21.184485526000007],[-51.573135455000006,-21.185532288999926],[-51.571861378999984,-21.187715511999997],[-51.57379657899998,-21.188005353000005],[-51.574814094999965,-21.18946132799991],[-51.57568604599999,-21.18695511299995],[-51.577150430000025,-21.187391333999983],[-51.57757237800001,-21.184576622999998],[-51.57629642400002,-21.183637085999976],[-51.57563426599996,-21.18032642100004],[-51.57811131199993,-21.180155773000006],[-51.57891688799997,-21.17862580600002],[-51.58160444399993,-21.178566701000022],[-51.58298484400001,-21.179700256999904],[-51.58134548700002,-21.176863905000005],[-51.58485233699997,-21.174369996999978],[-51.586802979000026,-21.17738462499999],[-51.58757890700002,-21.175519048000005],[-51.589533636,-21.17578301700002],[-51.58969323499997,-21.173579669999924],[-51.592041981999955,-21.173888385999973],[-51.592077202999974,-21.17058867499996],[-51.59353724799997,-21.170264900999936],[-51.594543483999985,-21.166616550999958],[-51.59702386799996,-21.167831655999976],[-51.59663202799999,-21.166357364000003],[-51.59427020700002,-21.165275494999957],[-51.593621681999934,-21.162380303999992],[-51.597966418,-21.15881355899995],[-51.593463113999974,-21.15632027],[-51.593432873999916,-21.154335665000037],[-51.59024880800001,-21.15671688499991],[-51.590102251999944,-21.15233369200001],[-51.59157865600002,-21.148430496000003],[-51.59450840499994,-21.149116450999998],[-51.59478203999993,-21.146935298],[-51.597799404,-21.147358354999955],[-51.59783204699994,-21.14591287999997],[-51.60097879699999,-21.143995775999993],[-51.60346937600002,-21.144554561000007],[-51.603709519000006,-21.146529656999906],[-51.60197951399999,-21.14887830100004],[-51.61392070300001,-21.141903090000028],[-51.61893232699999,-21.145387032999963],[-51.61802365800003,-21.14836225300002],[-51.62666984700002,-21.14527082499995],[-51.628075384999924,-21.14796309099996],[-51.63268568299992,-21.151609001999994],[-51.636712036000006,-21.150922679999955],[-51.63798074400001,-21.153773879999935],[-51.63589209299994,-21.15475016699992],[-51.63175834899994,-21.15416811899999],[-51.630250967,-21.151752568000003],[-51.62962243099997,-21.152680240999985],[-51.63145574199996,-21.157141469000024],[-51.63456593399996,-21.157262924999976],[-51.636345861999985,-21.156133692000026],[-51.63817804700001,-21.15790395800002],[-51.639261886999975,-21.160022358999985],[-51.638619773000016,-21.162323806999947],[-51.640055760999985,-21.161923272000053],[-51.64092652800003,-21.165322644999982],[-51.64529691299998,-21.163422126999986],[-51.645445200999966,-21.165096286999937],[-51.64313111399997,-21.165732841999954],[-51.644304593000015,-21.166728983999974],[-51.64893696399999,-21.163452441000008],[-51.64959793999992,-21.164961962999943],[-51.64773924299999,-21.166445306000014],[-51.650753260999984,-21.167508095000006],[-51.65229513899998,-21.166245128999947],[-51.65312145799999,-21.168208594999932],[-51.65622552699995,-21.16830264799994],[-51.65704658499993,-21.16942946299991],[-51.662562406999946,-21.165310046999934],[-51.66453458899997,-21.166005575999957],[-51.66493371499996,-21.161489585000027],[-51.66558397199992,-21.163627259999995],[-51.66716796700001,-21.162957882999912],[-51.666594955999926,-21.160871993999933],[-51.668321767000016,-21.160898255999975],[-51.66794792999997,-21.16230355299995],[-51.67052768299999,-21.161835752000012],[-51.669068665,-21.159163868000007],[-51.67092582699996,-21.159204681000013],[-51.67168775099997,-21.157582933000022],[-51.66875259400001,-21.15762227499999],[-51.669540247999976,-21.15615815699997],[-51.667735929,-21.154999427999922],[-51.66896963999994,-21.15413638799992],[-51.672364103999946,-21.15460476900001],[-51.67261457400003,-21.152985955999934],[-51.673985517999995,-21.152528575999963],[-51.671855232999974,-21.152034200999985],[-51.671689744999924,-21.15012366500002],[-51.67322036299993,-21.151192007999956],[-51.67507874599994,-21.14890597500001],[-51.67539670299999,-21.15023065100002],[-51.678146188000035,-21.15029337399993],[-51.68115878799995,-21.149299916000018],[-51.68394656199996,-21.149947310000016],[-51.68534457800002,-21.14881791400002],[-51.685977426999955,-21.150686577999988],[-51.68727920200001,-21.150919007999995],[-51.687870456999974,-21.14828132700001],[-51.68644088000002,-21.14640599699999],[-51.68957390099996,-21.14639489799998],[-51.691131886999926,-21.13933915099999],[-51.68938751500002,-21.135093683999962],[-51.692252235000005,-21.13371351799992],[-51.69187002699999,-21.132025111000004],[-51.69391163999995,-21.13256887799997],[-51.69297197499992,-21.130465136],[-51.698957494999945,-21.13257620799999],[-51.697649002999924,-21.130308203999963],[-51.69546445200001,-21.130380891999945],[-51.69649948799998,-21.126095174999996],[-51.69463413599999,-21.128088830000003],[-51.69054308799997,-21.121352168999987],[-51.692035710000034,-21.120925629999924],[-51.69067543500001,-21.119505285],[-51.69098191699993,-21.116252539999987],[-51.69338742299993,-21.116039042999997],[-51.690884421999954,-21.113275343999927],[-51.69264366799996,-21.11229678999998],[-51.69326559799999,-21.11419634399993],[-51.695068952999975,-21.11405631899998],[-51.69567844799996,-21.11100622799995],[-51.697030340000026,-21.11201736599996],[-51.697745451999936,-21.10937899699998],[-51.699298715,-21.11001470100001],[-51.70029605100001,-21.109030560000008],[-51.69694234799999,-21.107221052999932],[-51.701678533999996,-21.10737002399991],[-51.69877584,-21.10570240199997],[-51.69861045400001,-21.103006691000015],[-51.69989976599999,-21.102287774999983],[-51.69775103499995,-21.101673054999985],[-51.69836407099996,-21.099121674000006],[-51.69683732400001,-21.098207129000002],[-51.695600694999996,-21.099632473999925],[-51.69514555699993,-21.098714509999965],[-51.69594933500002,-21.096250583000035],[-51.69813345799998,-21.09723960400001],[-51.69733792499994,-21.094777008999966],[-51.69847853099992,-21.08850311700001],[-51.700779051999916,-21.08890062399997],[-51.70142677599994,-21.086101863999932],[-51.70293410099998,-21.08739354699999],[-51.70254283100002,-21.088981779000004],[-51.708123892999936,-21.08812505200001],[-51.70557370099999,-21.083326778000004],[-51.70897410100002,-21.08361801900002],[-51.709197639999964,-21.084974323999976],[-51.71267276399999,-21.084152570000015],[-51.713972092999946,-21.081399362999914],[-51.711520330999974,-21.07973103799992],[-51.71427514800001,-21.079791195999977],[-51.71515466500001,-21.076659706999916],[-51.71827950699992,-21.0764430649999],[-51.71695517099994,-21.073095797999997],[-51.71929219899994,-21.069675551999968],[-51.72181286299997,-21.07200107199993],[-51.724577841999974,-21.07066480399992],[-51.72463022199992,-21.066823509000024],[-51.728234652000026,-21.073998239999973],[-51.73040977199997,-21.07016274199995],[-51.73304404599998,-21.070514161000013],[-51.73026964399998,-21.073404938000007],[-51.73284179500001,-21.07511209900003],[-51.73416482799997,-21.071151051999927],[-51.73561824099994,-21.071307707000013],[-51.73759135399997,-21.074131127999987],[-51.73874627699996,-21.07111047499996],[-51.74128886800003,-21.07140850199992],[-51.740024396000024,-21.069593591999997],[-51.74135500099998,-21.068683744999987],[-51.744350834999985,-21.072519091999993],[-51.74384013499997,-21.068079311000016],[-51.74701411599996,-21.070289945999935],[-51.74758726999994,-21.068847894999976],[-51.74587397899995,-21.066234364000007],[-51.748644461000026,-21.066357759000013],[-51.75288759,-21.064392697999967],[-51.75260341099994,-21.061681408999956],[-51.75481743099999,-21.06255337099992],[-51.755758312999944,-21.06560274599996],[-51.75902120199999,-21.064502386999997],[-51.76120946699996,-21.06525641899992],[-51.76235618300001,-21.061699932000003],[-51.760345703999974,-21.059313113999963],[-51.76169828899998,-21.057245152999997],[-51.76119676899999,-21.054963917000006],[-51.764175895,-21.055210174999985],[-51.76388536099994,-21.059650926000007],[-51.765112080999934,-21.059831828999958],[-51.76779482699993,-21.05631161299994],[-51.765341406000005,-21.051682203999952],[-51.77168427699996,-21.049681753999998],[-51.76575623899993,-21.031099138000016],[-51.74402314299993,-21.005299499999975],[-51.724389306999974,-20.97860638299993],[-51.71890140199997,-20.97333845299999],[-51.71242564,-20.969656127999937],[-51.70386639100003,-20.96849660899994],[-51.68336866200002,-20.970581686],[-51.66697559900001,-20.968839195999983],[-51.65706192899996,-20.964232661999908],[-51.64485291099999,-20.95326474499995],[-51.62834992799992,-20.9488867],[-51.62309488399996,-20.940548068999927],[-51.62083543299998,-20.934167328],[-51.61937877999998,-20.91688606899993],[-51.614383375999935,-20.892924866999984],[-51.61630996999992,-20.885367223],[-51.627644477,-20.870000352999963],[-51.629668213999935,-20.861281483000027],[-51.633609504999974,-20.818611132999997],[-51.632032181999925,-20.810648078],[-51.62822556399993,-20.80288607000003],[-51.62719358700002,-20.78705742699992],[-51.622643465,-20.773887315000025],[-51.633809068,-20.758702685],[-51.636400396,-20.748259916999984],[-51.62583293300003,-20.711165806000018],[-51.61014280000001,-20.67776040000001],[-51.603179093999984,-20.653837114999984],[-51.60025113699999,-20.628167470999976],[-51.597859065999955,-20.623031202000014],[-51.589091687999996,-20.611237015999986],[-51.57736506300001,-20.60151344000002],[-51.55832363299994,-20.595187633999966],[-51.54769976499995,-20.58913928],[-51.54114190599995,-20.586978396000003],[-51.535171692999995,-20.58959942499994],[-51.52824705299999,-20.588398093999956],[-51.51229054599992,-20.572263266999993],[-51.50054256499993,-20.56635696199998],[-51.49577896099998,-20.555651478999952],[-51.495174716999934,-20.548880347999994],[-51.49230152299998,-20.541751788],[-51.48354627599998,-20.531682201000027],[-51.453529221999986,-20.482083700999944],[-51.45053871699997,-20.478804162999932],[-51.44107238599992,-20.472501025999975],[-51.43113669899998,-20.468155402999972],[-51.419348609,-20.46486309399995],[-51.40495554299997,-20.454244693999946],[-51.38781182399993,-20.423425690999988],[-51.380550676999974,-20.41466098799997],[-51.37829821999998,-20.403912881999975],[-51.37317177299997,-20.39282121399994],[-51.363315629999946,-20.381388496000007],[-51.334907096999984,-20.363785061999977],[-51.32044888299999,-20.347387378999947],[-51.29758636699995,-20.335527667999987],[-51.279303450999976,-20.322531477999913],[-51.25971065999994,-20.312637956999993],[-51.24779771899995,-20.30853900199992],[-51.23484928499994,-20.307934460000016],[-51.22269481799998,-20.311855776000005],[-51.189722221000004,-20.31441067799999],[-51.16509441199997,-20.31146354499998],[-51.152245100000016,-20.307306354999962],[-51.144218873999925,-20.303047064],[-51.112903669,-20.28118886599996],[-51.08530758400003,-20.269772979999964],[-51.07675130699994,-20.264768517999972],[-51.06042418399994,-20.250311873999923],[-51.046732513999984,-20.240877330999908],[-51.04318901999995,-20.23434282599999],[-51.04071199399999,-20.212655041000005],[-51.03408599099993,-20.193689130999978],[-51.034601502999976,-20.176188755000013],[-51.033735509999985,-20.17216736600001],[-51.03022369299993,-20.163853185999976],[-51.018076803999975,-20.144560712999937],[-51.003806044999976,-20.111191002999984],[-50.998541568000014,-20.08151983200004],[-50.99337659199994,-20.073144725000017],[-50.98484826700002,-20.062880682000017],[-50.96984111799998,-20.037855700999945],[-50.965261981999966,-20.033190503999922],[-50.952051813999965,-20.032696607999988],[-50.946356331000004,-20.030178469999964],[-50.93349204999999,-20.015275895999988],[-50.92509867899997,-20.012091391999945],[-50.913380734999976,-20.004184611000028],[-50.909171787999995,-19.995950742999913],[-50.90457443100001,-19.991475684999994],[-50.898981558,-19.990071430999997],[-50.88659957200002,-19.991358428000012],[-50.87400555199997,-19.989983714999937],[-50.86889423100002,-19.98765100600002],[-50.85527952799998,-19.97089007900002],[-50.85197398599997,-19.969169323000006],[-50.840433281999985,-19.966950994999987],[-50.81675697499998,-19.957958591999937],[-50.78805944699997,-19.939080867999966],[-50.77749674999997,-19.935885841],[-50.76277514399994,-19.934772306000013],[-50.75366114000003,-19.929614497999978],[-50.74177744999997,-19.931053743000007],[-50.732887355,-19.930159947999933],[-50.724216352999925,-19.92691665399997],[-50.712718244999955,-19.920712788999936],[-50.68904268900002,-19.91461472399999],[-50.679615378,-19.914515484000002],[-50.65546488000001,-19.904143513000005],[-50.64888617000003,-19.897452734000026],[-50.64261196199993,-19.884412633000018],[-50.63547803899996,-19.87365127800001],[-50.63166943900001,-19.870577592999993],[-50.61036723699994,-19.860331444999964],[-50.60631485400001,-19.857359762999902],[-50.598850272999925,-19.844804618999937],[-50.58833574800002,-19.83095956899996],[-50.583967289999975,-19.821590023999928],[-50.57508758799998,-19.81330445699996],[-50.568104092,-19.812445184000012],[-50.56111270700001,-19.814512868000005],[-50.549205272999934,-19.811850581999913],[-50.52109945399997,-19.797064626999987],[-50.51508898600002,-19.795054785],[-50.50378455699996,-19.797080005999934],[-50.50078891800002,-19.796645730999927],[-50.481305797000005,-19.782737681000018],[-50.475196436999965,-19.78080072900002],[-50.464724860999986,-19.780525795000006],[-50.461443128999974,-19.781644549000028],[-50.43822564199996,-19.79597846500004]]]}},{"type":"Feature","properties":{"id":"zee-06","nome":"São José dos Campos"},"geometry":{"type":"MultiPolygon","coordinates":[[[[-45.524883375000016,-23.856103232000006],[-45.52617207499998,-23.85450450799999],[-45.526483410000026,-23.85000285900003],[-45.523001455,-23.845893422000003],[-45.520237924000014,-23.848073936999963],[-45.52239264299999,-23.85447243499999],[-45.524883375000016,-23.856103232000006]]],[[[-45.71656906099997,-23.80017635500002],[-45.716234174000014,-23.802368295999997],[-45.71456687800003,-23.8036477],[-45.71582972400002,-23.80639811200001],[-45.71752718800002,-23.804452595999976],[-45.72364234399999,-23.804209314999973],[-45.72606942599998,-23.802539013],[-45.72541209799999,-23.80110514500003],[-45.71980770699997,-23.798569708000006],[-45.71656906099997,-23.80017635500002]]],[[[-45.71315452699998,-23.788300278000015],[-45.71008528099998,-23.78809410500003],[-45.70911056500001,-23.789449471000015],[-45.71413375100001,-23.793950820000017],[-45.71748190300003,-23.793866311999967],[-45.716733706000014,-23.791252063999995],[-45.71459639199998,-23.79092733099995],[-45.71315452699998,-23.788300278000015]]],[[[-45.704025527,-23.78888159599999],[-45.707283598000004,-23.789845366000026],[-45.70794028500001,-23.78916833800004],[-45.70481015100001,-23.78693134100001],[-45.704025527,-23.78888159599999]]],[[[-45.01864019099999,-23.741989697999983],[-45.01433036200001,-23.745039357],[-45.01761834400002,-23.752093915999993],[-45.00934097099997,-23.750964257999993],[-45.00782487399999,-23.755330303999983],[-45.00985671299997,-23.76039765899995],[-45.01258194899998,-23.763321662999996],[-45.01568802999998,-23.764426232000012],[-45.016513265000015,-23.763077093999975],[-45.02009936600001,-23.76196592600001],[-45.01802402499998,-23.757788517999977],[-45.018995023,-23.75385338099998],[-45.023081381,-23.752587536999993],[-45.02501220300001,-23.749423594000007],[-45.023136282999985,-23.746562208],[-45.024320408999984,-23.743467215000013],[-45.01864019099999,-23.741989697999983]]],[[[-45.670665991000035,-23.807530230000015],[-45.67114723100002,-23.805370729],[-45.66753350099998,-23.803602454999968],[-45.66743553800001,-23.804976446000012],[-45.670665991000035,-23.807530230000015]]],[[[-45.137402241000025,-23.791969132000023],[-45.139814703999996,-23.795735375999982],[-45.14003368700003,-23.798429172000006],[-45.13591894000001,-23.799924083999993],[-45.130979532000026,-23.799407218],[-45.12424692799999,-23.80199575300001],[-45.122531440999985,-23.804530172999996],[-45.116948407999985,-23.804509912],[-45.11449769199999,-23.80563328099998],[-45.116504749,-23.80774190099998],[-45.11644460100001,-23.81338656700001],[-45.11738864199998,-23.81444685299999],[-45.12095579599997,-23.815927492000007],[-45.124544539,-23.812765311999996],[-45.131863087,-23.811130186000014],[-45.135518923000014,-23.81360511600001],[-45.14163115999998,-23.81529148200002],[-45.144510095999976,-23.818673373000028],[-45.147158988,-23.819289862000012],[-45.148292019999985,-23.815340322999987],[-45.15291523399998,-23.812248523],[-45.154691963000005,-23.812912890000007],[-45.15646861500001,-23.81208491799997],[-45.15692016600002,-23.806346233999996],[-45.157656874999994,-23.80491602199997],[-45.16074054199998,-23.804680346000005],[-45.160095792,-23.802563220000025],[-45.14817560799998,-23.79297560499997],[-45.138162179000005,-23.79100018600002],[-45.137402241000025,-23.791969132000023]]],[[[-45.332989027999986,-23.72191926800002],[-45.31798301700002,-23.722884623000027],[-45.316048213999984,-23.72576730600002],[-45.313815309,-23.725582635000023],[-45.312829189999995,-23.728085485999998],[-45.30776015700002,-23.73109178099997],[-45.304568200999995,-23.730327165999995],[-45.29991895699999,-23.73104874299996],[-45.296870168999995,-23.73392010499998],[-45.293060380999975,-23.732844080000007],[-45.292658502,-23.735185789000017],[-45.29085258499998,-23.736843949999983],[-45.28602335599999,-23.736434189999986],[-45.28352982799999,-23.734460722999962],[-45.27558285899999,-23.73502870800002],[-45.27329421799999,-23.738811743999975],[-45.27135877299999,-23.73890792200003],[-45.26972415300003,-23.74052950499998],[-45.26725583500002,-23.740206729000025],[-45.26710010099998,-23.74295436000001],[-45.265981063000034,-23.743719834999983],[-45.263546421,-23.741961333000006],[-45.261986748000034,-23.742225678000008],[-45.26134871400002,-23.745405439999985],[-45.25782434799999,-23.749170858],[-45.25538556200002,-23.75008880399996],[-45.255456028000026,-23.752139021999977],[-45.25761210100001,-23.75326876499995],[-45.259370043999986,-23.75776547200001],[-45.259036690000016,-23.759962103999992],[-45.256504893,-23.761529526999997],[-45.25710547300003,-23.76240872199995],[-45.248145909000016,-23.763845901000014],[-45.24708053699999,-23.761786631999993],[-45.245121996000016,-23.761682400999977],[-45.235332415000016,-23.771591955000027],[-45.233617088000024,-23.774140186999983],[-45.233973434,-23.77687093600002],[-45.22954841299999,-23.776788337000017],[-45.23460345199999,-23.782840247000014],[-45.232303109999975,-23.786124675],[-45.23715849299999,-23.795568104999987],[-45.235258973999976,-23.797343893000008],[-45.23659279899999,-23.802537738999987],[-45.239880670999995,-23.804490729999998],[-45.24243156199997,-23.808922992000046],[-45.241273730999986,-23.81254383499998],[-45.23736732200002,-23.81124423599999],[-45.238872128000025,-23.813207534000004],[-45.23722582099999,-23.814688503],[-45.238985351000004,-23.819247646000008],[-45.241139867000015,-23.82205860599996],[-45.246120141999995,-23.82276441800002],[-45.248724411000026,-23.82529158699998],[-45.247954484,-23.82666731500001],[-45.24430484700002,-23.828068546000008],[-45.24468130700001,-23.83233071699998],[-45.241360643000014,-23.83065362500002],[-45.23842637400003,-23.831819734000014],[-45.23988408399998,-23.834911200999986],[-45.244370077999974,-23.83706239299998],[-45.24192536200002,-23.839157030000017],[-45.238885505999974,-23.839093423999994],[-45.23364695599997,-23.836253101999976],[-45.22803035099999,-23.83709867599998],[-45.22741992900001,-23.838197481999998],[-45.23376627900001,-23.843061992000013],[-45.23691805700003,-23.843793678999965],[-45.24047801199998,-23.843297748000005],[-45.24527555100002,-23.838721833999994],[-45.24794717399999,-23.839532229999975],[-45.255762387999994,-23.836941256999978],[-45.257053359999986,-23.83820814699998],[-45.258910425,-23.837162976999995],[-45.26500160400002,-23.837968906000015],[-45.267383843999994,-23.839564528999976],[-45.269008848,-23.838194863000005],[-45.27202155200001,-23.838578043999984],[-45.275846159000025,-23.842242727999956],[-45.28050484099998,-23.844391803999997],[-45.28198853399999,-23.850366720000014],[-45.28443006499998,-23.849273204999978],[-45.28625069300001,-23.85125850299997],[-45.28815547800003,-23.858857654000023],[-45.287704240999965,-23.861863963000026],[-45.28552448499999,-23.863473962000015],[-45.290573036000026,-23.86637924099998],[-45.29039293800002,-23.867952844999976],[-45.288843285,-23.867728971],[-45.28990927799998,-23.868601807999987],[-45.289900703,-23.87158070599998],[-45.28870057000001,-23.873214575000038],[-45.272855913,-23.87319836599998],[-45.269985205000005,-23.874977821000005],[-45.26946795800001,-23.879940187999956],[-45.272728277,-23.879856725000018],[-45.27574298100001,-23.883380591999984],[-45.27731302400002,-23.883034109999983],[-45.27787803799998,-23.88407594900002],[-45.27467759899997,-23.885792045000006],[-45.27550171299998,-23.888898520999987],[-45.27327504700003,-23.891940025999986],[-45.26215280600002,-23.892082298999956],[-45.26001742900003,-23.894611469999965],[-45.255406311,-23.895927851999982],[-45.25260476099998,-23.90020053499999],[-45.250273548,-23.900359061000003],[-45.24871565199998,-23.902425381000008],[-45.24498518799999,-23.899931836999993],[-45.24614732999998,-23.89486775699999],[-45.24197166300003,-23.89205991699997],[-45.241624195999975,-23.893540680999987],[-45.236720745000014,-23.896903861999988],[-45.23534281899999,-23.900032322000015],[-45.229900878000024,-23.897801273000013],[-45.22739039700002,-23.90157354000001],[-45.22428994299999,-23.902883276000008],[-45.224441608999996,-23.90472541899997],[-45.228065146000006,-23.907408780000026],[-45.23588263200003,-23.905853982999975],[-45.238277412,-23.908116830999983],[-45.23871451500003,-23.910858014999956],[-45.23828161300003,-23.91556627199996],[-45.236159266000016,-23.91842326300004],[-45.238355915,-23.924079337000006],[-45.236781859000025,-23.926725103000017],[-45.233796360999975,-23.927767237000012],[-45.23276460500001,-23.929461853000017],[-45.23721033200002,-23.933850565999983],[-45.23508559800001,-23.936049893000018],[-45.23638361299999,-23.942022122000026],[-45.23550262999999,-23.942909535],[-45.232495422,-23.94261618100002],[-45.22759384099999,-23.940488115999987],[-45.227307790999994,-23.941647583000016],[-45.23540605199997,-23.94875984599996],[-45.238728507000026,-23.95910098799999],[-45.24370080900002,-23.96330035199996],[-45.251849231,-23.966296558999986],[-45.25557462799998,-23.964585984999985],[-45.26395301500003,-23.964798729999973],[-45.26824048999998,-23.963797248999988],[-45.26866572099999,-23.960759020000033],[-45.27241654,-23.959289735000006],[-45.273368136999984,-23.956517539999997],[-45.27681618200001,-23.952988155],[-45.27923153600001,-23.952168814999975],[-45.28116065199999,-23.94596093699999],[-45.28568852500002,-23.942841997000016],[-45.28687887799999,-23.93997144500003],[-45.28210423100001,-23.93532743499998],[-45.280197319000024,-23.927494560000003],[-45.284936152,-23.919948351000034],[-45.288377647,-23.918583684999994],[-45.28825027900002,-23.916589459000026],[-45.28968085499997,-23.915665623999974],[-45.291531419000016,-23.910087356000023],[-45.29715031699999,-23.912080414000002],[-45.30061180299999,-23.915377668999998],[-45.302703330999975,-23.915139644999993],[-45.30162466500002,-23.91246826000001],[-45.30354479099998,-23.910428442999994],[-45.30253160400002,-23.909379719000007],[-45.30379323400001,-23.907769566000006],[-45.30605336399998,-23.90851666899999],[-45.309261316,-23.912371509000014],[-45.311105311999995,-23.911576627999978],[-45.313492274,-23.913979093000012],[-45.320380666999995,-23.91607656799999],[-45.322538163,-23.913023185999975],[-45.32569903400003,-23.91204337499998],[-45.32842546900003,-23.915373566000007],[-45.332220483000015,-23.91608425099998],[-45.33861290599997,-23.92041138899997],[-45.33878085200003,-23.92409273499999],[-45.340113117999984,-23.925041727999986],[-45.344713918000025,-23.923365977],[-45.343750844999995,-23.919643935999996],[-45.34800879199997,-23.916968758],[-45.35126711999999,-23.919540164999983],[-45.35139919400001,-23.92244218899998],[-45.35675897200002,-23.92749108800001],[-45.359008734999975,-23.928675314999996],[-45.36059586400001,-23.928195582999997],[-45.363854703000015,-23.930378323000014],[-45.373162063999985,-23.931350372],[-45.380500423,-23.930147985000016],[-45.393555316000004,-23.93327260900002],[-45.399819302000026,-23.933169786999997],[-45.40421303099998,-23.934909935000004],[-45.40728322100001,-23.938745650999962],[-45.414334138000015,-23.938181199999967],[-45.41933167100001,-23.939303712000033],[-45.42242963899997,-23.938494272000014],[-45.425961858999976,-23.93944707000003],[-45.42788017999999,-23.941469499999954],[-45.42800268000003,-23.939328417000002],[-45.432127064999975,-23.939597656999982],[-45.434946062999984,-23.936485777999998],[-45.43765428299998,-23.937197001000023],[-45.444514008000006,-23.93403624799996],[-45.44731151299999,-23.930103604000013],[-45.447457273999994,-23.927918675999962],[-45.45067050500001,-23.92667730400001],[-45.451432282999974,-23.92240927300004],[-45.456094403000016,-23.920291666000008],[-45.456079683999974,-23.917625902000005],[-45.459760292000006,-23.915717455],[-45.46051914100002,-23.91419067700001],[-45.45926442699999,-23.910323006],[-45.46061255500002,-23.909027621999986],[-45.45888296800001,-23.905399465000027],[-45.459185203000004,-23.90297083399996],[-45.460044082000024,-23.903005843],[-45.459715807000016,-23.898298253000004],[-45.46121417400003,-23.89624421500003],[-45.461499775,-23.890739649999972],[-45.46039731299999,-23.889683025000014],[-45.462048247999974,-23.887877509000027],[-45.45895857800003,-23.886773835999957],[-45.45744922799997,-23.884128868999984],[-45.45185278100002,-23.884312308000002],[-45.448090117999996,-23.880961133000017],[-45.447476861999974,-23.87884862700002],[-45.444454603000004,-23.877333136999994],[-45.441048566999996,-23.87125516499998],[-45.43445137700002,-23.869424751999986],[-45.43205961299998,-23.86616582099998],[-45.43175641099998,-23.861613896999984],[-45.43023371599998,-23.859867140999977],[-45.42610177400002,-23.858548039000002],[-45.42326679299998,-23.859712995999985],[-45.41722068600001,-23.858745879999987],[-45.414218788000035,-23.853990094999965],[-45.413382102000014,-23.84759158999996],[-45.407661413000035,-23.843443458000003],[-45.404975160999996,-23.843634469999987],[-45.40304370500002,-23.842358402999988],[-45.39420295600002,-23.832584236999963],[-45.38682609900002,-23.828342269000018],[-45.37834337300001,-23.819582974999996],[-45.37632977200003,-23.818360992000017],[-45.375170379,-23.819737050000022],[-45.37301137899998,-23.81895214399997],[-45.36609139299998,-23.809967436000004],[-45.36472588700003,-23.802671237000023],[-45.365760136000006,-23.796266759999963],[-45.36311932699999,-23.786698439000016],[-45.35846641500001,-23.784930255000003],[-45.35865942499999,-23.77629544699999],[-45.35294073,-23.773118979000007],[-45.35228046800001,-23.767821694],[-45.34922978899999,-23.76499569600001],[-45.35134394900001,-23.757995117000014],[-45.348119215999986,-23.74790192199999],[-45.349157718000015,-23.741799163999985],[-45.343157040999984,-23.73583989799998],[-45.34119942199999,-23.727234467000006],[-45.332989027999986,-23.72191926800002]]],[[[-45.02103536800001,-23.73819522299998],[-45.02195840200001,-23.74139943099999],[-45.02380778399999,-23.741963853000023],[-45.02369253500001,-23.743069849999998],[-45.025358976000014,-23.742950991999972],[-45.02635752600003,-23.740207046999995],[-45.022181037999985,-23.73740035600001],[-45.02103536800001,-23.73819522299998]]],[[[-45.03047362699999,-23.74054698100002],[-45.034352307999995,-23.74267949699998],[-45.03483368600003,-23.742152239999996],[-45.031513039000004,-23.739527548000012],[-45.03047362699999,-23.74054698100002]]],[[[-45.15825987699998,-23.55963021999998],[-45.15324486999998,-23.562177652000006],[-45.150347533,-23.566587276999996],[-45.14675345299997,-23.56715273499998],[-45.14478185100001,-23.569353466000006],[-45.14558691100002,-23.57119235599998],[-45.14734664000002,-23.57182226499998],[-45.148915611999996,-23.569572542000003],[-45.151984230999986,-23.568286994000008],[-45.157510358000025,-23.573254164999977],[-45.15877422300002,-23.570443352999956],[-45.16256287800002,-23.570101165999965],[-45.163842752,-23.567149703999977],[-45.15907314499999,-23.562389834999976],[-45.15825987699998,-23.55963021999998]]],[[[-45.08072426600001,-23.52596978100002],[-45.076511934999985,-23.529486763999994],[-45.07792818899998,-23.53603157600003],[-45.07066311900002,-23.53934669099999],[-45.06423084000001,-23.538285524999992],[-45.06096369099999,-23.533924838000022],[-45.061113110000015,-23.529816283000006],[-45.05939567799997,-23.52670083599996],[-45.05781705499999,-23.527962052000003],[-45.05105913199998,-23.527683984000028],[-45.048167762,-23.531164160999985],[-45.04497958899998,-23.531346595999967],[-45.04562601100004,-23.53449000199998],[-45.04355554199998,-23.534683543000007],[-45.04090214399997,-23.533035094],[-45.03934633199998,-23.534002084000015],[-45.04094950199999,-23.540645187999978],[-45.04398798400002,-23.542927029999984],[-45.04706313999998,-23.54347311599997],[-45.04913731099998,-23.546545659999985],[-45.056777667,-23.545821583000023],[-45.06516500999998,-23.555319435999998],[-45.067519883999985,-23.555444227000013],[-45.07068800000002,-23.557430135999994],[-45.072897813,-23.55692568400001],[-45.077669585000024,-23.561354830000028],[-45.080257609,-23.559036868000025],[-45.081957186000004,-23.55361122000001],[-45.077995783,-23.54630636199999],[-45.079604081000014,-23.545706923000008],[-45.08004931800002,-23.540988449999983],[-45.08367088699999,-23.538703938000026],[-45.082863608000025,-23.535728982000034],[-45.07996879000001,-23.533601777000015],[-45.081476620000004,-23.528230763999996],[-45.08072426600001,-23.52596978100002]]],[[[-45.215293825999986,-23.54951454899998],[-45.21809642900001,-23.550920978000008],[-45.21924450099999,-23.550652368999977],[-45.21583088300003,-23.548607510000004],[-45.215293825999986,-23.54951454899998]]],[[[-45.212078286000015,-23.531634282000024],[-45.21098767000001,-23.532499382000026],[-45.210543890999986,-23.533440825],[-45.21447542300001,-23.532233926000018],[-45.212078286000015,-23.531634282000024]]],[[[-45.42665269700001,-23.70862466900001],[-45.42148071499997,-23.720251400999967],[-45.42212212599998,-23.72285525299998],[-45.420139441,-23.726398571000008],[-45.416023172999985,-23.72635938399996],[-45.41294669000001,-23.723092303],[-45.406599605,-23.725837076999976],[-45.40449914300002,-23.72438245199999],[-45.401902173,-23.725025851999977],[-45.397325018000004,-23.723276397999978],[-45.39698883199998,-23.727269110999995],[-45.39971486299998,-23.728524377999964],[-45.397677407,-23.731855901000024],[-45.398614522,-23.736694031999992],[-45.40742874900002,-23.744373209],[-45.408565606000025,-23.747938626000003],[-45.41138471800002,-23.749617302999976],[-45.412098929000024,-23.753042767],[-45.406587591,-23.76365516300001],[-45.40257919800002,-23.767717021999985],[-45.40309041299997,-23.77003747399998],[-45.400271683000035,-23.77325653000001],[-45.40062971200002,-23.776407832999993],[-45.396845525,-23.780122414999973],[-45.39853367500001,-23.784228602999974],[-45.396863670000016,-23.78772602799999],[-45.399350120000015,-23.79518517799997],[-45.396961729000004,-23.798841423999967],[-45.39796358000001,-23.799560601999968],[-45.39799227899999,-23.805434495999965],[-45.39976694400002,-23.808547714999975],[-45.39640674100003,-23.810399565999997],[-45.397300702999985,-23.81133528499997],[-45.40311377699999,-23.807155325999968],[-45.404232352000015,-23.807577687000002],[-45.408539080000025,-23.813104731999978],[-45.406274225000004,-23.814712019999977],[-45.40833099600001,-23.814982365999988],[-45.40463740199999,-23.818865903000027],[-45.40532454800001,-23.820489568000028],[-45.41050394400002,-23.821102887999977],[-45.41172831199998,-23.824563198999996],[-45.413232762999996,-23.824643236999986],[-45.41367392000001,-23.823228905999997],[-45.415690530000006,-23.822580639000012],[-45.418922940000016,-23.823852308000028],[-45.421541984999976,-23.825287548000006],[-45.42103551899998,-23.827957149999975],[-45.42527997899998,-23.828547779000008],[-45.43201834100001,-23.83276329699999],[-45.43170513199999,-23.829280604],[-45.44044968899999,-23.826301801999982],[-45.44151284899999,-23.829540236000014],[-45.44326363599999,-23.829629140999998],[-45.44615361799998,-23.832633567999977],[-45.447519699999994,-23.830189596000025],[-45.44707939300003,-23.827018897999995],[-45.46326051199998,-23.819446779999996],[-45.467780509000015,-23.818979169999967],[-45.468877561000006,-23.822310194000007],[-45.47190244500001,-23.82277029399999],[-45.47315185100001,-23.82516198000003],[-45.474747719,-23.823898144999973],[-45.47821056499998,-23.82798305199998],[-45.48545681899998,-23.82992676100002],[-45.490032411000016,-23.82989223599997],[-45.491925332,-23.834712862000007],[-45.49137553100002,-23.83722467299998],[-45.49984480799998,-23.838457763999997],[-45.502804609000016,-23.842198606000014],[-45.509707606000006,-23.84028238299999],[-45.51473975500001,-23.841624921000022],[-45.51088521399999,-23.836112786999994],[-45.51104009199997,-23.833863743999988],[-45.51286321600003,-23.831708564000003],[-45.51793788600003,-23.832661576000028],[-45.52019991499998,-23.831136721000007],[-45.52254581599998,-23.833314126999987],[-45.521753158000024,-23.830963726999993],[-45.523330644000005,-23.829214928],[-45.53397257099999,-23.82913196300002],[-45.53678383200003,-23.830865099999997],[-45.53830316199999,-23.82879804800001],[-45.53991461200002,-23.828838211999983],[-45.53330503900003,-23.823336052999995],[-45.534114731999985,-23.818839793000002],[-45.53823375000002,-23.813309010999998],[-45.54415862500003,-23.809117098],[-45.548487591000026,-23.80997343],[-45.55005597399997,-23.809263887999972],[-45.55326383699998,-23.810484561000017],[-45.554656276,-23.80982959900001],[-45.55360962899999,-23.805794607999985],[-45.55221632299998,-23.804794712999975],[-45.552530218000015,-23.80278876400002],[-45.55393521700001,-23.80080890000001],[-45.556449604000036,-23.80079931699998],[-45.55425562900001,-23.796752577999992],[-45.555512926000006,-23.794468318999975],[-45.55943223299999,-23.792745267999983],[-45.584057388000026,-23.792270824],[-45.58718611199999,-23.793236499999974],[-45.59007121500002,-23.796349401999972],[-45.59238947500001,-23.795302387999985],[-45.59645169100002,-23.798326909000025],[-45.59765665700003,-23.797095547000037],[-45.599620096000024,-23.797185667999987],[-45.60686395599998,-23.800130221000018],[-45.60922839900002,-23.798329544999994],[-45.613811530000014,-23.799004388],[-45.616615161000034,-23.800181411999954],[-45.617482239000026,-23.80382889800002],[-45.62017955599998,-23.80333560200001],[-45.622795134,-23.804733199999998],[-45.626305878999965,-23.79993196100003],[-45.62412658500001,-23.795884651999973],[-45.62532860099998,-23.794593419000005],[-45.62453464100003,-23.79148019500002],[-45.627211590999984,-23.790444448000017],[-45.62495072200001,-23.78908840499995],[-45.625348793,-23.786994381],[-45.628724275000025,-23.78451213300002],[-45.63287661800001,-23.783559238000013],[-45.63841252899999,-23.78333425199997],[-45.64187179800001,-23.784650654000018],[-45.64065199200002,-23.78231858999999],[-45.64121601900001,-23.77912090400003],[-45.643369033999996,-23.777773078],[-45.64597559800001,-23.777840517000023],[-45.647261103999995,-23.779988522999986],[-45.64796372100001,-23.77862241700001],[-45.650522959,-23.77832131200001],[-45.657167695999995,-23.779431213],[-45.66005891200001,-23.782309027999993],[-45.662334451999975,-23.782773291000012],[-45.662780415999976,-23.785235311999994],[-45.66597149799998,-23.785954861999986],[-45.66421536500002,-23.77933022799999],[-45.66725988399998,-23.776669788999993],[-45.673144623999974,-23.775021595000005],[-45.68365598600002,-23.776112665000017],[-45.68523967099998,-23.778682845999988],[-45.68903112800001,-23.77888752400004],[-45.69020177499999,-23.782127978],[-45.693739443000034,-23.782942395999992],[-45.696440902000006,-23.78090871000001],[-45.69409858900003,-23.776490976999984],[-45.69506238299999,-23.775000008999992],[-45.69891919999998,-23.77324092700002],[-45.701954949000026,-23.773194723999996],[-45.703191652999976,-23.774596223999993],[-45.70568454800002,-23.771893971999976],[-45.70921303500001,-23.770972679999975],[-45.713911648000014,-23.772174222999976],[-45.717494828999975,-23.77481084399999],[-45.72232072200001,-23.771413865999993],[-45.732428915000014,-23.768734504999994],[-45.749915110000025,-23.767929120000037],[-45.75468272299997,-23.768831660999965],[-45.75697327099999,-23.770665142],[-45.76230966800001,-23.76764775200001],[-45.760902613999974,-23.76629713099998],[-45.761914777000015,-23.764060469999986],[-45.767756625,-23.762804691999982],[-45.77650953900002,-23.76386654200002],[-45.77956224899998,-23.765979839999986],[-45.781010433000006,-23.764907468999976],[-45.78517481799998,-23.766692378999995],[-45.786677911000034,-23.76567055599996],[-45.79048231600001,-23.766401512000023],[-45.791983013999975,-23.768694654000008],[-45.79562624699999,-23.769841924999977],[-45.79794098800001,-23.768218359000002],[-45.803592020999986,-23.769983221000036],[-45.804175068000006,-23.76621897299998],[-45.80222971900003,-23.765072966000005],[-45.80181932300002,-23.762926275999973],[-45.806007905,-23.75966981899999],[-45.820257476,-23.757161070999985],[-45.842204403999986,-23.757951205999976],[-45.807357638999974,-23.72480605499997],[-45.799374046000025,-23.720600637000032],[-45.794903992,-23.715656595000002],[-45.79709654099997,-23.70516047500001],[-45.796613329000024,-23.700387463000027],[-45.79809986100003,-23.69401399700001],[-45.79962498600002,-23.69317396399998],[-45.796083432,-23.682944611999964],[-45.79141146299997,-23.68310348799997],[-45.786436648000006,-23.67836657899998],[-45.78446955599998,-23.681581173999984],[-45.77768288200002,-23.683033098000003],[-45.77538715700001,-23.680876332000004],[-45.76928752499998,-23.67853913099998],[-45.767676893999976,-23.67532873400001],[-45.764812398999986,-23.674220041000027],[-45.76352662400001,-23.670709734999992],[-45.75318475699999,-23.67128412300002],[-45.74475649499999,-23.667873186999998],[-45.741545728000006,-23.66825502799998],[-45.73362224099998,-23.656084264],[-45.73237522900001,-23.656846224999956],[-45.73101910999997,-23.655715625999996],[-45.72862899799997,-23.655971174999983],[-45.72619810100002,-23.65255029299999],[-45.72103059900002,-23.650142210000016],[-45.714127717,-23.64282613500001],[-45.71079686899998,-23.641848475000007],[-45.71041472000001,-23.64484012799999],[-45.707929842000006,-23.644940174999988],[-45.70129354400001,-23.634391388999965],[-45.694778136000025,-23.630240118000014],[-45.697731913,-23.624422889000012],[-45.69601423599999,-23.621333573000022],[-45.69854525400001,-23.62029321],[-45.698728784000025,-23.618159928000022],[-45.70157626399998,-23.614564847999993],[-45.703119974,-23.61052269100003],[-45.701612253000015,-23.60844247300002],[-45.702109285000006,-23.605301000999987],[-45.70291726200003,-23.603164003000018],[-45.70525379999999,-23.601639592000023],[-45.715682156000014,-23.608335564000015],[-45.72215095200001,-23.60543450900002],[-45.72093076800002,-23.59943516899999],[-45.724430240000004,-23.59729531200003],[-45.73269394800002,-23.602610792999982],[-45.73969132600001,-23.603732591999975],[-45.74328429299999,-23.602104326000024],[-45.739858845000015,-23.59859439899998],[-45.739294084,-23.59590722699999],[-45.73383912700001,-23.59282427000001],[-45.73394371299998,-23.586142025999994],[-45.739101831000035,-23.586608308999978],[-45.74025058099999,-23.584943049999993],[-45.73912956899999,-23.58218588000001],[-45.736523552999984,-23.58031764800001],[-45.73643981700002,-23.577892474000006],[-45.731740560999974,-23.577190009999967],[-45.73122300799998,-23.57313948799998],[-45.73536559299999,-23.571095265000004],[-45.74043345799999,-23.572223963000003],[-45.743641765000014,-23.56964601700002],[-45.74595991699999,-23.56540696000001],[-45.74025811500002,-23.560754412999998],[-45.74694351599999,-23.554422284999987],[-45.746293858,-23.538559573999986],[-45.75400818399999,-23.531856108000003],[-45.754313868,-23.525946777999994],[-45.760549701,-23.52388399300001],[-45.75965851199999,-23.520559821000006],[-45.76196639699998,-23.518203869999972],[-45.75931505300003,-23.511756757],[-45.765838968000025,-23.50995067999998],[-45.767549667000026,-23.506967561000003],[-45.770264886999996,-23.50633570100001],[-45.778259793000025,-23.50924610599997],[-45.78842638200001,-23.509040458000023],[-45.79113374299999,-23.506210158999984],[-45.79007712600003,-23.50279845900003],[-45.78863763099997,-23.50182675299999],[-45.789634783,-23.496490769999976],[-45.78735404299999,-23.495414658000033],[-45.788586909,-23.49253986000002],[-45.790810070000035,-23.493004297000024],[-45.79693673200001,-23.49080910999998],[-45.79927564899998,-23.492466040999986],[-45.79981379100002,-23.494348646999985],[-45.80440919400002,-23.493970631000018],[-45.80588320099997,-23.495383631],[-45.81095778100001,-23.496504893],[-45.812774322999985,-23.498491738999988],[-45.815139569999985,-23.49604112299998],[-45.81841125900002,-23.489077618000024],[-45.824163365000004,-23.488386606999995],[-45.82670905999999,-23.48651154899998],[-45.82862967699998,-23.486617254999988],[-45.830681158000004,-23.484260617000015],[-45.83348179799998,-23.48388296600001],[-45.83740910300003,-23.47851078700001],[-45.83613534400001,-23.474884401999994],[-45.839760603,-23.471700659000042],[-45.84297710499998,-23.47376975600003],[-45.84612475199998,-23.473311748000004],[-45.849559761000016,-23.47931046500003],[-45.859756043999994,-23.482701815999974],[-45.86508864000001,-23.482719831999983],[-45.867666437000025,-23.48410863200002],[-45.871719601999985,-23.48970129700002],[-45.87640018399998,-23.48935605299999],[-45.88263707,-23.494953899999985],[-45.887283509999975,-23.492072875000012],[-45.890443022,-23.496234134999995],[-45.895264505,-23.49663229200002],[-45.899129023,-23.498434194000037],[-45.90209351800001,-23.503719507000028],[-45.910954500999985,-23.505712131999992],[-45.91280162200002,-23.504215771000016],[-45.91682576900001,-23.50494385500001],[-45.91792066099998,-23.502601640000023],[-45.92177485899998,-23.499997929000006],[-45.937293666000016,-23.495510887000027],[-45.938707319,-23.494125730000007],[-45.945554303999984,-23.49558962399998],[-45.949065787999984,-23.499619739],[-45.95131522000003,-23.499012774999986],[-45.95434210500003,-23.50011994599998],[-45.960730566999985,-23.49825878399999],[-45.96106559100003,-23.496499722000003],[-45.955954094999974,-23.493121426000023],[-45.95689732199998,-23.48769873800001],[-45.963114666000024,-23.478539950000034],[-45.968453092,-23.475718023000013],[-45.96320022200001,-23.473190510999988],[-45.96038096699999,-23.468650231000026],[-45.956298727,-23.46819782799998],[-45.957515382000004,-23.464615066000004],[-45.95349285499999,-23.460347581000008],[-45.95366188899998,-23.458084514999992],[-45.952073353,-23.456132629000027],[-45.95197807099998,-23.44962123699997],[-45.959354717999986,-23.442301030000007],[-45.962158787000035,-23.435967795000007],[-45.965239488000016,-23.432845010999987],[-45.96498209600004,-23.429905822999995],[-45.96641008500001,-23.42742027600002],[-45.96975048600001,-23.426297987],[-45.976348716000025,-23.42818861900002],[-45.97814146600001,-23.425873968000026],[-45.97957593299998,-23.41802848299998],[-45.984002644999975,-23.42007567500002],[-45.99102660800003,-23.416738877999986],[-45.99389256900002,-23.406561098000005],[-45.99729396499999,-23.40111274200001],[-45.996741455999995,-23.39719423600002],[-45.99857598300002,-23.393774204999993],[-45.99828001700001,-23.390930200999996],[-46.00201986199999,-23.385082209000004],[-46.006954768000014,-23.383550069000023],[-46.01037500000001,-23.384057037000005],[-46.01089731500003,-23.387171007000003],[-46.01398506300001,-23.38804861300003],[-46.01541279700001,-23.390674140999987],[-46.01799553000001,-23.392319059999963],[-46.018515965000006,-23.388301404999982],[-46.02221620400002,-23.38766596999998],[-46.02390209200002,-23.389275408999982],[-46.02620709600001,-23.388670067000024],[-46.02705643199999,-23.389993876],[-46.030839619000005,-23.390412890999983],[-46.03437876700002,-23.38728672100001],[-46.037913764999985,-23.387569899000024],[-46.04260143699997,-23.383026361000027],[-46.04987153500002,-23.373236732999995],[-46.051388895,-23.36862511400001],[-46.05586886399999,-23.36630226000002],[-46.05739824400001,-23.361437799999972],[-46.05965247199998,-23.36018166000002],[-46.06051141799999,-23.357809550999995],[-46.063421120999976,-23.35883081100002],[-46.067762254,-23.354970625000018],[-46.06696004300001,-23.35284999700001],[-46.067898317000015,-23.348795954000007],[-46.07368534400001,-23.34213588699998],[-46.076981766000024,-23.340952918000028],[-46.08169338800002,-23.34192128199999],[-46.08496912300001,-23.33676637799997],[-46.08850673199999,-23.335316644999978],[-46.092165519999966,-23.33050065300001],[-46.099018935000004,-23.325976756],[-46.099570175,-23.323696530999992],[-46.09790470299998,-23.32000753900001],[-46.098674302000006,-23.30921116100002],[-46.10150058200003,-23.30857001700003],[-46.10068081600002,-23.305530466999983],[-46.10272167900001,-23.302965094999994],[-46.11028318400003,-23.301739687999987],[-46.111177716999975,-23.30017999199998],[-46.113839509,-23.29930763900001],[-46.11519814299998,-23.295164594999992],[-46.11277222400004,-23.288555443999982],[-46.11383241800002,-23.285663784000004],[-46.11938419299999,-23.285454538000007],[-46.123415314999995,-23.29018721099999],[-46.12734019599998,-23.287163094],[-46.136699185,-23.287479648999962],[-46.13924154199999,-23.28498617499998],[-46.139538469,-23.279737895999972],[-46.144270791000004,-23.276350200000024],[-46.14524017500002,-23.273635893999977],[-46.15098361700002,-23.274315538000003],[-46.151988431999996,-23.267490133000017],[-46.15356902299999,-23.265797390999975],[-46.15069357200002,-23.264218959000022],[-46.15064770999999,-23.26150795500003],[-46.14577127700001,-23.256799768000025],[-46.15198532199997,-23.257306441999994],[-46.15696700199999,-23.254892281000007],[-46.15598899899999,-23.250694260999985],[-46.15817995399999,-23.24654658999998],[-46.157533726999986,-23.242272051999976],[-46.15464988299999,-23.240580618000017],[-46.15322451600002,-23.235677708999997],[-46.16504284899998,-23.235118517999958],[-46.170254591,-23.230127899000028],[-46.174441969999975,-23.231096950999987],[-46.17894096200002,-23.22718989999998],[-46.182126686000004,-23.22644319300003],[-46.18398718399999,-23.224155156000002],[-46.18911904399999,-23.224348619999997],[-46.19094096200001,-23.221200767000035],[-46.19630808800002,-23.21876559200001],[-46.196102052000015,-23.210241252999985],[-46.198536477000005,-23.20826838399999],[-46.20240043500001,-23.207789306999977],[-46.204907058,-23.209646222999993],[-46.207961926,-23.20643975],[-46.20797310400002,-23.204997988000013],[-46.214445822000016,-23.200425815999996],[-46.21709800999997,-23.199978070999975],[-46.21861430000001,-23.197406510000004],[-46.22470045699998,-23.196210133000026],[-46.22793205699996,-23.189217548999977],[-46.232591049999996,-23.189623462999965],[-46.23525458,-23.18667479899999],[-46.23891004000001,-23.187486601999964],[-46.244275485,-23.185860221999977],[-46.250620083,-23.188979598000003],[-46.25772953799998,-23.185747150999966],[-46.262403576999986,-23.186307810999992],[-46.26361479299999,-23.184833835999978],[-46.26206332900001,-23.181483147],[-46.259646406,-23.179986113999977],[-46.26178884299998,-23.178031743000027],[-46.260604747,-23.17608105500002],[-46.261448836,-23.173798835000017],[-46.256950274000026,-23.172385893000012],[-46.25549384700003,-23.16958032600003],[-46.25751394100001,-23.167270151000025],[-46.256977893,-23.159467611000018],[-46.25360583600003,-23.156163847000037],[-46.24747621,-23.15487253700002],[-46.246810267,-23.15118614199997],[-46.24297938799999,-23.148845180000023],[-46.240264421,-23.142611278000025],[-46.23693054099999,-23.140606869000003],[-46.235092189000014,-23.13503651899997],[-46.22581766500003,-23.136560735999986],[-46.227076333000014,-23.131956221999967],[-46.22575747799999,-23.126190660000027],[-46.22380177100001,-23.125658120000033],[-46.2215119,-23.122935328999976],[-46.21835389699998,-23.123521467999982],[-46.21822505000001,-23.11723321599999],[-46.214284672000026,-23.114392166000012],[-46.21566795000001,-23.111066994999987],[-46.215086902999985,-23.108396218],[-46.21261477100001,-23.106800969],[-46.20889099900001,-23.106654325999997],[-46.210508651,-23.10457480500005],[-46.20868956999999,-23.10194610600001],[-46.209113573000025,-23.098751046000018],[-46.20524402699999,-23.093034035000027],[-46.20489790099999,-23.08439624900002],[-46.196307285999985,-23.08033130199999],[-46.19483307399998,-23.07790429200003],[-46.187623685000005,-23.077244853000042],[-46.182717998999976,-23.079442439999966],[-46.180356082,-23.07936522400003],[-46.17503364800001,-23.075836553999984],[-46.17355100499999,-23.070797199000026],[-46.1704158,-23.071595048000006],[-46.163952494,-23.066673529999974],[-46.16146549899997,-23.066094591000027],[-46.16231719699999,-23.063129855999968],[-46.158885274,-23.06150089800002],[-46.16029307600001,-23.05729195899998],[-46.15856580600001,-23.05273226600002],[-46.15896617800002,-23.049897434000005],[-46.15488790699998,-23.049329681000028],[-46.151045157,-23.044489838000004],[-46.14666846,-23.044144320999983],[-46.14385380499999,-23.042251145000034],[-46.14428660900001,-23.039304773000023],[-46.14049735399998,-23.03881314000001],[-46.13987442199999,-23.035895643000003],[-46.14201175400001,-23.028475538000006],[-46.13864477300001,-23.02882757100003],[-46.13396757300001,-23.02621671600002],[-46.13011173799999,-23.02090901299999],[-46.12519280100002,-23.008963693000005],[-46.121489328,-23.008928232000013],[-46.11762624,-23.005346718999988],[-46.10906911799999,-23.001748167000013],[-46.100526768000016,-23.00013983999997],[-46.09999440199999,-22.99881369299999],[-46.094425941000004,-22.997213918],[-46.08972060999998,-22.99329842399999],[-46.089164922,-22.989225159999986],[-46.086585394999986,-22.984978027000007],[-46.08147982700001,-22.985077014000012],[-46.077722900000026,-22.97724857499997],[-46.07333349900001,-22.97987618100001],[-46.07095189,-22.97923956300002],[-46.067242032000024,-22.98016862999998],[-46.06366100399998,-22.974543502000017],[-46.05704534,-22.97303143099999],[-46.05593712799999,-22.97002668099998],[-46.05160754799999,-22.967765562999997],[-46.050619623999985,-22.964257512000007],[-46.05158276999998,-22.958949346999976],[-46.04912167399999,-22.954887672999973],[-46.05325686399999,-22.949951022999976],[-46.05046908999997,-22.943789093000017],[-46.051272615000016,-22.940661450000015],[-46.04865917799999,-22.932765492999977],[-46.04258203799998,-22.926363713999994],[-46.041025199999986,-22.915417906000034],[-46.04120220499999,-22.91379691600002],[-46.043910358000005,-22.911346105999993],[-46.04432552899999,-22.905306739000036],[-46.049713567000026,-22.903630224999986],[-46.05110346999999,-22.90130567099999],[-46.05093112600002,-22.897921053000005],[-46.042868332999994,-22.891109599999997],[-46.02715328300002,-22.88483765299996],[-46.01875997500003,-22.888431626999992],[-46.012818435999975,-22.88596299099998],[-46.00775962699999,-22.88935560700001],[-46.001476981999986,-22.880008788],[-45.99914471300003,-22.878695057999998],[-45.99383695,-22.879077230999993],[-45.99040953999999,-22.875993461000007],[-45.99311756499998,-22.869782830000023],[-45.983415509999986,-22.868548585999978],[-45.980428067,-22.866928900000005],[-45.97476853900003,-22.868069374000008],[-45.97348635100002,-22.86308962800002],[-45.968102112,-22.85994401699998],[-45.96421699299998,-22.855394117999992],[-45.960357079999994,-22.85821496400001],[-45.956554582000024,-22.849813332000004],[-45.95169237400001,-22.848920756999945],[-45.95117063499998,-22.845851208],[-45.943056479,-22.845478074000034],[-45.938837750999994,-22.846444013999992],[-45.935306716000014,-22.842113148000003],[-45.932517371000024,-22.84154384700004],[-45.92852336900001,-22.835437153999987],[-45.92393720199998,-22.831946712999986],[-45.923221617000024,-22.824969574999997],[-45.91901396999999,-22.820649203000013],[-45.91395458400002,-22.819053842000006],[-45.912327491,-22.816350447999984],[-45.909092773,-22.816749464],[-45.90465177300001,-22.819626545000002],[-45.904782893999986,-22.82356015599998],[-45.90742962799998,-22.825476708999986],[-45.90908217399999,-22.829271181000024],[-45.90390037200001,-22.836916309000003],[-45.90104501500002,-22.836031854999995],[-45.89667585500001,-22.839817974000034],[-45.89369874699997,-22.83892691],[-45.89430872499998,-22.84195291499998],[-45.891181104,-22.84574626300005],[-45.89423677799999,-22.848897592000014],[-45.892370092000014,-22.85261461500001],[-45.89434646199999,-22.856916834999993],[-45.890226231999975,-22.858206584000033],[-45.88940584400001,-22.86061130600002],[-45.88730715399999,-22.872023002999978],[-45.88855101000003,-22.875979098999984],[-45.87979208799998,-22.875426131999976],[-45.87116165499999,-22.871647194999976],[-45.87029703500002,-22.869214237999994],[-45.864156605000005,-22.869384323000023],[-45.861153999,-22.866479077],[-45.86076461,-22.86249966499997],[-45.857611566,-22.860644561000015],[-45.857245627999994,-22.857999206999963],[-45.85860045200002,-22.85663978999997],[-45.85700513199998,-22.850203661000005],[-45.84975188900001,-22.84793607],[-45.85091415800003,-22.842976374999974],[-45.84869105500002,-22.840646585999995],[-45.84816689100001,-22.838028415999986],[-45.84250028700001,-22.83332966500001],[-45.83897714400002,-22.83216474800001],[-45.836046802,-22.832266428000025],[-45.833510122000014,-22.834912744999997],[-45.83044031700001,-22.835470142000027],[-45.825712894,-22.83356666600002],[-45.823709425000004,-22.829734770000012],[-45.81920870099997,-22.830895326000007],[-45.815865084999984,-22.834269822999993],[-45.81032406700001,-22.829542187000023],[-45.808127773000024,-22.82974504200002],[-45.807148626000014,-22.83177626200002],[-45.802347425,-22.833890053000005],[-45.80183567300003,-22.84075514300002],[-45.80066265800002,-22.842319539000023],[-45.801037443999974,-22.847108518000034],[-45.797257398000006,-22.852173186000012],[-45.792164539,-22.855598331000014],[-45.792027179,-22.858689018999996],[-45.789824334,-22.85910205900001],[-45.78625663999997,-22.856663900999994],[-45.779934401,-22.855484983],[-45.77909672499999,-22.850422498000007],[-45.77099569199999,-22.848045800000012],[-45.77007137200002,-22.845473002999995],[-45.76825710999998,-22.845023056000006],[-45.76697172000001,-22.843016105999993],[-45.76903311600001,-22.831504810000016],[-45.792247101999976,-22.819101704999973],[-45.79067991300003,-22.817094727],[-45.780747899999994,-22.813538355999974],[-45.76845697599998,-22.803183417000014],[-45.766016745,-22.801884293999997],[-45.76330115299999,-22.802195206999997],[-45.761858894999996,-22.800901185999983],[-45.75838350999999,-22.801043708999998],[-45.758302691999965,-22.797192069000012],[-45.75507341399998,-22.79332216300003],[-45.75073622299999,-22.793439019],[-45.748756972000024,-22.792352595000022],[-45.74629605299998,-22.794717848999998],[-45.74298632099999,-22.795211656000003],[-45.74173477400001,-22.808362166999977],[-45.72923219500001,-22.80999415500003],[-45.72591328200003,-22.811949497000004],[-45.72420513899999,-22.81655293300003],[-45.72041553399998,-22.81596093500002],[-45.717465317000006,-22.816918545000018],[-45.713449889,-22.81495262200002],[-45.71263768699998,-22.813461202000006],[-45.713733890000015,-22.80920695700002],[-45.71636681299998,-22.807928585999992],[-45.718239752999985,-22.809065980999993],[-45.721027564999986,-22.808227550000012],[-45.72137519099999,-22.803376634000017],[-45.72574932399999,-22.800259406000002],[-45.72959876300003,-22.800616472000005],[-45.730417167999974,-22.796332947],[-45.73659892199999,-22.788310006000028],[-45.729683847,-22.785174321],[-45.723970699000006,-22.784665931000006],[-45.724333383999976,-22.780661931999983],[-45.72157641299998,-22.779696428000033],[-45.71737339700002,-22.78057643800002],[-45.71523678099999,-22.775018502000034],[-45.71090336200001,-22.772791266000013],[-45.712940758,-22.767605359999997],[-45.71153499000002,-22.76705788499999],[-45.71385144999999,-22.762671968999992],[-45.71215808900001,-22.758205055000033],[-45.71687422899999,-22.755657824999993],[-45.71695873499999,-22.753143605999988],[-45.71542396100001,-22.751796942999977],[-45.72080827000003,-22.74398850300002],[-45.72047035499997,-22.742570323000002],[-45.72379994200003,-22.737468865999983],[-45.72374679500001,-22.734085693999987],[-45.72555543099998,-22.73317793899996],[-45.72770463699999,-22.728726585999972],[-45.72754559700002,-22.72625154100001],[-45.728622848999976,-22.725280580000007],[-45.72782024100002,-22.723717077999996],[-45.73555121499999,-22.72153102399999],[-45.746919175000016,-22.72321908499996],[-45.749126573999995,-22.72173684299997],[-45.75183677500002,-22.722752613000022],[-45.758253646000014,-22.721288577999985],[-45.763705156000015,-22.725752834999977],[-45.77028842300001,-22.727369770999985],[-45.775397836000025,-22.73237090300001],[-45.78239447200002,-22.732052445000022],[-45.797130659999986,-22.73933368799996],[-45.80567366100002,-22.737456076999983],[-45.81587645500002,-22.729729443000004],[-45.81680324899997,-22.725826790999978],[-45.820022262,-22.72291734100005],[-45.81739165099998,-22.716698324],[-45.817340048999995,-22.70973962599998],[-45.81095493399999,-22.698107682],[-45.803685986000005,-22.695790556000016],[-45.799045965999994,-22.695864742000026],[-45.79157480499999,-22.692446680999968],[-45.788240711000014,-22.693673809999986],[-45.78661741399999,-22.693168497999977],[-45.78142112799999,-22.687584269000023],[-45.780234599999964,-22.683975072000006],[-45.76923465200003,-22.678919581999985],[-45.760896507,-22.67762607499998],[-45.75518927000002,-22.670237672999974],[-45.75029281100001,-22.67184586399999],[-45.74482109500003,-22.669608170999997],[-45.739907259999995,-22.669390416999985],[-45.72698304300002,-22.66028419999998],[-45.71582049400002,-22.662556995999985],[-45.714411956,-22.66093775699998],[-45.709027333999984,-22.659453966],[-45.70335737900001,-22.655077018999958],[-45.69678188199999,-22.65395620100002],[-45.69283106199998,-22.651834409000003],[-45.698065488999994,-22.650605225999968],[-45.69777553,-22.644708459000014],[-45.700694769999984,-22.642069929999998],[-45.70917956699998,-22.639808803999976],[-45.71130328499999,-22.633623085000004],[-45.71742041700003,-22.627403287999993],[-45.71579035299999,-22.624225960999958],[-45.71751514099997,-22.620680029000024],[-45.719433220999974,-22.619922434999964],[-45.72842045499999,-22.620739550000014],[-45.73030549600002,-22.618413444000005],[-45.72931969799998,-22.614644591],[-45.730640811,-22.612577169000037],[-45.735439282000016,-22.61090917400003],[-45.73861278200002,-22.608284269000023],[-45.73842354700004,-22.606836106],[-45.735044129000016,-22.604941076999964],[-45.735515820999986,-22.599282429000034],[-45.734316644999986,-22.597286498000003],[-45.727325673999985,-22.59472656400001],[-45.72931426799999,-22.591631439000025],[-45.726851587,-22.587808241999987],[-45.72055981400001,-22.585837458000036],[-45.71637184999997,-22.581302078000025],[-45.717245320000025,-22.579084249000005],[-45.719145351000016,-22.578665219000015],[-45.71649045800001,-22.577614536000006],[-45.711682650000014,-22.58042400800002],[-45.706955574999995,-22.580465059000005],[-45.70380786700002,-22.58219609000003],[-45.70089164299998,-22.58581337999998],[-45.69463074599997,-22.586191599000017],[-45.68912709699998,-22.580400917000038],[-45.67940706899998,-22.573394986999972],[-45.67603611800001,-22.574801681],[-45.67328057100002,-22.577810431999975],[-45.666694346999975,-22.576355573000015],[-45.66107360500001,-22.577612145999964],[-45.65993861099998,-22.581108265999987],[-45.663117071999984,-22.587718430999995],[-45.660300784000015,-22.59205426300003],[-45.65943948300003,-22.59862760900001],[-45.66520957199998,-22.600445214],[-45.665080547999985,-22.604671122],[-45.668230344,-22.609335089999984],[-45.66600086800003,-22.613614448000007],[-45.66950558100001,-22.61639599699999],[-45.675198163999994,-22.625851284999992],[-45.67338909799997,-22.63042094000002],[-45.67576467800001,-22.632556313000027],[-45.67892153700001,-22.632701941000004],[-45.68032531799998,-22.635480800000003],[-45.68434806699998,-22.63767194600002],[-45.685105927999984,-22.63971385399998],[-45.68035657500002,-22.64084808100002],[-45.67766513100002,-22.639922655000042],[-45.67333424700002,-22.641825772],[-45.671610929999986,-22.648434615999985],[-45.666795982000004,-22.651523684999958],[-45.659113591999976,-22.648326082999976],[-45.64728078500002,-22.648522023000012],[-45.64394488800002,-22.64617675199997],[-45.635854214999995,-22.644452774000005],[-45.63141150600001,-22.645040693999988],[-45.626325764,-22.639578856000014],[-45.61806434400001,-22.637995513000014],[-45.615756464000015,-22.636200262999978],[-45.61344238999999,-22.630629410999962],[-45.61048129699998,-22.628563939999985],[-45.60886862799998,-22.623824289000034],[-45.606623038,-22.623074637000002],[-45.60565930000001,-22.620695188000024],[-45.600934446999986,-22.61915993200001],[-45.590792443,-22.619370332000003],[-45.584822094,-22.615969563000036],[-45.58772268799999,-22.613088714999982],[-45.58757412599999,-22.61033168400002],[-45.583955962000005,-22.606825147999988],[-45.58012641099998,-22.605837713000025],[-45.579480151999974,-22.603012915000008],[-45.57684308900002,-22.602574736],[-45.57485475499999,-22.60012318499997],[-45.571192482000015,-22.598321657999975],[-45.56388493899999,-22.599869532000035],[-45.563531548000014,-22.605908590000023],[-45.564965939999986,-22.611494934999996],[-45.55520150400003,-22.626060988],[-45.560754411,-22.62796872600003],[-45.57187735200001,-22.639953881999986],[-45.57697498899999,-22.639753586],[-45.582124926000006,-22.644664236999976],[-45.58445331799999,-22.65173134600001],[-45.57747566699999,-22.653855136000026],[-45.57370981399998,-22.65736440500001],[-45.566241698,-22.65678050700001],[-45.55878684800001,-22.65336535499999],[-45.55384156899998,-22.654619722000017],[-45.544201746000006,-22.650822371000018],[-45.539983985,-22.65256587599999],[-45.533220713,-22.64716874599998],[-45.530212272000036,-22.64626302499998],[-45.524886665999986,-22.646773018999998],[-45.516121963999986,-22.641136694999993],[-45.51411978099998,-22.63754101099999],[-45.508012871999995,-22.633839360999996],[-45.507392805999984,-22.631803647000005],[-45.50434082999999,-22.63063727200001],[-45.499660264999996,-22.62532615200001],[-45.496145938,-22.624708573999996],[-45.49365864200002,-22.627103017000017],[-45.490557051,-22.62792261499998],[-45.48943731600002,-22.62973253899998],[-45.48828026899998,-22.629579899000024],[-45.48349510999998,-22.61557485700001],[-45.47755771300002,-22.609082837000024],[-45.47692242,-22.602761491000027],[-45.474628505,-22.59936040899998],[-45.47468079599998,-22.59736065900001],[-45.476291440000026,-22.596557693999983],[-45.476001522,-22.59467442300003],[-45.47849571299997,-22.59087606600001],[-45.48129696400003,-22.59148340699997],[-45.478181634000016,-22.58965564099996],[-45.473023899,-22.58889195299997],[-45.46007240199998,-22.59879467399998],[-45.45169603699998,-22.60712199800002],[-45.44678087,-22.605039991999995],[-45.445529571000016,-22.610072349000006],[-45.43697094100003,-22.612157400999973],[-45.436027787,-22.614320046999953],[-45.436660018,-22.618490773000023],[-45.435416549000024,-22.619968144999973],[-45.424230134000034,-22.621691696000006],[-45.41915389899998,-22.620898038999982],[-45.41265916999998,-22.622790805000026],[-45.41363459500002,-22.628967132000007],[-45.409933369999976,-22.631643413999974],[-45.40900459599998,-22.634184821999998],[-45.409816568999986,-22.638514530999984],[-45.41182796300001,-22.641532482000002],[-45.40904908400002,-22.642818481999985],[-45.40821727899999,-22.644760797999986],[-45.41114604500001,-22.648164134000005],[-45.41056186399999,-22.65241195399999],[-45.40456110100002,-22.65421808799999],[-45.39926045499998,-22.653876781000005],[-45.39332870099997,-22.649800904000017],[-45.390118487999985,-22.650159234999993],[-45.38397452700003,-22.647446173999985],[-45.38220430000002,-22.643378843999972],[-45.373859185000015,-22.639992041999992],[-45.370211085,-22.63715058999997],[-45.36430281899998,-22.639780277],[-45.36200999099998,-22.638967542999968],[-45.354982989999996,-22.63389382000004],[-45.35405351300001,-22.630487780000003],[-45.34862657100002,-22.626230272999955],[-45.34271878599998,-22.625327580999997],[-45.33926116399999,-22.622929226999986],[-45.33595019400001,-22.622688062999988],[-45.33341974799998,-22.61805488099997],[-45.32778098099999,-22.616174605000033],[-45.324603315,-22.61713592700001],[-45.315932022000034,-22.61379565800001],[-45.30390826000002,-22.616155843999987],[-45.29224228800001,-22.613413682999965],[-45.28968276500001,-22.615164698999987],[-45.283587048000015,-22.615056751999987],[-45.275342267999974,-22.617920330000004],[-45.27135175900003,-22.61098954200003],[-45.267212571000016,-22.611512969999975],[-45.261090463000016,-22.607198733000025],[-45.26128107,-22.605326483999985],[-45.263684549999994,-22.604809038999974],[-45.260441007000004,-22.601155299000038],[-45.260321956999974,-22.596701280999966],[-45.25631347400003,-22.590598403999994],[-45.258163412999984,-22.587099437999992],[-45.261321340999984,-22.58484673599995],[-45.26119552400002,-22.582687072],[-45.25931662199997,-22.58167421000004],[-45.25362148099998,-22.581686115999997],[-45.25120745300001,-22.579839105000016],[-45.24741106699997,-22.579098311999967],[-45.243054512000015,-22.575478653999994],[-45.239575003000034,-22.575755323000003],[-45.23341344599998,-22.572766708999996],[-45.23145448000003,-22.570082743000004],[-45.22855297199999,-22.570446806000014],[-45.226145384000006,-22.568802870000017],[-45.224253067000014,-22.564248583999987],[-45.22003110100002,-22.563381902999993],[-45.213949840999994,-22.564198777],[-45.20829599000001,-22.56171476200001],[-45.20362509,-22.557424250999983],[-45.198405338999976,-22.556140754999994],[-45.19163203900001,-22.556443753000003],[-45.189425922,-22.551924152000037],[-45.183660362999994,-22.552040560000016],[-45.17682558899999,-22.549874520000014],[-45.176949157000024,-22.54690293400002],[-45.17453489100001,-22.54448176900001],[-45.16436065699998,-22.538627733999995],[-45.16752793400001,-22.53113365299998],[-45.162293295999966,-22.524729062999988],[-45.16062147100001,-22.520663814999985],[-45.16103031500001,-22.518342491000016],[-45.154229106999985,-22.512882964000028],[-45.15097690699997,-22.512500887999977],[-45.151151262999974,-22.50784580800002],[-45.14467896899998,-22.507938861999985],[-45.13974936300002,-22.501708830999974],[-45.135760302999984,-22.502167801999978],[-45.12965281200002,-22.497170831],[-45.12178584100002,-22.496962646999975],[-45.11629774800003,-22.49339880799998],[-45.112300205,-22.49357324500001],[-45.10472570600001,-22.491113751000007],[-45.096735546,-22.484507811000018],[-45.09006964700001,-22.48262169999998],[-45.082838184000025,-22.486227977000002],[-45.072100009999986,-22.477892340999972],[-45.06526366600002,-22.47643626000002],[-45.05828008899999,-22.470993043000032],[-45.04405301899999,-22.468872732000023],[-45.04106559500001,-22.469508091000012],[-45.03048040300001,-22.463180091000023],[-45.02702676000001,-22.462940257000014],[-45.02493505799999,-22.464270634999988],[-45.02656604399999,-22.469436396999974],[-45.02392862900001,-22.467968739000003],[-45.011036348999994,-22.46592852399999],[-44.99722048799998,-22.468684178000014],[-44.99126414199998,-22.46588663099997],[-44.988999827999976,-22.46899318099999],[-44.979946096999974,-22.46836715299998],[-44.96959993799997,-22.471541494000007],[-44.96565191000002,-22.47475631200003],[-44.965414685999974,-22.472917386000002],[-44.959812321000015,-22.466085740999986],[-44.95112068700002,-22.46259751600002],[-44.94766221999999,-22.458590808999972],[-44.94152833700002,-22.45579379799999],[-44.93985323099997,-22.452252889000018],[-44.935977536,-22.453511042000002],[-44.93116883400001,-22.451263518999976],[-44.928009152000016,-22.453185348],[-44.92411181900002,-22.453010273000018],[-44.91692777899999,-22.455151550999975],[-44.91293258600002,-22.45481044799997],[-44.909920473,-22.452093478],[-44.90615313400002,-22.45242064899997],[-44.90362406999998,-22.454155445000016],[-44.89769163,-22.45293108099996],[-44.89757113799999,-22.449361216],[-44.889023619,-22.43498599200002],[-44.889700607000016,-22.43216243299996],[-44.882712680000004,-22.428874006000008],[-44.874912204,-22.428540383999973],[-44.870639306999976,-22.42352306299999],[-44.86426537,-22.42400193499997],[-44.85930932100001,-22.422674348999973],[-44.85452803800001,-22.427777317],[-44.84841384300001,-22.426238795999996],[-44.843691332999974,-22.427901201999997],[-44.84008428200003,-22.427511050000017],[-44.83420563300002,-22.431096342999965],[-44.832340289,-22.43097703599999],[-44.82870747900001,-22.423013272999984],[-44.82377029200001,-22.419108334999972],[-44.815883999,-22.41807396500002],[-44.807199792000006,-22.414693660000008],[-44.80816191700001,-22.41327238700001],[-44.80718327599999,-22.40886929599999],[-44.80942956500002,-22.40656103499998],[-44.808137832,-22.404251163000037],[-44.80340707800002,-22.403781069999987],[-44.79984559799999,-22.407077587999993],[-44.794453519,-22.408553246000004],[-44.788684821000004,-22.40730777700005],[-44.77892293999997,-22.408510384000014],[-44.77635074199999,-22.411426172999988],[-44.772961867,-22.41252899400001],[-44.76991701200001,-22.415264729999986],[-44.761035893999974,-22.416653875999994],[-44.754820345999974,-22.415105795000013],[-44.752603651000015,-22.417719487999996],[-44.75024848300002,-22.418290066999983],[-44.749375808000025,-22.42091332799998],[-44.744887087,-22.422301746000027],[-44.74040237700001,-22.42540915000001],[-44.737438241999996,-22.42987061299998],[-44.733161326000015,-22.433402941999972],[-44.733466707,-22.435768987000028],[-44.72983794599997,-22.439769194999993],[-44.73077775799999,-22.44168374299999],[-44.728172701000005,-22.44872745100004],[-44.723624971,-22.451424416999995],[-44.724505781000005,-22.455978497999993],[-44.722582210999974,-22.462362058999993],[-44.71915158600001,-22.463543238000003],[-44.71837480300003,-22.465253953],[-44.71922229699998,-22.466773245000027],[-44.71749503699999,-22.46771148900001],[-44.717890891000025,-22.47085604199997],[-44.72070881399998,-22.470507360000017],[-44.72081221399998,-22.47232098500002],[-44.722381384000016,-22.473373664000018],[-44.72342080300001,-22.476208832999983],[-44.722215586999994,-22.47915584399998],[-44.724119039000016,-22.48344558600002],[-44.721251095000014,-22.485447094999984],[-44.72106129999997,-22.49114374800002],[-44.719990569000004,-22.492356813000022],[-44.71228033599999,-22.493263834999993],[-44.710910909000006,-22.496476232000017],[-44.71020255500002,-22.500947788000005],[-44.713031215000015,-22.502692656000008],[-44.71422701900003,-22.505001025999984],[-44.71261135899999,-22.509180124000007],[-44.71700959800001,-22.51030385500001],[-44.715311740999994,-22.512678892999993],[-44.715667971000016,-22.514208338000003],[-44.71445705000002,-22.514881224000007],[-44.71356160300002,-22.513828053],[-44.71095570699998,-22.513823715999997],[-44.70783188399997,-22.511730238],[-44.703912547000016,-22.512448620999958],[-44.701373606000004,-22.51084870900002],[-44.699093855,-22.511547789000016],[-44.699495033999995,-22.513881804],[-44.696736294999994,-22.51562427300002],[-44.697748262,-22.518068513000017],[-44.69347613000002,-22.517806743999966],[-44.68944094300003,-22.519335453999975],[-44.68674230300002,-22.52356008599997],[-44.680765355999995,-22.525078760999975],[-44.67825595900001,-22.53178413000001],[-44.67032359500001,-22.536814258999982],[-44.670198035,-22.539782941000023],[-44.675332764000025,-22.54248794999999],[-44.677374903999976,-22.546278104999995],[-44.67784099199997,-22.555159851999953],[-44.679303226,-22.557612163999977],[-44.67807044699999,-22.560864583],[-44.675308771,-22.56107832800003],[-44.668526832000005,-22.554033951000022],[-44.662331058999996,-22.55094647099996],[-44.65942515000002,-22.55427368199998],[-44.65555549999999,-22.553528864000004],[-44.65189957199999,-22.555047634],[-44.650912224000024,-22.556828925],[-44.64813744000003,-22.552038491],[-44.64205719099999,-22.55883145100002],[-44.641386461000025,-22.56076939299998],[-44.64341638199999,-22.563959572999963],[-44.64231536800003,-22.567025092999984],[-44.64365544299999,-22.57274021199998],[-44.642363247999974,-22.57750209099999],[-44.64535791200001,-22.579569316000008],[-44.64781007099998,-22.584323136000016],[-44.64684564200002,-22.590428675000013],[-44.644294971000036,-22.59255574899998],[-44.64517989500001,-22.59725130999999],[-44.644058685999994,-22.599878917000016],[-44.645911926,-22.600758340000013],[-44.646827959999996,-22.603914573999994],[-44.64366925899998,-22.605669205000034],[-44.642257563999976,-22.607957253999995],[-44.63219091700001,-22.60923167499999],[-44.627238533000025,-22.607049416999985],[-44.624685338000006,-22.607430007999987],[-44.622753918,-22.605516330999976],[-44.617088581000004,-22.612973608999997],[-44.61316670100002,-22.616689473000026],[-44.61065865599999,-22.617292363999965],[-44.604519821,-22.613957366000008],[-44.60296968000001,-22.61053429200001],[-44.60330220100003,-22.607320309000002],[-44.59728950499999,-22.60991334],[-44.596935617999975,-22.61353621400002],[-44.59293740200001,-22.616899984000003],[-44.592169064000025,-22.622793070999986],[-44.589759861000005,-22.623093458000028],[-44.58617423200002,-22.621333525000026],[-44.58420473000001,-22.62606767099998],[-44.583327005,-22.621355658000024],[-44.579859096999996,-22.61635923799997],[-44.58058831300002,-22.612664177],[-44.574406923000026,-22.601977287999997],[-44.57165429899999,-22.601042579000023],[-44.571578717000016,-22.605059025999992],[-44.568491670000014,-22.606412665999986],[-44.56680742700002,-22.610684506],[-44.564001137,-22.611743045000022],[-44.55902031,-22.611591523999998],[-44.55459322799998,-22.60966297400002],[-44.55275736700003,-22.605171327000004],[-44.549984001,-22.60531126299997],[-44.545978805000004,-22.60765604199997],[-44.544830166,-22.610493818000005],[-44.54153764099999,-22.612143778999982],[-44.53781180099999,-22.61785736500001],[-44.53466310800003,-22.615379442999984],[-44.532162971000005,-22.61606807999999],[-44.52933356099999,-22.61928464099998],[-44.52678125800003,-22.61934286399998],[-44.52871003799999,-22.623422257000012],[-44.534462555000005,-22.62639728099998],[-44.537968878000015,-22.630886807000003],[-44.538016987,-22.632545558999997],[-44.535776797,-22.633224376999966],[-44.53415242699999,-22.631224987999985],[-44.530558144,-22.629954359999992],[-44.52572502200002,-22.630981308999996],[-44.52316845399998,-22.629480316000013],[-44.52206270099999,-22.63103559400001],[-44.51880687599999,-22.63110616199998],[-44.51645790200003,-22.629498114999986],[-44.516612845,-22.633873640999983],[-44.514815054999985,-22.634365167999984],[-44.511948153000006,-22.640522385999986],[-44.510704476,-22.641041130000005],[-44.50796182800002,-22.63917015800001],[-44.506017789,-22.634720484000024],[-44.49478369000002,-22.624564080000038],[-44.49538536699998,-22.622469539],[-44.49123616899999,-22.62047564500001],[-44.49244206999998,-22.617651399000007],[-44.48507641200002,-22.610845892999972],[-44.48565166600002,-22.609433102000025],[-44.488527713999986,-22.609080813999984],[-44.488419968000024,-22.606743587999954],[-44.48438398000001,-22.603815967000028],[-44.48131632299999,-22.607229135000015],[-44.480651394999995,-22.611000434000008],[-44.478024533999985,-22.61283111100001],[-44.473441757999986,-22.61345511799999],[-44.471374302000015,-22.61260720100001],[-44.46387751600002,-22.61622472599998],[-44.46212225800002,-22.61307616400002],[-44.45994281700002,-22.612801025000024],[-44.45545547100001,-22.60974205500003],[-44.45357322900003,-22.612166753999986],[-44.45366903500002,-22.614593195000005],[-44.449854949999974,-22.616459596000027],[-44.446005101000026,-22.62124976],[-44.444150863000004,-22.621937017999976],[-44.441972518,-22.618454019000012],[-44.441263187000004,-22.613842053999978],[-44.44640489699999,-22.607746840000004],[-44.4422682,-22.60376266200001],[-44.43894005800001,-22.604861040000007],[-44.43740113299998,-22.602327714999994],[-44.43223639399998,-22.598794568000013],[-44.417260010000014,-22.601068628000004],[-44.406847824000025,-22.608421987999968],[-44.404396272999975,-22.606353225000014],[-44.401552030000005,-22.606313467999996],[-44.40164230599999,-22.605232979999975],[-44.39816883200001,-22.60289861500003],[-44.401534895,-22.603165005999998],[-44.405458421999974,-22.59878445700002],[-44.405091653,-22.591675580000025],[-44.40887494399999,-22.587712571999973],[-44.40310621600003,-22.58760760799997],[-44.40110935199999,-22.585844983000023],[-44.39968754400002,-22.581714467999998],[-44.395289370999976,-22.58128255100002],[-44.39196220500003,-22.572737910000004],[-44.389212132000004,-22.57394670299998],[-44.382286420000014,-22.57342733100001],[-44.37098590800003,-22.58025226500004],[-44.365350553999974,-22.577735212999976],[-44.36354518600001,-22.577930207000005],[-44.360101825000015,-22.580999790999986],[-44.35921376499999,-22.582189923999973],[-44.36307531400002,-22.583252585000032],[-44.364849972000016,-22.586414553],[-44.370256364999996,-22.589409294999992],[-44.365698254999984,-22.593693200000022],[-44.36160788199998,-22.591609730000023],[-44.35999213299999,-22.592980927999974],[-44.361522939,-22.595834782],[-44.36112085100001,-22.601948833999984],[-44.36279897700001,-22.60476306800003],[-44.35949404899997,-22.609534498000002],[-44.361605960000034,-22.612037213999997],[-44.356534313,-22.614344562999964],[-44.352177271,-22.61165568000001],[-44.34892236700001,-22.607631174999995],[-44.34846021200002,-22.606221944000026],[-44.350705317999996,-22.601354758000024],[-44.350189537999995,-22.59541774100002],[-44.348754007000025,-22.594921624999966],[-44.34637577799999,-22.59720942299998],[-44.34502240500001,-22.596765102000006],[-44.34515929100002,-22.594270425999976],[-44.34769395799997,-22.590752937999955],[-44.34422323299999,-22.58794473799997],[-44.34020542100001,-22.590509214999997],[-44.33298466999997,-22.59068421900003],[-44.329705724,-22.588565766999967],[-44.32562315899998,-22.588123845999977],[-44.322822513999995,-22.590498883999985],[-44.32177640600002,-22.593986805],[-44.317890788999996,-22.59705489499997],[-44.313687949999974,-22.59452348899997],[-44.31018942399998,-22.597337529999997],[-44.30442551200002,-22.598864220999975],[-44.300808027000016,-22.598356957000007],[-44.298664040000006,-22.599372139000046],[-44.29479054400003,-22.598060875999987],[-44.29524959499997,-22.601580672999994],[-44.285585599,-22.609978075000036],[-44.283448806000024,-22.608212117999983],[-44.28335943899998,-22.604388319999998],[-44.271364085000016,-22.60155142699999],[-44.268934614999964,-22.59901745],[-44.26131012200001,-22.608514522999986],[-44.25302651200002,-22.612371939000024],[-44.25138244800002,-22.611950803999985],[-44.24856045500002,-22.606533733999974],[-44.24496014800002,-22.60638630699999],[-44.242879695999996,-22.608487060999998],[-44.24130843099999,-22.608456401000016],[-44.23904539900003,-22.605270164999993],[-44.236569741999986,-22.604036017999984],[-44.23576929600001,-22.607850799000012],[-44.233058888000016,-22.609093275],[-44.226317264,-22.604474932000024],[-44.22465408199998,-22.61062856199998],[-44.21956542700002,-22.617172100000005],[-44.215986719,-22.61707341599996],[-44.216118282000025,-22.614858850000022],[-44.214772141000026,-22.613839672999955],[-44.210382799,-22.615215192999983],[-44.20723569799998,-22.61186215899999],[-44.205071453000016,-22.614856835999994],[-44.203320296000015,-22.615068671000017],[-44.20406188099997,-22.620366966000006],[-44.20211645400003,-22.62251329099999],[-44.204567485999966,-22.62508049500001],[-44.20405142800002,-22.62634118199997],[-44.19823742599999,-22.630380038999988],[-44.19589795799999,-22.63056073299998],[-44.19504762000003,-22.62909456800001],[-44.191989979000034,-22.62951452900001],[-44.18976289199998,-22.63128260099999],[-44.18954178400003,-22.63335646699999],[-44.183915136,-22.637139520000005],[-44.185873414000014,-22.639047553999994],[-44.18503821600002,-22.641358963000005],[-44.18954077400002,-22.643211194999964],[-44.19061375199999,-22.647451847000013],[-44.186851607999984,-22.65078951700002],[-44.17820519000003,-22.653824527999973],[-44.17084150599998,-22.65890370699998],[-44.16872702100001,-22.667030445000027],[-44.16587942600001,-22.66986525700001],[-44.16585778199999,-22.67380458399998],[-44.163428211,-22.676065794000007],[-44.165988481,-22.67901068899998],[-44.165362964999986,-22.681232726000015],[-44.16831793500001,-22.683456967999973],[-44.16764243300003,-22.686719811999975],[-44.17662138800001,-22.692631523999978],[-44.17390901499999,-22.700650970000012],[-44.175127481000004,-22.704692217999984],[-44.17855958100001,-22.70807150200001],[-44.18114315100001,-22.70894964000003],[-44.183642274000015,-22.712357150999996],[-44.19693297200002,-22.715119175999952],[-44.20072010400002,-22.71482969399999],[-44.20364455599997,-22.716538141999987],[-44.203282666,-22.720865136999972],[-44.20057097,-22.724490505000002],[-44.19765635300002,-22.724786992000027],[-44.20262145800002,-22.734011058000036],[-44.21101783699999,-22.73076013399997],[-44.22346624699998,-22.732216772999983],[-44.22851856300002,-22.734205287000012],[-44.234603795,-22.745044163999978],[-44.242275611000025,-22.748351448999983],[-44.24232575000003,-22.750751536000003],[-44.23830703,-22.755318245000037],[-44.23963934900001,-22.756012318999964],[-44.24475969600002,-22.754768184999985],[-44.24692343599998,-22.75708028100003],[-44.25052303299998,-22.757219403000015],[-44.252090512,-22.75978506199999],[-44.252167289,-22.763867856999983],[-44.256620436,-22.765612804999975],[-44.25927288899999,-22.769294209000012],[-44.259544290000015,-22.771831141],[-44.256583212,-22.77349226400003],[-44.25726127799999,-22.778762202999985],[-44.25326746899998,-22.78129451500001],[-44.256231141,-22.787682948],[-44.25167016199999,-22.787654245999974],[-44.247697253000005,-22.790828686999983],[-44.242486988999985,-22.787590320999982],[-44.23969402000001,-22.791092144999993],[-44.24163678000003,-22.795379625],[-44.240879351,-22.79836484600003],[-44.24197038900002,-22.799883126999987],[-44.24375137300001,-22.80007561399998],[-44.24348533,-22.80216997999998],[-44.25545632900003,-22.806161933999984],[-44.25817485800002,-22.80636715899999],[-44.25976270799998,-22.804365346999983],[-44.26138835799998,-22.806294305999977],[-44.261893735,-22.812696644000027],[-44.269610351999965,-22.82721090500002],[-44.268379333,-22.82959362499997],[-44.28328489799998,-22.83597584900002],[-44.282929579,-22.834128227000008],[-44.286192342,-22.831940341000003],[-44.28563870599999,-22.82830704799999],[-44.291109022,-22.82906614400002],[-44.29603733,-22.827056141999982],[-44.30091747799998,-22.830626638000005],[-44.30561747100002,-22.831456484999972],[-44.30626127699998,-22.83325370099999],[-44.307574669000026,-22.832092982999995],[-44.31784703500001,-22.83975338399999],[-44.31736645400002,-22.843920103000016],[-44.321934962,-22.849618424000028],[-44.32407535599999,-22.849071862000027],[-44.321059091999985,-22.84703439800001],[-44.32070765800002,-22.839570773999974],[-44.326216638000005,-22.837606519000047],[-44.32752057099997,-22.84032178899998],[-44.330418130999995,-22.842316305],[-44.33424194100003,-22.842791885000015],[-44.33708924299998,-22.840454894999993],[-44.338819182,-22.840711879000025],[-44.340802525000015,-22.84214397900002],[-44.341741900999985,-22.845320608999998],[-44.345095300000025,-22.84529215100002],[-44.346716867999994,-22.846891103999997],[-44.35048915200003,-22.847660508999976],[-44.35199815700003,-22.84966773800002],[-44.36785184500002,-22.854697989999977],[-44.368877425,-22.856084430000006],[-44.37381141899999,-22.85774339900001],[-44.381268202,-22.85816331799996],[-44.384212504000004,-22.856747139999968],[-44.38709007199998,-22.857776659000027],[-44.39173439899997,-22.852267918999967],[-44.40143967900002,-22.855163528999974],[-44.40355885399998,-22.852420997999992],[-44.402590988999975,-22.848145950000017],[-44.404888966,-22.848359694999996],[-44.40943992299998,-22.84618034099998],[-44.41420058,-22.847999980999973],[-44.41940483500003,-22.848202978000014],[-44.42314706500002,-22.849974918999976],[-44.429505903999996,-22.85835519500001],[-44.43338878200001,-22.860831759000007],[-44.43322901099998,-22.867677447999995],[-44.435920388,-22.871585331999995],[-44.443342234000006,-22.875929272000022],[-44.45224688600002,-22.87687208599997],[-44.45594774599999,-22.87950076700002],[-44.45688424700002,-22.88310855499996],[-44.45991734900002,-22.883355263000002],[-44.46586619700004,-22.886877707999993],[-44.467247370999985,-22.88617382199999],[-44.46750844299999,-22.883032524999987],[-44.470988336999994,-22.875690411999997],[-44.474782773000015,-22.87554281400002],[-44.476985625999994,-22.873304845],[-44.476963932,-22.870354410999994],[-44.47544046799999,-22.868205255000024],[-44.477319008999984,-22.866956053999992],[-44.48078143800001,-22.867016051000018],[-44.47596092999999,-22.85651984300002],[-44.478454563000014,-22.854567459],[-44.48210416699999,-22.847111826000006],[-44.48470901000002,-22.84572154900003],[-44.49265228799999,-22.848356339000023],[-44.495046027000015,-22.84643918400001],[-44.500237637000005,-22.850258850999975],[-44.505351344000026,-22.851544965000016],[-44.50900764099998,-22.856240958000022],[-44.51212762400003,-22.858060490999982],[-44.51185523700002,-22.860445122999984],[-44.51628650700003,-22.86116272599999],[-44.518344550999984,-22.865227989999983],[-44.52561196900002,-22.86615260199999],[-44.53452704900002,-22.87047571300002],[-44.54264265400002,-22.87860161100001],[-44.54418478399998,-22.878768623999978],[-44.54514042300003,-22.881545764],[-44.54408152399998,-22.885055315999978],[-44.54763951400003,-22.886945401999995],[-44.55585396700003,-22.88891302299999],[-44.56087770900001,-22.884402088999988],[-44.562498980999976,-22.884773295999995],[-44.56636455,-22.882671370000022],[-44.56826222500001,-22.884233161999987],[-44.570132076,-22.883956028000007],[-44.57235557000001,-22.879905284000017],[-44.57595712199998,-22.877954869000007],[-44.58283445900003,-22.88350452899999],[-44.58691760999999,-22.882700657999965],[-44.59236268299998,-22.883960355000003],[-44.59857192599999,-22.88704490899998],[-44.600229625,-22.889073175000036],[-44.60337796599998,-22.888944004999978],[-44.60704262899998,-22.885293585],[-44.60982825399998,-22.889572136000012],[-44.621404545000026,-22.90002841699999],[-44.62976229700001,-22.905695563000005],[-44.63241505600001,-22.905089426000018],[-44.635776928999974,-22.906760448],[-44.640186400999994,-22.91225843000001],[-44.63868025400001,-22.91428565899996],[-44.63967914599999,-22.915585597000018],[-44.655070137999985,-22.92335414200001],[-44.65900008400001,-22.927929189999986],[-44.66403379399998,-22.926686860000018],[-44.66912898400001,-22.922722007999994],[-44.67161844600004,-22.922063456999975],[-44.67166396099997,-22.919284678],[-44.67356461899999,-22.917970501000006],[-44.67861346299998,-22.92621266200001],[-44.680154533,-22.925769225999996],[-44.682570452,-22.930332277999973],[-44.68546903399999,-22.93076402899997],[-44.687230709999994,-22.93251725300001],[-44.68774119,-22.93676774000001],[-44.69572327999998,-22.932051382999983],[-44.700317305,-22.93288877899997],[-44.70103469300001,-22.935193858999973],[-44.70355161700003,-22.936099796000015],[-44.70664180900002,-22.931604083000018],[-44.71013946900001,-22.93171778700001],[-44.71082769399999,-22.93009820100002],[-44.71325392799997,-22.929822511999998],[-44.716726549,-22.93492761099998],[-44.719480266000005,-22.934917956999968],[-44.72811308600001,-22.941955378999985],[-44.734608385000016,-22.945127961000026],[-44.74368738499999,-22.947059009999982],[-44.745093446999995,-22.95188765900002],[-44.74913443700001,-22.95372293999995],[-44.748336128999995,-22.956573674000023],[-44.75208064200001,-22.962847308],[-44.74985970699999,-22.964895092000003],[-44.749306776000026,-22.96982008899998],[-44.75196803300003,-22.974120178000025],[-44.756600650999985,-22.97575930400001],[-44.75463592699998,-22.978072444000013],[-44.75521114100002,-22.980298928000025],[-44.759737847,-22.978783405999984],[-44.763245163000015,-22.982637458999985],[-44.765138450999984,-22.983225240000035],[-44.768401106999995,-22.981893538000012],[-44.771953531,-22.982159861000007],[-44.775675777999986,-22.978613715999984],[-44.781115065999984,-22.97854104100002],[-44.78450142700001,-22.97939247800001],[-44.78684623700002,-22.982508973999973],[-44.79006465399999,-22.98139903600003],[-44.79192451799998,-22.98192609],[-44.793502563999986,-22.985983708999978],[-44.793097069999995,-22.990961877000014],[-44.79626583999999,-22.995402938999966],[-44.80135670900001,-22.99674127800001],[-44.802626213999986,-22.999647654999997],[-44.80001092600003,-23.00261517],[-44.799879792999995,-23.006063342000008],[-44.794363864000005,-23.006188232999992],[-44.794847301999994,-23.007603640000028],[-44.792541226000026,-23.010021451],[-44.79651803799999,-23.015183163000003],[-44.79883830400002,-23.020712606000007],[-44.79593443900001,-23.025326273999998],[-44.797783638999995,-23.028832428999962],[-44.801539881999986,-23.030799843999997],[-44.80046396699999,-23.035111982999982],[-44.80262274400002,-23.040820176999997],[-44.80134514700001,-23.04482135299996],[-44.80320613200002,-23.050571505999976],[-44.80564274300002,-23.049538258999963],[-44.81195087200002,-23.054601819000023],[-44.809448288,-23.057009946000008],[-44.810474361000004,-23.060136557000014],[-44.80797193900002,-23.06103192199999],[-44.807520313000005,-23.062916606],[-44.808297557,-23.064569988000006],[-44.81385997299999,-23.06715121000003],[-44.811542104999994,-23.07057387300001],[-44.81307716499999,-23.07824935799999],[-44.81212971200001,-23.07957150800002],[-44.81516821500003,-23.080674541999986],[-44.81474174900001,-23.082055563999965],[-44.817646578,-23.085396584000005],[-44.81915925599998,-23.09114033600002],[-44.81254630000001,-23.091325901000005],[-44.81132007100001,-23.095335499999987],[-44.812883391000014,-23.098364957999987],[-44.808908314000014,-23.100427735999958],[-44.813738193,-23.104416350999994],[-44.816007421,-23.108274235000007],[-44.81512064100002,-23.11252200299996],[-44.81272689399998,-23.112970806000018],[-44.81049547900001,-23.114989308000016],[-44.814457991999966,-23.120348811999975],[-44.81109174599999,-23.125132850000007],[-44.81934468399999,-23.13156589599999],[-44.81910685399998,-23.134887717000023],[-44.815739469999976,-23.137211176999983],[-44.816001615999994,-23.140321170999982],[-44.821911108,-23.140919154000024],[-44.825280100999976,-23.14427591399999],[-44.824698581000014,-23.146524527999986],[-44.82163558600001,-23.14911707499997],[-44.82314437100001,-23.152943040000018],[-44.822767468999984,-23.160250350000013],[-44.82519815500001,-23.16281947499999],[-44.82872521600001,-23.162156720999953],[-44.83194936799999,-23.16580460400002],[-44.83488950200001,-23.167193221],[-44.843176071000016,-23.166978518000004],[-44.844853127000015,-23.168718840999983],[-44.844939135000004,-23.172085913000004],[-44.84783828600001,-23.17400017799997],[-44.855750494000006,-23.172279060999973],[-44.85548306800001,-23.176161361000027],[-44.85981174699998,-23.180551895000026],[-44.87240977400002,-23.18226331499998],[-44.87498995499999,-23.185294035000023],[-44.87470794699998,-23.19225194400002],[-44.876967659,-23.194651039000018],[-44.87546990599998,-23.19637505899998],[-44.87595100099999,-23.197787344000005],[-44.88255957199999,-23.20210804099996],[-44.883382374000014,-23.203802632000013],[-44.88361201200001,-23.212220425000012],[-44.88150368599998,-23.214221819999974],[-44.88108278599998,-23.21644614799999],[-44.88457787200002,-23.217870602999994],[-44.889330316999974,-23.22412751899999],[-44.885707702,-23.232814430000026],[-44.876843769,-23.232751910999987],[-44.878174892000004,-23.23494131000001],[-44.87855110800001,-23.241597561999974],[-44.875351325999986,-23.249107234],[-44.869521857999985,-23.249785401999983],[-44.851803389,-23.248923735999995],[-44.84948954100003,-23.25148483700003],[-44.84628703999999,-23.251329496999976],[-44.842393646000005,-23.256073215000036],[-44.836419885000005,-23.25571953999999],[-44.83738492300001,-23.259567237],[-44.840865455000035,-23.263008212999964],[-44.83562811500002,-23.267552423999973],[-44.83042152500003,-23.268787261999993],[-44.82708489499999,-23.28007355099997],[-44.82415547900001,-23.280769752000026],[-44.82759516599998,-23.28759765000001],[-44.82675217500003,-23.291308592999997],[-44.81811346199999,-23.28951495000002],[-44.812438343000004,-23.28447661799999],[-44.80708882599998,-23.282534010999992],[-44.807419560000035,-23.28641167999999],[-44.80447715100001,-23.290475860000036],[-44.786758212999985,-23.298842012000012],[-44.78621409499999,-23.301143663000005],[-44.78827759699999,-23.305978214999985],[-44.78629664099998,-23.307830383000024],[-44.785772581,-23.310549045000016],[-44.78033812899998,-23.31479238100001],[-44.779225095000015,-23.31877699],[-44.77924597100003,-23.32185421],[-44.78184831400001,-23.326265643000006],[-44.77908649199998,-23.32792360100001],[-44.778305597999974,-23.33152365199999],[-44.776311607000025,-23.332678725000015],[-44.77814751400002,-23.33848399200001],[-44.770991889000015,-23.338900527000035],[-44.76506650099998,-23.342349538999994],[-44.760062231999996,-23.341655849999995],[-44.75841463400002,-23.34399336400003],[-44.75686983600002,-23.351132194],[-44.751082053000005,-23.35293934600003],[-44.75024980699999,-23.359661758999987],[-44.74860621300002,-23.358449069999992],[-44.74268085400001,-23.358605504000042],[-44.73836018999998,-23.361866645000024],[-44.73581124600003,-23.365903435999996],[-44.727691649000015,-23.36923326599997],[-44.72376497099999,-23.36790212699997],[-44.72415166399998,-23.369260188999974],[-44.725949474,-23.370700802999977],[-44.73491458500002,-23.370254159000016],[-44.737651847999985,-23.368039771000003],[-44.74209620599998,-23.36667994999999],[-44.746131489,-23.36816134499997],[-44.75058494099999,-23.366751807000018],[-44.759566065,-23.370906117000015],[-44.76312903000001,-23.371079544999986],[-44.76551571099998,-23.37330945500004],[-44.76946452099997,-23.37289797800002],[-44.78465175600002,-23.37881998300003],[-44.78553330099999,-23.378033290000037],[-44.783241868000005,-23.374904103000002],[-44.78578246199998,-23.370549261999994],[-44.78721685500001,-23.370239663000024],[-44.78880257399999,-23.372421963000036],[-44.79124027900002,-23.369667626999995],[-44.79404641999998,-23.370871206999997],[-44.79705211200003,-23.370510689000017],[-44.80058406500001,-23.372391241999996],[-44.80023890899997,-23.376252465999983],[-44.80658272800002,-23.380164998999987],[-44.81950076700002,-23.382100542999968],[-44.82666162100003,-23.384619438000026],[-44.82592307800002,-23.386772163999975],[-44.82811907600001,-23.388563079000015],[-44.83067325100001,-23.388222428999995],[-44.83090606100001,-23.386127814000012],[-44.833310390000015,-23.385751203999952],[-44.83696141899998,-23.388046555000024],[-44.839634784999994,-23.387196136999986],[-44.84146786100002,-23.389132279000005],[-44.84524102900002,-23.387522288999985],[-44.84403367900001,-23.385317484999963],[-44.84495290900004,-23.383945819000004],[-44.84296891999998,-23.380870528999978],[-44.83954382799999,-23.37932403999997],[-44.840837236000034,-23.375540187999995],[-44.838193390000015,-23.373069777000005],[-44.838245695000026,-23.371539410000025],[-44.845571199999995,-23.364531269999983],[-44.852046246999976,-23.362016994999976],[-44.86499422899998,-23.358492074000022],[-44.871055198000036,-23.35919892499999],[-44.875260749999995,-23.364863502999995],[-44.87927748300001,-23.363777724999974],[-44.883468434000015,-23.364670928000013],[-44.88564042899998,-23.367318920000006],[-44.88571487399997,-23.370459556000014],[-44.88990488100001,-23.37300879100001],[-44.89166898100002,-23.372695673999974],[-44.89262588399998,-23.369896956],[-44.890424483000004,-23.369004935000028],[-44.88820538099998,-23.365196690000005],[-44.88888048799999,-23.362246233000004],[-44.891397498,-23.359368408000027],[-44.888710118999995,-23.356819239000004],[-44.88798057700002,-23.354290165999988],[-44.88330576099997,-23.351591787],[-44.88383603699999,-23.345837937999985],[-44.887390955,-23.34053282700003],[-44.89359913800002,-23.336884209000008],[-44.908339314999985,-23.333767105],[-44.909618232000014,-23.335988407999988],[-44.912414287,-23.337327969],[-44.911252752999985,-23.339477147000025],[-44.914904263,-23.34496128900003],[-44.92143946300003,-23.351033988999944],[-44.92574098,-23.353170944999988],[-44.94178513499997,-23.357178814000005],[-44.94838758499999,-23.364357788000017],[-44.94791407999999,-23.36762460599998],[-44.95023942000001,-23.372391180000026],[-44.94942541,-23.378358476999992],[-44.960650738000034,-23.380443537],[-44.961497737,-23.381768554000022],[-44.960444386999995,-23.38322557200002],[-44.963234838000005,-23.384954409999985],[-44.963029724000016,-23.38654288599998],[-44.96677514100003,-23.38668417899999],[-44.97194515299998,-23.390108241000014],[-44.972399806,-23.392198989999994],[-44.970597134,-23.393828604000007],[-44.973825499999975,-23.395327338000016],[-44.97690055499998,-23.400306720000003],[-44.98115473299999,-23.401089393999992],[-44.98069145400002,-23.39948459599999],[-44.98278711799998,-23.397188093999997],[-44.98668431499999,-23.39760869399999],[-44.989831373000015,-23.39931224999998],[-44.99338958300001,-23.39762553000003],[-45.008532522999985,-23.40646266200001],[-45.00940689499999,-23.412927269000022],[-45.01270442899999,-23.41327107499999],[-45.01195626499998,-23.416069474999976],[-45.01495159199999,-23.418964616999958],[-45.022901837999996,-23.418765717000014],[-45.02272258300003,-23.415113438],[-45.02384500199998,-23.413929484999972],[-45.030405331999994,-23.415030414999986],[-45.03224501699998,-23.413975592999964],[-45.03751804400003,-23.41854895400001],[-45.039284522,-23.42276002499999],[-45.04202972199999,-23.422299053000017],[-45.043474042999996,-23.42315385100001],[-45.044544294999994,-23.42616369199999],[-45.048110376000004,-23.425767989999994],[-45.04546926699999,-23.42104778799998],[-45.05085178799999,-23.417148001999973],[-45.05733965799999,-23.41739879],[-45.06245755200001,-23.421240688000008],[-45.06463667499998,-23.427316028999975],[-45.06094375999998,-23.428362646999968],[-45.059603071000026,-23.430219852999983],[-45.06120793399998,-23.431791668000017],[-45.06455156099998,-23.432469683000008],[-45.06553990399999,-23.431313333999977],[-45.068676520999986,-23.432875034000016],[-45.069413071999975,-23.438503232000016],[-45.06690101300001,-23.448050779000038],[-45.059901507999996,-23.456879743999984],[-45.05551428799998,-23.459264970999985],[-45.050389031000016,-23.456335325999977],[-45.04475658899998,-23.449692126000024],[-45.037905615,-23.44816187999998],[-45.035982295999986,-23.44917702599997],[-45.035038896,-23.459727944999976],[-45.03021199400001,-23.45955611499998],[-45.028782611,-23.461484344999953],[-45.02161237100002,-23.459548147000017],[-45.01843554999999,-23.46113071600002],[-45.02680304299998,-23.463401686999983],[-45.03107034800002,-23.463086406000013],[-45.032423667999986,-23.465551189999985],[-45.038208080000004,-23.46269856800001],[-45.043617359,-23.462576276999965],[-45.04484914099998,-23.461530956999972],[-45.05089865200001,-23.46549505600001],[-45.052462021000004,-23.468741138999956],[-45.05362604099997,-23.46640772799999],[-45.05595649899999,-23.465290793000026],[-45.058112134,-23.465959955000017],[-45.058575234999985,-23.46867757299997],[-45.061049594,-23.46697363200002],[-45.06310637299998,-23.468311028000006],[-45.07002818900003,-23.47744821600002],[-45.074312642999985,-23.488138515999974],[-45.07437979100001,-23.490603754000013],[-45.072621180000006,-23.493455078999993],[-45.067341114999984,-23.49337690499999],[-45.06895936900003,-23.496216462999996],[-45.07332797999999,-23.498801491999984],[-45.07373208500002,-23.500715479000004],[-45.07638946800001,-23.50231200500001],[-45.07655897799998,-23.506497813000028],[-45.08035691499999,-23.509081433999995],[-45.081090140000015,-23.512783087999978],[-45.08005920900001,-23.513148961000017],[-45.080971491000014,-23.515476573999994],[-45.08021637100001,-23.516730957999986],[-45.08169285100002,-23.5185121],[-45.08176028399998,-23.521485962999975],[-45.08427771599998,-23.52028493300003],[-45.08340220299999,-23.518566159999974],[-45.086192677999975,-23.513255499000014],[-45.083766077,-23.497730477000008],[-45.08387531000001,-23.496087527],[-45.08567766700003,-23.494706983],[-45.09130834600001,-23.492806963000024],[-45.09833734199999,-23.492670763],[-45.102871736000004,-23.496258623000013],[-45.10337811199997,-23.498053604000006],[-45.104951062,-23.49826631199999],[-45.10328729399998,-23.49477747600002],[-45.10360310700003,-23.490263041999977],[-45.10695631499999,-23.488982478000025],[-45.107884468000016,-23.492948308999978],[-45.111779964,-23.496354510999993],[-45.115587345999984,-23.497568732999977],[-45.119060709,-23.50114392900001],[-45.123635816999986,-23.50153822999997],[-45.12410467799997,-23.503236586000018],[-45.122894938,-23.505192745999977],[-45.116891669999966,-23.505065004999995],[-45.113461251999986,-23.507763526000012],[-45.11173756699998,-23.506901770000006],[-45.107695690000014,-23.50796475499999],[-45.10714053300001,-23.509744749999964],[-45.110566877,-23.512645130000003],[-45.10972546300002,-23.514392949999987],[-45.10806240400001,-23.51377274999997],[-45.106813997000025,-23.514618509999988],[-45.10865052200001,-23.51675205599997],[-45.105755139999985,-23.524090085999983],[-45.112926271000006,-23.526530186999995],[-45.11394299400001,-23.52558558800001],[-45.11326405400001,-23.51995272699997],[-45.11632996600002,-23.519186377999976],[-45.12128713599998,-23.521327878000022],[-45.121934294000035,-23.516383991000005],[-45.12378934100003,-23.51520741599999],[-45.127294138000025,-23.515157411000036],[-45.133252414000026,-23.509395884000007],[-45.138323738999986,-23.51187443200001],[-45.138850375,-23.509036685000016],[-45.13546151000003,-23.50819580299998],[-45.134995162999985,-23.50590576100002],[-45.135970432000036,-23.503313123999977],[-45.13871843599998,-23.501138473999998],[-45.14230044599998,-23.500597356000014],[-45.14598351799999,-23.501782081999984],[-45.14429422400002,-23.49966193600001],[-45.146921264000014,-23.49693352399998],[-45.154396030999976,-23.499669028000014],[-45.156085282999996,-23.497429792999988],[-45.15759018900001,-23.497582765000004],[-45.159564436,-23.500160374000025],[-45.16306540800002,-23.498914228999976],[-45.16553282299998,-23.49462645400001],[-45.164277072999994,-23.491339093000008],[-45.16178026300002,-23.491172103999986],[-45.16443116800002,-23.490272542000014],[-45.16521831099999,-23.488789849000007],[-45.165269686999984,-23.491772382999994],[-45.172269309,-23.493821502999992],[-45.17542782800002,-23.499380270999996],[-45.17442310299999,-23.501560546000015],[-45.171239592000006,-23.502765561999976],[-45.173339747,-23.504522511999994],[-45.17199705500002,-23.505764361999965],[-45.17333482999999,-23.50891328],[-45.17236358899999,-23.512138632000013],[-45.16657307300001,-23.512478769999966],[-45.166417378999995,-23.51555820800001],[-45.16273998899999,-23.517033893000022],[-45.166418916999994,-23.52125460100001],[-45.16715881300001,-23.526035573000016],[-45.16603595800001,-23.52936075100001],[-45.16235444000001,-23.53176148699997],[-45.157814981999984,-23.529486221000017],[-45.15975375199997,-23.53338662599998],[-45.15785752599999,-23.53529545999999],[-45.159149393999996,-23.538558249],[-45.16137295800001,-23.539118966999965],[-45.16200222200001,-23.54194798899999],[-45.16531669800003,-23.54181192599999],[-45.16644340300002,-23.540319966000027],[-45.16974171300001,-23.539308932999962],[-45.17453902800003,-23.54294160199999],[-45.178330201,-23.53786138200002],[-45.18217873200001,-23.53837193699999],[-45.18589262699998,-23.541103056999994],[-45.18685594200002,-23.540203002],[-45.186537553,-23.536526663000036],[-45.18999671099999,-23.533333943999995],[-45.18725741899999,-23.530214435],[-45.18717728199999,-23.528123998999998],[-45.19202162099998,-23.521499235000004],[-45.195189377000034,-23.519939337999972],[-45.201844505999986,-23.520286114999973],[-45.21143972400001,-23.524138007999998],[-45.21539196200001,-23.527936663999984],[-45.22160345200002,-23.53018896899999],[-45.228014943000005,-23.53773477599998],[-45.231264157,-23.547253925],[-45.230540323999996,-23.550133991999985],[-45.228495199000015,-23.551494038999984],[-45.223075295,-23.551517541000006],[-45.21920396899998,-23.557220506000004],[-45.21467577200002,-23.556045709999946],[-45.21828805400003,-23.558480368999987],[-45.218338931000005,-23.562151185],[-45.214937328000026,-23.565270646999956],[-45.21109694400003,-23.563889234999973],[-45.20976256300002,-23.564772871000002],[-45.21182129499999,-23.565202152999955],[-45.21532394000002,-23.568585966999976],[-45.21027576199998,-23.570871561999983],[-45.211029999999994,-23.573604387999982],[-45.209743297999985,-23.577457685999995],[-45.20758588299997,-23.578486338000022],[-45.21084816899997,-23.58287539099999],[-45.216115129999984,-23.580681840000008],[-45.22054955499999,-23.582908076000024],[-45.222533079000016,-23.581275864000023],[-45.223727524000026,-23.582985775000015],[-45.22864204600001,-23.584319843999992],[-45.22907936399997,-23.58170960099999],[-45.23486197199998,-23.582770059999966],[-45.24098865600001,-23.587525922],[-45.244515422999996,-23.59380411],[-45.25011870600002,-23.592516022999977],[-45.25359983999999,-23.594883056999983],[-45.252742953999984,-23.59213938900001],[-45.257285845999995,-23.589874929000022],[-45.25996406100001,-23.59270641599998],[-45.259617677999984,-23.59472408],[-45.26368674499997,-23.59740346000002],[-45.26421353799998,-23.596384957999998],[-45.26177602000003,-23.59252212000002],[-45.26410993600001,-23.589351544000007],[-45.26852766000002,-23.587815149999987],[-45.27124864799998,-23.589371665999955],[-45.27273215000002,-23.586757730999967],[-45.278915203999986,-23.588531946999975],[-45.280622231,-23.584439856],[-45.27783962799999,-23.582835292000006],[-45.27847044700002,-23.579328055],[-45.27733102899998,-23.577333262999993],[-45.279042469000004,-23.57481141699998],[-45.28149065000002,-23.573224751999977],[-45.28538302200002,-23.572709206000006],[-45.29350407099997,-23.575168999000024],[-45.29468225099998,-23.57229857900001],[-45.298050558,-23.57185098299999],[-45.30621430700002,-23.57645300199999],[-45.30872616099998,-23.576041638999957],[-45.30983116499999,-23.574584443999985],[-45.312406609,-23.57527916300001],[-45.32759481599999,-23.584022682999993],[-45.34399605999999,-23.601055412999983],[-45.357635148999975,-23.62408383799998],[-45.36508961200003,-23.62598949199996],[-45.36929512299998,-23.63004282700001],[-45.37744782599999,-23.623651024000026],[-45.38157657099998,-23.626472141000026],[-45.388204788,-23.634509347000023],[-45.38995641499998,-23.633580777999978],[-45.39058238199999,-23.630911493999974],[-45.39710505599999,-23.62924749299998],[-45.397092687,-23.626528948999983],[-45.400405159,-23.62258744299997],[-45.403646848999976,-23.622183113999995],[-45.40905157399998,-23.62465925700002],[-45.41787188699999,-23.63462319599999],[-45.42504666000002,-23.645921363999992],[-45.42886603900002,-23.65565975499999],[-45.43063738000001,-23.65609161399997],[-45.429442546000026,-23.657427716999994],[-45.43219023199998,-23.67189653499996],[-45.43209535400001,-23.68369632399996],[-45.42665269700001,-23.70862466900001]]]]}},{"type":"Feature","properties":{"id":"zee-07","nome":"Santos"},"geometry":{"type":"Polygon","coordinates":[[[-47.120823646000034,-24.364749357999983],[-47.10960158400002,-24.35113495099998],[-47.107748472000026,-24.350781503999983],[-47.10247850100001,-24.35401839700001],[-47.095902172000024,-24.35391055700002],[-47.09041966699999,-24.352376348999996],[-47.08627998999998,-24.347931024999987],[-47.074877775,-24.34310548899998],[-47.06445252200002,-24.343777142999997],[-47.062883047000014,-24.337911873999985],[-47.056204146000034,-24.33872967299999],[-47.05172062399999,-24.33572858199999],[-47.045016659000005,-24.334360757000006],[-47.039446544999976,-24.32877915400001],[-47.03891855799998,-24.32645133500002],[-47.03458441700002,-24.321437656999993],[-47.02673021999999,-24.301564013000018],[-47.023752892,-24.28830518400002],[-47.02116226499999,-24.28272167400002],[-47.023617630000004,-24.280369252000018],[-47.027002519999996,-24.279872522000005],[-47.028017509,-24.277995503999982],[-47.03346017000001,-24.279137890999994],[-47.040316483000026,-24.273605814],[-47.049046051999994,-24.276596390999995],[-47.057095403999995,-24.263752495999995],[-47.054865975999974,-24.25782681200002],[-47.05003408400002,-24.25244411099998],[-47.04853258700001,-24.252226709000002],[-47.04955766500002,-24.249720280000044],[-47.044436749000006,-24.24907335900002],[-47.046303077000005,-24.24524533699997],[-47.04391971199999,-24.242856626000005],[-47.04346405100001,-24.239211957],[-47.03865427900001,-24.233704435999986],[-47.03130157399999,-24.231695337000012],[-47.02999279300002,-24.22941267499999],[-47.03049442700001,-24.223391892],[-47.02908384300003,-24.21995975300001],[-47.03285731599999,-24.21898332299997],[-47.03554554700003,-24.222271593000016],[-47.03947470999998,-24.222025079999987],[-47.04039195299997,-24.21845041799997],[-47.042928249999996,-24.216681642000015],[-47.04869467200001,-24.21659577],[-47.05520688600001,-24.21131715000004],[-47.059455265999986,-24.211108197999977],[-47.06490478699999,-24.20288792299999],[-47.06809261900003,-24.200793088999987],[-47.06856009500002,-24.198633719999968],[-47.067250354000016,-24.197452001000006],[-47.07078421199998,-24.195198517999994],[-47.06507170100003,-24.19228602300001],[-47.06575606400003,-24.190096953999987],[-47.064659991999974,-24.186941413],[-47.05781654200001,-24.185007435000003],[-47.054413436999994,-24.18167068000001],[-47.04927037400001,-24.181588013999995],[-47.042013887,-24.177069017000004],[-47.0422274,-24.173088842000027],[-47.040883670000035,-24.170425715000015],[-47.03106650400002,-24.157597571999982],[-47.03281442299999,-24.154270476000033],[-47.032066516999976,-24.151691157999995],[-47.03378113000002,-24.147142005],[-47.03114544800002,-24.148283142000032],[-47.01842963500002,-24.14187795800001],[-47.01314038200001,-24.141167040000045],[-47.00996710499999,-24.137524322999983],[-47.01030992699998,-24.131862085000016],[-47.005442195,-24.12771705699998],[-47.00334652100003,-24.127711384999984],[-46.991968117,-24.12201340899997],[-46.98780016699999,-24.12266290500002],[-46.98606545500001,-24.12508581299998],[-46.98341108599999,-24.123286760000003],[-46.97839821999998,-24.122396668000018],[-46.97475153300002,-24.11720736699999],[-46.97542077499997,-24.115236045000017],[-46.97213859499999,-24.113478783999984],[-46.971960697,-24.110278666999985],[-46.96833550100001,-24.10744804199999],[-46.96961277499998,-24.102206315999968],[-46.969453070999975,-24.092521787000006],[-46.97869891200004,-24.086355807000004],[-46.978222533000014,-24.08114273000001],[-46.98092437999998,-24.08061346900001],[-46.98322299000001,-24.074108705],[-46.97632283799999,-24.062814275999983],[-46.969865846000005,-24.061457943999983],[-46.96338419500001,-24.057128324000043],[-46.96691307300001,-24.050832148999973],[-46.967841873,-24.04531697200002],[-46.96480270400002,-24.04291336900002],[-46.96221158600002,-24.04555924700004],[-46.958302425,-24.044282440000007],[-46.952435545000014,-24.04510370000003],[-46.950065978,-24.04272694600001],[-46.94690206500002,-24.04278081299996],[-46.946260666,-24.04045657799996],[-46.94073060099999,-24.043666477999974],[-46.93842235400002,-24.04300953900002],[-46.935832747999996,-24.04383537899998],[-46.931401489999985,-24.041546013000016],[-46.928838832,-24.042765730999978],[-46.92803708500003,-24.04494608300001],[-46.921880273,-24.04128072100002],[-46.91953721300001,-24.04220892900003],[-46.917318482999974,-24.040876173000022],[-46.914701256,-24.044430422999994],[-46.90826327100001,-24.04189693900003],[-46.90575607599999,-24.043318218000024],[-46.9044467,-24.046503098],[-46.89958595600001,-24.046173694999993],[-46.899864545000014,-24.04352869299998],[-46.895990747999974,-24.03961111299997],[-46.89304461099999,-24.040132954999976],[-46.88776216600002,-24.036543531999996],[-46.889051612,-24.03542024000001],[-46.892107913000025,-24.036569304000015],[-46.893452642,-24.034414331999958],[-46.88834018000001,-24.030013838],[-46.884738285000026,-24.030211168999962],[-46.882898286,-24.025730007000007],[-46.88456138599998,-24.023091503999964],[-46.87642995099998,-24.024390575999984],[-46.87419052199999,-24.022954959000018],[-46.87118750500002,-24.023238336000002],[-46.870916603000026,-24.020710665000014],[-46.868375474999986,-24.02101395800004],[-46.867527885000015,-24.020029259000015],[-46.86761775299999,-24.016848661999965],[-46.87362994799998,-24.015239006999995],[-46.872806696,-24.014274441000012],[-46.87045324600001,-24.01550889599996],[-46.86776286700002,-24.012243572999978],[-46.86985888800001,-24.008009292999986],[-46.870259417,-24.00150395899999],[-46.87516648500002,-24.000103532000022],[-46.87781499500001,-23.997329486999988],[-46.87839593699999,-23.994912317999983],[-46.880279257999966,-23.994666449000025],[-46.880458429999976,-23.991805476000017],[-46.88274632500003,-23.989667135000005],[-46.88138615999997,-23.988145486000015],[-46.88245457599999,-23.98455370800003],[-46.88129346199998,-23.983160460000004],[-46.87933243100002,-23.98350851900001],[-46.878687636,-23.981759153999974],[-46.87708716700001,-23.981455134999965],[-46.87693526100002,-23.980168532999983],[-46.87387805700002,-23.977965223999977],[-46.867779988999985,-23.97982600799996],[-46.86263214799999,-23.973847390999993],[-46.85762909200003,-23.97322988899999],[-46.85647304499997,-23.97086568100002],[-46.854726368999984,-23.97335051200001],[-46.85414982999998,-23.970937049999968],[-46.850280279,-23.968828024000004],[-46.850978914999985,-23.967690880000024],[-46.84907484799998,-23.966825395999994],[-46.84924395899998,-23.96509949199998],[-46.84552858500001,-23.9622026],[-46.84026859099998,-23.962314357000032],[-46.83967540200001,-23.958536977999998],[-46.83478467800001,-23.955918639999986],[-46.83048253099997,-23.95704411499995],[-46.823670037,-23.95618845000001],[-46.82340453500001,-23.953703093],[-46.82708603100003,-23.95060176300001],[-46.82895662200003,-23.950714887999982],[-46.828415813,-23.948721608000024],[-46.83045907500002,-23.947640778999975],[-46.826836023999995,-23.94675739100001],[-46.825121648,-23.944632824999992],[-46.82166648899999,-23.94433355000001],[-46.82067217299999,-23.941911101000013],[-46.817279849999984,-23.943228943000005],[-46.81489197000003,-23.939630653999984],[-46.807740798,-23.940344919999976],[-46.80263766799999,-23.938080097999993],[-46.800945719000026,-23.93966818599999],[-46.796706923999984,-23.939662743999985],[-46.79331955399999,-23.943893573000025],[-46.78844292899999,-23.94080614299997],[-46.78076775,-23.948995974999992],[-46.777040435,-23.95041781499998],[-46.774190583999996,-23.949880097999984],[-46.77499660099999,-23.957071030000005],[-46.770917714000014,-23.96142227799998],[-46.769503562999994,-23.960718195000027],[-46.76871614999998,-23.96198681300001],[-46.76693500699997,-23.960771263000012],[-46.765249306999976,-23.96165280799999],[-46.76274929800002,-23.964135882],[-46.76301475499997,-23.968018427999983],[-46.75503169799998,-23.972578643000006],[-46.754812013,-23.975562828000026],[-46.759033941999974,-23.978775150999983],[-46.75817252600001,-23.980516136999995],[-46.761026658999974,-23.98355933900001],[-46.762160057000024,-23.987828595],[-46.76467599400002,-23.988402682999983],[-46.766450857999985,-23.991624826000027],[-46.76675409699999,-23.994471866000023],[-46.768463644000015,-23.996255571000006],[-46.76808677299999,-23.99894004199999],[-46.77049536200003,-23.99970434699997],[-46.77031711699999,-24.001136546999973],[-46.77385504300003,-24.00238780400002],[-46.77445901200002,-24.004472185999997],[-46.772150829999994,-24.006348705999965],[-46.77051364099998,-24.00528557299999],[-46.76843327199999,-24.005928145],[-46.761929517999995,-24.004515120999997],[-46.757873003999975,-24.001059060999978],[-46.75315961000001,-23.999417366999978],[-46.75318200100003,-23.996106903999983],[-46.74499606199998,-23.993841598000003],[-46.74358055099998,-23.991996690999997],[-46.73796082299998,-23.992160881000025],[-46.73207771400001,-23.995454826999993],[-46.72639100200001,-23.995693752000008],[-46.72170436599999,-23.992785298999973],[-46.717951373000005,-23.995745254999974],[-46.71152093500001,-23.99595023799998],[-46.70739980899999,-23.992664667999982],[-46.697845885,-23.98962332500003],[-46.69201653099998,-23.984350601000003],[-46.68802185700003,-23.98488239599998],[-46.68511609400002,-23.98222113999998],[-46.679318264000024,-23.988808647999967],[-46.674948891999975,-23.989489461999995],[-46.661969005,-23.987948264999982],[-46.65930924100003,-23.992349720999975],[-46.65626408700001,-23.99358955399998],[-46.65138599199997,-24.000723788000016],[-46.64973609399999,-24.001043719000013],[-46.642469302,-23.99749317099997],[-46.64079857399998,-23.997682729999983],[-46.63842458300002,-23.99434398300002],[-46.635373612000016,-23.994400308000028],[-46.63372334799999,-23.992287136999995],[-46.629472341999985,-23.990527021999984],[-46.633451548999965,-23.987471423999978],[-46.633480012999996,-23.983418642999986],[-46.635700956,-23.97699683399996],[-46.629418553,-23.973234734000016],[-46.621086697,-23.970814252000025],[-46.61793825699999,-23.96732893600001],[-46.615492448,-23.966871681999972],[-46.61087328299999,-23.968162908999986],[-46.60699720200001,-23.965585591],[-46.598425582999994,-23.963294803000004],[-46.59529388499999,-23.965325439000015],[-46.59226294000001,-23.96291929799997],[-46.585324485,-23.96081039700001],[-46.580429568,-23.95579828699999],[-46.57753395100002,-23.957032113000025],[-46.575337004000005,-23.953911181000016],[-46.57147475199997,-23.95259571000002],[-46.56969638100003,-23.94676124599998],[-46.56622731300002,-23.949579383000014],[-46.56766924599999,-23.95102342899997],[-46.56778638100002,-23.953388285999992],[-46.565812128000005,-23.953808286000026],[-46.56433824099998,-23.952679035000017],[-46.56350983300002,-23.948559981999995],[-46.56099615099999,-23.946470051000006],[-46.560433214,-23.94729783399999],[-46.558753796000026,-23.946257295999978],[-46.55647257999999,-23.94149228999998],[-46.552199273999975,-23.94037554699997],[-46.552238869000014,-23.936954064000005],[-46.54840971400001,-23.93321531899999],[-46.54829839000001,-23.929703506999996],[-46.545709379000016,-23.93012131500001],[-46.54377751200002,-23.92833881299997],[-46.54429462899998,-23.926657967999972],[-46.54074902600001,-23.923602481999986],[-46.53537131500002,-23.923227913999995],[-46.534079320999986,-23.921235350000018],[-46.53477035100003,-23.92017888900001],[-46.53228795199999,-23.91754786500003],[-46.52607447600001,-23.915732306000002],[-46.524385785999996,-23.91332933299997],[-46.521309966999986,-23.912227175999988],[-46.52090319000003,-23.910933444000023],[-46.522717549,-23.911147857000007],[-46.52166664200002,-23.909079532000007],[-46.52244457199998,-23.907720713999986],[-46.519972166,-23.905314483999973],[-46.515032055999995,-23.905846798000024],[-46.512508363,-23.904350199000017],[-46.50908719900003,-23.904120546000005],[-46.50380869499997,-23.904752243000015],[-46.500885697,-23.90235102700002],[-46.497448894,-23.901445378000002],[-46.49315102600002,-23.895931987999955],[-46.49264384100002,-23.890364095],[-46.48810910100002,-23.884898188000005],[-46.485404357,-23.883402519000033],[-46.483586345,-23.88400228900003],[-46.48446982299998,-23.885647048999996],[-46.482638523999974,-23.885676749000027],[-46.47809327499999,-23.879158225000022],[-46.47528091700002,-23.878783677999987],[-46.472855416000016,-23.874550152999973],[-46.469401978000015,-23.872900372999993],[-46.46644342899999,-23.86581148],[-46.46814719700001,-23.86469024399998],[-46.465853795999976,-23.860985679999995],[-46.458646191000014,-23.866108563000015],[-46.45972516299997,-23.86314974700003],[-46.454577395,-23.85388176100002],[-46.451376442000026,-23.851415557999985],[-46.443710280000005,-23.850220607999976],[-46.44113238699998,-23.847279766999968],[-46.43792342500001,-23.84255522000001],[-46.43903783500002,-23.839804682000022],[-46.44262620500001,-23.841676332000002],[-46.443890619,-23.84097247300003],[-46.439417677999984,-23.83318821300003],[-46.44101854299999,-23.83328976400003],[-46.43885439799999,-23.831331343999988],[-46.44155061999999,-23.829814692999985],[-46.443963882,-23.83067433399998],[-46.44454007299999,-23.829105544000022],[-46.44116689200001,-23.82868717000001],[-46.440106168,-23.829564294000022],[-46.439290234000005,-23.82832020099999],[-46.437429149000025,-23.829273876000002],[-46.437835303999975,-23.82627951799997],[-46.43419518799999,-23.824026838999995],[-46.43380164500002,-23.825456115999998],[-46.43175076099998,-23.82597288099999],[-46.426619032000026,-23.82524552899995],[-46.419752216000006,-23.819469545000008],[-46.41516664300002,-23.816991179000016],[-46.41463334299999,-23.817977864999985],[-46.41188800899999,-23.81677210700002],[-46.40573308299998,-23.812279951999983],[-46.396077241,-23.811750737000008],[-46.394357091000025,-23.814332421000007],[-46.38941759099998,-23.80987793999998],[-46.38342250300001,-23.809615802000003],[-46.382335055999995,-23.807491759000012],[-46.37762315499998,-23.804106548999982],[-46.373352426,-23.795432326000032],[-46.377143096,-23.795001328],[-46.37709561799999,-23.79356008100001],[-46.37241253199999,-23.78968280999999],[-46.36746078800002,-23.79246129599999],[-46.362420817999975,-23.79117128699999],[-46.36109555600001,-23.792445466999997],[-46.358685879999996,-23.792124736000005],[-46.35642979,-23.790576713000007],[-46.354469850999976,-23.791444157000004],[-46.353653615,-23.788456381000017],[-46.34919446499998,-23.787136587000006],[-46.34519990600001,-23.78743236299999],[-46.343268976,-23.784502012999994],[-46.338216999999986,-23.78150760400003],[-46.331806325,-23.781229890000002],[-46.323425923,-23.78535589299998],[-46.320349842999974,-23.785106960999997],[-46.320317863000014,-23.803068860000007],[-46.31655400300002,-23.80196794699998],[-46.304030339000015,-23.788907714],[-46.29973285699998,-23.78689596700002],[-46.29669066899999,-23.787719175000007],[-46.29135580500003,-23.781180625999998],[-46.284592626000006,-23.776706180000023],[-46.27373854000002,-23.766082265000005],[-46.27010571699998,-23.765761526000002],[-46.26462505900003,-23.76773302399998],[-46.260305397000025,-23.767884953000017],[-46.25800855599999,-23.766157930000016],[-46.255356904999985,-23.763021437000017],[-46.255681074999984,-23.75992960299997],[-46.24888324300002,-23.756868497000024],[-46.24672894000003,-23.752326051999976],[-46.247902583999974,-23.74626165199999],[-46.24589452900001,-23.745567231999967],[-46.24526032900002,-23.742948048000006],[-46.24202075300002,-23.741064979999987],[-46.23878656199997,-23.735331351000017],[-46.234922638,-23.737185243],[-46.227031897000025,-23.73694867400002],[-46.225242689000034,-23.740426470999978],[-46.22266684099997,-23.740436482000007],[-46.217748406,-23.744086214999975],[-46.210270897999976,-23.74169315300002],[-46.20801840299998,-23.745503858000006],[-46.20812980699998,-23.751253716999997],[-46.20113480499998,-23.751275114000013],[-46.199226065000005,-23.75304558699995],[-46.19664199599998,-23.752769644999987],[-46.19411277900002,-23.754200678999986],[-46.19030088599999,-23.750599517999998],[-46.189906629999996,-23.747601443000008],[-46.186431388000024,-23.74465529999998],[-46.17844405699998,-23.745644335999987],[-46.176894608,-23.735869738000016],[-46.17418158999999,-23.735755983],[-46.17049875100002,-23.732358486000024],[-46.16586948100001,-23.734337080000003],[-46.163988211,-23.732679675000004],[-46.15862166199997,-23.732193306000006],[-46.15589284800001,-23.73618524699998],[-46.150260883,-23.73249903300001],[-46.147818906,-23.72823734799998],[-46.139879629,-23.725827997000025],[-46.137801371000016,-23.72635784099998],[-46.136250630000006,-23.724675095999995],[-46.13184259299998,-23.724841282999986],[-46.12614550500002,-23.71286752600003],[-46.12435052799998,-23.714955870999972],[-46.12243341899999,-23.714851066999984],[-46.12359526199998,-23.717109978999986],[-46.122682938000025,-23.718699046999966],[-46.118216282,-23.715738677999983],[-46.11394489000003,-23.71777344600002],[-46.111492794000014,-23.714854186000025],[-46.108571634999976,-23.715114742000022],[-46.10642225800001,-23.711494393000013],[-46.103850535,-23.711634452999977],[-46.10402957999997,-23.715273684000014],[-46.100231830999974,-23.71984424300001],[-46.101641083000004,-23.72269499399998],[-46.09952955500001,-23.725015953000025],[-46.097002841999995,-23.72582318600003],[-46.09978405599998,-23.729049202000002],[-46.10361862299999,-23.729147314999995],[-46.107203345000016,-23.73103374599999],[-46.102420854,-23.736297089],[-46.097752786000015,-23.735538995999995],[-46.09563399400003,-23.733762565000013],[-46.084628581000004,-23.733791844999985],[-46.07744966500002,-23.732598407999994],[-46.067766012,-23.72901146599997],[-46.06551413000001,-23.725854242000025],[-46.06610849499998,-23.723587790000007],[-46.065158827000005,-23.722308080999998],[-46.056974801000024,-23.71603669],[-46.04379921800001,-23.719999573],[-46.037258104999985,-23.72094480999998],[-46.030937564,-23.720087476999975],[-46.02694013799998,-23.717981688000012],[-46.02587459599999,-23.71558261600002],[-46.01668113599999,-23.714819175999978],[-46.008524362999985,-23.708649577000045],[-46.004258213000014,-23.70809365000002],[-45.996892165000034,-23.70451085600001],[-45.992258699,-23.705551393000018],[-45.98708351500001,-23.699389601000004],[-45.97653834800002,-23.693978082000008],[-45.97131030100002,-23.694716124000017],[-45.969535609,-23.69691874799997],[-45.955062913000006,-23.69410574699998],[-45.954129113000015,-23.695538209999995],[-45.95626165300002,-23.697238184000003],[-45.956651981999975,-23.700538618999982],[-45.951886949000034,-23.699558888000016],[-45.95048523000002,-23.702260351000007],[-45.941809772000006,-23.699921808999992],[-45.940143261,-23.701446536999985],[-45.937442717,-23.700546756000005],[-45.936122306000016,-23.701181729999977],[-45.92598212899998,-23.69366769599998],[-45.923989962,-23.689622754000023],[-45.91979005000002,-23.688405323999987],[-45.91984098400002,-23.68709904799998],[-45.92282332000002,-23.68534065300002],[-45.92443764699999,-23.681306776999975],[-45.91819653599998,-23.677543022999995],[-45.916901853999995,-23.672205553000033],[-45.917538690000015,-23.669151632000027],[-45.915088006000026,-23.66553282799999],[-45.91190092499999,-23.664371019999972],[-45.905670195000035,-23.66428341099998],[-45.90555598499997,-23.66081555199997],[-45.900681889000005,-23.65894908500003],[-45.89958061499999,-23.65582855399998],[-45.89296594699999,-23.655476858999968],[-45.890764090000005,-23.65699613700002],[-45.887088799000026,-23.65724420999999],[-45.88306383399999,-23.65328430300002],[-45.87558082800001,-23.65420244],[-45.87322170499999,-23.652591627999975],[-45.87211198400002,-23.65473444200001],[-45.870075240999995,-23.655143215999992],[-45.86276999099999,-23.652038415999986],[-45.859513350999976,-23.65500806199998],[-45.85770275599998,-23.655229754999986],[-45.85545376699997,-23.653306116000014],[-45.85653500400003,-23.650564942999996],[-45.85471144299999,-23.64931847999997],[-45.85470999599999,-23.646633757999997],[-45.85068297800001,-23.647692792999973],[-45.84986874200001,-23.643833125999997],[-45.847323114999995,-23.64557024800001],[-45.84510671800002,-23.643599106999993],[-45.84201088100003,-23.64844184600003],[-45.83395751199998,-23.648375848000008],[-45.83285482000002,-23.651139112000003],[-45.83116835300002,-23.65153418],[-45.83315708700002,-23.656349063999993],[-45.83176982499998,-23.65724226600002],[-45.831078004,-23.663091697000024],[-45.835275078999985,-23.664834439000003],[-45.838029828,-23.669105339000012],[-45.83263524300003,-23.669890398000017],[-45.83141087299997,-23.671835927999997],[-45.82942743900003,-23.672358889999995],[-45.83025652200001,-23.674722053999968],[-45.825721827999985,-23.67444515199998],[-45.823317695000014,-23.67617427800002],[-45.82062469400002,-23.674898672999966],[-45.814135065000016,-23.676899003000006],[-45.808893936000004,-23.675477187999988],[-45.80539190299998,-23.67671181700002],[-45.79820433999999,-23.675372093999993],[-45.79409703800002,-23.680055245999995],[-45.79694794699998,-23.68462562000002],[-45.799626755000034,-23.69308366199999],[-45.79809986100003,-23.69401399700001],[-45.796613329000024,-23.700387463000027],[-45.79709654099997,-23.70516047500001],[-45.794903992,-23.715656595000002],[-45.799374046000025,-23.720600637000032],[-45.807357638999974,-23.72480605499997],[-45.842204403999986,-23.757951205999976],[-45.864351198,-23.759589795000018],[-45.87969710599998,-23.763151907000005],[-45.88291166599999,-23.762302198999972],[-45.89283242900001,-23.764545403000007],[-45.89938959699998,-23.764737104999995],[-45.94055082500001,-23.774849112000023],[-45.97620492499998,-23.786706035999998],[-45.989673090999986,-23.792087378000016],[-45.99285554699999,-23.795156027000015],[-45.99143773200001,-23.796845827000034],[-45.992929899999986,-23.80045472600003],[-45.998053041999974,-23.80343572999999],[-45.99976936799999,-23.802984300999984],[-46.00128389499997,-23.79958697699999],[-46.00703924999999,-23.79926701099998],[-46.02350900599998,-23.804422280999994],[-46.03454622800002,-23.81039414499999],[-46.03809754100001,-23.813941645999986],[-46.03916897599999,-23.817383827999972],[-46.03831672199999,-23.820078831999975],[-46.03460826299999,-23.82118694899998],[-46.03816987400001,-23.822087206999964],[-46.039633396,-23.823755936999984],[-46.03887704800002,-23.82586257499997],[-46.043820149000005,-23.83067741500001],[-46.04690952399999,-23.83203279600004],[-46.05153356699998,-23.82919675900001],[-46.05055863000001,-23.828200277000008],[-46.04712765900001,-23.82816575300001],[-46.04438952200002,-23.825178117000014],[-46.046619603000025,-23.820144629000033],[-46.05369448099998,-23.814947371000017],[-46.06259404500002,-23.81373241400003],[-46.073563336999996,-23.815950331000007],[-46.092023972,-23.822827201999978],[-46.11397454700001,-23.83273105900002],[-46.12364615299998,-23.838813957000013],[-46.13095796200003,-23.845752478000023],[-46.133288994999994,-23.85033225599999],[-46.132446087000005,-23.856519617000007],[-46.125477724999996,-23.856960022000017],[-46.12453376899998,-23.860272757000022],[-46.12746116,-23.862676433999994],[-46.13126776700001,-23.86244736999996],[-46.136843253,-23.86827368700001],[-46.136763105,-23.871397595000033],[-46.138665467,-23.87243226999998],[-46.139963661000024,-23.875195012999995],[-46.13763145100001,-23.877056088000007],[-46.141200217000005,-23.88035392499999],[-46.140492730999995,-23.882719973999986],[-46.139353754999995,-23.882924742999982],[-46.139761695000004,-23.884224030999953],[-46.13775682099998,-23.884974404999976],[-46.13857212800003,-23.890239192000003],[-46.14020008300002,-23.891768414000015],[-46.14937288400001,-23.894121155000004],[-46.152948926000015,-23.899223360000004],[-46.15124639599999,-23.90573423299997],[-46.14799247399998,-23.904654923000017],[-46.14610478200001,-23.90548927700001],[-46.150282679999975,-23.90791957200003],[-46.155903835999986,-23.909258726000022],[-46.156686480000026,-23.906971400999996],[-46.160648464000026,-23.906397054000013],[-46.16277282900001,-23.907240424999994],[-46.16842102099997,-23.911685559],[-46.168964302000006,-23.91470181399999],[-46.172395329,-23.91683451900002],[-46.174891027,-23.92164795299998],[-46.179873196000024,-23.924569419],[-46.18087992900002,-23.934267503999987],[-46.17866951399997,-23.93890084399998],[-46.17341124199999,-23.941411558000024],[-46.17320675899998,-23.93979017300001],[-46.169866952999996,-23.937168408999995],[-46.16863395299998,-23.937389197000023],[-46.167293953000005,-23.93812505300002],[-46.16580024000001,-23.94386581899998],[-46.160318948999986,-23.94519248400002],[-46.16714876999998,-23.94651333399998],[-46.17233730300001,-23.957028948000012],[-46.182322079000016,-23.961233702000023],[-46.184294664,-23.96361987900002],[-46.18541849399998,-23.96814706999999],[-46.184630664000004,-23.971042193000002],[-46.18754993099997,-23.97296129599999],[-46.18609833300002,-23.974590724],[-46.18734261700001,-23.97728259500002],[-46.184886054,-23.978350436000028],[-46.18681774700002,-23.982542249999998],[-46.184315340999994,-23.98259069099998],[-46.186379907,-23.98414542400002],[-46.186477852999985,-23.98679571299998],[-46.181879826,-23.988817498999975],[-46.182137243,-23.990516345000003],[-46.18552503500001,-23.99177922199999],[-46.187769172,-23.989912700999977],[-46.19157583200001,-23.989941394000027],[-46.195738260999974,-23.993729351000006],[-46.20031395900003,-23.994921106999985],[-46.201036338999984,-23.99628238399998],[-46.19990338600002,-23.99766353400003],[-46.20279874099999,-24.000354158999972],[-46.206508824000025,-24.000060527000006],[-46.207665212,-23.998862997999993],[-46.20567429699998,-23.99575350200002],[-46.202577107000025,-23.993908114000018],[-46.20303548800002,-23.991242211999975],[-46.20619116199998,-23.987927922999972],[-46.21124752499997,-23.98604284900001],[-46.21828513000003,-23.985653873999976],[-46.246053378000006,-23.99227561700002],[-46.24806338399998,-23.993491022999986],[-46.247965686999976,-23.99543500599996],[-46.26024777700002,-24.00031590100003],[-46.266847788999996,-24.006325538000006],[-46.26757839200002,-24.009585867999984],[-46.26513285099997,-24.01016104500002],[-46.26283199800003,-24.014048089000017],[-46.265674590999986,-24.01433364000002],[-46.2687909,-24.012777828000022],[-46.27502329599997,-24.016349964000018],[-46.275445735999995,-24.018922372999995],[-46.277360622,-24.019675506],[-46.27929697399999,-24.022631590000003],[-46.280005474,-24.026249156000002],[-46.277562396000015,-24.030549859000015],[-46.27770949500001,-24.034893080000007],[-46.27827030200002,-24.03657688099999],[-46.281476363000024,-24.03789031299999],[-46.28272007800001,-24.04320661699999],[-46.289152172,-24.04504780299999],[-46.28747464899999,-24.04216854700002],[-46.28959296300002,-24.039834787000007],[-46.286658166999985,-24.038155835000005],[-46.28884406399999,-24.03663036799998],[-46.284579748,-24.032337816999977],[-46.28414502099997,-24.03020961399998],[-46.28553333500003,-24.02838253999998],[-46.28389446199998,-24.02586769200002],[-46.28574267699997,-24.02429792899998],[-46.28949094799998,-24.025447895000013],[-46.28965149900001,-24.02414598699998],[-46.292242040000026,-24.022570863999995],[-46.291072316,-24.019553082000012],[-46.29522601200001,-24.01632291899999],[-46.298735212,-24.016000084999973],[-46.304615461000026,-24.019762286999985],[-46.31114318800003,-24.028514481],[-46.31219879299999,-24.027181227000018],[-46.31176335800001,-24.021612259000012],[-46.31388644899999,-24.019921239000002],[-46.316186302000006,-24.020344927000014],[-46.31791786100001,-24.024238829000016],[-46.320012976999976,-24.024061863999957],[-46.321324403000006,-24.022274999999965],[-46.32420825100002,-24.022456219999988],[-46.322673294000026,-24.016754279999994],[-46.32361422399998,-24.012528561000003],[-46.32216608599998,-24.00929865499999],[-46.323212324999986,-24.00947248599999],[-46.32316063500003,-24.008576811999983],[-46.32028871900002,-24.002885832999983],[-46.321881265,-23.999971099999982],[-46.319489257999976,-23.997320065999986],[-46.31763267600002,-23.997977966000004],[-46.31605292799997,-23.997111480000015],[-46.31570206499999,-23.99902499900003],[-46.31402240400002,-23.99844524999999],[-46.31061607700002,-23.99610378500001],[-46.30973696000001,-23.99408523699998],[-46.310824432000004,-23.98554727999999],[-46.31580731899999,-23.979834154999992],[-46.325574370000034,-23.973874116999987],[-46.33889983099999,-23.97051207700003],[-46.34886933400003,-23.96953499],[-46.353280547999994,-23.97172276100003],[-46.35797962700003,-23.97020323999999],[-46.36605757900003,-23.971469780000007],[-46.37059245699999,-23.97565821500001],[-46.370426006,-23.977203995000018],[-46.36822649099997,-23.978206595000014],[-46.36772805700002,-23.981129802999977],[-46.37504362300001,-23.986809381000015],[-46.37896430000001,-23.992375805999988],[-46.37863254100001,-23.993554567999965],[-46.384561287,-23.994943878000015],[-46.387934422,-23.99459659099999],[-46.391967523999995,-23.997622772],[-46.391825401999995,-24.001378776000017],[-46.389389655000016,-24.00494793799999],[-46.392470205999985,-24.00734943600002],[-46.39214353199997,-24.01095943899999],[-46.383794028000004,-24.017654296999968],[-46.385299101,-24.018688017999974],[-46.39033231899998,-24.016617420999978],[-46.39186294899997,-24.021052487000006],[-46.39053534700003,-24.023442064999976],[-46.399680794000005,-24.03357460299998],[-46.402143790000025,-24.031586107999978],[-46.39951329899997,-24.02606683200002],[-46.39969903399997,-24.018349546000028],[-46.407703544000015,-24.014766059999996],[-46.417548305000025,-24.013956554999982],[-46.433308290000014,-24.017150064000017],[-46.46101644499999,-24.025928581000016],[-46.521346004,-24.049711575999993],[-46.58581001699998,-24.07966100700004],[-46.669028049000026,-24.121166605999978],[-46.70305456400001,-24.139470790000015],[-46.746384322,-24.164867836999964],[-46.78928767999997,-24.187443684999998],[-46.791128329,-24.190457234999993],[-46.793405146,-24.191015622000005],[-46.794856485000025,-24.193998862999987],[-46.797283197999995,-24.193668430999985],[-46.80120121499999,-24.19533100000001],[-46.805388708,-24.200292102999992],[-46.810860734000016,-24.200894222999978],[-46.811618597000006,-24.202348616000013],[-46.81310327599999,-24.20081718900002],[-46.81649286800001,-24.201368686000034],[-46.84569384500003,-24.217699332000006],[-46.882521129999986,-24.241555823999988],[-46.891786163000006,-24.249234714999993],[-46.92888529499999,-24.271422302000005],[-46.963022437999996,-24.296498562999982],[-46.980489733000006,-24.310994536999992],[-46.99708611400001,-24.327163421000012],[-47.00055619599999,-24.32890355199997],[-47.001158947000015,-24.332446549999986],[-47.00358526100002,-24.33621210400002],[-47.000616922999995,-24.340655002999984],[-47.002533820999986,-24.344877240000017],[-46.99942662299998,-24.350552130999944],[-46.99654871299998,-24.350122095999982],[-46.99639502999998,-24.351105706000006],[-46.99890668900002,-24.351504390000002],[-46.99953688800002,-24.355246220000026],[-47.00240276599998,-24.35705926999998],[-47.002830647999986,-24.360295423000025],[-47.00589990700002,-24.365075241999975],[-47.01018607800001,-24.36709613599999],[-47.017909012000025,-24.37443429899995],[-47.01702141200002,-24.386235439000032],[-47.01331579300002,-24.38779167500002],[-47.00849553199998,-24.387954509000018],[-47.01132066700001,-24.38978052499998],[-47.00993281299998,-24.395209271999978],[-47.00133419399999,-24.397390454000007],[-47.00170143200002,-24.399689723999973],[-47.00639768000002,-24.401175427],[-47.003695994000005,-24.408617111000012],[-47.009430844000015,-24.409370095999964],[-47.009872710000025,-24.410443069000006],[-47.007409182,-24.411950880999996],[-47.00839758299998,-24.413538038000013],[-47.01334966600001,-24.41257649900001],[-47.01463251199999,-24.411019053000018],[-47.019321255000015,-24.41333941099997],[-47.02245221300001,-24.416674772000018],[-47.020357981000025,-24.417953183],[-47.02052684199999,-24.419939106000022],[-47.02588440900003,-24.42456116699996],[-47.03016898999999,-24.426287101000018],[-47.03759565600001,-24.425760551000007],[-47.03910092699999,-24.42728080199999],[-47.04828386899999,-24.429631359999977],[-47.048484943999995,-24.431873918000015],[-47.05488578099999,-24.431957700999984],[-47.057704564000005,-24.43546832700002],[-47.06068375199999,-24.435644444999994],[-47.07262205299998,-24.442808108999973],[-47.078514962999975,-24.444752612999984],[-47.07842367400002,-24.441099092000016],[-47.081053859000015,-24.437660596000015],[-47.081286893000026,-24.43410647299999],[-47.08603064300002,-24.430514673999976],[-47.08805320999999,-24.433087996999973],[-47.09368778800001,-24.435490168],[-47.102016642000024,-24.433255830999993],[-47.10809562899999,-24.429792169999974],[-47.108031235,-24.426908958000013],[-47.11183897199999,-24.42597532700001],[-47.11442847299998,-24.42001165999997],[-47.11775124700001,-24.416888969000006],[-47.11657733800001,-24.412746851999998],[-47.11372865900001,-24.410335669999977],[-47.11324083199998,-24.40222600299998],[-47.11192742999999,-24.39903420299998],[-47.107975914000015,-24.397696016000012],[-47.100699951000024,-24.39126713700002],[-47.10697731200003,-24.388376621000006],[-47.11101648599998,-24.38804083500001],[-47.112966851000024,-24.386237285000004],[-47.11102310199999,-24.38252276499998],[-47.11626893699997,-24.37893334099997],[-47.11641281099998,-24.376397580999992],[-47.114194484999985,-24.37167046500004],[-47.120823646000034,-24.364749357999983]]]}},{"type":"Feature","properties":{"id":"zee-08","nome":"Itapeva e Sorocaba"},"geometry":{"type":"Polygon","coordinates":[[[-48.65221167400001,-22.534070476000018],[-48.63897068900002,-22.538748095000024],[-48.63518627799994,-22.54180241999995],[-48.63203421999993,-22.547208839000017],[-48.624308230999986,-22.548293755999946],[-48.623384872999964,-22.552364708999985],[-48.620582941000016,-22.555136038999976],[-48.62069460599998,-22.56050993500004],[-48.619666689999974,-22.561992431000018],[-48.620978789999924,-22.564017986000017],[-48.62059870100002,-22.56657786500001],[-48.61973957099997,-22.568680029000006],[-48.616977901999924,-22.57006349599999],[-48.615792995999925,-22.574748956999994],[-48.61011069399996,-22.57750678000002],[-48.60231833300003,-22.576853269000026],[-48.592302844000024,-22.584737753000002],[-48.58581401299995,-22.584273329999974],[-48.58180069399998,-22.579395664999982],[-48.57553712599997,-22.577578187999954],[-48.56846065099996,-22.58022948000001],[-48.56118124400001,-22.586637247999988],[-48.555492804999915,-22.582824773000027],[-48.541505917999935,-22.579296334000002],[-48.535908802,-22.579269669999903],[-48.533036145999915,-22.576547162999983],[-48.52943825800003,-22.575769955000005],[-48.525952936999936,-22.57324439199994],[-48.52327009399995,-22.56925769299993],[-48.52421798400002,-22.565688759999933],[-48.52179478000001,-22.559865191999958],[-48.51567301199997,-22.549936507999902],[-48.513152590999994,-22.548218286999933],[-48.507785361,-22.549066112999895],[-48.50434699800002,-22.55228358500001],[-48.500417234,-22.55207674299999],[-48.49455869500002,-22.549314669999994],[-48.490156564999964,-22.545389680999957],[-48.486650982000015,-22.54639321099995],[-48.46504144400001,-22.54122017399992],[-48.44884485099999,-22.53925977799993],[-48.43605164100001,-22.54414944400002],[-48.41284374799999,-22.55703865700002],[-48.40155102199999,-22.565427412000012],[-48.38425650400001,-22.579417332000002],[-48.380026155999985,-22.584114197000023],[-48.37226668599993,-22.593968921000005],[-48.36433697799993,-22.609623500999987],[-48.36105300899999,-22.61127408499999],[-48.352338300999975,-22.612524895999947],[-48.34191303500001,-22.621988964000014],[-48.336587955000034,-22.62423152599996],[-48.331780639999984,-22.624720788999912],[-48.32701184199993,-22.622385656000002],[-48.315249122999944,-22.611095293999984],[-48.308525540000005,-22.607041633999984],[-48.29426739299993,-22.60265389999995],[-48.281353228,-22.59622484300001],[-48.27465636699993,-22.595345561999935],[-48.27009794899999,-22.59583514100002],[-48.26653937399999,-22.598296553000015],[-48.262740995,-22.602647631000018],[-48.25582459499993,-22.61529426300001],[-48.25271461500001,-22.617901503999978],[-48.24999410999993,-22.61925163400001],[-48.24413373300001,-22.618120310999927],[-48.23988066300001,-22.612556158000018],[-48.23589479999998,-22.59764934700001],[-48.23293881000001,-22.59456719199999],[-48.22888114199992,-22.59367770900002],[-48.22345890899999,-22.59449248200002],[-48.217756742000006,-22.598006209999994],[-48.21544418399998,-22.604491005],[-48.21522220100002,-22.613098144],[-48.21059734099999,-22.61800849399992],[-48.18994268300003,-22.625413021999933],[-48.17830239199992,-22.625623318999985],[-48.170428002,-22.629312613999993],[-48.16323466499995,-22.63614255700003],[-48.15971244199994,-22.63766657000001],[-48.15572377999996,-22.637282254000016],[-48.145878100000004,-22.630656455999997],[-48.13752681,-22.628303291999995],[-48.11813021199998,-22.629274043999995],[-48.11075514599992,-22.628136086999973],[-48.09742259199999,-22.623106163999925],[-48.09474094199999,-22.62359365399993],[-48.09133819599999,-22.627032774999908],[-48.08998688499992,-22.63180427300001],[-48.09135030200003,-22.637147336999977],[-48.09508039500004,-22.644036785999955],[-48.095621441000006,-22.648099306000002],[-48.093003874999965,-22.650800462999932],[-48.08801970799993,-22.65156570800002],[-48.089503298999944,-22.658117936999922],[-48.08956473999996,-22.66697673299999],[-48.09261508600002,-22.67218399799997],[-48.09314707099998,-22.676028744999936],[-48.095358444,-22.67790902699999],[-48.095732594999966,-22.683831366],[-48.09868894,-22.68875547499993],[-48.09391560299996,-22.702211655999957],[-48.09064098900001,-22.70611994599993],[-48.086381661000026,-22.707083931999975],[-48.08647784300001,-22.717952066000016],[-48.083906507999984,-22.723902049999996],[-48.08149740699997,-22.725392871999986],[-48.07594257299996,-22.726197819999957],[-48.073488355999935,-22.733140851999956],[-48.071573742999995,-22.736535538999973],[-48.07010674999992,-22.736893928999983],[-48.058577222999986,-22.733879545999955],[-48.05050999000002,-22.728964077999994],[-48.04590175399994,-22.724634385999934],[-48.03838041,-22.72513525299996],[-48.03267006499999,-22.719695267000006],[-48.03050165299999,-22.719276084999915],[-48.026051800000005,-22.723602459999995],[-48.02115075099999,-22.724533926999978],[-48.01430480899997,-22.734621513999954],[-48.01708729799998,-22.737764909000024],[-48.018297281999985,-22.74134174999995],[-48.018209333000016,-22.744511762999934],[-48.016097882,-22.74889088499997],[-48.024080555999944,-22.74890377999998],[-48.02609231099996,-22.750258577999986],[-48.02788495200002,-22.75418488199995],[-48.026824194000035,-22.762452112],[-48.02942386299993,-22.778391404999997],[-48.026861904999976,-22.78911885399991],[-48.02722782400002,-22.791824887000022],[-48.031880616999956,-22.797011656999977],[-48.030690997999955,-22.805896428999972],[-48.03365036699995,-22.81783876100002],[-48.03202256899999,-22.825715790000004],[-48.03401958699994,-22.82716980100001],[-48.041828749,-22.828849077999976],[-48.047569609999925,-22.832395956000028],[-48.03878357199994,-22.846254432999995],[-48.013869420000006,-22.853140637000013],[-48.00380868199994,-22.865003027000007],[-48.00246367,-22.868434694999962],[-48.00275159000001,-22.87977019299996],[-48.00634795299994,-22.882367778999924],[-48.014220658000006,-22.883122526999944],[-48.01565120599997,-22.88475030799998],[-48.012397068999924,-22.89235110599998],[-48.00943118499993,-22.895551145999978],[-47.999829696000006,-22.89917521799998],[-47.99239401500001,-22.894951938999945],[-47.98764388699999,-22.88711585799996],[-47.99093518699999,-22.87928980100003],[-47.99055241199994,-22.87466657499992],[-47.98848894200002,-22.87001905799995],[-47.98499854599998,-22.86872868899997],[-47.98192299799995,-22.870192374999935],[-47.98121840800002,-22.876108581999958],[-47.974974309999936,-22.88441996599994],[-47.97541607299997,-22.890074237999944],[-47.973420023000024,-22.896506566999967],[-47.96945998000001,-22.899826400999924],[-47.96808842399998,-22.899444253999945],[-47.96123341699997,-22.890573244999914],[-47.95825957199992,-22.88902744999996],[-47.94795284899999,-22.888319497999984],[-47.942059885999925,-22.88385612199997],[-47.93741063800002,-22.88295101099998],[-47.928682681999945,-22.882332239999904],[-47.91582933099994,-22.88405521899996],[-47.90596332699994,-22.876879317999958],[-47.90028687499994,-22.877559420000015],[-47.898380277999934,-22.870248867999976],[-47.89617202400001,-22.868678567999993],[-47.88705039199999,-22.86627175899997],[-47.88147822799999,-22.862879750999987],[-47.87515637499996,-22.86387902899999],[-47.86675840700002,-22.86027408499997],[-47.862822666,-22.860941615999945],[-47.859162207999994,-22.866165337999966],[-47.85764848499997,-22.86651438199999],[-47.85943213500002,-22.871048645999956],[-47.85864844499991,-22.871854122999935],[-47.86093065900002,-22.873585138999996],[-47.861052527999966,-22.87866570399993],[-47.86394869099997,-22.881134505999967],[-47.86296284699995,-22.884551067000018],[-47.86473950499993,-22.885165178000026],[-47.86482324999997,-22.887318416000028],[-47.86793281400003,-22.888803225999922],[-47.87080906799997,-22.894014673000008],[-47.86911732799996,-22.89485189200002],[-47.868567944999995,-22.898578252999997],[-47.86360886099993,-22.89824891699998],[-47.86318017100002,-22.900078505],[-47.85996697799993,-22.898818155000004],[-47.857708796999994,-22.900443520999925],[-47.85115936999994,-22.901324409999916],[-47.847611233000016,-22.900386804999968],[-47.84486283600001,-22.90129358199993],[-47.84051918199992,-22.89949884100004],[-47.835077825999974,-22.896441874999926],[-47.83332318499998,-22.89388151299994],[-47.832044993000025,-22.88554105099995],[-47.806171872999926,-22.876355072000045],[-47.76405686700003,-22.902448171000003],[-47.76197730000001,-22.905103844999985],[-47.760218964999986,-22.91078026799998],[-47.757329877999965,-22.913955261999952],[-47.75944843299999,-22.916093492999945],[-47.759748739999964,-22.922137078999988],[-47.75462834699999,-22.923400040999926],[-47.750024231,-22.926930159999984],[-47.745785594999916,-22.932442187999996],[-47.722671455999944,-22.93231098699992],[-47.72260554000002,-22.924409188000023],[-47.72157806699999,-22.922924406999986],[-47.72257386199999,-22.91962170300002],[-47.71395622199998,-22.913402275999943],[-47.71410979600002,-22.91160065399998],[-47.699166531,-22.921316091999962],[-47.697402136999926,-22.926042273999943],[-47.69785416599996,-22.931192321],[-47.69461060599997,-22.93545939500001],[-47.692621535,-22.94135614899994],[-47.68644789599995,-22.947667318999997],[-47.68350676099999,-22.952801167999933],[-47.67844352600003,-22.95678405299996],[-47.67596627000001,-22.963233703999993],[-47.67688311400003,-22.968037406],[-47.673068468999986,-22.972921762999924],[-47.669623394999974,-22.97486725899995],[-47.67042508600002,-22.980628027000005],[-47.66896762399995,-22.982533099999994],[-47.66551008499994,-22.983906570999917],[-47.66372045899993,-22.99022764000001],[-47.66821932999995,-22.993246606999996],[-47.65985102299999,-22.997372649999996],[-47.66013998400001,-23.000414174999946],[-47.65842263500003,-23.001829042999915],[-47.65868737599998,-23.00660591599995],[-47.661471601000024,-23.008875318999962],[-47.660562003999985,-23.01371293900001],[-47.662873939000015,-23.01825828599993],[-47.659959992999916,-23.02495557799995],[-47.66129762799995,-23.02826722199994],[-47.659900891000014,-23.031322554999978],[-47.65401632499993,-23.035910144999946],[-47.65209769699999,-23.043176198000022],[-47.64956146200001,-23.04303821299997],[-47.64534029700001,-23.040377994999965],[-47.63898661000003,-23.043029244999943],[-47.629098984999985,-23.043641222999955],[-47.629162034999986,-23.047121511999972],[-47.631571135,-23.04995220899997],[-47.631525040999975,-23.054813220000018],[-47.62897086599998,-23.05796323199996],[-47.629043625999934,-23.06145259300001],[-47.62621663699997,-23.068200266000012],[-47.62616336299993,-23.07587080499997],[-47.61260814500002,-23.06866914300003],[-47.60273168399999,-23.070571449999992],[-47.59752073399994,-23.07387694399995],[-47.594384555999966,-23.07432467400002],[-47.59286161099999,-23.07652497300001],[-47.594551008999986,-23.07963040900001],[-47.60424081699994,-23.08738135099998],[-47.60344518499994,-23.089762832000023],[-47.607664698999955,-23.095213795000006],[-47.60860847399993,-23.099242742999927],[-47.603788941999994,-23.098359699000017],[-47.60269208300002,-23.099743049999965],[-47.59766351399998,-23.099320301999963],[-47.59220428999998,-23.103071399999923],[-47.591588874000024,-23.10190436800002],[-47.589662724999926,-23.10195136199997],[-47.58748944299998,-23.103192136999944],[-47.58584264799992,-23.10219361899995],[-47.58126516300002,-23.10369353799994],[-47.572680596999994,-23.09832805999997],[-47.56762545499999,-23.09882659799995],[-47.56564026099994,-23.096918906999953],[-47.56657929699992,-23.093937677999975],[-47.56296292199994,-23.090656392999957],[-47.553543956,-23.098443113999945],[-47.549407003,-23.097334780999905],[-47.54205851699993,-23.098302352999944],[-47.53802931999996,-23.101658078999947],[-47.530135230999974,-23.10142034099999],[-47.52705991300002,-23.09586492299996],[-47.510009797999935,-23.09210723400002],[-47.500827019999925,-23.094206316999987],[-47.496988588000015,-23.096853939000024],[-47.48973001000002,-23.105527536000018],[-47.485768538,-23.11530104899997],[-47.47980465199993,-23.12354773499993],[-47.47097059999999,-23.123197301999983],[-47.463530176999946,-23.124573580999996],[-47.46769490999992,-23.11778314700001],[-47.46489900099994,-23.108844197999968],[-47.452315318,-23.105820834999978],[-47.446453235999975,-23.106896673999962],[-47.44165298500002,-23.105886965000003],[-47.43405438099995,-23.106452311],[-47.42803082000002,-23.10073642200001],[-47.419551843000015,-23.113279826],[-47.41551393899999,-23.115189713999936],[-47.41194385900002,-23.11957345299998],[-47.415295287,-23.12776540299995],[-47.41327891900001,-23.132655527],[-47.419611229999994,-23.140215987999998],[-47.420212761000016,-23.145003479000028],[-47.42271771199995,-23.148873143],[-47.42316628799996,-23.15638692999994],[-47.420961698,-23.16397246999991],[-47.41836216899993,-23.16805108599992],[-47.417283054,-23.166482818999945],[-47.41177652599998,-23.16385317399999],[-47.407534419,-23.163334064000022],[-47.40307460599996,-23.161194491999993],[-47.39777368400002,-23.161514424000032],[-47.391815941000004,-23.154907901000026],[-47.38910950100001,-23.15530039499992],[-47.38739891300003,-23.153464697000004],[-47.38399221200001,-23.15419467700002],[-47.38130700399995,-23.151112735000016],[-47.37733173100003,-23.15268693299997],[-47.375197567999926,-23.151183323999966],[-47.37622205999998,-23.148335711000016],[-47.37447469599999,-23.148651503999925],[-47.37216979200003,-23.144494293999966],[-47.361319890000004,-23.14133865299999],[-47.35538963299995,-23.136684070999987],[-47.35005657400001,-23.130034278999936],[-47.34946676199997,-23.11778896799996],[-47.34185869499993,-23.11690628000002],[-47.339282908999955,-23.11075549999999],[-47.33516460200002,-23.110952665],[-47.327624263000025,-23.11458321600001],[-47.32528315899993,-23.118148248000004],[-47.32450272199992,-23.122409367999968],[-47.32070203699995,-23.123459480999994],[-47.30044293599997,-23.113108413000017],[-47.30264961500001,-23.122442500999973],[-47.30252989899998,-23.127475391000022],[-47.304874250999944,-23.129051994999983],[-47.30413813299998,-23.13070340099995],[-47.30540861799995,-23.13379971199997],[-47.30241778499993,-23.135242026999922],[-47.299869258,-23.138729254999994],[-47.29256254499995,-23.15460546899997],[-47.28969985999999,-23.157191296999997],[-47.287093451999965,-23.157723765000004],[-47.28348086599999,-23.15434776399996],[-47.273963908999974,-23.151284812999982],[-47.270234731999956,-23.14547205299995],[-47.26001153599998,-23.147083424999952],[-47.25723974899995,-23.15026653299998],[-47.255467108000005,-23.156076229000004],[-47.257781970999986,-23.161368949999964],[-47.25821516199994,-23.166337339999988],[-47.25716919500002,-23.16889676400002],[-47.25016498000002,-23.173604639000008],[-47.25216454199995,-23.17486222899999],[-47.24924195800003,-23.176917483000008],[-47.24790048099994,-23.180574888],[-47.24630977599998,-23.180777587000023],[-47.24455211600003,-23.18290319999993],[-47.23872937499999,-23.184373839999918],[-47.237535696000016,-23.183039262000005],[-47.23352546199999,-23.18238550799993],[-47.232166958999926,-23.180703600000015],[-47.22774499100001,-23.181904755999938],[-47.22515620099995,-23.180871690999986],[-47.21666518099994,-23.183761419999982],[-47.212726979999964,-23.183250457999968],[-47.195693791000004,-23.186555171999927],[-47.193066853000005,-23.19061190399998],[-47.189313832999964,-23.192926775000007],[-47.18588652199998,-23.193141106999974],[-47.176088091999986,-23.196968461999898],[-47.16647616299997,-23.197511126999984],[-47.15631721799997,-23.201540291],[-47.150855693999915,-23.200766749999957],[-47.143618538,-23.202976515999918],[-47.13496155399998,-23.203948097000012],[-47.129553347000005,-23.202825578000006],[-47.12715855399995,-23.20945967],[-47.12764164399994,-23.213768412999965],[-47.12199277799999,-23.219406371000012],[-47.117204024999985,-23.221876067999972],[-47.11609975800003,-23.225953554000004],[-47.12159950399996,-23.22934929699993],[-47.121779103999984,-23.232809879],[-47.124919160999916,-23.235051658999975],[-47.128962237999986,-23.243543376999927],[-47.13289939799995,-23.247271467000015],[-47.13788431799992,-23.24896663800002],[-47.14177648399999,-23.253533359999953],[-47.14304093599998,-23.252605349000042],[-47.14495975199998,-23.253141753999948],[-47.14584722299992,-23.255066135999982],[-47.149317276999966,-23.25444376999995],[-47.15661628700002,-23.25640063999998],[-47.168685634999974,-23.25715431199995],[-47.176803088999975,-23.256385194000025],[-47.178826566,-23.254581412999986],[-47.182149541999934,-23.247726578000023],[-47.183518129999975,-23.24722458899999],[-47.185308040999985,-23.24857702199995],[-47.18918362400001,-23.247422296999957],[-47.19062526499994,-23.24580968799995],[-47.191153865000004,-23.269604234999974],[-47.18899692100001,-23.27661046899999],[-47.185732143999985,-23.281831663999988],[-47.186019352999935,-23.284537758999928],[-47.18057049899994,-23.29263276999995],[-47.178117595999936,-23.293879291],[-47.173855210000006,-23.292799278999933],[-47.16836996699999,-23.293393877999957],[-47.167057692000014,-23.297334385999946],[-47.16771884399992,-23.301086954000024],[-47.16638924199999,-23.303873716999917],[-47.16118478099992,-23.30713799699991],[-47.16162896100002,-23.311064035999948],[-47.165599002999954,-23.31106695999995],[-47.166421182999954,-23.312020442999994],[-47.16153965899997,-23.317762571000003],[-47.16147074699995,-23.320333845999926],[-47.16427655699994,-23.323222421999997],[-47.17355601200001,-23.325211919999948],[-47.169723568999984,-23.334349497000005],[-47.170874732000016,-23.33722345000001],[-47.16491704600003,-23.342387697999968],[-47.15766464299992,-23.34260694300001],[-47.15613098799992,-23.344081141999922],[-47.14190328500001,-23.348454004],[-47.14129483900001,-23.352326053000013],[-47.13841652000002,-23.353906240000015],[-47.13655452900003,-23.35818146200001],[-47.13770355599996,-23.368667135000024],[-47.13150886300002,-23.374477619999997],[-47.13330534200003,-23.379536083999938],[-47.13225921399999,-23.381318571999998],[-47.12887210399998,-23.38124118899998],[-47.12095406299994,-23.37528701899989],[-47.118814113999974,-23.374979738999965],[-47.11735466800002,-23.37619673999996],[-47.11698005099993,-23.381655102999964],[-47.12031957900001,-23.382676311999997],[-47.11900804299996,-23.385243258],[-47.11923782499997,-23.39064893900002],[-47.122632468000006,-23.398730974000006],[-47.121665754999924,-23.402825667999927],[-47.11259728099998,-23.402672468999977],[-47.10547153599993,-23.401170550999954],[-47.10079533700003,-23.40405163399992],[-47.09808977899997,-23.40147547099997],[-47.09769024599995,-23.398699704999963],[-47.09576133699994,-23.397819432999988],[-47.093902430000014,-23.398333580999974],[-47.09039395699995,-23.40243765699999],[-47.085635879999984,-23.402669038999928],[-47.08296864800002,-23.40096647099996],[-47.08261830800001,-23.397145942999927],[-47.080473412,-23.393961011999927],[-47.08128870799993,-23.391858867999982],[-47.08369137599993,-23.390804904],[-47.08345282200003,-23.389158756999958],[-47.08072222199997,-23.386984047],[-47.08158124299997,-23.380713389999933],[-47.08780318099998,-23.382812843000004],[-47.09062600299996,-23.38583104799995],[-47.096940502999985,-23.387332038000004],[-47.10076775499994,-23.38628742999998],[-47.103063944999974,-23.374058013000017],[-47.105163017999985,-23.370848459999934],[-47.10191578199999,-23.368965038],[-47.09411715400001,-23.370594981000025],[-47.0961001,-23.367081010999993],[-47.09213437699998,-23.362076446999936],[-47.09183028699993,-23.35533396699994],[-47.08796560899992,-23.35274479399994],[-47.08178216400001,-23.357132566000015],[-47.07572037199998,-23.357083042],[-47.07087370099998,-23.35855530100004],[-47.065632799999946,-23.357369903999995],[-47.06606982299998,-23.35400700299993],[-47.05711838299999,-23.356729763999958],[-47.048729815999934,-23.354454342],[-47.04442973599993,-23.350737363000007],[-47.042540524999936,-23.351939909999945],[-47.03953837499995,-23.358371824],[-47.03849542199994,-23.36854401599992],[-47.035906759999996,-23.36831560299997],[-47.033740334000015,-23.370715177000022],[-47.03069709499994,-23.371086906999942],[-47.02944007000003,-23.372982465000014],[-47.02886463099992,-23.375929362999937],[-47.02989921099993,-23.378113987999996],[-47.03362910699997,-23.379352812999976],[-47.036736479999945,-23.37848567399998],[-47.03772257399993,-23.38212147199999],[-47.04241082699998,-23.386132035999967],[-47.04084344699993,-23.392675245999957],[-47.03813260200002,-23.39340692399992],[-47.03841309900003,-23.39510862100002],[-47.03593833700001,-23.39858490500002],[-47.037157949,-23.39986689699991],[-47.03687910299993,-23.401891455999987],[-47.03936491000002,-23.403113483999963],[-47.03931050800002,-23.404648653999963],[-47.03704829499991,-23.406525256000002],[-47.03967959800002,-23.409361930999903],[-47.03799112399991,-23.409736957999996],[-47.037239457999995,-23.411303776999933],[-47.03874987400002,-23.414901789999917],[-47.041210722999956,-23.416100973000027],[-47.040996597,-23.421824313000002],[-47.039997140000025,-23.422011342000012],[-47.04047540999994,-23.42343928199995],[-47.03811124300001,-23.422989819000005],[-47.035388779000016,-23.42669869100002],[-47.034990542,-23.431388748],[-47.037596038000004,-23.43550158099994],[-47.03296423799999,-23.43801344099994],[-47.03159138400003,-23.440988288999957],[-47.029343567999945,-23.442458400000035],[-47.02421701499998,-23.44075064899994],[-47.01678896200002,-23.44569631599995],[-47.015566777999936,-23.443995936999933],[-47.01415921900002,-23.445787877999972],[-47.01055729899997,-23.44569523199993],[-47.01230383299998,-23.448158336999995],[-47.01065784299993,-23.449717712999977],[-47.012155102000015,-23.452694319000003],[-47.01042905899993,-23.454771457999982],[-47.01326258899997,-23.454502063000007],[-47.014014291000024,-23.457619954999924],[-47.01122009599993,-23.460229297999998],[-47.011677039000006,-23.46425683099999],[-47.01296107000002,-23.467773437999995],[-47.017235828000025,-23.47255942899994],[-47.01368685199992,-23.478036215999968],[-47.017266654000025,-23.481361500999917],[-47.01786674499999,-23.483663173999954],[-47.01332016699997,-23.48544354599999],[-47.00895490900001,-23.494636117999942],[-47.003944999999995,-23.49936122899992],[-47.00132442499995,-23.505279829000017],[-46.99506090599999,-23.50696523300003],[-46.99372788400001,-23.508306001999927],[-46.99362544000002,-23.510872207999967],[-46.99648506099993,-23.514881329999987],[-46.99702337899999,-23.52193828899997],[-46.99540197999993,-23.52402070199997],[-46.992167119,-23.524934622999996],[-46.99290370599999,-23.52601908299999],[-46.991095504999976,-23.527435800999964],[-46.990971473,-23.52982022399992],[-46.992593319999976,-23.529413456999933],[-46.996940110000025,-23.532103993999947],[-47.00544133299997,-23.533491332999926],[-47.007956239999935,-23.535568527000017],[-47.01318942099999,-23.536326514999924],[-47.01224982000002,-23.550056763999915],[-47.007187236999926,-23.551323659999916],[-47.00615137300003,-23.55433016699999],[-47.01541500000002,-23.560215938999985],[-47.01441915599992,-23.563338470000033],[-47.01888784699992,-23.56430513999993],[-47.020532957,-23.56733343899998],[-47.024599591000026,-23.56678511899996],[-47.026886080999944,-23.56822039299999],[-47.029923577999966,-23.56806094199993],[-47.02936121800002,-23.571819759999975],[-47.024732263999965,-23.576189320000005],[-47.02452451699992,-23.579579184999954],[-47.03167396600003,-23.582771069999986],[-47.030983857999956,-23.588769698000004],[-47.03486898400002,-23.597062359000013],[-47.03708322999994,-23.598712689999957],[-47.036115544999916,-23.600956686000007],[-47.04068170900001,-23.60719949499996],[-47.041084055999995,-23.610491838999934],[-47.04709275800002,-23.61384706000001],[-47.04682441800003,-23.616242779000004],[-47.049132921999956,-23.61866694699995],[-47.053575216000006,-23.617015685000013],[-47.055950920999926,-23.618557883999994],[-47.05713553199997,-23.625263243999953],[-47.059815893999996,-23.62900386000001],[-47.058076975000006,-23.635639884000003],[-47.05901392299995,-23.639704627999944],[-47.062064048000025,-23.64384046100004],[-47.064721151999954,-23.64543557799993],[-47.069101186999944,-23.64635305199999],[-47.07268256499998,-23.645339509999985],[-47.07438057999997,-23.64981186000002],[-47.07338110199999,-23.651362063000025],[-47.074528681000004,-23.65246323399993],[-47.07654411499993,-23.653652388000012],[-47.07795807399998,-23.65260257199997],[-47.079158576,-23.653901075999947],[-47.07980945700002,-23.65296740899997],[-47.08224640299996,-23.653505333999984],[-47.08113376099999,-23.654338334999984],[-47.08328970899993,-23.657988115000023],[-47.081808212000006,-23.658834161000005],[-47.08188157099994,-23.660568090000023],[-47.08222139899999,-23.661563698999995],[-47.083473904000016,-23.661343395999943],[-47.08323831799993,-23.663562368999976],[-47.08242761999991,-23.66315607500001],[-47.08196949400002,-23.664223300999936],[-47.08478145800001,-23.66712818899998],[-47.08342889800002,-23.667633048000038],[-47.083959616000016,-23.66837741099994],[-47.08196471200001,-23.670981163999997],[-47.07669748,-23.67327717100001],[-47.076555109000026,-23.675003783000037],[-47.078047670999986,-23.676147677000017],[-47.076009252000006,-23.680758818999948],[-47.06924543399998,-23.68007800700002],[-47.06202967500003,-23.682208242999987],[-47.06275041700002,-23.68964897799998],[-47.05927391,-23.701907285000004],[-47.06126773900002,-23.703813550000007],[-47.062251688,-23.708409636999928],[-47.057666413999925,-23.712297958999958],[-47.05609767999999,-23.7185910939999],[-47.05246502799998,-23.720183648999985],[-47.05086095199994,-23.72756745899994],[-47.04956327499997,-23.728102321999962],[-47.049644482000026,-23.731013143999927],[-47.047608577999995,-23.734287116000015],[-47.043730770000025,-23.736654928000007],[-47.040789540999924,-23.736639398999955],[-47.03929680799995,-23.734923476000006],[-47.03437851600001,-23.735292883000017],[-47.033176302000015,-23.73716971799996],[-47.03212841499999,-23.743161070999978],[-47.03346903099998,-23.74718513599998],[-47.03591623999996,-23.74828288399993],[-47.03502336899999,-23.75058790699993],[-47.036107388999945,-23.75356463599996],[-47.034450159999956,-23.755678517999975],[-47.034450634999935,-23.757940095999956],[-47.03254715200001,-23.756356810999996],[-47.028502773000014,-23.75724061300001],[-47.02944178299999,-23.759912595000007],[-47.02865337899993,-23.76160706099995],[-47.03272776099999,-23.764183617000022],[-47.033386759,-23.767359723999974],[-47.03209526799998,-23.767732828000014],[-47.031723800000016,-23.76953131699995],[-47.02605680399996,-23.771702782999974],[-47.025268252,-23.77431755899993],[-47.02317694300002,-23.775047318000034],[-47.02362001999996,-23.779673792999915],[-47.020723479000026,-23.78610426100001],[-47.018960111999945,-23.78744206999999],[-47.01929293999996,-23.788619221999983],[-47.01601718500001,-23.789852004],[-47.014123265999956,-23.792182957000033],[-47.00861400100002,-23.791821851999998],[-47.00543418900003,-23.797312836],[-47.002112846,-23.798916117999962],[-47.00052626500001,-23.80165525599994],[-46.99886641199998,-23.801114305999977],[-46.99661706500002,-23.80269304199992],[-46.99528228100002,-23.801867852999987],[-46.993207874999946,-23.803421967999956],[-46.98894919700001,-23.800784060999984],[-46.98605563299998,-23.800504272999945],[-46.984063617000004,-23.803126582],[-46.985556073000005,-23.804426589999945],[-46.98649515199992,-23.80838576799993],[-46.991893071,-23.809199969000012],[-46.99460817400001,-23.81163474800001],[-46.99925611800002,-23.81318415899992],[-47.001257237000004,-23.812688706000017],[-47.00727034199998,-23.815638610000004],[-47.01514732599998,-23.814458908000013],[-47.01742185399996,-23.817742757999994],[-47.01581678299994,-23.820110650999982],[-47.01758874799998,-23.82129909999992],[-47.01306452099993,-23.825068228000003],[-47.01436246399993,-23.827973784999923],[-47.012633426999976,-23.830713504999935],[-47.01461443199992,-23.83091855199996],[-47.01481267899999,-23.835567968999946],[-47.015737119999926,-23.834788858000024],[-47.016869638999985,-23.836111458000005],[-47.018678603999945,-23.836435907999924],[-47.019948156,-23.835335685000018],[-47.021739253999954,-23.836043775999997],[-47.02263991799998,-23.84022268699999],[-47.024985046999916,-23.84118864900001],[-47.025798510000016,-23.84398673599998],[-47.02764192099995,-23.843856211999977],[-47.02719015600002,-23.845058723000037],[-47.02871868800003,-23.84618702699993],[-47.03572193500003,-23.840615476999975],[-47.03523575699995,-23.837676782000006],[-47.03820273899992,-23.835284834000007],[-47.03903279399999,-23.83617104999996],[-47.04217348299995,-23.83600232999993],[-47.040753578999954,-23.838057809000023],[-47.044506135999946,-23.837411346000003],[-47.04304020199999,-23.84066399999999],[-47.04421766200001,-23.839715397999953],[-47.04752318900001,-23.84096056700002],[-47.05112999800002,-23.844185327999973],[-47.055213417000004,-23.843927205999982],[-47.056673161,-23.84161547000004],[-47.05803073400001,-23.843336249999926],[-47.05961194200002,-23.84292397000003],[-47.065761633999955,-23.838001964999926],[-47.066601022999976,-23.83961334399991],[-47.065755766999935,-23.843466831],[-47.072438627999986,-23.84183761799994],[-47.074387091000006,-23.843407197999962],[-47.07884454999993,-23.84314724400002],[-47.08930389400001,-23.847035946000005],[-47.09397576700002,-23.847229907999974],[-47.09608993299998,-23.845869067000027],[-47.09974435100003,-23.847625543999925],[-47.10191059200002,-23.847319940999963],[-47.10309799100003,-23.848841086],[-47.10726044399997,-23.84834390899991],[-47.11047012299997,-23.842232715],[-47.112994558999965,-23.843299181000027],[-47.11472661900002,-23.840270352999926],[-47.11638909199996,-23.840446158000006],[-47.11769879000002,-23.84241168199992],[-47.116776797,-23.843390978999917],[-47.11795966699998,-23.845082671999933],[-47.11799617700001,-23.849760327000013],[-47.12340695300002,-23.853157714000027],[-47.12281196999993,-23.85678237099994],[-47.12491457300001,-23.857744824000008],[-47.12525346799999,-23.860585323],[-47.127463448000015,-23.86014247499997],[-47.12971486699996,-23.861256941000033],[-47.129159083999994,-23.863818048999967],[-47.13083848399998,-23.86854289399989],[-47.12994014299995,-23.869308411000016],[-47.13222982899998,-23.86945500699998],[-47.131824035999955,-23.872538475999942],[-47.13290544199999,-23.873513903000013],[-47.12930276099996,-23.875031560000025],[-47.126512454999954,-23.874457135000004],[-47.12726578600001,-23.876715876999917],[-47.12954565100001,-23.878847486999955],[-47.131435587,-23.878222171000004],[-47.13388518299997,-23.87998486499991],[-47.13457752099998,-23.881872774999927],[-47.13322209699999,-23.88257125199999],[-47.132427293999974,-23.884473768000017],[-47.133518744000014,-23.883457894999985],[-47.13458814399996,-23.885158406999995],[-47.136824780999916,-23.88572985799991],[-47.136786210000025,-23.888434367999988],[-47.139574541,-23.889837651999976],[-47.13947962499993,-23.890795062999985],[-47.136603082999954,-23.889767638999952],[-47.137619148,-23.890911360000022],[-47.13507759399994,-23.891365108999995],[-47.13475902199997,-23.89427046299993],[-47.13872458999998,-23.899604931000024],[-47.14414383299993,-23.901395859999905],[-47.13802547999995,-23.90315101099991],[-47.13853756399999,-23.905205347999935],[-47.142610463999915,-23.908767787999956],[-47.14249764800002,-23.911739865999927],[-47.14637618199999,-23.91282065799992],[-47.15216538300002,-23.919830682999994],[-47.15549026599996,-23.920897634999942],[-47.15607263599997,-23.924238483999993],[-47.158850642999994,-23.926996861999925],[-47.15953969599997,-23.935534051999966],[-47.161312431000006,-23.935609139999926],[-47.16278058,-23.93406698199998],[-47.171098595,-23.934676018999923],[-47.175410726999985,-23.931324557999915],[-47.17859112999997,-23.933160188999917],[-47.17818466599999,-23.936606692999987],[-47.17949456000002,-23.937100471999987],[-47.18334310400002,-23.93002250500001],[-47.187482161999924,-23.931378944999988],[-47.19140300599999,-23.928105182000046],[-47.19138056600002,-23.933667140000022],[-47.18937605699995,-23.93471756899998],[-47.188991966,-23.93945298099993],[-47.19428004100002,-23.941941922000016],[-47.19816582599998,-23.93896123600002],[-47.200297937000016,-23.938859960000006],[-47.20206863299995,-23.94509453],[-47.201410509999974,-23.947570052000003],[-47.199977671,-23.949773881],[-47.19844647299993,-23.948555135999985],[-47.19735257899993,-23.95293897499992],[-47.19365257999994,-23.95338616899998],[-47.19532429200001,-23.958026037000028],[-47.20289476099993,-23.959189152999993],[-47.208417333,-23.96475533400002],[-47.205709246000026,-23.966182367999973],[-47.20602865899997,-23.969418803999982],[-47.20449467999998,-23.971284094999923],[-47.20058493800003,-23.96881195700001],[-47.19960633199998,-23.969723473999984],[-47.200753506999945,-23.973543580999998],[-47.19901748699994,-23.97213087300003],[-47.19707793899994,-23.973429337999967],[-47.19662089899998,-23.975922665999967],[-47.19381821100001,-23.974752419000026],[-47.194649201000004,-23.976665455999964],[-47.19326774699999,-23.98024497300002],[-47.19444628100001,-23.98199462799998],[-47.19196907899993,-23.98410327999992],[-47.188627104999966,-23.990927946000017],[-47.19470781499996,-23.992030644],[-47.19677430599995,-23.99603689600002],[-47.20030820399996,-23.998308314999992],[-47.199799163999955,-24.000684707],[-47.207018422999965,-24.003072029999995],[-47.20908834900002,-24.00090395599993],[-47.210807276000025,-24.00114874599995],[-47.21438275700002,-24.00668651500003],[-47.22029482399996,-24.010267585999944],[-47.21843542899995,-24.01252865399999],[-47.22154495299991,-24.014320339999987],[-47.225873993999926,-24.014584521000018],[-47.23028925400001,-24.012220491999983],[-47.23328767299996,-24.01733790399999],[-47.23816295099999,-24.016048250999976],[-47.24434229399998,-24.0218004999999],[-47.246597310000034,-24.02226576699997],[-47.25036545799998,-24.020020846000023],[-47.25338424900002,-24.02320912300002],[-47.25616374600003,-24.02210788199996],[-47.257241775999944,-24.019441298999944],[-47.25285881299994,-24.00775673300001],[-47.257278595,-24.005251126999994],[-47.262549992999936,-24.005202743999906],[-47.26433167999994,-24.006465180999996],[-47.264003726000006,-24.009157387000013],[-47.260437403000026,-24.010882207999995],[-47.26060789500003,-24.013671204999913],[-47.26543303199992,-24.015294477999937],[-47.26900884499998,-24.014601803],[-47.27112672399994,-24.017097541999995],[-47.276910707999946,-24.01440302999999],[-47.27606199299999,-24.012008106999975],[-47.27762229699994,-24.01066163899996],[-47.282321438000004,-24.014533853999993],[-47.28585287599998,-24.013733014999957],[-47.28641189399997,-24.011545491999968],[-47.28488146899997,-24.01063194599999],[-47.284433443999944,-24.00648904299993],[-47.28615566399997,-24.005937475999993],[-47.294085283000015,-24.010247890999988],[-47.30156138299998,-24.011154613999963],[-47.306517222000025,-24.00875005699997],[-47.31036552900004,-24.008558755999957],[-47.31455895099998,-24.01200733599999],[-47.315864633000004,-24.01643992499993],[-47.31848719200001,-24.01567963600001],[-47.323024937000014,-24.01742734499993],[-47.32632326999999,-24.01661943299997],[-47.32850801099995,-24.01416172599998],[-47.330247450999984,-24.014696178000012],[-47.330628375999936,-24.017299666999914],[-47.332855837999944,-24.017676849999983],[-47.335099061999934,-24.01457018999997],[-47.33445182899993,-24.012293510999992],[-47.34042751300001,-24.012805722999975],[-47.356194097000014,-24.02201344799994],[-47.35566739799993,-24.029069666999998],[-47.362977777000026,-24.031400981999987],[-47.36850210399996,-24.03872415199998],[-47.368393749999996,-24.042451085999957],[-47.369987458000026,-24.043072586999987],[-47.37183334299999,-24.041244107],[-47.373040636,-24.044982848000025],[-47.37693244000002,-24.04812422799996],[-47.385810789000004,-24.04934553499993],[-47.388948872999954,-24.05454305199993],[-47.41548531400003,-24.06086404999995],[-47.416650127000025,-24.06180460600001],[-47.417189589999964,-24.065854576999982],[-47.42129688,-24.068182669999917],[-47.42308814799998,-24.06675331199999],[-47.425771999000006,-24.068765760999952],[-47.42761961700001,-24.068050100999965],[-47.430010623999976,-24.063727759000013],[-47.438025281999955,-24.056893802999944],[-47.44424860899999,-24.053245414999942],[-47.448054260999925,-24.053108377999994],[-47.44897564399997,-24.05002420299997],[-47.452595360999965,-24.051692795000008],[-47.45397776699997,-24.05546362799998],[-47.457573640999954,-24.058228206000013],[-47.45975679600002,-24.057444792999927],[-47.46294790100001,-24.059918604000018],[-47.46385010999995,-24.065732491999988],[-47.46218669999997,-24.06891223199998],[-47.46407392399999,-24.071528498999943],[-47.464905460999944,-24.075903410000027],[-47.473116202000035,-24.077963602000008],[-47.47716312799997,-24.080912046999956],[-47.47934544999994,-24.078022582],[-47.48078364600002,-24.078251007],[-47.47995357100001,-24.07599463699998],[-47.482092307000016,-24.074191165999984],[-47.48592688099995,-24.072339525999993],[-47.48726005600002,-24.07279931300002],[-47.49197565999992,-24.069882941999932],[-47.49446997100001,-24.06555037800001],[-47.49269160599994,-24.06143162099994],[-47.493626880999955,-24.05820101299995],[-47.495660681999944,-24.05844924099999],[-47.49866936500001,-24.052441956999985],[-47.50247916000001,-24.049824902999994],[-47.50893523199993,-24.048661467999928],[-47.51203175400002,-24.046328813999992],[-47.51410998599999,-24.047080063000006],[-47.52072499799994,-24.045657956000014],[-47.529871512999925,-24.046371849000018],[-47.53162329299999,-24.043646128999967],[-47.539139610999996,-24.041943271999955],[-47.53921527699998,-24.038854495000006],[-47.54277508399997,-24.037095588999975],[-47.54922065900001,-24.03617521099999],[-47.552941847,-24.036937351000006],[-47.55459404700002,-24.041316645999967],[-47.55845864100001,-24.038248889999974],[-47.56042414699993,-24.038248491999976],[-47.56251698,-24.039474197999933],[-47.562275468999985,-24.04965520100001],[-47.56450618999998,-24.057956740999945],[-47.56677145499993,-24.060051153999947],[-47.56765982899998,-24.062897090999968],[-47.56647437299995,-24.067594954000015],[-47.57005803599998,-24.07777597799991],[-47.57668663700002,-24.07797618799999],[-47.577612421000026,-24.075881961999972],[-47.58184058799993,-24.074549525999988],[-47.584756487,-24.079155848999957],[-47.58848219599997,-24.081961552999978],[-47.591555613000025,-24.08764497599992],[-47.59347534400001,-24.086936879999925],[-47.593597741999986,-24.081502453999967],[-47.596309850999944,-24.079787372000002],[-47.59535288799999,-24.082473888999957],[-47.59710420099992,-24.085080600000015],[-47.60238402,-24.08794513899999],[-47.610983410000024,-24.095882549],[-47.612381037999974,-24.10032110099996],[-47.615733331,-24.10339500100001],[-47.61993876899993,-24.104456175999978],[-47.62196115499995,-24.107093841999927],[-47.62166565799993,-24.109923084],[-47.62321211500001,-24.111927884999936],[-47.62892228899995,-24.113884526999925],[-47.63473528799995,-24.11203638099994],[-47.63329125000001,-24.10811611999998],[-47.63378950699996,-24.10195322899999],[-47.635565167999964,-24.099437013],[-47.63349079599994,-24.09363246200002],[-47.63399645599992,-24.092060342000014],[-47.629875334000026,-24.087046688999976],[-47.62908207999995,-24.07734432599999],[-47.63021301899999,-24.07534120000004],[-47.62108835200002,-24.068219087999967],[-47.621448201999954,-24.064233376999933],[-47.61502302299999,-24.05926280999999],[-47.61563856999999,-24.055908776000017],[-47.61323556000002,-24.051892689999946],[-47.61584060499997,-24.048348078999993],[-47.61445187700002,-24.04472939800001],[-47.622363103000005,-24.04138859500001],[-47.62512725199997,-24.037958451999945],[-47.625448318000004,-24.034474530999994],[-47.63094894199992,-24.03672447100001],[-47.63651629399999,-24.037458411999967],[-47.638019916000026,-24.041181371999983],[-47.64098666199994,-24.039410872999945],[-47.64637254399998,-24.04184299000002],[-47.64988187999995,-24.040560991000014],[-47.65156615299998,-24.041524251999924],[-47.65248418699997,-24.044927964999978],[-47.65734171499992,-24.04314893099997],[-47.66048266000002,-24.040190614999972],[-47.673773056000016,-24.040884312],[-47.67507252999997,-24.044390965999984],[-47.68015529699995,-24.045350321999916],[-47.683997533000024,-24.05155701299998],[-47.68343586399999,-24.054733682999995],[-47.684376724999936,-24.056592260999935],[-47.68949259599998,-24.05936290400002],[-47.701603786999954,-24.073116628999955],[-47.70516717100003,-24.073760716999974],[-47.70871366,-24.071366070000007],[-47.71620282699996,-24.076710941999917],[-47.718957765000034,-24.076689847999944],[-47.71994998799994,-24.079140800999994],[-47.72479103000001,-24.08051656700002],[-47.725756123,-24.084140328999904],[-47.72476748499992,-24.08521379799993],[-47.72498594199999,-24.089032659999994],[-47.73073521099997,-24.093051973000005],[-47.73136561000001,-24.09658830999997],[-47.73348370200001,-24.097948234999933],[-47.73346394599997,-24.101842686999934],[-47.73613791599996,-24.103205183999993],[-47.73355500899993,-24.10473986300001],[-47.72322948899994,-24.106215231999943],[-47.72562615099991,-24.110000156999945],[-47.723500811000015,-24.112689035999946],[-47.72386391799995,-24.117374470000016],[-47.73053086800002,-24.11953345099994],[-47.73691408899998,-24.124987555],[-47.744435681000034,-24.11979891599998],[-47.748423977000016,-24.12287659100004],[-47.75129383699994,-24.122516864999966],[-47.75835945999996,-24.13077603599999],[-47.761668542999935,-24.130183354999986],[-47.76645126,-24.13239280499999],[-47.76994419899995,-24.13201117300003],[-47.77276209599996,-24.133872116999992],[-47.77250450599997,-24.132348579999984],[-47.774617717999945,-24.13164555700001],[-47.77400756200001,-24.12925090099991],[-47.77523621399996,-24.12705494599993],[-47.77782703899998,-24.12980692399992],[-47.781786657,-24.128028417999918],[-47.78752331999999,-24.12960937700001],[-47.788044118000016,-24.13239547400003],[-47.79157199000002,-24.134767553],[-47.798800663999934,-24.13327007999993],[-47.802535938999945,-24.13494843699998],[-47.80596820399995,-24.131377433000004],[-47.809382931999956,-24.130281287],[-47.81697250399997,-24.133483528],[-47.82234468799999,-24.131687377999974],[-47.82619718799993,-24.13318599299999],[-47.82878739999995,-24.132267528999936],[-47.831138407999966,-24.12772808099993],[-47.829137994,-24.123738710999994],[-47.83075465500002,-24.120869416000005],[-47.838093214000025,-24.118579646999997],[-47.84576049200001,-24.11930947699999],[-47.85040620299998,-24.115741468999992],[-47.85195586099997,-24.11653501900002],[-47.851909976,-24.120005833],[-47.85812036200002,-24.122630924000024],[-47.858897997999975,-24.118959825999912],[-47.862250434999964,-24.11777202599997],[-47.86330892799998,-24.112481168999977],[-47.86093087699993,-24.110005861999973],[-47.860367710999974,-24.107146657999927],[-47.855739230999916,-24.103170713999937],[-47.85869372699994,-24.097804243999914],[-47.85826227699994,-24.094142781000013],[-47.861171015000025,-24.09157439299998],[-47.861636755,-24.08850427799996],[-47.86720472500002,-24.0861863559999],[-47.866148795000015,-24.079695218999895],[-47.86749390999995,-24.075925055000013],[-47.87413498799998,-24.07495739599994],[-47.87360044100001,-24.077658886999934],[-47.87637199599999,-24.080474185000032],[-47.879463302999966,-24.080679217000018],[-47.88432475599995,-24.078739973999994],[-47.88665848199997,-24.078998896999963],[-47.888610255,-24.077126210000028],[-47.893819834999995,-24.077142951999985],[-47.89632819899998,-24.083766619999995],[-47.902298112999915,-24.088806477999924],[-47.901537082999994,-24.093261691999942],[-47.90674466699994,-24.092970998999988],[-47.908716319000014,-24.095833371000026],[-47.913104583999996,-24.096700729000002],[-47.91488612499996,-24.10036146700004],[-47.92027699599999,-24.099584296999957],[-47.92181150400001,-24.10075728899998],[-47.93206935199992,-24.10074547699992],[-47.93629353300003,-24.09828237499994],[-47.938334698000006,-24.09946870099997],[-47.939366095999965,-24.100789686999917],[-47.93835665500001,-24.10420486300001],[-47.94491350499993,-24.10798456700002],[-47.94671641100002,-24.112938046999954],[-47.94614161499993,-24.116179543999916],[-47.951124658999966,-24.120080932999922],[-47.954195997,-24.118876755999967],[-47.95781960399995,-24.114327073000016],[-47.96658619800002,-24.115295061999912],[-47.97537019599993,-24.11354019999993],[-47.98164817799994,-24.11365418099996],[-47.98700103099991,-24.117299210999928],[-47.988649562999974,-24.121876076999968],[-47.994922469999956,-24.124814885999985],[-47.996262919999936,-24.124424439000006],[-48.00376501400001,-24.131705390999958],[-48.008665853000025,-24.134719834000006],[-48.012457815999994,-24.134737531999917],[-48.01181653999999,-24.13023981200002],[-48.01648706399994,-24.128279863999985],[-48.023310235,-24.129978538999964],[-48.02413149399997,-24.13460586099995],[-48.026611676000016,-24.133258649999934],[-48.029595581000024,-24.13564204400001],[-48.031601078999934,-24.134989562999923],[-48.03336066299994,-24.13605015600001],[-48.035893071999965,-24.134951265999987],[-48.03847430000002,-24.136588414999952],[-48.04050570099997,-24.136125517999922],[-48.04263142299999,-24.138359067999996],[-48.04970309099997,-24.137441480999996],[-48.05129548500003,-24.13883099199994],[-48.050837899999976,-24.14095256299999],[-48.052083456,-24.143410196999973],[-48.05748195400003,-24.146652957000004],[-48.052615726,-24.150077189999948],[-48.050641708,-24.156110629999993],[-48.055509183999966,-24.15816008799999],[-48.05777628599998,-24.156704391999995],[-48.06009215399997,-24.159057387],[-48.05685344899996,-24.163344790999982],[-48.058105705999935,-24.16442809599994],[-48.057401475000006,-24.171936771999924],[-48.05906758799995,-24.17381124899993],[-48.05775546500002,-24.175702942999987],[-48.06113444699997,-24.18026642399997],[-48.05981515199999,-24.18284974699992],[-48.06298416999999,-24.18201944899999],[-48.06735879100001,-24.183084816000008],[-48.07571281899999,-24.190227182000008],[-48.08114107799998,-24.192566216999975],[-48.08260927100003,-24.19270812500001],[-48.08495110799999,-24.190718650000004],[-48.087352496,-24.193128304999966],[-48.09444471699999,-24.19343591900002],[-48.092475111,-24.196402508000013],[-48.09394589200002,-24.200347390999962],[-48.09560435100002,-24.201095507999977],[-48.09815695200001,-24.199726676999944],[-48.09958689500002,-24.200865152000006],[-48.102569956000025,-24.20040292899995],[-48.103850173999945,-24.20158975800001],[-48.109553059000014,-24.19941664799995],[-48.11355490599994,-24.19964648299998],[-48.11599731999996,-24.19747712999999],[-48.11754966899997,-24.193235270000002],[-48.11888355299994,-24.19284200999999],[-48.11979898700003,-24.194618373999944],[-48.12540330600001,-24.197346396999986],[-48.133265962,-24.193832954999987],[-48.13763773800003,-24.19483141299992],[-48.140789376999926,-24.193795512999976],[-48.143894546999995,-24.200032421000007],[-48.138159299999934,-24.208333795999973],[-48.14020592199996,-24.210227200000016],[-48.14530419800002,-24.21146089200001],[-48.146723872,-24.213345622999938],[-48.14447656700003,-24.215524866999942],[-48.14529270100002,-24.218197426],[-48.14387363399993,-24.220242115000005],[-48.14700724199997,-24.225661795000008],[-48.14384586099999,-24.227912168999925],[-48.14466856299998,-24.23073370099994],[-48.148566907999964,-24.232542507],[-48.14857586199997,-24.228660083999998],[-48.15303994699997,-24.22945786000001],[-48.153874020999986,-24.228628967000038],[-48.154922070000005,-24.231977309999934],[-48.15769216299999,-24.232616972000006],[-48.16242266500001,-24.236861380999926],[-48.16636427899999,-24.237645064999917],[-48.167650708999986,-24.241517466999994],[-48.170817556999964,-24.244346303999986],[-48.18491643699997,-24.249104326999937],[-48.192407953999975,-24.254097996999924],[-48.19686915599999,-24.254460268000006],[-48.20055614900003,-24.261233229000034],[-48.20825019799992,-24.264652795000014],[-48.20981804199994,-24.261873836000007],[-48.211388952999975,-24.26135295299997],[-48.218915085999924,-24.262261731999974],[-48.221341994,-24.264546548999984],[-48.226890644999976,-24.262059479000005],[-48.22960412300001,-24.263420109999988],[-48.23647721499998,-24.261931672999978],[-48.23824989899998,-24.26296741099997],[-48.24142956700002,-24.262638413999923],[-48.243547095999986,-24.258874960999925],[-48.24906771099996,-24.25952638500001],[-48.25309746899996,-24.25738458599999],[-48.25731212199997,-24.26366407500001],[-48.257555088000004,-24.266615923999947],[-48.260496692999936,-24.26953833900001],[-48.26314152200001,-24.27043603700003],[-48.26316325999995,-24.272677887999965],[-48.266227292999986,-24.274994543999966],[-48.27167493999996,-24.27555751199998],[-48.283568344999935,-24.283402428999985],[-48.28176548099999,-24.288576119000037],[-48.277431656999966,-24.289632030999982],[-48.27485597700002,-24.293134288999955],[-48.27516449799998,-24.296619727999925],[-48.27827305499994,-24.296223110000014],[-48.28122477900001,-24.297798053000008],[-48.28730644299998,-24.294145920000023],[-48.29154607700003,-24.29353563900002],[-48.295188178,-24.295937321999997],[-48.29474799399992,-24.300451927999976],[-48.29703765099998,-24.300931493000018],[-48.29877165999996,-24.30279621599994],[-48.29930734799996,-24.30631256200002],[-48.30538169800002,-24.30357615899998],[-48.317005169000026,-24.312463655999927],[-48.32401837899994,-24.313509628999956],[-48.32682679400001,-24.311471304000005],[-48.33003561200002,-24.305045515999947],[-48.32701178600002,-24.296800231999942],[-48.324022969999994,-24.295335321999957],[-48.32390521799999,-24.291909767999982],[-48.329645691,-24.28981310499995],[-48.334475511999926,-24.292069792],[-48.33840907299998,-24.291829055999983],[-48.34092979100001,-24.286733100999914],[-48.34315516300001,-24.285656338000024],[-48.346304497999995,-24.285389376999944],[-48.352746165999974,-24.28741229500003],[-48.35267395999995,-24.28493930199994],[-48.35621686899998,-24.284100994000017],[-48.357875605000004,-24.281228641999963],[-48.35982257500002,-24.280564012999946],[-48.36764873399994,-24.289084500000012],[-48.36957690899999,-24.292717333999917],[-48.37273805099995,-24.29364615499992],[-48.382620476,-24.303591227999995],[-48.38055276399996,-24.30577732699993],[-48.38047532099995,-24.30759921199996],[-48.37538684700002,-24.30451128899999],[-48.369965749000016,-24.303382117000012],[-48.36396457299998,-24.305166672999988],[-48.35691353599997,-24.305559707999986],[-48.36178530099995,-24.310204523999968],[-48.36314379300001,-24.314216994999978],[-48.35772474899994,-24.31843494700003],[-48.359273084,-24.323677253999954],[-48.354738628999996,-24.32483613699991],[-48.351985389,-24.33614071900001],[-48.350667563,-24.33741340899995],[-48.35313268400001,-24.339507490999942],[-48.35324741799997,-24.341869381999974],[-48.349176579000016,-24.348278418999936],[-48.352733613999995,-24.348677097999996],[-48.35558913599999,-24.345228163],[-48.357644411999956,-24.344588059999985],[-48.36419203000003,-24.34708361299995],[-48.36291431000001,-24.355564518999962],[-48.359643397999996,-24.363308777999922],[-48.36063619999999,-24.371695806999924],[-48.364765008,-24.372628260999996],[-48.364775546999965,-24.375934335000014],[-48.37027585999999,-24.379667359999914],[-48.36948795399997,-24.38728995399998],[-48.36765410199996,-24.38974588500003],[-48.377110096000024,-24.39663163199998],[-48.378692951999994,-24.400347785999994],[-48.376636915999995,-24.404301349999976],[-48.37247347200003,-24.404517532000003],[-48.36914077400002,-24.407130261000024],[-48.367775243999915,-24.41234633200002],[-48.365183539999975,-24.413098034999955],[-48.36644893199997,-24.419704688000024],[-48.365373096999974,-24.420863870000005],[-48.361403294999946,-24.421153052000015],[-48.360763820999985,-24.42462186199997],[-48.357737176,-24.42617292500001],[-48.35825805000002,-24.433548988999913],[-48.349602068999964,-24.43476360099997],[-48.34834756599992,-24.436748523000002],[-48.34732538999997,-24.443478557999946],[-48.35210578300001,-24.445651374999954],[-48.35028950200001,-24.45088389999999],[-48.35058063700001,-24.454309209999977],[-48.35206835700001,-24.45565836999998],[-48.35193269499996,-24.460731696999968],[-48.35552154599992,-24.462729073999977],[-48.35854545400002,-24.46272539699992],[-48.36181916599998,-24.46635813300001],[-48.361817194000025,-24.468314374999977],[-48.36435467999996,-24.46960290599994],[-48.369058532,-24.470536562000007],[-48.371584563,-24.47258868699998],[-48.37819603499992,-24.47366439199999],[-48.385593458000024,-24.480982798000017],[-48.39016592500002,-24.480361239999922],[-48.39367599799999,-24.482293603000013],[-48.39419497599993,-24.484686178999937],[-48.39049705999997,-24.486901754999995],[-48.39236896400001,-24.48988019699999],[-48.38831667599993,-24.49337554800001],[-48.38187532899998,-24.503169172999968],[-48.383571399999994,-24.506449060000016],[-48.391028086999995,-24.51254932599999],[-48.391691295999976,-24.516047772999972],[-48.39638352600002,-24.52035131600001],[-48.39635318999996,-24.522627020000012],[-48.40268945899992,-24.52447423399996],[-48.40315830399993,-24.522857767000012],[-48.407457772999976,-24.522258150000024],[-48.413071161000005,-24.526827106999985],[-48.41772795600002,-24.52614345899998],[-48.419319214999916,-24.52838114799993],[-48.422811258000024,-24.530200871999973],[-48.42965982399994,-24.531183387999974],[-48.42943353299995,-24.533724388999985],[-48.431391780999995,-24.534747074999984],[-48.43097020400001,-24.537139946999943],[-48.432066510000034,-24.53720901000003],[-48.43068423999995,-24.538676214000013],[-48.43191314799998,-24.54001452199998],[-48.43428461099996,-24.539765444999944],[-48.434122085999945,-24.54324435900003],[-48.42953233399999,-24.54499637699996],[-48.42973738599996,-24.549264378999958],[-48.42872472200003,-24.55137803399998],[-48.426660772999995,-24.55198192199992],[-48.426553903999995,-24.554350519999957],[-48.422876383000016,-24.554743301999945],[-48.41750464299997,-24.55779897399993],[-48.410464366999975,-24.558304388000018],[-48.40573286799998,-24.561203850000023],[-48.40269300699998,-24.565322797999997],[-48.398267460999996,-24.563723272000004],[-48.39455411500001,-24.564063036999983],[-48.39094790899992,-24.57113494099996],[-48.392979056999934,-24.572657283999995],[-48.39861204099992,-24.570229970999943],[-48.402110482000005,-24.57111130399994],[-48.404110430999935,-24.57366795099996],[-48.40396460599993,-24.577516849000006],[-48.40635404099993,-24.580880667999967],[-48.413846621999944,-24.586627529999927],[-48.41549700499996,-24.58527529899995],[-48.417219461999935,-24.585481082999994],[-48.41708744999994,-24.586670724999923],[-48.418049519999954,-24.585711678999974],[-48.42007057500002,-24.58680760699997],[-48.42168322699996,-24.582282431999925],[-48.42510988199996,-24.58349721600001],[-48.424516034999954,-24.584541324999975],[-48.42578761300001,-24.586119761000006],[-48.42798006399994,-24.58429555499999],[-48.43075005100002,-24.58418301400003],[-48.430425705999994,-24.58723207100002],[-48.433618112999966,-24.58945394099993],[-48.432608501,-24.590898686999985],[-48.43894771099997,-24.592119760999942],[-48.442098896000005,-24.594368522000018],[-48.44125731499992,-24.595467658000004],[-48.442531363,-24.596564836000027],[-48.44392846399995,-24.596160929999993],[-48.44603665999995,-24.597504789000027],[-48.447434951999924,-24.599142656999987],[-48.44541207199996,-24.601617970999996],[-48.44660943299994,-24.602126557999945],[-48.44561660300002,-24.60368601200003],[-48.44770463100002,-24.603897008999965],[-48.446193478,-24.605434634999924],[-48.44801242400001,-24.607130395000006],[-48.44824139699995,-24.60996387499994],[-48.44972629000001,-24.610105149999924],[-48.45175400099998,-24.613667593999995],[-48.451348773999946,-24.614823759999986],[-48.45278246599998,-24.614716764999997],[-48.45400121000001,-24.61665779099996],[-48.45168099,-24.624712264999964],[-48.460021138,-24.640751531999964],[-48.46014695799994,-24.642768022999913],[-48.457057703999965,-24.64637411699994],[-48.45912008099998,-24.655353875999992],[-48.461804115,-24.660403732999995],[-48.464481912999986,-24.659792364999994],[-48.46524863399998,-24.662610475999994],[-48.47427474699998,-24.66566114699998],[-48.481734450999966,-24.670457683999928],[-48.480846973999924,-24.67376651999995],[-48.48206619499996,-24.679127189999967],[-48.484317417999996,-24.679482140999994],[-48.48893075299998,-24.67751575800001],[-48.49309872600003,-24.67017604],[-48.49761680799992,-24.667606454000005],[-48.499682181000026,-24.66974293399994],[-48.50286669600001,-24.66833574899991],[-48.50682858199997,-24.668612730999943],[-48.506665827,-24.673183515999934],[-48.51437170200001,-24.674607321999982],[-48.51564223999993,-24.676622709000014],[-48.518748063999965,-24.677672104000006],[-48.521375347,-24.681960015000012],[-48.52451877999994,-24.68248398099999],[-48.525378803999956,-24.68566368499996],[-48.52908771,-24.68761537199999],[-48.528618384999966,-24.691965029999995],[-48.53165853799999,-24.69758938099994],[-48.53023632700001,-24.699647537999972],[-48.53139478899999,-24.70204998999997],[-48.52930012099995,-24.70610385800001],[-48.531479720999926,-24.714754622999973],[-48.531020773999956,-24.717016550999904],[-48.53885914999996,-24.726560410999948],[-48.54388292399995,-24.726265807999937],[-48.547008761999976,-24.721264735999963],[-48.54670249200001,-24.718525532999994],[-48.552267985000015,-24.717071617999977],[-48.553180120999976,-24.709755078999944],[-48.560390487999996,-24.711019792000002],[-48.56896741099996,-24.702339935999987],[-48.568983413999945,-24.698810837],[-48.57182466299997,-24.69286880499999],[-48.57726687399991,-24.688860641999995],[-48.57789486899991,-24.686582206000015],[-48.57981555699996,-24.685305918999916],[-48.581124967999926,-24.672791675999978],[-48.58239813900002,-24.671016524999967],[-48.58571200799998,-24.672425590999925],[-48.58649850199993,-24.677457169999975],[-48.589683315,-24.680604615999975],[-48.59118718000002,-24.67968042999996],[-48.59189107699996,-24.676103043000012],[-48.596613021999985,-24.672224560000025],[-48.60483260799998,-24.668708378999945],[-48.61253799999998,-24.67100851399993],[-48.61711310200001,-24.668404002999978],[-48.62422569099999,-24.67795008600001],[-48.628877803999956,-24.680536040999982],[-48.63161448400002,-24.67988580100001],[-48.63274699599993,-24.677298946000008],[-48.63841952400002,-24.677777139999996],[-48.64568151999998,-24.681981453999928],[-48.64219785,-24.686242047999933],[-48.64215300099995,-24.689663806999988],[-48.65665402399992,-24.690992730999994],[-48.65882678000003,-24.692126094000006],[-48.65880531200003,-24.694906983999953],[-48.66175426400003,-24.699865601999967],[-48.662224302000034,-24.702993481999957],[-48.660113427000006,-24.705939769999915],[-48.66202197399997,-24.707341401000008],[-48.66425558899999,-24.70706659899989],[-48.66994187799998,-24.70322393899995],[-48.67246888400001,-24.703761942999957],[-48.675248360000005,-24.702383461999936],[-48.67737871099996,-24.699511862999994],[-48.67687697500003,-24.698105278999996],[-48.673791741,-24.69903102099994],[-48.67212119499999,-24.69834050399999],[-48.676934813,-24.69393888499997],[-48.67744408799996,-24.69203026500002],[-48.672927362999985,-24.688173818999985],[-48.675671764999954,-24.683581216999997],[-48.672317981999925,-24.679670224],[-48.677641042999994,-24.675576670999977],[-48.676203048,-24.67346974999993],[-48.679062923000004,-24.671378026999964],[-48.685547063999934,-24.670936658000013],[-48.69027352099994,-24.668076297999946],[-48.693847888999976,-24.670650846999997],[-48.69416894400002,-24.673454852000013],[-48.688781045,-24.678105026000026],[-48.691333542999985,-24.68443287],[-48.68936519300002,-24.69119466],[-48.69118320299998,-24.694193651999946],[-48.693058520999955,-24.693641776999982],[-48.69962215499993,-24.686054866000006],[-48.70090510799997,-24.681141380999968],[-48.70253248499995,-24.680075215999967],[-48.707995614999966,-24.683577661000022],[-48.719644140999996,-24.683358468999923],[-48.72637290799997,-24.684819634000014],[-48.73080939399994,-24.687133105999976],[-48.73539015199998,-24.684789775999946],[-48.741434604999945,-24.68795720100001],[-48.74434770499994,-24.693372930999946],[-48.751487634,-24.695592416999993],[-48.75501147499995,-24.693908158999996],[-48.75618854999999,-24.69203435600001],[-48.75308230600001,-24.68765079099996],[-48.752754308999954,-24.68283144899995],[-48.758260246000034,-24.68001307999998],[-48.76954447000003,-24.696129625000047],[-48.77495559699997,-24.695198189999974],[-48.77881464799998,-24.696714330000027],[-48.781220411,-24.69291213299999],[-48.78184038499995,-24.688861148999937],[-48.787700947999994,-24.681974100999977],[-48.79417326599997,-24.679177191000008],[-48.799779505,-24.674803860000004],[-48.804092422,-24.67710656700001],[-48.81096556099999,-24.67576232799995],[-48.81565844199997,-24.664978958999946],[-48.81788912399998,-24.664721011999923],[-48.81981956800002,-24.66279018300002],[-48.820346906,-24.658529726999912],[-48.82273847999999,-24.656184553999992],[-48.827488047999964,-24.65530951699998],[-48.83081719900002,-24.65602221099995],[-48.83499028999995,-24.66094560900001],[-48.841665940999974,-24.665602826999933],[-48.844378630999984,-24.66496531999996],[-48.85076953700002,-24.65776155399999],[-48.854860585999916,-24.656271549999982],[-48.856945661,-24.656692150999948],[-48.85905862200003,-24.658700362999923],[-48.85900177299999,-24.66112490499998],[-48.85566113099992,-24.665973794000006],[-48.84710890000002,-24.671654189999966],[-48.847713231,-24.674299340999998],[-48.852846254999974,-24.675996989999927],[-48.864300747999955,-24.667781685000026],[-48.86960197000002,-24.669961336999954],[-48.87783770800002,-24.66843699999998],[-48.88398193099999,-24.670684642999962],[-48.892892501999995,-24.669267180999988],[-48.90968357600002,-24.670951827999936],[-48.912506115999925,-24.67339982999998],[-48.90997084799994,-24.678144856000035],[-48.91482727399995,-24.683119488999978],[-48.92325161699995,-24.675091877],[-48.93101484399995,-24.675741365999993],[-48.94300975599999,-24.672673908999965],[-48.94953188699998,-24.675008326999947],[-48.953702507,-24.68248570799997],[-48.95622536899998,-24.68511247999993],[-48.95844735899999,-24.685482659999984],[-48.96111738100001,-24.68424583000001],[-48.96097067299996,-24.67823493200001],[-48.96306056199995,-24.673753933000004],[-48.974511743,-24.67223366799999],[-48.975442527999924,-24.668907569999984],[-48.974416852999994,-24.666804757000023],[-48.97748910600001,-24.66549426599992],[-48.988383048,-24.666103000000014],[-48.98917962899992,-24.65711780999999],[-48.99097095000002,-24.655376717000014],[-49.001468706000026,-24.655344008999982],[-49.007029776000024,-24.659748809000014],[-49.00969462799998,-24.659762200999975],[-49.01049023599995,-24.654871147999927],[-49.006886226999946,-24.648997252],[-49.004843825999956,-24.63829028199994],[-48.99949343899995,-24.637778648999927],[-49.001559076999975,-24.634197911999927],[-49.00449342899992,-24.632982978999948],[-49.008815584,-24.634006734000018],[-49.01328631099995,-24.640659617999894],[-49.017804318999936,-24.642467802999928],[-49.02064216500003,-24.64183508899999],[-49.03118556499999,-24.633731704000024],[-49.03397552899992,-24.633796645999958],[-49.04106225199996,-24.637133888999983],[-49.042270137,-24.640655571000003],[-49.03987839500002,-24.643689987000016],[-49.03819974400001,-24.64349873999998],[-49.03482402199996,-24.640421904999965],[-49.03275430999997,-24.641489240999988],[-49.034777367000004,-24.650213747999942],[-49.03960931300003,-24.653338120999983],[-49.037168189,-24.657702185999923],[-49.03941412299997,-24.661696102],[-49.045232135999925,-24.66526563000001],[-49.04487732999996,-24.669924282],[-49.04741408699999,-24.675641962999972],[-49.05182476099998,-24.680562598999977],[-49.06278094999995,-24.685598841999933],[-49.06999530699999,-24.68390228699998],[-49.072041157,-24.675864701999995],[-49.074267121,-24.67361213199996],[-49.083121544,-24.671945326999978],[-49.08416451400001,-24.672839705999973],[-49.08442012699999,-24.67902886299999],[-49.08631516499991,-24.680266781],[-49.09683816199993,-24.68173161399994],[-49.101213427000005,-24.675450639999955],[-49.104668421999975,-24.674250093000015],[-49.10833761599997,-24.675916259000015],[-49.10946916699999,-24.680240944999976],[-49.10893418099995,-24.686105328],[-49.11145883299997,-24.68800672499991],[-49.11845361399998,-24.685699602999982],[-49.121895685000034,-24.682284670999984],[-49.12582589200002,-24.68390431499995],[-49.13100173999999,-24.68141765],[-49.13383281900002,-24.676064204],[-49.136127464000026,-24.674991135000027],[-49.148023109000015,-24.67508621899997],[-49.15421391799998,-24.671618157999998],[-49.15903153699998,-24.672273097000012],[-49.162310459000025,-24.67093754799992],[-49.170709175999946,-24.675291863999973],[-49.17387862499999,-24.67259630199993],[-49.181013484000005,-24.671610930999964],[-49.187432343999944,-24.673228675999958],[-49.191365167000015,-24.677021135000025],[-49.19384319999995,-24.682585149999955],[-49.205400639000004,-24.685536044999996],[-49.206855021000024,-24.688444275000013],[-49.20481532499998,-24.69675153599996],[-49.21114620399999,-24.703017047999936],[-49.21608892400002,-24.702768970999944],[-49.22249610199998,-24.698827208999944],[-49.22850261399992,-24.69819045899992],[-49.234644774,-24.699274126999967],[-49.24395442299999,-24.696521630999943],[-49.25632324999993,-24.69624747599999],[-49.25941281899998,-24.69521595899995],[-49.26233663599994,-24.692283379999935],[-49.26554428399993,-24.69366203599999],[-49.27158513799998,-24.693057840999966],[-49.273458674999915,-24.69469985799997],[-49.277888471999965,-24.69292874799998],[-49.287755590000025,-24.683931399999995],[-49.294009937999924,-24.675439250000007],[-49.30370616200003,-24.672717523999992],[-49.30488998800001,-24.673464491000008],[-49.30438427100001,-24.668935846999965],[-49.30765539599992,-24.666698409999917],[-49.30771079299996,-24.66520700999996],[-49.311697159,-24.663347763999983],[-49.31061451399996,-24.66133215600001],[-49.30815211099997,-24.661160188999983],[-49.30665195300002,-24.657170764999936],[-49.302216482,-24.657714265999974],[-49.29895577899999,-24.654442840999998],[-49.30127855199999,-24.652213737999944],[-49.30132323599992,-24.649388287999944],[-49.30303411900002,-24.648263353999948],[-49.30436575799997,-24.64915854799996],[-49.306642386000014,-24.648010938000006],[-49.306711545999974,-24.646675604999935],[-49.30997183900002,-24.645874221999975],[-49.306088876,-24.643410232999937],[-49.30839364799999,-24.641361624000023],[-49.30694639799998,-24.639609522000004],[-49.31104694499993,-24.639810411999978],[-49.313372320999974,-24.641748574999955],[-49.31652260399994,-24.639418536999983],[-49.315251384000014,-24.637556408000016],[-49.312378347,-24.637178036999952],[-49.31341396899996,-24.63546510100002],[-49.31221034100003,-24.634329234000017],[-49.31427022700001,-24.632324165000004],[-49.311787445999926,-24.630627786999977],[-49.30943186299999,-24.624549291999976],[-49.30650567999999,-24.621806136999968],[-49.314461343000005,-24.61399852500001],[-49.31336456099996,-24.61153882100001],[-49.31165487800002,-24.610943426999995],[-49.31360928699997,-24.60852633599996],[-49.31101307699999,-24.604942111999918],[-49.312818725,-24.60392127300003],[-49.311155418999995,-24.602638713999948],[-49.30800821199995,-24.603856623999953],[-49.30928228699997,-24.602097357999924],[-49.30316477699995,-24.596162666000016],[-49.30653436099999,-24.592999394999968],[-49.312625559000026,-24.589679935999975],[-49.31388881599998,-24.590283866999933],[-49.31442165399995,-24.588748478000014],[-49.316246284,-24.58813640399996],[-49.315282325,-24.585738286999973],[-49.31192814899992,-24.58610970999996],[-49.31292138399999,-24.58197774199993],[-49.310493502999975,-24.580226848999892],[-49.31236620499994,-24.57908199499996],[-49.31146783499997,-24.574571236000008],[-49.31407580199999,-24.57259224000001],[-49.31298689899995,-24.57040502899997],[-49.317958550000014,-24.566742427999984],[-49.31705466199992,-24.565458804999995],[-49.31788731399996,-24.563905628999912],[-49.314307532999976,-24.56259742600001],[-49.31574012700003,-24.554722406999936],[-49.30937881999996,-24.55281228799997],[-49.30914073599996,-24.551269850999965],[-49.311317174000024,-24.549484366999945],[-49.308553443999976,-24.548583608999927],[-49.306942779,-24.550083722999997],[-49.305054250000026,-24.545791651999924],[-49.303531229999926,-24.54675600199999],[-49.30260044800002,-24.55026666100002],[-49.29933129800003,-24.550689778999978],[-49.29684802899994,-24.549640313999987],[-49.29589831299996,-24.551963969999974],[-49.292398315000014,-24.553095785999975],[-49.29279878699999,-24.55067100399998],[-49.29158690999992,-24.549998040999906],[-49.291980076000016,-24.547845003000017],[-49.29320662300001,-24.547816495000006],[-49.29092916600001,-24.544451411999983],[-49.29219266899992,-24.543139990999915],[-49.28953934599997,-24.542344892999953],[-49.28917492599999,-24.543496696999966],[-49.285485052999995,-24.54074675699996],[-49.28346855000001,-24.54085301299999],[-49.27934125699995,-24.53629148399994],[-49.280179220999976,-24.533375349999986],[-49.28326292199995,-24.53371628500003],[-49.282688957000005,-24.532568977999976],[-49.284322846000016,-24.52960025800001],[-49.285971405,-24.530231469],[-49.285464096,-24.529008019999935],[-49.288653151000005,-24.526753948000014],[-49.28685726200001,-24.52554934400001],[-49.28745287999999,-24.52376902999999],[-49.28649148499994,-24.522852881999928],[-49.28806609899999,-24.52264941599998],[-49.28564678200003,-24.518196199999927],[-49.28691283799998,-24.51719080299996],[-49.28596282399996,-24.515842189000015],[-49.28715016299997,-24.51522172599995],[-49.286761781,-24.512708605999936],[-49.28953614399995,-24.51355102299999],[-49.28947010500002,-24.509454773],[-49.294620549,-24.505933569999968],[-49.29638557800001,-24.500845317999957],[-49.29513928900002,-24.49926979100001],[-49.290548251000025,-24.499159340999974],[-49.290343743,-24.497569710999947],[-49.28709582099992,-24.49546574800001],[-49.28628383399997,-24.49596705999999],[-49.28524550199996,-24.493985124999988],[-49.28158443900003,-24.495345027999967],[-49.280411554999944,-24.493974857000023],[-49.279512402999956,-24.494590297999974],[-49.27210921400001,-24.491893725999937],[-49.269942309999976,-24.49267036499992],[-49.26958271400002,-24.491350447999935],[-49.27167970300002,-24.48954863199998],[-49.27007133999996,-24.48473828099998],[-49.271749960999955,-24.482583644999988],[-49.270615492,-24.48081600199997],[-49.26853870600001,-24.48127443800002],[-49.26865323199996,-24.47971034499999],[-49.26564539999999,-24.479659454999915],[-49.26376448399992,-24.473495257000028],[-49.260466587999936,-24.47340590599998],[-49.25913870800002,-24.47229446900002],[-49.25396832599995,-24.473561474000007],[-49.25304467299992,-24.47169071699998],[-49.25419173699999,-24.47006770000002],[-49.24913079100003,-24.471499252999987],[-49.24677469900002,-24.469018432999974],[-49.248940649000026,-24.463962131000013],[-49.24466616199999,-24.464887114999996],[-49.246080925,-24.45862365499999],[-49.24519905300001,-24.45786845499998],[-49.251143680999924,-24.45724362999992],[-49.25364398499994,-24.45530382799997],[-49.251335206999954,-24.451523749999957],[-49.254440319000025,-24.45001176699998],[-49.250137472999995,-24.44494988700001],[-49.25211640200001,-24.44328150699999],[-49.253494792000026,-24.434630210000005],[-49.251295777999985,-24.43210172300002],[-49.250332445000026,-24.432831076999953],[-49.24963886799992,-24.43114064899999],[-49.24806655399999,-24.431582989000006],[-49.246550679999935,-24.427726025999945],[-49.24185258,-24.42396205199991],[-49.24059310499995,-24.41915321800002],[-49.23487068099996,-24.410167412999964],[-49.23777863799995,-24.404221160999995],[-49.241421081,-24.401611850999927],[-49.24371766899991,-24.401533707999988],[-49.24717938100002,-24.40613301000002],[-49.250456613999916,-24.40688717699999],[-49.254584157000025,-24.406646990999988],[-49.25408679800002,-24.40315546999993],[-49.25169812299998,-24.402624795000015],[-49.247492872,-24.392390085999974],[-49.23903967199993,-24.384129041999987],[-49.237508255999956,-24.379436839999983],[-49.23164310200002,-24.375308463999996],[-49.224586251,-24.364197346999994],[-49.221217395999986,-24.362104165999995],[-49.214370084,-24.354223706999964],[-49.20912769500001,-24.352790285000037],[-49.20751442800002,-24.349157078],[-49.20076064499994,-24.34406442899997],[-49.20203934599999,-24.34187227899997],[-49.204177995000016,-24.341164282000022],[-49.20366678800003,-24.338902175999962],[-49.20592807799995,-24.337910135999937],[-49.20902690399993,-24.338823929],[-49.210051330999995,-24.337799275000012],[-49.21188267599996,-24.339605101999954],[-49.224769040000005,-24.340044099999933],[-49.228309441999954,-24.335008583999965],[-49.22774439099999,-24.333069095999974],[-49.231027618999974,-24.332153402999943],[-49.231096918999924,-24.330735633000018],[-49.233038736000026,-24.32957851700002],[-49.24515362199992,-24.332178059],[-49.24609130799996,-24.330300384999944],[-49.24983281300001,-24.331059697999997],[-49.25108936399994,-24.327686323000023],[-49.249432029,-24.32497366599998],[-49.250189969999965,-24.319615402999933],[-49.253239883,-24.31881950000002],[-49.256002474999946,-24.316309455000003],[-49.25764503099999,-24.317233586999976],[-49.262501854999925,-24.310605719999955],[-49.26418803899998,-24.31140769999996],[-49.27035161099997,-24.3065304119999],[-49.27301159199999,-24.308462598],[-49.27471996600002,-24.304988435999952],[-49.277996101999925,-24.306295549999998],[-49.279296714000004,-24.305464137000005],[-49.28124139999994,-24.30961521099999],[-49.28405291499997,-24.307857420999955],[-49.282173033999925,-24.30575284599994],[-49.28582183100003,-24.304683500999943],[-49.28576234100002,-24.301865060000022],[-49.286553631000004,-24.302765013999924],[-49.28718056600002,-24.302146242999992],[-49.28714426200003,-24.298051037999983],[-49.29025871199997,-24.296607669000007],[-49.29090159799995,-24.293295556999972],[-49.28880088,-24.292513000999957],[-49.28892430999997,-24.291194218999916],[-49.291216884999926,-24.29108652100001],[-49.293380695999986,-24.28847215199994],[-49.29515880699994,-24.290194302999968],[-49.296873716999926,-24.289846465999965],[-49.29936653399995,-24.28607202599994],[-49.29641392700001,-24.28733963600001],[-49.29513181200002,-24.28502640999993],[-49.29789741499997,-24.283282115999953],[-49.29797236599996,-24.278724946999983],[-49.30159571500003,-24.27529793999997],[-49.29912058399993,-24.27141054100002],[-49.298756577,-24.266912364000014],[-49.30164698699998,-24.26536058999993],[-49.300942014,-24.26269331899994],[-49.30295372799992,-24.262132678],[-49.302842005,-24.258691425999924],[-49.305792627999956,-24.258710296999986],[-49.30762481999995,-24.26012238799995],[-49.309177762999916,-24.25893101399997],[-49.30637241900001,-24.256821301999945],[-49.304792901999974,-24.251633867000013],[-49.307671803000005,-24.250535275999923],[-49.30798370399998,-24.248315325000007],[-49.311236399999984,-24.246497921],[-49.312513582000015,-24.24233734400002],[-49.31490528500001,-24.243973209999915],[-49.316140207999915,-24.24299552399998],[-49.319598808000016,-24.24337817999993],[-49.31889805199996,-24.23881664299995],[-49.31956170799998,-24.23782463699997],[-49.321522152,-24.238313184000006],[-49.32099841500001,-24.23520351899998],[-49.32762742199998,-24.233954738000026],[-49.332439943000004,-24.230803510999976],[-49.33440834399995,-24.230666150999973],[-49.33469679299993,-24.22839206299995],[-49.337187066999995,-24.22665204899994],[-49.34452678399993,-24.22370777599996],[-49.346383468,-24.221278359999932],[-49.35123046400003,-24.219699242999898],[-49.356042048999996,-24.212932921000004],[-49.356445867999994,-24.210120924999956],[-49.35542767700002,-24.208817033],[-49.34124245699997,-24.202692222000003],[-49.34473590300002,-24.197851663999995],[-49.34624345799995,-24.19153871699994],[-49.34267523699999,-24.186566689999996],[-49.339443438999986,-24.17411381900001],[-49.33975446899997,-24.156090370000015],[-49.33835810299996,-24.15384108099998],[-49.333828827999994,-24.152283228999913],[-49.332079054999944,-24.150151266000027],[-49.33620728400002,-24.14403883099999],[-49.336020496,-24.136630119000007],[-49.33782275200002,-24.13593100999992],[-49.34114068500003,-24.13851716599993],[-49.343983256000016,-24.134180012999984],[-49.34848127899994,-24.132030201000024],[-49.351819813000034,-24.132367663999965],[-49.35347081799995,-24.13062534399994],[-49.356009496999945,-24.130501878999965],[-49.362012212000025,-24.12751305500001],[-49.36505303199999,-24.122301282000027],[-49.36231159499994,-24.120661559999977],[-49.362046410000005,-24.11932205199997],[-49.36423438299994,-24.117751041000012],[-49.36739007800003,-24.118316704999984],[-49.37003361799998,-24.114127278999952],[-49.37714366199999,-24.11770921099993],[-49.383021114999956,-24.11467510999997],[-49.387213968999966,-24.115581512999995],[-49.389573815000006,-24.11903336299997],[-49.39320652100003,-24.113956859999973],[-49.39987246200002,-24.111677223000004],[-49.40305445699994,-24.1089082639999],[-49.40873066,-24.108161574000007],[-49.40841544099994,-24.105717159999987],[-49.40441705699999,-24.102498587999953],[-49.40794880799996,-24.097923415000025],[-49.40468897599998,-24.09703403399999],[-49.404944623999995,-24.09522574300003],[-49.40802315799999,-24.093842411000022],[-49.410293143,-24.094397732999994],[-49.41168185599992,-24.092293239000014],[-49.41416199499997,-24.096199216999985],[-49.41611041800002,-24.093660823999944],[-49.41601890499999,-24.091589886000005],[-49.420294463999994,-24.090083102999937],[-49.42250214699994,-24.091909111999936],[-49.42667892800001,-24.08699483799994],[-49.43069359100002,-24.08766817699997],[-49.43148967700001,-24.080175113999932],[-49.429181110999934,-24.076946532999955],[-49.435379149000035,-24.07433032499994],[-49.42956904699997,-24.06828546700001],[-49.435514709000024,-24.067082070000033],[-49.438636428999985,-24.06841501600002],[-49.44025051,-24.062984988999975],[-49.437860265999966,-24.057862460999957],[-49.449893094000004,-24.056033727999967],[-49.45774496699994,-24.048645403000027],[-49.45766862399995,-24.04403867299998],[-49.46290485299994,-24.038176138999926],[-49.460966489999976,-24.03179058299997],[-49.463338263000026,-24.02565949699998],[-49.46818018899995,-24.024108302000005],[-49.473193756,-24.025848370999988],[-49.47458532299999,-24.022160220999925],[-49.47376770699998,-24.01915531499996],[-49.47935988799998,-24.01822599699998],[-49.48021256699997,-24.021995532000005],[-49.482161007,-24.02390544399998],[-49.48789495800003,-24.023942126000012],[-49.487854550000016,-24.021738981999988],[-49.49049586099995,-24.018687867999958],[-49.48626312900001,-24.01560801599993],[-49.49249500700001,-24.01426168599999],[-49.48866990999995,-24.01194337299993],[-49.48311740599996,-24.011365613000002],[-49.480651641,-24.005125143999994],[-49.486379597,-24.00635391999997],[-49.487475958000005,-24.0037943919999],[-49.48664416899993,-23.9984272489999],[-49.48948172499996,-23.998665603],[-49.49180042399996,-23.992926214999954],[-49.49684302100002,-23.994446870999905],[-49.49852286999993,-23.993095563999944],[-49.49511832499998,-23.985529903999918],[-49.49627539399995,-23.984205284999977],[-49.493768585,-23.97814848500002],[-49.49431199699996,-23.976233406999995],[-49.49785921900002,-23.974376713000023],[-49.499600989999976,-23.970491928999913],[-49.506768253000025,-23.96766998699996],[-49.508265996999974,-23.96821249200001],[-49.50931762800002,-23.971573477999986],[-49.517280270000015,-23.970543227999993],[-49.51502192499993,-23.96468924299997],[-49.49941382600003,-23.958799364],[-49.500479323999976,-23.957486091999947],[-49.50437861,-23.95668636299996],[-49.50603821999994,-23.954790522999936],[-49.50343861899995,-23.949064865999954],[-49.50367514699997,-23.947140778000016],[-49.509308893000025,-23.948284466999937],[-49.511077474,-23.94746796099998],[-49.51210951299993,-23.944972692000015],[-49.51446840999995,-23.944268972999975],[-49.52061553800002,-23.947201668],[-49.52318893299997,-23.938610858999997],[-49.52518824499999,-23.936217782000014],[-49.523877363999986,-23.934342214000026],[-49.51724645999997,-23.937533691999928],[-49.510227778,-23.937466302999944],[-49.508883398999956,-23.93488191099999],[-49.50916897299999,-23.932291023999927],[-49.51119794099998,-23.931105341999963],[-49.51416262499998,-23.931711834999966],[-49.51594426299994,-23.929769048000004],[-49.511670288999994,-23.92532902799996],[-49.51768501700002,-23.923102482999983],[-49.51964575899996,-23.91989691899994],[-49.52291223999999,-23.918575088999994],[-49.523650536999924,-23.916532188000016],[-49.52532055400002,-23.917715557999944],[-49.52735385300002,-23.922420449000022],[-49.531490940000026,-23.92296052799991],[-49.53083670299998,-23.928082427999982],[-49.53196191199999,-23.93034834999997],[-49.53777001899999,-23.927053131999962],[-49.540438849,-23.927377466000006],[-49.54601133500001,-23.92311263800001],[-49.55711222399998,-23.922661656999992],[-49.557175238000006,-23.921273208999935],[-49.553751191999936,-23.917765244999927],[-49.55370256499993,-23.915905202999955],[-49.563856386,-23.91171206799999],[-49.568426602999985,-23.903026915999984],[-49.56813568199999,-23.89996823899992],[-49.573586682999974,-23.89989806800003],[-49.577243555999935,-23.896875634000025],[-49.57557858799993,-23.88982802299999],[-49.575967907999996,-23.883970640999998],[-49.57369169100003,-23.877600718999922],[-49.57543341799999,-23.877659663999992],[-49.57824025099996,-23.880165276999932],[-49.584199580000025,-23.88974374399991],[-49.585854776000026,-23.890143622999915],[-49.588760749000016,-23.885755910999933],[-49.59208353499997,-23.875003854],[-49.60220039400002,-23.868799932999984],[-49.60190457699998,-23.86398743999997],[-49.599106240000026,-23.858500064999987],[-49.60283024500002,-23.855606572],[-49.610878572,-23.852357502999944],[-49.61069654300002,-23.84987696899998],[-49.60836918299992,-23.848017050999996],[-49.59877791200001,-23.850089728999976],[-49.59669159799996,-23.84974977799994],[-49.59586959799998,-23.848374442000022],[-49.596801787,-23.845955923000027],[-49.607487866999925,-23.84147811199994],[-49.60857448099995,-23.839734904999965],[-49.60314141999999,-23.83733428599993],[-49.598680378999916,-23.836760274000024],[-49.59052064100001,-23.841730874000003],[-49.587100121999924,-23.842382333999986],[-49.58632226199995,-23.841357063999972],[-49.59190430199999,-23.837923049999965],[-49.594288204999955,-23.83434600499992],[-49.59075634299995,-23.828476795999965],[-49.586345549999976,-23.827259981999926],[-49.573745153000004,-23.827924331000013],[-49.56859968599997,-23.82158209199996],[-49.56328237499998,-23.81974834299995],[-49.56143402799996,-23.817860215999975],[-49.560460633,-23.810266668],[-49.563071406999995,-23.801956992999955],[-49.55964302000001,-23.791777435999936],[-49.56418798599992,-23.78665581499996],[-49.564801982000006,-23.781526414999917],[-49.570771075999986,-23.778764223999982],[-49.56595862399996,-23.777790623],[-49.56704357199994,-23.772028601999924],[-49.56249431899994,-23.769901644999997],[-49.56217227399992,-23.76746160899994],[-49.56364707799992,-23.764269235999944],[-49.560071482999994,-23.762259566999944],[-49.565915795999956,-23.75843079699996],[-49.57154128600001,-23.75767039499993],[-49.57346538099995,-23.755764673999938],[-49.57162856899999,-23.753627254999966],[-49.56645188900001,-23.753529422999957],[-49.563967798000014,-23.75077929700001],[-49.56412209199999,-23.74788905600003],[-49.56811429499999,-23.739255673000017],[-49.56504060799995,-23.733562360999994],[-49.56137582799994,-23.73184590699997],[-49.558601554000006,-23.734932979000007],[-49.55146758799992,-23.738595568999965],[-49.54855177299999,-23.735120024000018],[-49.55535769400001,-23.722583261000022],[-49.55397837700002,-23.712444967999957],[-49.55038571199992,-23.706970535999986],[-49.54981389299997,-23.70362702000001],[-49.55191628199992,-23.70342285699998],[-49.55516581000001,-23.706874550999935],[-49.55929445999993,-23.70510184099999],[-49.558700465000015,-23.70375092999995],[-49.554471025,-23.703627587000025],[-49.55584015800003,-23.70091907099992],[-49.55341637499998,-23.697181139999998],[-49.55713647200003,-23.693710411999902],[-49.556227326,-23.690644565000028],[-49.55897559300001,-23.69002605899999],[-49.56013165799993,-23.692925902000017],[-49.561258001999995,-23.692850813],[-49.56361662500002,-23.688761994000004],[-49.56153861399997,-23.686751518999927],[-49.56218962899993,-23.685580336999912],[-49.56645121499997,-23.68561926799998],[-49.567081985000016,-23.689187264999926],[-49.568421907000015,-23.68908724099992],[-49.56932095399997,-23.684748699999954],[-49.57201181999994,-23.683707653],[-49.573196252,-23.68102637199995],[-49.576203607000025,-23.68033992599993],[-49.57475904099999,-23.676062899999913],[-49.57624704900002,-23.676357431999985],[-49.577555700000005,-23.67917397000002],[-49.579599572000006,-23.678688032999947],[-49.58107106500001,-23.672119205999945],[-49.58334308899994,-23.670232640999973],[-49.582770950999944,-23.66680608399998],[-49.58029665299995,-23.66489782000002],[-49.581043042999966,-23.663417921000004],[-49.58550249199999,-23.664636426999934],[-49.585257428999974,-23.65916553099998],[-49.602718407,-23.651734686999937],[-49.60288261300003,-23.644805019999986],[-49.61654268099994,-23.640508157],[-49.61700928200004,-23.63953037800002],[-49.61674542999992,-23.63854678099998],[-49.61080047299998,-23.63686690100002],[-49.60836002799994,-23.63451713199997],[-49.607527165999954,-23.63274256400002],[-49.60855028699996,-23.628061413999994],[-49.60587894299994,-23.62464375799994],[-49.61352659899995,-23.623590748000037],[-49.613657555999964,-23.619777334999974],[-49.615689363999934,-23.61743939100001],[-49.61346699299992,-23.614750373],[-49.62113390099995,-23.611678145999974],[-49.621084905999965,-23.60480579399996],[-49.61856950499992,-23.595219037999996],[-49.61616143700002,-23.591466393000015],[-49.61295368200001,-23.59000889999993],[-49.608545901999996,-23.58982858899993],[-49.60633707400001,-23.585822427999975],[-49.60113660799993,-23.582942107999997],[-49.60200195899995,-23.578771388999986],[-49.60119501899999,-23.574544262000018],[-49.60771051199999,-23.568054384999925],[-49.60801855800002,-23.564804202999937],[-49.599814563999985,-23.558475803000018],[-49.598493173000016,-23.553972099999953],[-49.60472945700002,-23.547957471999933],[-49.605806866000016,-23.543759931],[-49.60546706999998,-23.541457130999966],[-49.600668381999924,-23.538132319999924],[-49.60099767700001,-23.535691284999984],[-49.61106933099995,-23.52907853699992],[-49.622645223000006,-23.52518531499992],[-49.628940682999996,-23.51615324099992],[-49.62942217999995,-23.510713106000026],[-49.62141709999992,-23.505929778999928],[-49.61577956199994,-23.510199555999918],[-49.613104607999965,-23.510203468999986],[-49.61380850199993,-23.506759885000022],[-49.618655666999985,-23.502624786999938],[-49.61915188900004,-23.49702376799994],[-49.62188691,-23.49275225599997],[-49.619554332,-23.490853412999968],[-49.616034835999926,-23.490163158999966],[-49.613441623000035,-23.48689664699998],[-49.612572607,-23.48089759200002],[-49.614275775999936,-23.478009853999993],[-49.615269221999995,-23.472128064999993],[-49.60225985699998,-23.47869711400001],[-49.59840569499993,-23.47761762899994],[-49.602434872,-23.47105865699996],[-49.60133908900002,-23.461476796999943],[-49.59775195399993,-23.45808395999996],[-49.60335918800002,-23.452546686999995],[-49.60110282800002,-23.44866972399996],[-49.597942069999924,-23.446159209999948],[-49.59521551199999,-23.438881714999905],[-49.58998853000003,-23.435507872000013],[-49.582227322999984,-23.437128861000012],[-49.57788662500002,-23.436759406000014],[-49.57584713999995,-23.443382362000033],[-49.573452976000006,-23.44395103699996],[-49.56888167499995,-23.440627284000016],[-49.56899194099992,-23.438936490999932],[-49.57184189100002,-23.43743989299992],[-49.57228466699996,-23.43533228399997],[-49.56624078200002,-23.427748275999964],[-49.566849117000004,-23.42577688799991],[-49.56879495799995,-23.425499410999983],[-49.574703608,-23.431298405000014],[-49.57991987799994,-23.431993630000022],[-49.581615077999984,-23.429328440999996],[-49.57869736699997,-23.422238884000024],[-49.580064349,-23.414664614000017],[-49.589394655999975,-23.415941819999986],[-49.591143029999955,-23.414480261999984],[-49.59365242000001,-23.40665607099999],[-49.60150402499999,-23.408747393999988],[-49.60454799500002,-23.40629859699997],[-49.60422397399997,-23.402128411999975],[-49.59943643499998,-23.400699377999942],[-49.59892555699997,-23.398116657999996],[-49.608671012,-23.393434396999965],[-49.617019763999956,-23.39812944399996],[-49.61996107199996,-23.397928497000027],[-49.621691553999995,-23.395536304999997],[-49.62042424100003,-23.388666314999977],[-49.61014023299998,-23.387131846999967],[-49.60121804400002,-23.383430363],[-49.59706107299997,-23.384549746000005],[-49.59281126399998,-23.38940576399998],[-49.59157350199996,-23.388564983],[-49.59076372800001,-23.383301386000035],[-49.59640111599998,-23.37500522399995],[-49.595183824,-23.367226812999938],[-49.60237553799999,-23.36194240699997],[-49.60461357999999,-23.35868152399996],[-49.616687335999984,-23.35179313699996],[-49.618536946000006,-23.35185445999997],[-49.619703920000006,-23.355691876999966],[-49.62177943699999,-23.356698290999926],[-49.62784701200001,-23.355920887000025],[-49.632232080999934,-23.35674396899996],[-49.63561249600002,-23.354604729000016],[-49.63759218599994,-23.350851062000004],[-49.63793502,-23.34293907599998],[-49.63620716499992,-23.340062333000002],[-49.63515025899994,-23.33954218899993],[-49.63204946799999,-23.343886326000014],[-49.63000221199997,-23.344048755999943],[-49.626829784999984,-23.341318380999994],[-49.62653840000003,-23.339055746999918],[-49.62313981199992,-23.336641227999962],[-49.62162439999992,-23.332290413999935],[-49.62345660400001,-23.327593920000037],[-49.62362233399994,-23.317897221000006],[-49.62856766599999,-23.312615342999997],[-49.63172894899998,-23.303546294999936],[-49.62592885499993,-23.28740409199998],[-49.62579883799993,-23.28476720600002],[-49.627751333999974,-23.281366052999996],[-49.62525191799995,-23.280406904000014],[-49.624022062999984,-23.278518395],[-49.62270206400001,-23.279975623999977],[-49.618483627999986,-23.280223408999905],[-49.61275598399999,-23.2773892739999],[-49.60826651199994,-23.278827469000024],[-49.605527959000035,-23.278144270999974],[-49.59739039799996,-23.26903414399999],[-49.58788997200003,-23.265638355000014],[-49.580526960999926,-23.266198927999923],[-49.57553612199996,-23.264141767000023],[-49.56990929099999,-23.263647848999987],[-49.560788979999984,-23.258301222999915],[-49.55623089099993,-23.26124071999999],[-49.54775722099998,-23.26992188699993],[-49.54562549099996,-23.27378033100001],[-49.54527535699998,-23.278685986000042],[-49.54154436499999,-23.279397462000034],[-49.54001447699994,-23.278026968000002],[-49.54118151899997,-23.27211606499998],[-49.543485750999935,-23.269595337999917],[-49.54403448799997,-23.260555533999923],[-49.546515376,-23.25789720699999],[-49.54673936199993,-23.254808982999986],[-49.54911402799996,-23.25298961300001],[-49.549659942000005,-23.24479439699995],[-49.54685615099994,-23.241175600999956],[-49.54354798199996,-23.239616058999957],[-49.53673556199999,-23.231303677000014],[-49.53419381999993,-23.229967585999937],[-49.53263931800001,-23.224299839000018],[-49.52461774300002,-23.216309893000027],[-49.52208004899995,-23.205413194000027],[-49.523468139999984,-23.20109171699994],[-49.52942392,-23.197168546999993],[-49.53258831799997,-23.197430252999922],[-49.53440481999996,-23.19582871699993],[-49.53754314799994,-23.195874586000006],[-49.54222735700001,-23.192916656999948],[-49.541513194000004,-23.190735978999996],[-49.542780834999974,-23.188036653000008],[-49.53997624300002,-23.186474678999954],[-49.53980899599993,-23.180863046000017],[-49.53530946699999,-23.175804932000002],[-49.543677517999974,-23.17191814799991],[-49.543680843999994,-23.170156525999964],[-49.546718982999955,-23.168271420999986],[-49.55064960499999,-23.15924641499992],[-49.54979459499997,-23.15278820799999],[-49.551465077999985,-23.152644568000028],[-49.553912439999976,-23.155478849999934],[-49.55516252500002,-23.15490789399995],[-49.55515132299996,-23.15177229799999],[-49.558557853000025,-23.152781731000005],[-49.56205411000002,-23.147652859000008],[-49.56541993099996,-23.14579143299998],[-49.57287430799999,-23.137923315000034],[-49.556000891,-23.13110522899995],[-49.55403150999995,-23.123645156000016],[-49.552478939000025,-23.122935250999998],[-49.547662424000016,-23.12652589199996],[-49.545759031999935,-23.133294707999926],[-49.546537028,-23.13671355000003],[-49.54518725699995,-23.13816680000003],[-49.532542053999975,-23.13635534699995],[-49.520850343000006,-23.141136189000004],[-49.51493312699995,-23.142295413],[-49.50215647800002,-23.13972898399993],[-49.49833566699999,-23.136436240000048],[-49.49169782500002,-23.136678502],[-49.48741558099999,-23.140133958999968],[-49.48361693300001,-23.140462433999968],[-49.483951804000014,-23.14565760599993],[-49.48278734399992,-23.14799813499998],[-49.47840968399993,-23.149783551999935],[-49.47375296000001,-23.148994968000007],[-49.471138353999955,-23.13655201799998],[-49.460669333,-23.13637689999996],[-49.45611956800002,-23.134870782999986],[-49.45392657299994,-23.128914102999943],[-49.45072133599996,-23.127147855999997],[-49.45140994899998,-23.12217152400001],[-49.447520646999976,-23.121895316999993],[-49.44457166199999,-23.11198422500002],[-49.44193584300001,-23.1108649199999],[-49.441737478999926,-23.10496236000001],[-49.44388861200002,-23.102475414000033],[-49.442347016999925,-23.100245771000008],[-49.44427885099998,-23.099552440999993],[-49.444414558999945,-23.096396968999958],[-49.44201595199996,-23.082444319999986],[-49.44585451600001,-23.067448834000015],[-49.445106727999985,-23.059736262999937],[-49.443064139000015,-23.055981854999956],[-49.44151820600001,-23.055190435999975],[-49.429701632,-23.057681735000013],[-49.42416372000004,-23.05776134799999],[-49.42087664899998,-23.055715796999994],[-49.420868444000014,-23.05374730699993],[-49.41209860399994,-23.05120239099994],[-49.404567217999954,-23.05647544199996],[-49.39663053999999,-23.057443817999964],[-49.39292758699992,-23.056697304000004],[-49.38758547699996,-23.053201591999983],[-49.38415547999994,-23.04900324599998],[-49.38433710299996,-23.04610500599999],[-49.38744402499998,-23.04331270099992],[-49.383164840999996,-23.03862571600002],[-49.38271291299998,-23.029131463999992],[-49.37612601900002,-23.015652120999953],[-49.371907266999926,-23.000984357999982],[-49.37198047399995,-22.99462836299995],[-49.368682116,-22.984036262000004],[-49.36422423900001,-22.986129906999963],[-49.36177128999997,-22.991960171000002],[-49.35997073899995,-22.992561502],[-49.35679758399999,-22.988334048000002],[-49.35653539100002,-22.98238184399998],[-49.35288641699992,-22.977519001999994],[-49.31870296799998,-22.969535943999915],[-49.314003426000006,-22.964916941999977],[-49.31013740200002,-22.958303361999914],[-49.30432149000001,-22.952668778999996],[-49.27996176599993,-22.937828171],[-49.284878642999956,-22.935712005999964],[-49.29256793299998,-22.928388245999994],[-49.29490644299995,-22.91844794399997],[-49.302826548999974,-22.913178759999994],[-49.30917436499999,-22.896440579999933],[-49.30879191299999,-22.884869315999993],[-49.31692501399994,-22.884724499000015],[-49.32546264199999,-22.887019231999957],[-49.33222700800002,-22.88690050799998],[-49.337607831000014,-22.889865830999955],[-49.34227594499998,-22.884460610000023],[-49.34482573999998,-22.888945577999973],[-49.35315434599999,-22.886943130999946],[-49.361080921,-22.88917054699999],[-49.364896632999944,-22.887791375],[-49.36969781800002,-22.882795712000036],[-49.371223015,-22.87879513500002],[-49.36987698799999,-22.877316206999986],[-49.36995959500002,-22.874941485000022],[-49.373442858999965,-22.87039005600002],[-49.37443280299999,-22.866271266000016],[-49.37782453299997,-22.863334704999975],[-49.378372442,-22.859333023999966],[-49.37678283999993,-22.8515348739999],[-49.37509320399994,-22.85010301999994],[-49.376719673999965,-22.840459693999986],[-49.37483468999995,-22.836469384999994],[-49.37446515499993,-22.82995560999997],[-49.368085136,-22.820486487999958],[-49.371257335,-22.806646359000023],[-49.37344433200002,-22.800792713000043],[-49.377015341,-22.795789813000003],[-49.37923720699997,-22.78566155599998],[-49.376076118000015,-22.777131882999985],[-49.36805886799993,-22.782634884000004],[-49.36087954200002,-22.78446220400003],[-49.35544996300001,-22.782647982999986],[-49.34891002799998,-22.782943608999954],[-49.340100560999986,-22.77917342699993],[-49.335144165999964,-22.775119060999945],[-49.332149615999924,-22.76820036499991],[-49.32916404399998,-22.765344487],[-49.324520924999945,-22.763707684999986],[-49.318321401999924,-22.76426234599995],[-49.30864646600003,-22.762084040999927],[-49.30082987699995,-22.765357448999957],[-49.29318179399996,-22.764425784999958],[-49.28817128499992,-22.77058039399992],[-49.27873483399992,-22.77183142499994],[-49.27571856299994,-22.769574619000007],[-49.27259170099995,-22.762133253999988],[-49.26633665199995,-22.759534867999953],[-49.26136512099993,-22.752907920999906],[-49.254563056999984,-22.75188731700002],[-49.24996297500002,-22.749493769000026],[-49.244995295999956,-22.751903756999972],[-49.239670339999975,-22.752195675999964],[-49.23179692100001,-22.75893262999996],[-49.228255209,-22.76011955000001],[-49.22702279499998,-22.75861720999993],[-49.22646107599996,-22.752173455999984],[-49.22490372199997,-22.75035995799991],[-49.21064332899999,-22.742867620999963],[-49.20365879299993,-22.735459909999964],[-49.198139723,-22.722024777999994],[-49.19615277499992,-22.721797555000027],[-49.19056689799993,-22.725419206000005],[-49.18462627100001,-22.72253441800001],[-49.181522872000016,-22.728782452000015],[-49.17507209500002,-22.729935298999905],[-49.173877431999976,-22.729213897000015],[-49.172727527999996,-22.72466155699993],[-49.16760148299994,-22.721368891000004],[-49.16508433299999,-22.717792477999982],[-49.16255246100002,-22.705795653999978],[-49.15794052399997,-22.70003405800003],[-49.15523314099994,-22.693770396999913],[-49.15428124799997,-22.686620483999963],[-49.151724479999984,-22.683730652000026],[-49.13548479699995,-22.676644368999973],[-49.133192044999994,-22.672172100999997],[-49.129497693000026,-22.673100886999958],[-49.12018064699993,-22.671792593000003],[-49.115979703,-22.673540669999976],[-49.11130989499998,-22.673412973999955],[-49.10870351199998,-22.675159326999974],[-49.10453176300001,-22.668906640999968],[-49.095381961999976,-22.666293463999917],[-49.096999270000026,-22.680407132000017],[-49.094511937999926,-22.685928463999986],[-49.09506740399997,-22.695586435999992],[-49.092909185999986,-22.704150332999973],[-49.08552414299993,-22.71319220499997],[-49.07586581700002,-22.72218854399996],[-49.07183672500003,-22.724548292999987],[-49.06710016,-22.730184618999942],[-49.06196870399997,-22.732443183999976],[-49.057733256000006,-22.73593805500002],[-49.05254074800002,-22.750359956999915],[-49.052415310000015,-22.754332941999948],[-49.04242841499996,-22.76030260099998],[-49.03833466499998,-22.76073912999993],[-49.03719505999993,-22.763053092999982],[-49.030545576000016,-22.76289800599993],[-49.026640723000014,-22.771556062000005],[-49.02548215499997,-22.78334823900002],[-49.023232371999995,-22.78980084800002],[-49.02903852599996,-22.797417076999977],[-49.029585801,-22.81826349099998],[-49.032914750999964,-22.823025497000014],[-49.033409492999965,-22.82850873899996],[-49.031022883999924,-22.833432296999945],[-49.02847881600002,-22.835190630999932],[-49.01393241699993,-22.840208371000017],[-49.01102300799999,-22.83284814199994],[-49.001238204,-22.824773020999995],[-48.99623286799999,-22.81860523299998],[-48.995901984,-22.82255615599996],[-48.993428251999994,-22.825525258000013],[-48.99312758000002,-22.827857087999977],[-48.988755430000026,-22.834812511999925],[-48.983446793999974,-22.840006171999974],[-48.981260394,-22.83886260899992],[-48.981093364999936,-22.835950378000014],[-48.97933632899999,-22.83408003699998],[-48.97216353299996,-22.829490847999978],[-48.96890729799992,-22.824331678999947],[-48.966018332999965,-22.82689139500003],[-48.94940498900002,-22.824313951000022],[-48.944309142000016,-22.82659029899997],[-48.94162545500001,-22.825208148999995],[-48.935613467999985,-22.82723375799993],[-48.93091052099993,-22.826514578999998],[-48.926548619000016,-22.828290601999985],[-48.922236398999985,-22.827852919000012],[-48.915139600999964,-22.831636003000032],[-48.909957510000034,-22.83271350699999],[-48.90659346199993,-22.836230110999956],[-48.90409076599997,-22.842041058000007],[-48.90141315499994,-22.845081516999993],[-48.89533976999997,-22.84625020099991],[-48.893746237000016,-22.84804834099992],[-48.88881652699997,-22.84832680099998],[-48.887527814000016,-22.84970946300001],[-48.880566535000014,-22.85034126300001],[-48.87960721299999,-22.851368933],[-48.875964613000015,-22.85039269499993],[-48.87026584499995,-22.851836015999968],[-48.86237672599993,-22.851490722999912],[-48.859853117000014,-22.849683147999933],[-48.857646010999986,-22.850379186999966],[-48.848010911000024,-22.84605917099992],[-48.84600307599999,-22.846922663999973],[-48.844877008999966,-22.849197241999946],[-48.842042701999965,-22.84975708199998],[-48.837711131999924,-22.84954123799991],[-48.836086300999966,-22.84759589299998],[-48.819928818999976,-22.84784643699993],[-48.810156473000006,-22.84605950799998],[-48.806076915999995,-22.844236906999985],[-48.80262942500002,-22.844795410000017],[-48.797149622000006,-22.83948969800001],[-48.79663030299998,-22.83639724499993],[-48.793033976000004,-22.83240604699995],[-48.78844284500003,-22.83549959200001],[-48.780228896999915,-22.826259112999985],[-48.78052870999994,-22.82077102899996],[-48.776100561999954,-22.81608522699998],[-48.776486573,-22.81368138099997],[-48.77424829099999,-22.810851064999955],[-48.773844886999996,-22.80593786199996],[-48.775835814000004,-22.800563431000015],[-48.77986470000002,-22.796939058999993],[-48.77916511400002,-22.783401953999938],[-48.78113031999999,-22.777615497999985],[-48.777361333999984,-22.765217493000016],[-48.778291287999934,-22.761609267999912],[-48.76995377499993,-22.757864115999983],[-48.76889489500002,-22.760392870999976],[-48.76445919299999,-22.763308447999982],[-48.76315962199999,-22.765880018999948],[-48.757079739999995,-22.769130534999988],[-48.75460612399996,-22.772298376999974],[-48.75088220499998,-22.772127129],[-48.750747811999986,-22.769999686999938],[-48.74883466099993,-22.767969858999955],[-48.74690516499999,-22.769863766999947],[-48.74418523000003,-22.770498519999983],[-48.736974078,-22.764909611999933],[-48.72966843699999,-22.764272389999963],[-48.722153602000006,-22.750361440000013],[-48.720668908,-22.745356473000022],[-48.71718775299996,-22.741723841000017],[-48.70652520699996,-22.73798935600001],[-48.70667406399997,-22.733296556999964],[-48.69126609500001,-22.737148061999953],[-48.69368780100002,-22.73109194199998],[-48.691308953999965,-22.724425375999935],[-48.694040266999934,-22.723346985999953],[-48.69474081499999,-22.72009184499995],[-48.69085498700002,-22.70803967],[-48.69162915200002,-22.702386629999967],[-48.68857506799992,-22.694236379999992],[-48.69172169400002,-22.688303168000004],[-48.688914041999965,-22.681440967999944],[-48.689431453999994,-22.67603757099999],[-48.684703626999976,-22.665698233000015],[-48.688907469999954,-22.65942592899993],[-48.68886101099998,-22.646732982999932],[-48.681630784999996,-22.634080786999963],[-48.67869471399996,-22.63131488999999],[-48.673636940999984,-22.629995907999955],[-48.66308310399996,-22.631804859999992],[-48.66115787899998,-22.630883434999944],[-48.665177940999975,-22.621461443999976],[-48.67363612399993,-22.611427476999953],[-48.675222677000036,-22.60476163900001],[-48.68210453699993,-22.59156579000001],[-48.682736330000004,-22.585150295999938],[-48.68200446999999,-22.58202052899997],[-48.678433144999985,-22.578443987000004],[-48.67915368500002,-22.575131890999955],[-48.67710078400001,-22.571970131],[-48.67155080799996,-22.569722823999996],[-48.667299036999964,-22.569327046000012],[-48.669622471000025,-22.56479540899996],[-48.665155631000005,-22.56420012799999],[-48.66534079099995,-22.562022520000028],[-48.667475447000015,-22.560715670999965],[-48.672137949999986,-22.562287355000024],[-48.67088071199993,-22.558795787000008],[-48.67225225599993,-22.556401874999985],[-48.67038356199993,-22.553976171999977],[-48.67362490499999,-22.55103545200001],[-48.67225067299995,-22.550412611999985],[-48.66749836499998,-22.551477419999944],[-48.66681618299999,-22.548784809999912],[-48.67042030099998,-22.54664969399995],[-48.66902727299998,-22.545720560999992],[-48.668046607000015,-22.546345901999917],[-48.668164991000026,-22.54530856499996],[-48.665973528999984,-22.54445522700001],[-48.66434308200002,-22.545049590999945],[-48.66511492199993,-22.543847152999945],[-48.66404935699995,-22.543417273999935],[-48.66006150299995,-22.545125277000018],[-48.65977893899993,-22.539618749999924],[-48.65570859699994,-22.539704952999955],[-48.65684886499997,-22.536566004999923],[-48.653689643999996,-22.53550292300003],[-48.65356180999999,-22.532477233999952],[-48.65270470100002,-22.532231393999943],[-48.65221167400001,-22.534070476000018]]]}},{"type":"Feature","properties":{"id":"zee-09","nome":"Registro"},"geometry":{"type":"Polygon","coordinates":[[[-47.43387922599999,-24.688463990999985],[-47.44146628300001,-24.697933713],[-47.472100566,-24.70875415799998],[-47.506660262000025,-24.72465519100002],[-47.56798531999999,-24.759499813999973],[-47.608474479,-24.786150575000008],[-47.66405426699998,-24.827756011000012],[-47.692868952000026,-24.85160062400002],[-47.72335922899998,-24.874116448999985],[-47.752984513,-24.898870179000028],[-47.77131657000001,-24.912428680000005],[-47.83892737299999,-24.971632987000003],[-47.86984341099998,-25.00664005900001],[-47.88388850500001,-25.030766954999986],[-47.88662010600002,-25.04109079900001],[-47.88628787800002,-25.05020932000003],[-47.89128155200002,-25.076741266999996],[-47.895693284000004,-25.09259722399998],[-47.898513439000006,-25.097482585999995],[-47.896556255000014,-25.10424698899998],[-47.89452027300001,-25.105282530000018],[-47.89495948199998,-25.107240269999984],[-47.90175326799999,-25.111778274],[-47.908179651999994,-25.117957672],[-47.908779611,-25.121979393000004],[-47.91637066800001,-25.138264154999998],[-47.91502627400002,-25.140429271000002],[-47.919346432999994,-25.146570780999966],[-47.919511226,-25.152329416999958],[-47.917879606999975,-25.155808061999977],[-47.91253233300001,-25.155863934999996],[-47.91413046700001,-25.15974379599999],[-47.92147782299997,-25.160052198000006],[-47.92562162799999,-25.161680798],[-47.931384143,-25.166221848000028],[-47.93559248700001,-25.16766094299998],[-47.955318778000006,-25.182577830999996],[-47.97069727600002,-25.196472254999996],[-47.972637836000004,-25.199539618999996],[-47.979886642,-25.203657720000027],[-48.05715664399997,-25.268761426000026],[-48.08651265499998,-25.297694578000005],[-48.094337123,-25.308346139999998],[-48.09821031600001,-25.305369708],[-48.09859786599997,-25.299809229999994],[-48.09325868799999,-25.29363477700001],[-48.08576069200001,-25.292080703999993],[-48.082302802000015,-25.289425188000003],[-48.080551523000004,-25.28006673200004],[-48.07888174599998,-25.27747339199999],[-48.059608119000025,-25.266318723999973],[-48.049276213999974,-25.25170683599997],[-48.031031523000024,-25.239336137999995],[-48.02418120800002,-25.231748282999995],[-48.02431216299998,-25.229183816999974],[-48.027896327000015,-25.22869524100003],[-48.02981204600002,-25.226248643000023],[-48.02749895199997,-25.220877732000016],[-48.03187927699997,-25.21894426799996],[-48.03948483599999,-25.21870048800002],[-48.044749447000015,-25.22154343800003],[-48.04530050800004,-25.225810405999976],[-48.04733224600001,-25.226843571999986],[-48.05059824900002,-25.225345908000012],[-48.05741231600001,-25.218499775000005],[-48.058777256999974,-25.22146887199999],[-48.05739518299998,-25.226823126999985],[-48.060042141999986,-25.228718451000027],[-48.057191455999984,-25.232743463999995],[-48.05975350199998,-25.23884891099998],[-48.06344426300001,-25.24041946499999],[-48.07554711400002,-25.240858891000016],[-48.083018059999965,-25.24542842699998],[-48.08447907599998,-25.240590285999993],[-48.089840202000005,-25.24194974099997],[-48.09358474800001,-25.239934602000005],[-48.09540218199999,-25.24151243099999],[-48.09938249200002,-25.241592533999988],[-48.100748624000005,-25.243869268999998],[-48.10758542799999,-25.244410759000008],[-48.10967283700002,-25.246699956999976],[-48.10986319900002,-25.248809623000003],[-48.114105042000006,-25.250839519],[-48.122709007000026,-25.24528240699999],[-48.123630618999975,-25.243093199999993],[-48.12646942200002,-25.24203873900001],[-48.12670283900002,-25.239752317000022],[-48.131582186,-25.240413761000006],[-48.13413247599999,-25.237421598000015],[-48.135818137,-25.237252123000026],[-48.13802380400001,-25.233624911999986],[-48.13984179900001,-25.234402950000003],[-48.151259486000015,-25.229217574000014],[-48.15311952700001,-25.22400880899998],[-48.155951241000025,-25.221586122000016],[-48.155990848999984,-25.219255003000004],[-48.158415639000005,-25.21729332299998],[-48.15810213300001,-25.21496958000001],[-48.16011442600001,-25.21453348799997],[-48.16210147800001,-25.209476376999966],[-48.165481489,-25.20811377600001],[-48.172556417000024,-25.20961118600002],[-48.177657238999984,-25.206417620000025],[-48.17912906300001,-25.207172011999983],[-48.180952564,-25.206395172000004],[-48.18157767700001,-25.210478738],[-48.18660036300003,-25.207117843999974],[-48.18405743300002,-25.205542287000014],[-48.183631855999984,-25.20390310800002],[-48.19263436699998,-25.194485109000006],[-48.193574247000015,-25.190133785999965],[-48.19016884799998,-25.18728459200002],[-48.18632400400003,-25.18760390199998],[-48.183968279,-25.18541337099997],[-48.17847693300001,-25.183483754999997],[-48.17921929300002,-25.179806929999966],[-48.17547360100002,-25.17728784799999],[-48.173010260999995,-25.17216474899999],[-48.167422396999996,-25.167006429000022],[-48.166786032999994,-25.163724686000023],[-48.16883877700002,-25.159782527999994],[-48.16880910499999,-25.156899871],[-48.16675149000003,-25.155149912999995],[-48.16479493200001,-25.155860499000024],[-48.162550876000005,-25.154970828999968],[-48.160532726999975,-25.15134965300003],[-48.15835052699998,-25.15034185699999],[-48.15646942699999,-25.144329081000027],[-48.159364004999986,-25.144621109000013],[-48.161414336000014,-25.14640815400003],[-48.16468412500001,-25.145701186999993],[-48.17134832900001,-25.14230058599997],[-48.17561296500003,-25.13874251099995],[-48.17720067599999,-25.135450656999975],[-48.180580398000025,-25.135054856],[-48.18190476799998,-25.133265570999974],[-48.18091463899999,-25.12987753099996],[-48.187867326,-25.124194982999988],[-48.190175157999995,-25.116496809999987],[-48.194304368000026,-25.114417617000004],[-48.194643165,-25.106066008000045],[-48.205319799999984,-25.099002684000013],[-48.203688332000006,-25.09421319199999],[-48.21322275,-25.083110404000024],[-48.20976210200001,-25.07981910799998],[-48.216175238999995,-25.07738510500002],[-48.215375530000024,-25.074633542000015],[-48.213078822,-25.07240900800001],[-48.21553730199997,-25.07069621499999],[-48.21630503900002,-25.06690158100002],[-48.21218986600002,-25.064109932999997],[-48.212829983000006,-25.062615037999997],[-48.211548592999975,-25.059588276000014],[-48.214167394000015,-25.054538132999987],[-48.21614968900002,-25.042542609999984],[-48.21478524700001,-25.039027518999976],[-48.21133827099999,-25.038210312999976],[-48.209344327999986,-25.035981671999977],[-48.20906047099999,-25.02836824100001],[-48.210605421000025,-25.027440666999986],[-48.21524165699998,-25.03010071199997],[-48.22466406000001,-25.022744724999995],[-48.22768799200002,-25.023493287000004],[-48.23153921099998,-25.021056102999975],[-48.231106377,-25.018579384000038],[-48.233288220000034,-25.01795220600003],[-48.23271082100001,-25.01596251400003],[-48.227428309000004,-25.01269818999998],[-48.22321986600002,-25.008253426000007],[-48.226809523999975,-25.00670469099998],[-48.23019492399998,-25.00926121800002],[-48.231096417,-25.007555457999988],[-48.23388821999998,-25.007348853999986],[-48.227965315999995,-25.00013569800001],[-48.23404387900002,-25.000644652000005],[-48.23640099199998,-24.997805136000007],[-48.23522302800001,-24.995098883000026],[-48.241885240999984,-24.99159209499999],[-48.24286748200001,-24.98997931399998],[-48.24572335900001,-24.989721173000024],[-48.248762278000015,-24.984683446000016],[-48.249688201000026,-24.977539913999987],[-48.251444822999986,-24.977876458000033],[-48.252588394999975,-24.98162752600002],[-48.25574953300003,-24.98217999299998],[-48.258769660999974,-24.986347968000015],[-48.257247580000026,-24.988780299],[-48.25931927200002,-24.990764931],[-48.25717192100001,-24.992350825000013],[-48.25515914599998,-24.99671163400001],[-48.25752782799998,-24.996548211999986],[-48.260075640000025,-24.99811843899999],[-48.26258221900002,-24.993828673999975],[-48.264427201000004,-24.993018306000018],[-48.26499665600001,-24.994658704000024],[-48.26660484899998,-24.99509412799999],[-48.26626773200002,-24.996528394000002],[-48.269874903000016,-24.997624433000002],[-48.26956133599998,-24.99920220899997],[-48.271356217000005,-25.001128531000017],[-48.270794342999984,-25.003166158],[-48.273296614,-25.00549317699999],[-48.271431242000006,-25.011312524000004],[-48.272459002999994,-25.014937753999995],[-48.27681770499999,-25.017018208999996],[-48.27852278199998,-25.020179598000038],[-48.276516490000006,-25.028608272999975],[-48.278667358999996,-25.029950239000012],[-48.277636313000016,-25.031815761000015],[-48.27855184700002,-25.03338794600001],[-48.28718610200003,-25.041019459999973],[-48.29009242699999,-25.038867556000007],[-48.289396667999995,-25.030834183000035],[-48.29214263900002,-25.02846184999998],[-48.29322860299999,-25.024192489999997],[-48.295086739,-25.023348430000002],[-48.299538408999986,-25.02458289700002],[-48.29657111,-25.030736746],[-48.29892010200001,-25.03556346499999],[-48.303496087999974,-25.034679309999987],[-48.30794896200002,-25.03607866200003],[-48.30891012799998,-25.037869086],[-48.307181942999996,-25.043394671999977],[-48.308657972999974,-25.046760226999982],[-48.310918318000006,-25.048160525000004],[-48.314766679,-25.04724364600001],[-48.323959177999996,-25.05438290099999],[-48.32675925299999,-25.05064580599998],[-48.323270877000034,-25.042815425000015],[-48.32365124900002,-25.037426283000002],[-48.32842495400001,-25.037541418999965],[-48.33033607499999,-25.036272031999996],[-48.33361353100003,-25.036135522999963],[-48.33578949100002,-25.040235148000008],[-48.337910023999996,-25.039411631000007],[-48.33770537100003,-25.037437152999967],[-48.33939863699999,-25.03606097099999],[-48.343144435999996,-25.037742003999977],[-48.347245643000015,-25.03522478000001],[-48.348729150999986,-25.035337137999974],[-48.34956910699998,-25.037054124999994],[-48.351299891999986,-25.03657927500001],[-48.352760236999984,-25.033393584999995],[-48.34937975499997,-25.027350346999974],[-48.35431255499999,-25.025629539000022],[-48.35524635399998,-25.02384825899997],[-48.356309597999996,-25.024196589999978],[-48.358126626,-25.02060417600003],[-48.35841217900002,-25.016453674999973],[-48.365369095000005,-25.014193749000018],[-48.367388843000015,-25.01457888499999],[-48.36712143099999,-25.012588106999992],[-48.369303359000014,-25.009049064],[-48.374664189999976,-25.003891821000014],[-48.37778090400002,-25.00320748199998],[-48.37886691400003,-24.996755571999973],[-48.38544763900002,-24.995190193999992],[-48.39180452800002,-24.991027418999973],[-48.396031162999975,-24.991094214999976],[-48.39687499500003,-24.988107033999988],[-48.399894553000024,-24.985606652],[-48.40452642299999,-24.985002119000008],[-48.405260715000004,-24.98261127799998],[-48.407613156000025,-24.98240958600001],[-48.40919647099997,-24.980522717999957],[-48.41349981600002,-24.980895912999983],[-48.41520994199999,-24.983486593000013],[-48.41403352499998,-24.987038585000008],[-48.41874924400002,-24.990251582999974],[-48.425993108,-24.991299935999994],[-48.429078940000004,-24.989928808999995],[-48.430999822999986,-24.991633278999945],[-48.436034785000004,-24.990902600999995],[-48.43687547000002,-24.99282404500001],[-48.44084657399997,-24.99554973500002],[-48.44435554299997,-24.99559517499999],[-48.44635247999997,-24.99846442099999],[-48.453109057000006,-25.001787137999997],[-48.45532490099998,-25.005261796000013],[-48.46398907499997,-25.005257604999997],[-48.46494718999997,-25.01063398000003],[-48.474255804999984,-25.01348980600001],[-48.476813445999994,-25.02620859600001],[-48.480068087999996,-25.030433720999998],[-48.47826300200001,-25.034357702999994],[-48.480915922000015,-25.036991909000005],[-48.481386063,-25.039264907],[-48.48572610000002,-25.039860869999973],[-48.487140157999995,-25.042983906000014],[-48.48764702300002,-25.04579285099998],[-48.483398205000015,-25.05094557799997],[-48.484123957,-25.053544298000027],[-48.48830417900001,-25.051954781000006],[-48.49154809899999,-25.053016092999997],[-48.49501578799999,-25.058112456000003],[-48.499647713,-25.059389287999974],[-48.50436508199999,-25.06581089600002],[-48.50869728800001,-25.068574454999954],[-48.50921256700002,-25.07064248500001],[-48.507494881000014,-25.072969584000024],[-48.51140844299999,-25.077315684999977],[-48.51298828,-25.08399788800002],[-48.52181402000002,-25.08414312100001],[-48.521003957000005,-25.08661637799997],[-48.52330109899999,-25.08958817299998],[-48.52106020399998,-25.09154461200001],[-48.527799475999984,-25.095071500000007],[-48.52692716500003,-25.098215158999988],[-48.528662627000024,-25.100373994999984],[-48.54509650699998,-25.09470043499999],[-48.55656653699998,-25.085293354999983],[-48.55652464100001,-25.082222903],[-48.557869779999976,-25.08151775099998],[-48.56048272800001,-25.07561856199999],[-48.55801968800001,-25.072930627000005],[-48.55921092400001,-25.07165255600001],[-48.55760768,-25.068520363000008],[-48.55929622899998,-25.06507118600002],[-48.557610512999986,-25.063506297999982],[-48.55882095599998,-25.061007400000012],[-48.564060691000016,-25.057800461999992],[-48.565700241,-25.058116521999978],[-48.567158612000014,-25.054592431999986],[-48.56940099000002,-25.054148467000005],[-48.569077326999995,-25.050726148000024],[-48.574015668000015,-25.049992222999993],[-48.57454612700002,-25.050967379999992],[-48.57601147299999,-25.049840625999998],[-48.576820129000005,-25.05054314900002],[-48.575778687000025,-25.051595726000016],[-48.57795776,-25.051441312999998],[-48.57967835199998,-25.053216229999975],[-48.58100153700002,-25.052921431000023],[-48.581328008000014,-25.05058068099999],[-48.58309227699999,-25.050830640000015],[-48.580415723999984,-25.047197462999968],[-48.582957110999985,-25.041946531999987],[-48.58202265900002,-25.041198077999976],[-48.584174905,-25.041187063000002],[-48.583295839000016,-25.040311361000025],[-48.58429421300002,-25.038718259000017],[-48.581118704000005,-25.03509162499999],[-48.58495744999999,-25.03179349499998],[-48.58480701899998,-25.030374214000005],[-48.589755454,-25.02967318300001],[-48.58779629700001,-25.027812740000016],[-48.59233391999999,-25.027542260000022],[-48.58803612899998,-25.023469696999996],[-48.588537987,-25.02005680199999],[-48.59529379000002,-25.018618307],[-48.597510123000006,-25.020098640000015],[-48.59920207699997,-25.01945696899998],[-48.597080112000015,-25.015616087000005],[-48.60087124000001,-25.00944810599996],[-48.595718885999986,-24.996423981],[-48.59421933599998,-24.995704768999985],[-48.591339720000015,-24.99667281799997],[-48.589993537999995,-24.995767597999986],[-48.59074176399997,-24.989355938000017],[-48.588824053999986,-24.98641889999999],[-48.58715539000003,-24.985757460999988],[-48.579681101000006,-24.986761075999997],[-48.57594585800002,-24.983638865999964],[-48.574825024999996,-24.979823274999998],[-48.57114503499997,-24.977666446999987],[-48.56751102999999,-24.972174345999974],[-48.567506251000005,-24.966520963],[-48.56893887299998,-24.963044401999976],[-48.56800214999999,-24.960473004999983],[-48.57275398299999,-24.953942208],[-48.57025439199999,-24.951440971999993],[-48.563167951000025,-24.95045122400002],[-48.569023758000014,-24.946913291999977],[-48.570052466,-24.943720182999957],[-48.56732636499999,-24.941016838999982],[-48.562869826999986,-24.939290513000017],[-48.567087903000015,-24.935106212000004],[-48.56698210600001,-24.93127735299997],[-48.56889446500002,-24.931962388999978],[-48.570735808999984,-24.931167489000018],[-48.56956673600003,-24.928654784999992],[-48.57207197000002,-24.92391785500001],[-48.57144038899997,-24.919728224999968],[-48.56757325299998,-24.919942834000008],[-48.565178421999974,-24.917731980999957],[-48.56728978299998,-24.915013046],[-48.566539707000004,-24.910939826000003],[-48.567485073,-24.903720942999986],[-48.573111460999996,-24.902523716999994],[-48.572528847000015,-24.895397473999992],[-48.567696963,-24.894044984999994],[-48.565231659000005,-24.894552250000004],[-48.562855723999974,-24.895801243999987],[-48.56187325600001,-24.900172097000006],[-48.559807767999985,-24.901175463000012],[-48.55627134600002,-24.89354845100002],[-48.559778601999994,-24.88880580300003],[-48.55810742699998,-24.883763562000002],[-48.555239577000016,-24.881715101999976],[-48.54836509500001,-24.88208095900001],[-48.54514889099999,-24.87910290299999],[-48.54580806000001,-24.877082140000027],[-48.54709795399998,-24.87965014000003],[-48.55010310799997,-24.878887583999973],[-48.54708990900003,-24.873537855999977],[-48.549420399999974,-24.86766580800003],[-48.566946324000014,-24.864414352999983],[-48.56455682299997,-24.856755220000043],[-48.568167546999966,-24.847765180000017],[-48.564351018000025,-24.83772488300002],[-48.56452035500002,-24.834010207999977],[-48.562632883999996,-24.830645580999995],[-48.56239285499998,-24.826930139],[-48.556313965000015,-24.82421585100002],[-48.55949272800002,-24.820837609000026],[-48.55745525399999,-24.812757397999967],[-48.55572593599999,-24.81054687400001],[-48.55610294000002,-24.806413290000016],[-48.54882524800001,-24.79674165599999],[-48.53732703899999,-24.790020960999975],[-48.53531627799998,-24.786641483999972],[-48.530189249999985,-24.786133489999997],[-48.527499605,-24.782936338000017],[-48.51641134800002,-24.780084955999993],[-48.515651914999985,-24.77817619400002],[-48.51810103999998,-24.774474686000026],[-48.51761305100001,-24.769454876000008],[-48.512891554000014,-24.764124057999993],[-48.509904474,-24.76408455500001],[-48.508656144,-24.76525250499998],[-48.506874902,-24.764236337000003],[-48.508706093,-24.758030408000025],[-48.507982200000015,-24.75148611899999],[-48.503053161000025,-24.74597805000002],[-48.504369393000005,-24.739764865999973],[-48.499385561999986,-24.738877715000008],[-48.49967117199998,-24.737717031999956],[-48.502213945,-24.737578023000022],[-48.503191284000025,-24.735779216000026],[-48.505411838999976,-24.735335099999983],[-48.507364628999994,-24.736007427000008],[-48.50880269800001,-24.738763756000026],[-48.511780499000004,-24.740749182999984],[-48.515756124000006,-24.73897352799997],[-48.51886027900002,-24.73914378199997],[-48.523497679,-24.736120528000022],[-48.52979750800001,-24.739683687000028],[-48.53259369099999,-24.737113584999978],[-48.530587294999975,-24.73158310700002],[-48.53885915000001,-24.726560410999948],[-48.53389729600001,-24.72161185300003],[-48.530843779000016,-24.716465114000016],[-48.53147972099999,-24.714754622999966],[-48.529300121000006,-24.706103857999977],[-48.53139478899999,-24.70204998999997],[-48.53023632700001,-24.69964753800004],[-48.53165853799999,-24.697589381000004],[-48.528618385000016,-24.69196503],[-48.52908771,-24.68761537199999],[-48.527584812999976,-24.68605956499998],[-48.52564261700002,-24.685929005999977],[-48.524518779999994,-24.682483981000015],[-48.521375347,-24.681960015000012],[-48.51874806400002,-24.677672104000006],[-48.51564223999998,-24.676622709000014],[-48.51437170200001,-24.674607321999982],[-48.506549264000014,-24.673088747000026],[-48.50730175899997,-24.669413319999993],[-48.50598601399997,-24.66829414400001],[-48.499682181000026,-24.669742934],[-48.497114044,-24.667626303000013],[-48.49309872600003,-24.67017604],[-48.48893075299998,-24.67751575800001],[-48.484317417999996,-24.679482140999994],[-48.48176789199999,-24.678963786999986],[-48.48202222499998,-24.675444586000022],[-48.480846973999974,-24.673766520000008],[-48.48173445100003,-24.670457683999988],[-48.47427474699998,-24.66566114699998],[-48.46524863399998,-24.662610475999994],[-48.464481912999986,-24.659792364999994],[-48.46198184100001,-24.660617693000013],[-48.459240475,-24.655691483000005],[-48.45705770400003,-24.64637411699999],[-48.460146957999996,-24.64276802299998],[-48.460094127,-24.641058441999963],[-48.452097905000024,-24.626916621000017],[-48.45187900799998,-24.623203117000006],[-48.45400121,-24.616657791000026],[-48.45278246599998,-24.614716764999997],[-48.451348774,-24.614823759999975],[-48.45175400099998,-24.613667593999995],[-48.44972629000001,-24.610105149999992],[-48.448241397000004,-24.609963874999995],[-48.44801242400001,-24.607130395000006],[-48.44619347800001,-24.605434634999977],[-48.44770463100002,-24.603897008999965],[-48.44565508599999,-24.603738379],[-48.44660943299999,-24.60212655800002],[-48.44541207200001,-24.60161797099998],[-48.447382684,-24.598996410999945],[-48.44411896899998,-24.59623591600001],[-48.44132046,-24.59555433499996],[-48.442098896000005,-24.594368522000018],[-48.440081756999966,-24.59268885400002],[-48.432608501,-24.590898686999985],[-48.43361811300002,-24.58945394099999],[-48.430425705999994,-24.58723207100002],[-48.43075005100002,-24.58418301400003],[-48.427980063999996,-24.584295554999997],[-48.42578761300001,-24.586119761000006],[-48.42451603500001,-24.584541324999975],[-48.425109882000015,-24.583497216000012],[-48.42168322700002,-24.582282431999975],[-48.42007057500001,-24.586807607000026],[-48.418049520000025,-24.585711678999985],[-48.41708745,-24.58667072499998],[-48.417219462,-24.585481082999962],[-48.41549700500002,-24.585275299],[-48.413846621999994,-24.586627529999987],[-48.40635404099998,-24.58088066800004],[-48.40396460599999,-24.577516849000006],[-48.404110431,-24.573667951000015],[-48.40211048200001,-24.571111304],[-48.39861204099997,-24.570229971000007],[-48.393641388,-24.572640564999993],[-48.39149412299997,-24.571907088999975],[-48.391070576000004,-24.56955083100002],[-48.39455411500001,-24.564063036999983],[-48.398267460999996,-24.563723272000004],[-48.40269300699998,-24.565322797999997],[-48.40573286799998,-24.561203850000023],[-48.410464366999975,-24.558304388000018],[-48.41750464299997,-24.557798973999983],[-48.42287638300002,-24.554743302000002],[-48.4267099,-24.554235045999967],[-48.42666077299998,-24.55198192199997],[-48.42872472200003,-24.55137803399998],[-48.429737386,-24.549264379000025],[-48.42953233399999,-24.544996377000036],[-48.43412208600001,-24.54324435900003],[-48.43428461100001,-24.539765445000018],[-48.43191314799998,-24.54001452199998],[-48.430684240000005,-24.538676214000013],[-48.432066510000034,-24.53720901000003],[-48.430970204000005,-24.537139947000004],[-48.431391780999995,-24.534747074999984],[-48.42943353300001,-24.533724388999985],[-48.429659824,-24.531183387999974],[-48.422811258000024,-24.530200872000027],[-48.41931921499998,-24.528381147999983],[-48.41772795600002,-24.52614345900002],[-48.413071161000005,-24.526827106999985],[-48.407457772999976,-24.522258150000024],[-48.40315830399999,-24.522857766999998],[-48.40268945899999,-24.524474234000014],[-48.39635319000001,-24.522627020000012],[-48.39638352600002,-24.52035131600001],[-48.39169129599998,-24.51604777300002],[-48.391028086999995,-24.51254932599999],[-48.383571399999994,-24.506449060000016],[-48.381875329000025,-24.503169172999982],[-48.38831667599999,-24.49337554800001],[-48.39236896400001,-24.48988019699999],[-48.39049705999997,-24.486901754999995],[-48.394194975999994,-24.484686178999997],[-48.39367599799999,-24.482293603000013],[-48.39016592500002,-24.480361239999972],[-48.385593458000024,-24.480982798000017],[-48.378196034999974,-24.473664391999964],[-48.371584563,-24.47258868699998],[-48.369058532,-24.470536562000007],[-48.36435468000002,-24.46960290599999],[-48.361817194000025,-24.468314374999977],[-48.36181916599998,-24.46635813300001],[-48.35854545400002,-24.462725396999982],[-48.355521545999984,-24.462729073999977],[-48.35193269500002,-24.46073169700002],[-48.35206835700001,-24.45565836999998],[-48.35058063700001,-24.45430921000002],[-48.35028950200001,-24.45088389999999],[-48.35210578300003,-24.445651374999997],[-48.34732538999998,-24.443478557999995],[-48.34834756599998,-24.436748523000002],[-48.349602069000014,-24.434763600999975],[-48.358258050000025,-24.433548988999977],[-48.357737176,-24.42617292500001],[-48.360763820999985,-24.42462186199997],[-48.36140329500001,-24.42115305200002],[-48.365373096999974,-24.420863870000005],[-48.366448932000026,-24.419704688000024],[-48.365183539999975,-24.413098035000008],[-48.36777524399997,-24.412346332000013],[-48.36914077400002,-24.407130261000024],[-48.37247347200003,-24.404517532000003],[-48.376636915999995,-24.404301350000026],[-48.378692951999994,-24.400347785999994],[-48.377110096000024,-24.39663163199998],[-48.36765410200002,-24.389745885000035],[-48.36948795400002,-24.387289953999993],[-48.37027585999999,-24.379667359999967],[-48.36477554700002,-24.375934334999997],[-48.364765008,-24.372628260999996],[-48.36063619999998,-24.371695806999977],[-48.359643398,-24.36330877799997],[-48.36291431000001,-24.355564518999962],[-48.36419203000003,-24.347083612999995],[-48.35764441200001,-24.344588059999968],[-48.35558913599999,-24.345228163],[-48.352733613999995,-24.348677097999996],[-48.34917657900002,-24.348278418999993],[-48.35324741800003,-24.34186938200002],[-48.353132684,-24.339507491000017],[-48.35066756300001,-24.337413409000007],[-48.351985389,-24.33614071900001],[-48.354738628999996,-24.324836136999966],[-48.359273083999994,-24.323677254000014],[-48.357724749000006,-24.318434946999997],[-48.36314379300001,-24.314216994999978],[-48.361785301,-24.310204524000028],[-48.35691353599997,-24.305559707999986],[-48.36396457299998,-24.305166672999988],[-48.369965749000016,-24.303382117000012],[-48.37538684700002,-24.30451128899999],[-48.380475321,-24.307599212000028],[-48.380552764000015,-24.305777326999955],[-48.382620476,-24.303591227999995],[-48.372738051,-24.293646154999976],[-48.36957690899999,-24.292717333999967],[-48.36764873399999,-24.289084500000012],[-48.35982257500001,-24.280564013000003],[-48.357875605000004,-24.281228641999963],[-48.35621686899998,-24.284100994000017],[-48.352673960000004,-24.28493930199998],[-48.352746165999974,-24.28741229500003],[-48.346304497999995,-24.285389377000005],[-48.34315516300001,-24.285656338000024],[-48.34092979100001,-24.28673310099998],[-48.33840907299998,-24.291829055999983],[-48.334475512,-24.292069792],[-48.329645690999996,-24.289813105000015],[-48.32390521799999,-24.291909767999982],[-48.32402296999999,-24.295335322000014],[-48.32701178600002,-24.29680023200001],[-48.33003561200001,-24.305045515999996],[-48.32682679400001,-24.311471304000005],[-48.324018378999995,-24.313509629000013],[-48.31700516900003,-24.312463655999974],[-48.30538169800002,-24.30357615899998],[-48.29930734800001,-24.306312562000027],[-48.29877166,-24.302796216000008],[-48.29703765099998,-24.300931493000018],[-48.29474799399998,-24.300451927999976],[-48.295188178,-24.295937321999997],[-48.29154607700003,-24.29353563900002],[-48.28730644299998,-24.294145920000023],[-48.28122477900001,-24.297798053000008],[-48.278273055,-24.296223110000017],[-48.275164497999995,-24.296619727999996],[-48.274855977000016,-24.293134289],[-48.277431657000015,-24.28963203099999],[-48.28176548099999,-24.288576119000037],[-48.28356834499999,-24.283402428999985],[-48.271674940000025,-24.275557511999985],[-48.266227292999986,-24.274994543999966],[-48.26316326,-24.272677887999965],[-48.26314152200001,-24.27043603700003],[-48.26049669299999,-24.26953833900001],[-48.257555088,-24.266615924000014],[-48.25731212199997,-24.26366407500001],[-48.253097469000004,-24.257384585999997],[-48.24906771100001,-24.259526385000004],[-48.243547095999986,-24.258874960999986],[-48.24142956700001,-24.262638413999973],[-48.23824989899998,-24.26296741099997],[-48.23647721499998,-24.261931672999978],[-48.229604123,-24.263420110000045],[-48.22689064500003,-24.262059479000005],[-48.221341994,-24.264546548999984],[-48.21891508599999,-24.26226173200001],[-48.21138895299998,-24.261352953000024],[-48.209818041999995,-24.261873836000007],[-48.20825019799997,-24.26465279500002],[-48.20055614900003,-24.261233229000034],[-48.19686915599999,-24.254460268000006],[-48.192407953999975,-24.254097996999977],[-48.184916437000034,-24.24910432700002],[-48.170817557000035,-24.244346303999965],[-48.167650708999986,-24.241517466999994],[-48.16636427899999,-24.237645064999978],[-48.162422665000015,-24.236861380999976],[-48.15769216299999,-24.232616972000006],[-48.15492207,-24.23197731],[-48.153874020999986,-24.228628967000038],[-48.15303994700002,-24.22945786000001],[-48.14857586199997,-24.228660083999998],[-48.14856690800002,-24.232542507],[-48.14466856299999,-24.23073370100001],[-48.14384586099999,-24.227912168999985],[-48.14700724199997,-24.225661795000008],[-48.143873634,-24.22024211500002],[-48.14529270100002,-24.218197426],[-48.14447656700003,-24.215524866999992],[-48.146723871999995,-24.213345623000006],[-48.14530419800002,-24.21146089200001],[-48.14020592200001,-24.210227200000016],[-48.138159299999984,-24.208333795999962],[-48.143894546999995,-24.200032421000007],[-48.140789376999976,-24.193795512999998],[-48.13763773800003,-24.194831412999974],[-48.133265962,-24.193832954999987],[-48.12540330600001,-24.197346396999986],[-48.11979898700003,-24.19461837400001],[-48.11888355299999,-24.192842010000003],[-48.117549669000034,-24.193235270000002],[-48.11599732000003,-24.19747712999999],[-48.113554906000005,-24.19964648299998],[-48.10955305900001,-24.199416648000017],[-48.103850174,-24.201589758],[-48.102569956000025,-24.200402929],[-48.09958689500002,-24.200865152000006],[-48.09815695200001,-24.199726676999994],[-48.09560435100002,-24.201095507999977],[-48.09394589200002,-24.200347390999962],[-48.092475111,-24.196402508000013],[-48.09444471699999,-24.19343591900002],[-48.087352495999994,-24.193128305000023],[-48.08495110799999,-24.190718650000004],[-48.08260927100003,-24.19270812500001],[-48.08114107799998,-24.192566216999975],[-48.07571281899999,-24.190227182000008],[-48.06735879100001,-24.183084816000008],[-48.06298416999999,-24.18201944899999],[-48.059815152,-24.18284974699998],[-48.06113444699997,-24.18026642400002],[-48.05775546500002,-24.175702942999987],[-48.059067588000005,-24.173811248999993],[-48.057401475000006,-24.171936771999988],[-48.058105705999985,-24.164428095999998],[-48.05685344900002,-24.16334479099998],[-48.060092154000024,-24.159057387000015],[-48.05777628599998,-24.156704391999995],[-48.055509184000016,-24.158160087999992],[-48.050641708,-24.156110629999993],[-48.052615726,-24.15007718999999],[-48.05748195400003,-24.146652957000004],[-48.052083456,-24.143410196999973],[-48.050837899999976,-24.14095256299999],[-48.051295485000026,-24.138830992],[-48.04970309100004,-24.13744148099998],[-48.04263142299999,-24.138359067999996],[-48.04050570099997,-24.136125517999975],[-48.03847430000002,-24.136588415000002],[-48.03589307200003,-24.13495126599996],[-48.033360663,-24.13605015600001],[-48.031601078999984,-24.13498956299996],[-48.029595581000024,-24.13564204400001],[-48.02661167600003,-24.13325865],[-48.024131494000024,-24.134605861000008],[-48.023310235,-24.129978538999964],[-48.01648706399999,-24.128279863999953],[-48.01181653999999,-24.13023981200002],[-48.012457816,-24.134737531999967],[-48.008665853000025,-24.134719834000006],[-48.00376501400002,-24.131705391000015],[-47.99626292000001,-24.124424439000006],[-47.994922470000006,-24.124814886000035],[-47.98864956300003,-24.12187607700004],[-47.98700103099998,-24.11729921099997],[-47.981648178,-24.11365418100003],[-47.97537019599997,-24.11354019999999],[-47.966586198000016,-24.11529506199998],[-47.95781960400001,-24.114327073000016],[-47.954195997,-24.118876756000017],[-47.95112465900002,-24.12008093299998],[-47.94614161499999,-24.116179543999987],[-47.94671641100002,-24.112938047000018],[-47.944913504999995,-24.10798456700002],[-47.93835665500001,-24.10420486300001],[-47.93936609600002,-24.10078968699997],[-47.938334698000006,-24.09946870099997],[-47.936293533000025,-24.098282374999997],[-47.932069351999985,-24.100745476999972],[-47.92181150400001,-24.10075728899998],[-47.92027699599999,-24.099584296999957],[-47.91488612500001,-24.100361467000017],[-47.913104583999996,-24.096700729000002],[-47.908716319000014,-24.095833371000026],[-47.906744667,-24.092970998999988],[-47.901537083,-24.093261692],[-47.90229811299998,-24.088806477999988],[-47.89632819899998,-24.083766619999995],[-47.893819834999995,-24.077142951999985],[-47.888610255,-24.077126210000028],[-47.88665848199997,-24.07899889700002],[-47.88432475600002,-24.07873997399996],[-47.87946330300003,-24.080679217000018],[-47.87637199599999,-24.080474185000032],[-47.87360044100001,-24.077658886999973],[-47.874134987999994,-24.074957396000006],[-47.867493910000015,-24.075925055000024],[-47.866148795000015,-24.07969521899996],[-47.86720472500002,-24.086186355999974],[-47.86163675500001,-24.088504278000023],[-47.861171015000025,-24.09157439299998],[-47.858262276999994,-24.094142781000013],[-47.858693727,-24.097804243999988],[-47.85573923099998,-24.10317071399999],[-47.86036771099999,-24.10714665799998],[-47.86093087699999,-24.110005861999976],[-47.86330892799998,-24.112481168999977],[-47.862250435000014,-24.117772026],[-47.858897997999975,-24.118959825999976],[-47.85812036200002,-24.122630924000024],[-47.851909976,-24.120005833],[-47.85195586100002,-24.116535019000022],[-47.85040620299998,-24.115741468999992],[-47.84576049200001,-24.11930947699999],[-47.838093214000025,-24.118579646999997],[-47.83075465500002,-24.120869416000005],[-47.829137994,-24.123738710999994],[-47.831138408000015,-24.127728080999994],[-47.82878740000001,-24.132267528999964],[-47.82619718799998,-24.13318599299997],[-47.82234468799999,-24.131687377999974],[-47.81697250399997,-24.133483528],[-47.809382932000005,-24.130281287000006],[-47.80596820400002,-24.131377433000008],[-47.802535938999995,-24.134948436999988],[-47.798800664,-24.133270079999974],[-47.79157199000002,-24.134767553],[-47.788044118000016,-24.13239547400003],[-47.78752331999999,-24.12960937700001],[-47.781786657,-24.12802841799999],[-47.77782703899999,-24.129806923999983],[-47.77523621400001,-24.127054945999994],[-47.77400756200001,-24.129250900999974],[-47.774617718,-24.131645557000013],[-47.77250450600002,-24.13234858],[-47.77276209600001,-24.133872116999996],[-47.769944199000015,-24.13201117300003],[-47.76645126,-24.13239280499999],[-47.761668542999985,-24.13018335499997],[-47.75835946000001,-24.130776035999997],[-47.75129383699999,-24.122516865000016],[-47.748423977000016,-24.12287659100004],[-47.744435681000034,-24.11979891599998],[-47.73691408899998,-24.124987555],[-47.73053086800002,-24.11953345099999],[-47.723863918000006,-24.117374470000016],[-47.723500811000015,-24.112689036],[-47.72562615099997,-24.110000156999998],[-47.723229489000005,-24.106215232000007],[-47.733555008999986,-24.104739863000013],[-47.73613791600002,-24.103205183999997],[-47.73346394599997,-24.10184268699998],[-47.733483702,-24.097948234999972],[-47.731365610000005,-24.096588310000023],[-47.73073521100003,-24.093051973000016],[-47.72498594199999,-24.089032659999994],[-47.72476748499997,-24.085213797999987],[-47.725756123000004,-24.084140328999954],[-47.72479103000001,-24.08051656700002],[-47.719949987999996,-24.07914080099997],[-47.71895776500003,-24.076689848000004],[-47.71620282700002,-24.076710941999977],[-47.70871366,-24.071366070000007],[-47.70516717100003,-24.073760717000027],[-47.70160378700001,-24.07311662900002],[-47.68949259599998,-24.05936290400002],[-47.68437672499999,-24.056592261],[-47.68343586399999,-24.054733682999995],[-47.683997533000024,-24.05155701299998],[-47.680155297,-24.04535032199999],[-47.67507253000002,-24.044390965999984],[-47.673773056000016,-24.040884312],[-47.66048266000002,-24.040190614999972],[-47.65734171499997,-24.043148931000008],[-47.652484187000034,-24.04492796499999],[-47.651566152999976,-24.041524251999984],[-47.64988188000001,-24.040560990999992],[-47.64637254399998,-24.04184299000002],[-47.64098666199999,-24.03941087299999],[-47.638019916000026,-24.041181371999983],[-47.63651629399999,-24.037458411999967],[-47.630948941999975,-24.036724471000014],[-47.625448318000004,-24.034474530999994],[-47.625127252000034,-24.037958451999998],[-47.622363103000005,-24.04138859500001],[-47.61445187700002,-24.04472939800001],[-47.615840605000024,-24.048348078999997],[-47.61323556000002,-24.051892689999995],[-47.61563856999999,-24.055908776000017],[-47.61502302299999,-24.05926280999999],[-47.62144820200001,-24.06423337699999],[-47.62108835200002,-24.068219087999967],[-47.63021301899999,-24.07534120000004],[-47.62908207999998,-24.077344326000002],[-47.629875334000026,-24.087046688999976],[-47.63399645599998,-24.092060342000025],[-47.63349079599999,-24.09363246200002],[-47.635565168000035,-24.099437013],[-47.63378950700001,-24.10195322900001],[-47.63329125000001,-24.10811611999998],[-47.63473528800001,-24.112036380999992],[-47.628922289,-24.113884526999982],[-47.623212115,-24.111927885],[-47.621665657999976,-24.109923084],[-47.62196115500001,-24.107093841999983],[-47.61993876899999,-24.104456175999985],[-47.615733331,-24.10339500100001],[-47.612381038000024,-24.10032110100001],[-47.610983410000024,-24.095882549],[-47.60238402,-24.08794513899999],[-47.59710420099998,-24.085080600000015],[-47.59535288799998,-24.082473889000028],[-47.596309851,-24.079787372000016],[-47.593597741999986,-24.081502453999967],[-47.59347534400002,-24.086936879999985],[-47.59155561300003,-24.08764497599998],[-47.58848219599997,-24.081961552999978],[-47.58475648699999,-24.07915584900001],[-47.581840587999984,-24.074549525999988],[-47.577612421000026,-24.075881961999972],[-47.57668663700002,-24.07797618799999],[-47.57005803599998,-24.077775977999963],[-47.56647437300001,-24.067594954000015],[-47.56765982899998,-24.06289709100001],[-47.56677145499998,-24.060051154000014],[-47.564506189999975,-24.05795674099999],[-47.562275468999985,-24.04965520100001],[-47.562395127,-24.03917550199999],[-47.55845864100001,-24.038248889999974],[-47.55459404700002,-24.041316645999967],[-47.55384692299998,-24.037721912999988],[-47.54966259499997,-24.036250030000005],[-47.54079500500001,-24.037777467000012],[-47.53906872499999,-24.039142597000026],[-47.539139610999996,-24.041943272000026],[-47.53162329299999,-24.043646129000024],[-47.529871512999996,-24.04637184900002],[-47.52072499799999,-24.045657956000014],[-47.51410998599999,-24.047080063000006],[-47.51203175400002,-24.046328813999992],[-47.508935232,-24.04866146799996],[-47.50228065400001,-24.049942885999997],[-47.49866936500001,-24.052441956999985],[-47.49566068200001,-24.058449241],[-47.49362688100001,-24.058201012999966],[-47.492691606,-24.061431620999993],[-47.49446997100001,-24.06555037800001],[-47.49197565999998,-24.069882941999982],[-47.48726005600002,-24.07279931300002],[-47.48592688100002,-24.072339526],[-47.482092307000016,-24.074191165999984],[-47.47995357100001,-24.07599463699998],[-47.48078364600002,-24.078251007],[-47.47934544999998,-24.07802258200001],[-47.47716312799997,-24.080912047000027],[-47.473116202000035,-24.077963602000008],[-47.46490546100001,-24.075903410000013],[-47.46407392399999,-24.071528499000003],[-47.462186700000025,-24.068912232],[-47.46385011000001,-24.065732491999995],[-47.46294790100001,-24.059918604000018],[-47.459756796000015,-24.057444793000013],[-47.45757364100001,-24.058228206000013],[-47.45397776700003,-24.05546362799998],[-47.45259536100002,-24.051692795000008],[-47.44897564399997,-24.050024203000014],[-47.44805426099998,-24.05310837799999],[-47.444248609,-24.053245415000003],[-47.43802528200003,-24.056893802999973],[-47.430010623999976,-24.063727759000013],[-47.42761961700001,-24.068050100999965],[-47.425771999000006,-24.068765761],[-47.42308814799998,-24.06675331199999],[-47.42129688,-24.06818267],[-47.41718959000002,-24.065854576999957],[-47.416650127000025,-24.06180460600001],[-47.41548531400002,-24.060864050000006],[-47.388948873000004,-24.05454305199999],[-47.385810789000004,-24.049345534999993],[-47.37693244000001,-24.048124228000006],[-47.373040636,-24.044982848000025],[-47.37183334299999,-24.041244107],[-47.369987458000026,-24.043072586999987],[-47.368393749999996,-24.042451086000025],[-47.368502104000015,-24.038724151999983],[-47.362977777000026,-24.031400981999987],[-47.35566739799998,-24.029069666999987],[-47.35619409700002,-24.02201344799999],[-47.34042751300001,-24.012805722999975],[-47.33445182899999,-24.012293510999992],[-47.33509906199998,-24.01457018999997],[-47.33285583799999,-24.017676849999983],[-47.33062837599999,-24.01729966699998],[-47.330247450999984,-24.014696178000012],[-47.328508011,-24.01416172599999],[-47.32632326999999,-24.01661943300002],[-47.323024937000014,-24.017427344999987],[-47.31848719200001,-24.01567963600001],[-47.31586463299999,-24.01643992499999],[-47.31455895099998,-24.01200733599999],[-47.31036552900002,-24.008558756000024],[-47.306517222000025,-24.00875005699997],[-47.30156138299998,-24.01115461400001],[-47.294085283000015,-24.010247890999988],[-47.28615566399997,-24.005937475999993],[-47.284433443999994,-24.006489042999988],[-47.28488146900003,-24.01063194599999],[-47.286411894000025,-24.011545491999968],[-47.285852875999986,-24.013733015000017],[-47.282321438000004,-24.014533853999993],[-47.277622296999986,-24.010661638999974],[-47.27606199299999,-24.012008106999975],[-47.276910708,-24.014403029999993],[-47.271126724000005,-24.017097541999995],[-47.26900884499998,-24.014601803],[-47.26543303199997,-24.015294477999994],[-47.26060789500002,-24.013671204999977],[-47.260437403000026,-24.010882207999995],[-47.264003726000006,-24.009157387000013],[-47.264331680000005,-24.006465180999996],[-47.262549993,-24.005202743999966],[-47.257278595,-24.005251126999994],[-47.25285881299999,-24.00775673300002],[-47.257241776,-24.019441298999997],[-47.256163746000034,-24.022107881999997],[-47.25338424900002,-24.02320912300002],[-47.25036545799998,-24.020020846000023],[-47.246597310000034,-24.02226576700002],[-47.244342293999985,-24.02180049999999],[-47.23816295099999,-24.016048250999976],[-47.233287673000014,-24.01733790399999],[-47.23028925400001,-24.012220491999983],[-47.22587399399999,-24.014584521000028],[-47.22154495299998,-24.01432034],[-47.218435429,-24.012528653999993],[-47.22029482400001,-24.010267585999998],[-47.21438275700002,-24.00668651500003],[-47.210807276000025,-24.001148746],[-47.20908834900002,-24.00090395599998],[-47.20701842300002,-24.00307203],[-47.20160287900001,-24.00069276800002],[-47.19536892299999,-24.000569827],[-47.19326307799997,-23.99801265799999],[-47.189887794000015,-23.999121597999988],[-47.18740172399998,-24.002222549000003],[-47.182541173000004,-24.00043591100001],[-47.177733757,-24.00315490100001],[-47.171573946000024,-24.00328360399999],[-47.16909954800002,-24.001776080999967],[-47.163327614000025,-24.003469022999983],[-47.16168714600003,-24.002844188999955],[-47.15727904300002,-24.006095044000006],[-47.15280676899999,-24.006040972999983],[-47.15028679400001,-24.01029426999997],[-47.14238086199999,-24.011004318000005],[-47.14158070000002,-24.01249129699998],[-47.13830186199999,-24.013808574999985],[-47.130497607999985,-24.008921778999984],[-47.12293963500002,-24.00766966499998],[-47.12194741500003,-24.000148747000008],[-47.124482828000005,-23.997861047000004],[-47.12388591000001,-23.99670731399997],[-47.12192700100001,-23.996202201999985],[-47.11827273199997,-23.998021626000003],[-47.11603167300001,-23.995859643000006],[-47.11339869400002,-23.99640708999997],[-47.111880609000025,-23.993620860000032],[-47.11067202300002,-23.995231556000007],[-47.106853973,-23.993508421999987],[-47.10379127099998,-23.996881334000008],[-47.098871406,-23.998048300999983],[-47.099113380999995,-24.004787205000014],[-47.097804345999975,-24.00619826100001],[-47.09553577700001,-24.005689268000022],[-47.09436135999999,-24.009602018000006],[-47.092321143,-24.009733411000003],[-47.091693201000005,-24.01738949100001],[-47.088411543999996,-24.017007101999983],[-47.07405850399999,-24.023693858000012],[-47.07159626999999,-24.023447436000016],[-47.06841114299999,-24.025116318000027],[-47.06416096100003,-24.02237790700002],[-47.06372533199999,-24.017774826999982],[-47.06211523600001,-24.017561956999995],[-47.05671301699999,-24.00941018200001],[-47.05505086199997,-24.00929701799998],[-47.05246296199999,-24.01279777899999],[-47.049757694,-24.0125001],[-47.048903764999984,-24.01637744300001],[-47.04664077299998,-24.017294647000032],[-47.04505363800001,-24.021604302000014],[-47.04637368300002,-24.02284423200001],[-47.045539571000006,-24.02427534999996],[-47.04226025299999,-24.02487366999999],[-47.04005509699999,-24.023845224000016],[-47.03625252299997,-24.03231151400001],[-47.033388355,-24.031023306000005],[-47.03235374100001,-24.03187730600001],[-47.02968131,-24.039142600999988],[-47.031030441999974,-24.041712182000037],[-47.02937105299998,-24.04240881599997],[-47.02700120800001,-24.041407616000033],[-47.027223848999995,-24.044856536999987],[-47.02529373800002,-24.045118124999973],[-47.02808267,-24.049320791999996],[-47.027309589000026,-24.05245728199998],[-47.02086901199999,-24.05505931200003],[-47.01942532100003,-24.05789618300003],[-47.01697168599998,-24.05625744799999],[-47.007079116,-24.063912467000023],[-47.00355423299999,-24.05959254999998],[-47.002770124999984,-24.056371449999972],[-46.998084791999986,-24.05136796599997],[-46.996369679,-24.05191835900002],[-46.995155049000005,-24.050945414],[-46.99368044800003,-24.052071430000016],[-46.99466161400001,-24.054697496999985],[-46.99265618099997,-24.056876955999996],[-46.98722465600003,-24.059572773000014],[-46.982458834,-24.057981578000014],[-46.979828387,-24.063033028000003],[-46.97665576399999,-24.063920893999978],[-46.98141091100001,-24.070229585],[-46.98329145100002,-24.076193526999983],[-46.98092437999998,-24.08061346900001],[-46.978222533000014,-24.08114273000001],[-46.97869891200004,-24.086355807000004],[-46.96982515799999,-24.091526541000004],[-46.968900959999985,-24.096431181000025],[-46.969580678,-24.102615078999975],[-46.96833550100001,-24.10744804199999],[-46.971960697,-24.110278666999985],[-46.972467816999995,-24.113864741999976],[-46.97542077499997,-24.115236045000017],[-46.97475153300002,-24.11720736699999],[-46.97839821999998,-24.122396668000018],[-46.98341108599999,-24.123286760000003],[-46.98606545500001,-24.12508581299998],[-46.98780016699999,-24.12266290500002],[-46.991968117,-24.12201340899997],[-47.00334652100003,-24.127711384999984],[-47.005442195,-24.12771705699998],[-47.01030992699998,-24.131862085000016],[-47.00996710499999,-24.137524322999983],[-47.01314038200001,-24.141167040000045],[-47.01842963500002,-24.14187795800001],[-47.03114544800002,-24.148283142000032],[-47.03378113000002,-24.147142005],[-47.032066516999976,-24.151691157999995],[-47.03281442299999,-24.154270476000033],[-47.03106650400002,-24.157597571999982],[-47.040883670000035,-24.170425715000015],[-47.0422274,-24.173088842000027],[-47.042013887,-24.177069017000004],[-47.04927037400001,-24.181588013999995],[-47.054413436999994,-24.18167068000001],[-47.05781654200001,-24.185007435000003],[-47.064659991999974,-24.186941413],[-47.06575606400003,-24.190096953999987],[-47.06507170100003,-24.19228602300001],[-47.07078421199998,-24.195198517999994],[-47.067250354000016,-24.197452001000006],[-47.06856009500002,-24.198633719999968],[-47.06809261900003,-24.200793088999987],[-47.06490478699999,-24.20288792299999],[-47.059455265999986,-24.211108197999977],[-47.05520688600001,-24.21131715000004],[-47.04869467200001,-24.21659577],[-47.042928249999996,-24.216681642000015],[-47.04039195299997,-24.21845041799997],[-47.03947470999998,-24.222025079999987],[-47.03554554700003,-24.222271593000016],[-47.03285731599999,-24.21898332299997],[-47.02915624399998,-24.219818643000004],[-47.03049442700001,-24.223391892],[-47.02999279300002,-24.22941267499999],[-47.03130157399999,-24.231695337000012],[-47.03865427900001,-24.233704435999986],[-47.04346405100001,-24.239211957],[-47.04391971199999,-24.242856626000005],[-47.046303077000005,-24.24524533699997],[-47.044436749000006,-24.24907335900002],[-47.04955766500002,-24.249720280000044],[-47.04853258700001,-24.252226709000002],[-47.05003408400002,-24.25244411099998],[-47.054865975999974,-24.25782681200002],[-47.057101833,-24.26417150499997],[-47.05395660300002,-24.269544897999992],[-47.05186567800001,-24.27065771399999],[-47.052053340999976,-24.273034930999984],[-47.049046051999994,-24.276596390999995],[-47.040316483000026,-24.273605814],[-47.03346017000001,-24.279137890999994],[-47.028017509,-24.277995503999982],[-47.027002519999996,-24.279872522000005],[-47.023617630000004,-24.280369252000018],[-47.021094274999996,-24.28308944299999],[-47.023752892,-24.28830518400002],[-47.02673021999999,-24.301564013000018],[-47.03458441700002,-24.321437656999993],[-47.03891855799998,-24.32645133500002],[-47.039446544999976,-24.32877915400001],[-47.045016659000005,-24.334360757000006],[-47.05172062399999,-24.33572858199999],[-47.056204146000034,-24.33872967299999],[-47.062883047000014,-24.337911873999985],[-47.06445252200002,-24.343777142999997],[-47.074877775,-24.34310548899998],[-47.08627998999998,-24.347931024999987],[-47.09041966699999,-24.352376348999996],[-47.095902172000024,-24.35391055700002],[-47.10247850100001,-24.35401839700001],[-47.107748472000026,-24.350781503999983],[-47.10960158400002,-24.35113495099998],[-47.120823646000034,-24.364749357999983],[-47.114194484999985,-24.37167046500004],[-47.11641281099998,-24.376397580999992],[-47.11626893699997,-24.37893334099997],[-47.11102310199999,-24.38252276499998],[-47.112966851000024,-24.386237285000004],[-47.11101648599998,-24.38804083500001],[-47.10697731200003,-24.388376621000006],[-47.10067155899997,-24.391441139999998],[-47.107975914000015,-24.397696016000012],[-47.11234492300002,-24.399668823000003],[-47.11372865900001,-24.410335669999977],[-47.11657733800001,-24.412746851999998],[-47.11774797200002,-24.417604873000002],[-47.11602802200002,-24.41783859499998],[-47.11442847299998,-24.42001165999997],[-47.11183897199999,-24.42597532700001],[-47.108031235,-24.426908958000013],[-47.10809562899999,-24.429792169999974],[-47.102016642000024,-24.433255830999993],[-47.09290789400001,-24.435478042000007],[-47.08728405699998,-24.432513488999987],[-47.08636421599999,-24.430487766000013],[-47.081986742000026,-24.433276546999984],[-47.081053859000015,-24.437660596000015],[-47.07842367400002,-24.441099092000016],[-47.078514962999975,-24.444752612999984],[-47.086156463000016,-24.451964487999984],[-47.121593147000006,-24.47487904500002],[-47.16286750299997,-24.50534779899999],[-47.18667100300001,-24.524853955000026],[-47.18858139600002,-24.528456757],[-47.186620625999986,-24.53154734399998],[-47.18770124500003,-24.534011449000012],[-47.19051262599999,-24.53587644599997],[-47.193991728000015,-24.53520192500002],[-47.202472279999995,-24.539394862999984],[-47.227141888000006,-24.557959874],[-47.22779015200002,-24.560529523000017],[-47.22467027699998,-24.566032542000013],[-47.227838153999976,-24.570765713999993],[-47.232118705999994,-24.57166461999998],[-47.23678233800001,-24.571062465000026],[-47.241664679,-24.574260434999985],[-47.244950642,-24.573304424000003],[-47.252341548000004,-24.576608844000024],[-47.36025306900001,-24.64141326599995],[-47.39360398899998,-24.659101755999988],[-47.40150254100002,-24.667611674999986],[-47.421854506999985,-24.679029684999964],[-47.43387922599999,-24.688463990999985]]]}}]}